season,match_id,game_number,team,action,order,hero,source
8,S8-RS-001,1,Rebellion Genflix,ban,1,Hayabusa,https://liquipedia.net/mobilelegends/MPL/Indonesia/Season_8/Regular_Season | https://github.com/LiTianYeoh/MLBB_Tournament_Analysis/blob/94ea36800e80c9e89a2356a0b81d3eeafbd6a4f7/analysis/data/consolidated_game_data_20240505.csv
8,S8-RS-001,1,Rebellion Genflix,ban,2,Harley,https://liquipedia.net/mobilelegends/MPL/Indonesia/Season_8/Regular_Season | https://github.com/LiTianYeoh/MLBB_Tournament_Analysis/blob/94ea36800e80c9e89a2356a0b81d3eeafbd6a4f7/analysis/data/consolidated_game_data_20240505.csv
8,S8-RS-001,1,Rebellion Genflix,ban,3,Phoveus,https://liquipedia.net/mobilelegends/MPL/Indonesia/Season_8/Regular_Season | https://github.com/LiTianYeoh/MLBB_Tournament_Analysis/blob/94ea36800e80c9e89a2356a0b81d3eeafbd6a4f7/analysis/data/consolidated_game_data_20240505.csv
8,S8-RS-001,1,Rebellion Genflix,ban,4,Natan,https://liquipedia.net/mobilelegends/MPL/Indonesia/Season_8/Regular_Season | https://github.com/LiTianYeoh/MLBB_Tournament_Analysis/blob/94ea36800e80c9e89a2356a0b81d3eeafbd6a4f7/analysis/data/consolidated_game_data_20240505.csv
8,S8-RS-001,1,Rebellion Genflix,ban,5,Esmeralda,https://liquipedia.net/mobilelegends/MPL/Indonesia/Season_8/Regular_Season | https://github.com/LiTianYeoh/MLBB_Tournament_Analysis/blob/94ea36800e80c9e89a2356a0b81d3eeafbd6a4f7/analysis/data/consolidated_game_data_20240505.csv
8,S8-RS-001,1,Rebellion Genflix,pick,1,X.Borg,https://liquipedia.net/mobilelegends/MPL/Indonesia/Season_8/Regular_Season | https://github.com/LiTianYeoh/MLBB_Tournament_Analysis/blob/94ea36800e80c9e89a2356a0b81d3eeafbd6a4f7/analysis/data/consolidated_game_data_20240505.csv
8,S8-RS-001,1,Rebellion Genflix,pick,2,Thamuz,https://liquipedia.net/mobilelegends/MPL/Indonesia/Season_8/Regular_Season | https://github.com/LiTianYeoh/MLBB_Tournament_Analysis/blob/94ea36800e80c9e89a2356a0b81d3eeafbd6a4f7/analysis/data/consolidated_game_data_20240505.csv
8,S8-RS-001,1,Rebellion Genflix,pick,3,Chou,https://liquipedia.net/mobilelegends/MPL/Indonesia/Season_8/Regular_Season | https://github.com/LiTianYeoh/MLBB_Tournament_Analysis/blob/94ea36800e80c9e89a2356a0b81d3eeafbd6a4f7/analysis/data/consolidated_game_data_20240505.csv
8,S8-RS-001,1,Rebellion Genflix,pick,4,Grock,https://liquipedia.net/mobilelegends/MPL/Indonesia/Season_8/Regular_Season | https://github.com/LiTianYeoh/MLBB_Tournament_Analysis/blob/94ea36800e80c9e89a2356a0b81d3eeafbd6a4f7/analysis/data/consolidated_game_data_20240505.csv
8,S8-RS-001,1,Rebellion Genflix,pick,5,Kagura,https://liquipedia.net/mobilelegends/MPL/Indonesia/Season_8/Regular_Season | https://github.com/LiTianYeoh/MLBB_Tournament_Analysis/blob/94ea36800e80c9e89a2356a0b81d3eeafbd6a4f7/analysis/data/consolidated_game_data_20240505.csv
8,S8-RS-001,1,Bigetron Alpha,ban,1,Ling,https://liquipedia.net/mobilelegends/MPL/Indonesia/Season_8/Regular_Season | https://github.com/LiTianYeoh/MLBB_Tournament_Analysis/blob/94ea36800e80c9e89a2356a0b81d3eeafbd6a4f7/analysis/data/consolidated_game_data_20240505.csv
8,S8-RS-001,1,Bigetron Alpha,ban,2,Pharsa,https://liquipedia.net/mobilelegends/MPL/Indonesia/Season_8/Regular_Season | https://github.com/LiTianYeoh/MLBB_Tournament_Analysis/blob/94ea36800e80c9e89a2356a0b81d3eeafbd6a4f7/analysis/data/consolidated_game_data_20240505.csv
8,S8-RS-001,1,Bigetron Alpha,ban,3,Popol and Kupa,https://liquipedia.net/mobilelegends/MPL/Indonesia/Season_8/Regular_Season | https://github.com/LiTianYeoh/MLBB_Tournament_Analysis/blob/94ea36800e80c9e89a2356a0b81d3eeafbd6a4f7/analysis/data/consolidated_game_data_20240505.csv
8,S8-RS-001,1,Bigetron Alpha,ban,4,Paquito,https://liquipedia.net/mobilelegends/MPL/Indonesia/Season_8/Regular_Season | https://github.com/LiTianYeoh/MLBB_Tournament_Analysis/blob/94ea36800e80c9e89a2356a0b81d3eeafbd6a4f7/analysis/data/consolidated_game_data_20240505.csv
8,S8-RS-001,1,Bigetron Alpha,ban,5,Mathilda,https://liquipedia.net/mobilelegends/MPL/Indonesia/Season_8/Regular_Season | https://github.com/LiTianYeoh/MLBB_Tournament_Analysis/blob/94ea36800e80c9e89a2356a0b81d3eeafbd6a4f7/analysis/data/consolidated_game_data_20240505.csv
8,S8-RS-001,1,Bigetron Alpha,pick,1,Alice,https://liquipedia.net/mobilelegends/MPL/Indonesia/Season_8/Regular_Season | https://github.com/LiTianYeoh/MLBB_Tournament_Analysis/blob/94ea36800e80c9e89a2356a0b81d3eeafbd6a4f7/analysis/data/consolidated_game_data_20240505.csv
8,S8-RS-001,1,Bigetron Alpha,pick,2,Yi Sun-Shin,https://liquipedia.net/mobilelegends/MPL/Indonesia/Season_8/Regular_Season | https://github.com/LiTianYeoh/MLBB_Tournament_Analysis/blob/94ea36800e80c9e89a2356a0b81d3eeafbd6a4f7/analysis/data/consolidated_game_data_20240505.csv
8,S8-RS-001,1,Bigetron Alpha,pick,3,Cecilion,https://liquipedia.net/mobilelegends/MPL/Indonesia/Season_8/Regular_Season | https://github.com/LiTianYeoh/MLBB_Tournament_Analysis/blob/94ea36800e80c9e89a2356a0b81d3eeafbd6a4f7/analysis/data/consolidated_game_data_20240505.csv
8,S8-RS-001,1,Bigetron Alpha,pick,4,Benedetta,https://liquipedia.net/mobilelegends/MPL/Indonesia/Season_8/Regular_Season | https://github.com/LiTianYeoh/MLBB_Tournament_Analysis/blob/94ea36800e80c9e89a2356a0b81d3eeafbd6a4f7/analysis/data/consolidated_game_data_20240505.csv
8,S8-RS-001,1,Bigetron Alpha,pick,5,Jawhead,https://liquipedia.net/mobilelegends/MPL/Indonesia/Season_8/Regular_Season | https://github.com/LiTianYeoh/MLBB_Tournament_Analysis/blob/94ea36800e80c9e89a2356a0b81d3eeafbd6a4f7/analysis/data/consolidated_game_data_20240505.csv
8,S8-RS-001,2,Rebellion Genflix,ban,1,Hayabusa,https://liquipedia.net/mobilelegends/MPL/Indonesia/Season_8/Regular_Season | https://github.com/LiTianYeoh/MLBB_Tournament_Analysis/blob/94ea36800e80c9e89a2356a0b81d3eeafbd6a4f7/analysis/data/consolidated_game_data_20240505.csv
8,S8-RS-001,2,Rebellion Genflix,ban,2,Phoveus,https://liquipedia.net/mobilelegends/MPL/Indonesia/Season_8/Regular_Season | https://github.com/LiTianYeoh/MLBB_Tournament_Analysis/blob/94ea36800e80c9e89a2356a0b81d3eeafbd6a4f7/analysis/data/consolidated_game_data_20240505.csv
8,S8-RS-001,2,Rebellion Genflix,ban,3,Harley,https://liquipedia.net/mobilelegends/MPL/Indonesia/Season_8/Regular_Season | https://github.com/LiTianYeoh/MLBB_Tournament_Analysis/blob/94ea36800e80c9e89a2356a0b81d3eeafbd6a4f7/analysis/data/consolidated_game_data_20240505.csv
8,S8-RS-001,2,Rebellion Genflix,ban,4,Selena,https://liquipedia.net/mobilelegends/MPL/Indonesia/Season_8/Regular_Season | https://github.com/LiTianYeoh/MLBB_Tournament_Analysis/blob/94ea36800e80c9e89a2356a0b81d3eeafbd6a4f7/analysis/data/consolidated_game_data_20240505.csv
8,S8-RS-001,2,Rebellion Genflix,ban,5,Kagura,https://liquipedia.net/mobilelegends/MPL/Indonesia/Season_8/Regular_Season | https://github.com/LiTianYeoh/MLBB_Tournament_Analysis/blob/94ea36800e80c9e89a2356a0b81d3eeafbd6a4f7/analysis/data/consolidated_game_data_20240505.csv
8,S8-RS-001,2,Rebellion Genflix,pick,1,Benedetta,https://liquipedia.net/mobilelegends/MPL/Indonesia/Season_8/Regular_Season | https://github.com/LiTianYeoh/MLBB_Tournament_Analysis/blob/94ea36800e80c9e89a2356a0b81d3eeafbd6a4f7/analysis/data/consolidated_game_data_20240505.csv
8,S8-RS-001,2,Rebellion Genflix,pick,2,Jawhead,https://liquipedia.net/mobilelegends/MPL/Indonesia/Season_8/Regular_Season | https://github.com/LiTianYeoh/MLBB_Tournament_Analysis/blob/94ea36800e80c9e89a2356a0b81d3eeafbd6a4f7/analysis/data/consolidated_game_data_20240505.csv
8,S8-RS-001,2,Rebellion Genflix,pick,3,Pharsa,https://liquipedia.net/mobilelegends/MPL/Indonesia/Season_8/Regular_Season | https://github.com/LiTianYeoh/MLBB_Tournament_Analysis/blob/94ea36800e80c9e89a2356a0b81d3eeafbd6a4f7/analysis/data/consolidated_game_data_20240505.csv
8,S8-RS-001,2,Rebellion Genflix,pick,4,Yi Sun-Shin,https://liquipedia.net/mobilelegends/MPL/Indonesia/Season_8/Regular_Season | https://github.com/LiTianYeoh/MLBB_Tournament_Analysis/blob/94ea36800e80c9e89a2356a0b81d3eeafbd6a4f7/analysis/data/consolidated_game_data_20240505.csv
8,S8-RS-001,2,Rebellion Genflix,pick,5,Balmond,https://liquipedia.net/mobilelegends/MPL/Indonesia/Season_8/Regular_Season | https://github.com/LiTianYeoh/MLBB_Tournament_Analysis/blob/94ea36800e80c9e89a2356a0b81d3eeafbd6a4f7/analysis/data/consolidated_game_data_20240505.csv
8,S8-RS-001,2,Bigetron Alpha,ban,1,Eudora,https://liquipedia.net/mobilelegends/MPL/Indonesia/Season_8/Regular_Season | https://github.com/LiTianYeoh/MLBB_Tournament_Analysis/blob/94ea36800e80c9e89a2356a0b81d3eeafbd6a4f7/analysis/data/consolidated_game_data_20240505.csv
8,S8-RS-001,2,Bigetron Alpha,ban,2,Chou,https://liquipedia.net/mobilelegends/MPL/Indonesia/Season_8/Regular_Season | https://github.com/LiTianYeoh/MLBB_Tournament_Analysis/blob/94ea36800e80c9e89a2356a0b81d3eeafbd6a4f7/analysis/data/consolidated_game_data_20240505.csv
8,S8-RS-001,2,Bigetron Alpha,ban,3,X.Borg,https://liquipedia.net/mobilelegends/MPL/Indonesia/Season_8/Regular_Season | https://github.com/LiTianYeoh/MLBB_Tournament_Analysis/blob/94ea36800e80c9e89a2356a0b81d3eeafbd6a4f7/analysis/data/consolidated_game_data_20240505.csv
8,S8-RS-001,2,Bigetron Alpha,ban,4,Paquito,https://liquipedia.net/mobilelegends/MPL/Indonesia/Season_8/Regular_Season | https://github.com/LiTianYeoh/MLBB_Tournament_Analysis/blob/94ea36800e80c9e89a2356a0b81d3eeafbd6a4f7/analysis/data/consolidated_game_data_20240505.csv
8,S8-RS-001,2,Bigetron Alpha,ban,5,Mathilda,https://liquipedia.net/mobilelegends/MPL/Indonesia/Season_8/Regular_Season | https://github.com/LiTianYeoh/MLBB_Tournament_Analysis/blob/94ea36800e80c9e89a2356a0b81d3eeafbd6a4f7/analysis/data/consolidated_game_data_20240505.csv
8,S8-RS-001,2,Bigetron Alpha,pick,1,Beatrix,https://liquipedia.net/mobilelegends/MPL/Indonesia/Season_8/Regular_Season | https://github.com/LiTianYeoh/MLBB_Tournament_Analysis/blob/94ea36800e80c9e89a2356a0b81d3eeafbd6a4f7/analysis/data/consolidated_game_data_20240505.csv
8,S8-RS-001,2,Bigetron Alpha,pick,2,Lunox,https://liquipedia.net/mobilelegends/MPL/Indonesia/Season_8/Regular_Season | https://github.com/LiTianYeoh/MLBB_Tournament_Analysis/blob/94ea36800e80c9e89a2356a0b81d3eeafbd6a4f7/analysis/data/consolidated_game_data_20240505.csv
8,S8-RS-001,2,Bigetron Alpha,pick,3,Ling,https://liquipedia.net/mobilelegends/MPL/Indonesia/Season_8/Regular_Season | https://github.com/LiTianYeoh/MLBB_Tournament_Analysis/blob/94ea36800e80c9e89a2356a0b81d3eeafbd6a4f7/analysis/data/consolidated_game_data_20240505.csv
8,S8-RS-001,2,Bigetron Alpha,pick,4,Popol and Kupa,https://liquipedia.net/mobilelegends/MPL/Indonesia/Season_8/Regular_Season | https://github.com/LiTianYeoh/MLBB_Tournament_Analysis/blob/94ea36800e80c9e89a2356a0b81d3eeafbd6a4f7/analysis/data/consolidated_game_data_20240505.csv
8,S8-RS-001,2,Bigetron Alpha,pick,5,Ruby,https://liquipedia.net/mobilelegends/MPL/Indonesia/Season_8/Regular_Season | https://github.com/LiTianYeoh/MLBB_Tournament_Analysis/blob/94ea36800e80c9e89a2356a0b81d3eeafbd6a4f7/analysis/data/consolidated_game_data_20240505.csv
8,S8-RS-001,3,Rebellion Genflix,ban,1,Hayabusa,https://liquipedia.net/mobilelegends/MPL/Indonesia/Season_8/Regular_Season | https://github.com/LiTianYeoh/MLBB_Tournament_Analysis/blob/94ea36800e80c9e89a2356a0b81d3eeafbd6a4f7/analysis/data/consolidated_game_data_20240505.csv
8,S8-RS-001,3,Rebellion Genflix,ban,2,Phoveus,https://liquipedia.net/mobilelegends/MPL/Indonesia/Season_8/Regular_Season | https://github.com/LiTianYeoh/MLBB_Tournament_Analysis/blob/94ea36800e80c9e89a2356a0b81d3eeafbd6a4f7/analysis/data/consolidated_game_data_20240505.csv
8,S8-RS-001,3,Rebellion Genflix,ban,3,Harley,https://liquipedia.net/mobilelegends/MPL/Indonesia/Season_8/Regular_Season | https://github.com/LiTianYeoh/MLBB_Tournament_Analysis/blob/94ea36800e80c9e89a2356a0b81d3eeafbd6a4f7/analysis/data/consolidated_game_data_20240505.csv
8,S8-RS-001,3,Rebellion Genflix,ban,4,Kagura,https://liquipedia.net/mobilelegends/MPL/Indonesia/Season_8/Regular_Season | https://github.com/LiTianYeoh/MLBB_Tournament_Analysis/blob/94ea36800e80c9e89a2356a0b81d3eeafbd6a4f7/analysis/data/consolidated_game_data_20240505.csv
8,S8-RS-001,3,Rebellion Genflix,ban,5,Luo Yi,https://liquipedia.net/mobilelegends/MPL/Indonesia/Season_8/Regular_Season | https://github.com/LiTianYeoh/MLBB_Tournament_Analysis/blob/94ea36800e80c9e89a2356a0b81d3eeafbd6a4f7/analysis/data/consolidated_game_data_20240505.csv
8,S8-RS-001,3,Rebellion Genflix,pick,1,Popol and Kupa,https://liquipedia.net/mobilelegends/MPL/Indonesia/Season_8/Regular_Season | https://github.com/LiTianYeoh/MLBB_Tournament_Analysis/blob/94ea36800e80c9e89a2356a0b81d3eeafbd6a4f7/analysis/data/consolidated_game_data_20240505.csv
8,S8-RS-001,3,Rebellion Genflix,pick,2,Selena,https://liquipedia.net/mobilelegends/MPL/Indonesia/Season_8/Regular_Season | https://github.com/LiTianYeoh/MLBB_Tournament_Analysis/blob/94ea36800e80c9e89a2356a0b81d3eeafbd6a4f7/analysis/data/consolidated_game_data_20240505.csv
8,S8-RS-001,3,Rebellion Genflix,pick,3,Thamuz,https://liquipedia.net/mobilelegends/MPL/Indonesia/Season_8/Regular_Season | https://github.com/LiTianYeoh/MLBB_Tournament_Analysis/blob/94ea36800e80c9e89a2356a0b81d3eeafbd6a4f7/analysis/data/consolidated_game_data_20240505.csv
8,S8-RS-001,3,Rebellion Genflix,pick,4,Granger,https://liquipedia.net/mobilelegends/MPL/Indonesia/Season_8/Regular_Season | https://github.com/LiTianYeoh/MLBB_Tournament_Analysis/blob/94ea36800e80c9e89a2356a0b81d3eeafbd6a4f7/analysis/data/consolidated_game_data_20240505.csv
8,S8-RS-001,3,Rebellion Genflix,pick,5,Balmond,https://liquipedia.net/mobilelegends/MPL/Indonesia/Season_8/Regular_Season | https://github.com/LiTianYeoh/MLBB_Tournament_Analysis/blob/94ea36800e80c9e89a2356a0b81d3eeafbd6a4f7/analysis/data/consolidated_game_data_20240505.csv
8,S8-RS-001,3,Bigetron Alpha,ban,1,Ruby,https://liquipedia.net/mobilelegends/MPL/Indonesia/Season_8/Regular_Season | https://github.com/LiTianYeoh/MLBB_Tournament_Analysis/blob/94ea36800e80c9e89a2356a0b81d3eeafbd6a4f7/analysis/data/consolidated_game_data_20240505.csv
8,S8-RS-001,3,Bigetron Alpha,ban,2,Chou,https://liquipedia.net/mobilelegends/MPL/Indonesia/Season_8/Regular_Season | https://github.com/LiTianYeoh/MLBB_Tournament_Analysis/blob/94ea36800e80c9e89a2356a0b81d3eeafbd6a4f7/analysis/data/consolidated_game_data_20240505.csv
8,S8-RS-001,3,Bigetron Alpha,ban,3,X.Borg,https://liquipedia.net/mobilelegends/MPL/Indonesia/Season_8/Regular_Season | https://github.com/LiTianYeoh/MLBB_Tournament_Analysis/blob/94ea36800e80c9e89a2356a0b81d3eeafbd6a4f7/analysis/data/consolidated_game_data_20240505.csv
8,S8-RS-001,3,Bigetron Alpha,ban,4,Paquito,https://liquipedia.net/mobilelegends/MPL/Indonesia/Season_8/Regular_Season | https://github.com/LiTianYeoh/MLBB_Tournament_Analysis/blob/94ea36800e80c9e89a2356a0b81d3eeafbd6a4f7/analysis/data/consolidated_game_data_20240505.csv
8,S8-RS-001,3,Bigetron Alpha,ban,5,Mathilda,https://liquipedia.net/mobilelegends/MPL/Indonesia/Season_8/Regular_Season | https://github.com/LiTianYeoh/MLBB_Tournament_Analysis/blob/94ea36800e80c9e89a2356a0b81d3eeafbd6a4f7/analysis/data/consolidated_game_data_20240505.csv
8,S8-RS-001,3,Bigetron Alpha,pick,1,Natan,https://liquipedia.net/mobilelegends/MPL/Indonesia/Season_8/Regular_Season | https://github.com/LiTianYeoh/MLBB_Tournament_Analysis/blob/94ea36800e80c9e89a2356a0b81d3eeafbd6a4f7/analysis/data/consolidated_game_data_20240505.csv
8,S8-RS-001,3,Bigetron Alpha,pick,2,Lunox,https://liquipedia.net/mobilelegends/MPL/Indonesia/Season_8/Regular_Season | https://github.com/LiTianYeoh/MLBB_Tournament_Analysis/blob/94ea36800e80c9e89a2356a0b81d3eeafbd6a4f7/analysis/data/consolidated_game_data_20240505.csv
8,S8-RS-001,3,Bigetron Alpha,pick,3,Grock,https://liquipedia.net/mobilelegends/MPL/Indonesia/Season_8/Regular_Season | https://github.com/LiTianYeoh/MLBB_Tournament_Analysis/blob/94ea36800e80c9e89a2356a0b81d3eeafbd6a4f7/analysis/data/consolidated_game_data_20240505.csv
8,S8-RS-001,3,Bigetron Alpha,pick,4,Barats,https://liquipedia.net/mobilelegends/MPL/Indonesia/Season_8/Regular_Season | https://github.com/LiTianYeoh/MLBB_Tournament_Analysis/blob/94ea36800e80c9e89a2356a0b81d3eeafbd6a4f7/analysis/data/consolidated_game_data_20240505.csv
8,S8-RS-001,3,Bigetron Alpha,pick,5,Benedetta,https://liquipedia.net/mobilelegends/MPL/Indonesia/Season_8/Regular_Season | https://github.com/LiTianYeoh/MLBB_Tournament_Analysis/blob/94ea36800e80c9e89a2356a0b81d3eeafbd6a4f7/analysis/data/consolidated_game_data_20240505.csv
8,S8-RS-002,1,Geek Fam ID,ban,1,Popol and Kupa,https://liquipedia.net/mobilelegends/MPL/Indonesia/Season_8/Regular_Season | https://github.com/LiTianYeoh/MLBB_Tournament_Analysis/blob/94ea36800e80c9e89a2356a0b81d3eeafbd6a4f7/analysis/data/consolidated_game_data_20240505.csv
8,S8-RS-002,1,Geek Fam ID,ban,2,X.Borg,https://liquipedia.net/mobilelegends/MPL/Indonesia/Season_8/Regular_Season | https://github.com/LiTianYeoh/MLBB_Tournament_Analysis/blob/94ea36800e80c9e89a2356a0b81d3eeafbd6a4f7/analysis/data/consolidated_game_data_20240505.csv
8,S8-RS-002,1,Geek Fam ID,ban,3,Paquito,https://liquipedia.net/mobilelegends/MPL/Indonesia/Season_8/Regular_Season | https://github.com/LiTianYeoh/MLBB_Tournament_Analysis/blob/94ea36800e80c9e89a2356a0b81d3eeafbd6a4f7/analysis/data/consolidated_game_data_20240505.csv
8,S8-RS-002,1,Geek Fam ID,ban,4,Lunox,https://liquipedia.net/mobilelegends/MPL/Indonesia/Season_8/Regular_Season | https://github.com/LiTianYeoh/MLBB_Tournament_Analysis/blob/94ea36800e80c9e89a2356a0b81d3eeafbd6a4f7/analysis/data/consolidated_game_data_20240505.csv
8,S8-RS-002,1,Geek Fam ID,ban,5,Lapu-Lapu,https://liquipedia.net/mobilelegends/MPL/Indonesia/Season_8/Regular_Season | https://github.com/LiTianYeoh/MLBB_Tournament_Analysis/blob/94ea36800e80c9e89a2356a0b81d3eeafbd6a4f7/analysis/data/consolidated_game_data_20240505.csv
8,S8-RS-002,1,Geek Fam ID,pick,1,Carmilla,https://liquipedia.net/mobilelegends/MPL/Indonesia/Season_8/Regular_Season | https://github.com/LiTianYeoh/MLBB_Tournament_Analysis/blob/94ea36800e80c9e89a2356a0b81d3eeafbd6a4f7/analysis/data/consolidated_game_data_20240505.csv
8,S8-RS-002,1,Geek Fam ID,pick,2,Harley,https://liquipedia.net/mobilelegends/MPL/Indonesia/Season_8/Regular_Season | https://github.com/LiTianYeoh/MLBB_Tournament_Analysis/blob/94ea36800e80c9e89a2356a0b81d3eeafbd6a4f7/analysis/data/consolidated_game_data_20240505.csv
8,S8-RS-002,1,Geek Fam ID,pick,3,Ruby,https://liquipedia.net/mobilelegends/MPL/Indonesia/Season_8/Regular_Season | https://github.com/LiTianYeoh/MLBB_Tournament_Analysis/blob/94ea36800e80c9e89a2356a0b81d3eeafbd6a4f7/analysis/data/consolidated_game_data_20240505.csv
8,S8-RS-002,1,Geek Fam ID,pick,4,Kagura,https://liquipedia.net/mobilelegends/MPL/Indonesia/Season_8/Regular_Season | https://github.com/LiTianYeoh/MLBB_Tournament_Analysis/blob/94ea36800e80c9e89a2356a0b81d3eeafbd6a4f7/analysis/data/consolidated_game_data_20240505.csv
8,S8-RS-002,1,Geek Fam ID,pick,5,Jawhead,https://liquipedia.net/mobilelegends/MPL/Indonesia/Season_8/Regular_Season | https://github.com/LiTianYeoh/MLBB_Tournament_Analysis/blob/94ea36800e80c9e89a2356a0b81d3eeafbd6a4f7/analysis/data/consolidated_game_data_20240505.csv
8,S8-RS-002,1,RRQ Hoshi,ban,1,Barats,https://liquipedia.net/mobilelegends/MPL/Indonesia/Season_8/Regular_Season | https://github.com/LiTianYeoh/MLBB_Tournament_Analysis/blob/94ea36800e80c9e89a2356a0b81d3eeafbd6a4f7/analysis/data/consolidated_game_data_20240505.csv
8,S8-RS-002,1,RRQ Hoshi,ban,2,Alice,https://liquipedia.net/mobilelegends/MPL/Indonesia/Season_8/Regular_Season | https://github.com/LiTianYeoh/MLBB_Tournament_Analysis/blob/94ea36800e80c9e89a2356a0b81d3eeafbd6a4f7/analysis/data/consolidated_game_data_20240505.csv
8,S8-RS-002,1,RRQ Hoshi,ban,3,Mathilda,https://liquipedia.net/mobilelegends/MPL/Indonesia/Season_8/Regular_Season | https://github.com/LiTianYeoh/MLBB_Tournament_Analysis/blob/94ea36800e80c9e89a2356a0b81d3eeafbd6a4f7/analysis/data/consolidated_game_data_20240505.csv
8,S8-RS-002,1,RRQ Hoshi,ban,4,Hayabusa,https://liquipedia.net/mobilelegends/MPL/Indonesia/Season_8/Regular_Season | https://github.com/LiTianYeoh/MLBB_Tournament_Analysis/blob/94ea36800e80c9e89a2356a0b81d3eeafbd6a4f7/analysis/data/consolidated_game_data_20240505.csv
8,S8-RS-002,1,RRQ Hoshi,ban,5,Phoveus,https://liquipedia.net/mobilelegends/MPL/Indonesia/Season_8/Regular_Season | https://github.com/LiTianYeoh/MLBB_Tournament_Analysis/blob/94ea36800e80c9e89a2356a0b81d3eeafbd6a4f7/analysis/data/consolidated_game_data_20240505.csv
8,S8-RS-002,1,RRQ Hoshi,pick,1,Angela,https://liquipedia.net/mobilelegends/MPL/Indonesia/Season_8/Regular_Season | https://github.com/LiTianYeoh/MLBB_Tournament_Analysis/blob/94ea36800e80c9e89a2356a0b81d3eeafbd6a4f7/analysis/data/consolidated_game_data_20240505.csv
8,S8-RS-002,1,RRQ Hoshi,pick,2,Kaja,https://liquipedia.net/mobilelegends/MPL/Indonesia/Season_8/Regular_Season | https://github.com/LiTianYeoh/MLBB_Tournament_Analysis/blob/94ea36800e80c9e89a2356a0b81d3eeafbd6a4f7/analysis/data/consolidated_game_data_20240505.csv
8,S8-RS-002,1,RRQ Hoshi,pick,3,Chou,https://liquipedia.net/mobilelegends/MPL/Indonesia/Season_8/Regular_Season | https://github.com/LiTianYeoh/MLBB_Tournament_Analysis/blob/94ea36800e80c9e89a2356a0b81d3eeafbd6a4f7/analysis/data/consolidated_game_data_20240505.csv
8,S8-RS-002,1,RRQ Hoshi,pick,4,Saber,https://liquipedia.net/mobilelegends/MPL/Indonesia/Season_8/Regular_Season | https://github.com/LiTianYeoh/MLBB_Tournament_Analysis/blob/94ea36800e80c9e89a2356a0b81d3eeafbd6a4f7/analysis/data/consolidated_game_data_20240505.csv
8,S8-RS-002,1,RRQ Hoshi,pick,5,Ling,https://liquipedia.net/mobilelegends/MPL/Indonesia/Season_8/Regular_Season | https://github.com/LiTianYeoh/MLBB_Tournament_Analysis/blob/94ea36800e80c9e89a2356a0b81d3eeafbd6a4f7/analysis/data/consolidated_game_data_20240505.csv
8,S8-RS-002,2,Geek Fam ID,ban,1,Paquito,https://liquipedia.net/mobilelegends/MPL/Indonesia/Season_8/Regular_Season | https://github.com/LiTianYeoh/MLBB_Tournament_Analysis/blob/94ea36800e80c9e89a2356a0b81d3eeafbd6a4f7/analysis/data/consolidated_game_data_20240505.csv
8,S8-RS-002,2,Geek Fam ID,ban,2,Ling,https://liquipedia.net/mobilelegends/MPL/Indonesia/Season_8/Regular_Season | https://github.com/LiTianYeoh/MLBB_Tournament_Analysis/blob/94ea36800e80c9e89a2356a0b81d3eeafbd6a4f7/analysis/data/consolidated_game_data_20240505.csv
8,S8-RS-002,2,Geek Fam ID,ban,3,Mathilda,https://liquipedia.net/mobilelegends/MPL/Indonesia/Season_8/Regular_Season | https://github.com/LiTianYeoh/MLBB_Tournament_Analysis/blob/94ea36800e80c9e89a2356a0b81d3eeafbd6a4f7/analysis/data/consolidated_game_data_20240505.csv
8,S8-RS-002,2,Geek Fam ID,ban,4,Kaja,https://liquipedia.net/mobilelegends/MPL/Indonesia/Season_8/Regular_Season | https://github.com/LiTianYeoh/MLBB_Tournament_Analysis/blob/94ea36800e80c9e89a2356a0b81d3eeafbd6a4f7/analysis/data/consolidated_game_data_20240505.csv
8,S8-RS-002,2,Geek Fam ID,ban,5,Yi Sun-Shin,https://liquipedia.net/mobilelegends/MPL/Indonesia/Season_8/Regular_Season | https://github.com/LiTianYeoh/MLBB_Tournament_Analysis/blob/94ea36800e80c9e89a2356a0b81d3eeafbd6a4f7/analysis/data/consolidated_game_data_20240505.csv
8,S8-RS-002,2,Geek Fam ID,pick,1,Benedetta,https://liquipedia.net/mobilelegends/MPL/Indonesia/Season_8/Regular_Season | https://github.com/LiTianYeoh/MLBB_Tournament_Analysis/blob/94ea36800e80c9e89a2356a0b81d3eeafbd6a4f7/analysis/data/consolidated_game_data_20240505.csv
8,S8-RS-002,2,Geek Fam ID,pick,2,Lunox,https://liquipedia.net/mobilelegends/MPL/Indonesia/Season_8/Regular_Season | https://github.com/LiTianYeoh/MLBB_Tournament_Analysis/blob/94ea36800e80c9e89a2356a0b81d3eeafbd6a4f7/analysis/data/consolidated_game_data_20240505.csv
8,S8-RS-002,2,Geek Fam ID,pick,3,Ruby,https://liquipedia.net/mobilelegends/MPL/Indonesia/Season_8/Regular_Season | https://github.com/LiTianYeoh/MLBB_Tournament_Analysis/blob/94ea36800e80c9e89a2356a0b81d3eeafbd6a4f7/analysis/data/consolidated_game_data_20240505.csv
8,S8-RS-002,2,Geek Fam ID,pick,4,Pharsa,https://liquipedia.net/mobilelegends/MPL/Indonesia/Season_8/Regular_Season | https://github.com/LiTianYeoh/MLBB_Tournament_Analysis/blob/94ea36800e80c9e89a2356a0b81d3eeafbd6a4f7/analysis/data/consolidated_game_data_20240505.csv
8,S8-RS-002,2,Geek Fam ID,pick,5,Chou,https://liquipedia.net/mobilelegends/MPL/Indonesia/Season_8/Regular_Season | https://github.com/LiTianYeoh/MLBB_Tournament_Analysis/blob/94ea36800e80c9e89a2356a0b81d3eeafbd6a4f7/analysis/data/consolidated_game_data_20240505.csv
8,S8-RS-002,2,RRQ Hoshi,ban,1,Roger,https://liquipedia.net/mobilelegends/MPL/Indonesia/Season_8/Regular_Season | https://github.com/LiTianYeoh/MLBB_Tournament_Analysis/blob/94ea36800e80c9e89a2356a0b81d3eeafbd6a4f7/analysis/data/consolidated_game_data_20240505.csv
8,S8-RS-002,2,RRQ Hoshi,ban,2,Barats,https://liquipedia.net/mobilelegends/MPL/Indonesia/Season_8/Regular_Season | https://github.com/LiTianYeoh/MLBB_Tournament_Analysis/blob/94ea36800e80c9e89a2356a0b81d3eeafbd6a4f7/analysis/data/consolidated_game_data_20240505.csv
8,S8-RS-002,2,RRQ Hoshi,ban,3,Jawhead,https://liquipedia.net/mobilelegends/MPL/Indonesia/Season_8/Regular_Season | https://github.com/LiTianYeoh/MLBB_Tournament_Analysis/blob/94ea36800e80c9e89a2356a0b81d3eeafbd6a4f7/analysis/data/consolidated_game_data_20240505.csv
8,S8-RS-002,2,RRQ Hoshi,ban,4,Hayabusa,https://liquipedia.net/mobilelegends/MPL/Indonesia/Season_8/Regular_Season | https://github.com/LiTianYeoh/MLBB_Tournament_Analysis/blob/94ea36800e80c9e89a2356a0b81d3eeafbd6a4f7/analysis/data/consolidated_game_data_20240505.csv
8,S8-RS-002,2,RRQ Hoshi,ban,5,Phoveus,https://liquipedia.net/mobilelegends/MPL/Indonesia/Season_8/Regular_Season | https://github.com/LiTianYeoh/MLBB_Tournament_Analysis/blob/94ea36800e80c9e89a2356a0b81d3eeafbd6a4f7/analysis/data/consolidated_game_data_20240505.csv
8,S8-RS-002,2,RRQ Hoshi,pick,1,Rafaela,https://liquipedia.net/mobilelegends/MPL/Indonesia/Season_8/Regular_Season | https://github.com/LiTianYeoh/MLBB_Tournament_Analysis/blob/94ea36800e80c9e89a2356a0b81d3eeafbd6a4f7/analysis/data/consolidated_game_data_20240505.csv
8,S8-RS-002,2,RRQ Hoshi,pick,2,Alice,https://liquipedia.net/mobilelegends/MPL/Indonesia/Season_8/Regular_Season | https://github.com/LiTianYeoh/MLBB_Tournament_Analysis/blob/94ea36800e80c9e89a2356a0b81d3eeafbd6a4f7/analysis/data/consolidated_game_data_20240505.csv
8,S8-RS-002,2,RRQ Hoshi,pick,3,X.Borg,https://liquipedia.net/mobilelegends/MPL/Indonesia/Season_8/Regular_Season | https://github.com/LiTianYeoh/MLBB_Tournament_Analysis/blob/94ea36800e80c9e89a2356a0b81d3eeafbd6a4f7/analysis/data/consolidated_game_data_20240505.csv
8,S8-RS-002,2,RRQ Hoshi,pick,4,Popol and Kupa,https://liquipedia.net/mobilelegends/MPL/Indonesia/Season_8/Regular_Season | https://github.com/LiTianYeoh/MLBB_Tournament_Analysis/blob/94ea36800e80c9e89a2356a0b81d3eeafbd6a4f7/analysis/data/consolidated_game_data_20240505.csv
8,S8-RS-002,2,RRQ Hoshi,pick,5,Granger,https://liquipedia.net/mobilelegends/MPL/Indonesia/Season_8/Regular_Season | https://github.com/LiTianYeoh/MLBB_Tournament_Analysis/blob/94ea36800e80c9e89a2356a0b81d3eeafbd6a4f7/analysis/data/consolidated_game_data_20240505.csv
8,S8-RS-003,1,ONIC Esports,ban,1,Barats,https://liquipedia.net/mobilelegends/MPL/Indonesia/Season_8/Regular_Season | https://github.com/LiTianYeoh/MLBB_Tournament_Analysis/blob/94ea36800e80c9e89a2356a0b81d3eeafbd6a4f7/analysis/data/consolidated_game_data_20240505.csv
8,S8-RS-003,1,ONIC Esports,ban,2,Alice,https://liquipedia.net/mobilelegends/MPL/Indonesia/Season_8/Regular_Season | https://github.com/LiTianYeoh/MLBB_Tournament_Analysis/blob/94ea36800e80c9e89a2356a0b81d3eeafbd6a4f7/analysis/data/consolidated_game_data_20240505.csv
8,S8-RS-003,1,ONIC Esports,ban,3,X.Borg,https://liquipedia.net/mobilelegends/MPL/Indonesia/Season_8/Regular_Season | https://github.com/LiTianYeoh/MLBB_Tournament_Analysis/blob/94ea36800e80c9e89a2356a0b81d3eeafbd6a4f7/analysis/data/consolidated_game_data_20240505.csv
8,S8-RS-003,1,ONIC Esports,ban,4,Paquito,https://liquipedia.net/mobilelegends/MPL/Indonesia/Season_8/Regular_Season | https://github.com/LiTianYeoh/MLBB_Tournament_Analysis/blob/94ea36800e80c9e89a2356a0b81d3eeafbd6a4f7/analysis/data/consolidated_game_data_20240505.csv
8,S8-RS-003,1,ONIC Esports,ban,5,Mathilda,https://liquipedia.net/mobilelegends/MPL/Indonesia/Season_8/Regular_Season | https://github.com/LiTianYeoh/MLBB_Tournament_Analysis/blob/94ea36800e80c9e89a2356a0b81d3eeafbd6a4f7/analysis/data/consolidated_game_data_20240505.csv
8,S8-RS-003,1,ONIC Esports,pick,1,Lunox,https://liquipedia.net/mobilelegends/MPL/Indonesia/Season_8/Regular_Season | https://github.com/LiTianYeoh/MLBB_Tournament_Analysis/blob/94ea36800e80c9e89a2356a0b81d3eeafbd6a4f7/analysis/data/consolidated_game_data_20240505.csv
8,S8-RS-003,1,ONIC Esports,pick,2,Thamuz,https://liquipedia.net/mobilelegends/MPL/Indonesia/Season_8/Regular_Season | https://github.com/LiTianYeoh/MLBB_Tournament_Analysis/blob/94ea36800e80c9e89a2356a0b81d3eeafbd6a4f7/analysis/data/consolidated_game_data_20240505.csv
8,S8-RS-003,1,ONIC Esports,pick,3,Phoveus,https://liquipedia.net/mobilelegends/MPL/Indonesia/Season_8/Regular_Season | https://github.com/LiTianYeoh/MLBB_Tournament_Analysis/blob/94ea36800e80c9e89a2356a0b81d3eeafbd6a4f7/analysis/data/consolidated_game_data_20240505.csv
8,S8-RS-003,1,ONIC Esports,pick,4,Chou,https://liquipedia.net/mobilelegends/MPL/Indonesia/Season_8/Regular_Season | https://github.com/LiTianYeoh/MLBB_Tournament_Analysis/blob/94ea36800e80c9e89a2356a0b81d3eeafbd6a4f7/analysis/data/consolidated_game_data_20240505.csv
8,S8-RS-003,1,ONIC Esports,pick,5,Ling,https://liquipedia.net/mobilelegends/MPL/Indonesia/Season_8/Regular_Season | https://github.com/LiTianYeoh/MLBB_Tournament_Analysis/blob/94ea36800e80c9e89a2356a0b81d3eeafbd6a4f7/analysis/data/consolidated_game_data_20240505.csv
8,S8-RS-003,1,Rebellion Genflix,ban,1,Harley,https://liquipedia.net/mobilelegends/MPL/Indonesia/Season_8/Regular_Season | https://github.com/LiTianYeoh/MLBB_Tournament_Analysis/blob/94ea36800e80c9e89a2356a0b81d3eeafbd6a4f7/analysis/data/consolidated_game_data_20240505.csv
8,S8-RS-003,1,Rebellion Genflix,ban,2,Hayabusa,https://liquipedia.net/mobilelegends/MPL/Indonesia/Season_8/Regular_Season | https://github.com/LiTianYeoh/MLBB_Tournament_Analysis/blob/94ea36800e80c9e89a2356a0b81d3eeafbd6a4f7/analysis/data/consolidated_game_data_20240505.csv
8,S8-RS-003,1,Rebellion Genflix,ban,3,Selena,https://liquipedia.net/mobilelegends/MPL/Indonesia/Season_8/Regular_Season | https://github.com/LiTianYeoh/MLBB_Tournament_Analysis/blob/94ea36800e80c9e89a2356a0b81d3eeafbd6a4f7/analysis/data/consolidated_game_data_20240505.csv
8,S8-RS-003,1,Rebellion Genflix,ban,4,Benedetta,https://liquipedia.net/mobilelegends/MPL/Indonesia/Season_8/Regular_Season | https://github.com/LiTianYeoh/MLBB_Tournament_Analysis/blob/94ea36800e80c9e89a2356a0b81d3eeafbd6a4f7/analysis/data/consolidated_game_data_20240505.csv
8,S8-RS-003,1,Rebellion Genflix,ban,5,Luo Yi,https://liquipedia.net/mobilelegends/MPL/Indonesia/Season_8/Regular_Season | https://github.com/LiTianYeoh/MLBB_Tournament_Analysis/blob/94ea36800e80c9e89a2356a0b81d3eeafbd6a4f7/analysis/data/consolidated_game_data_20240505.csv
8,S8-RS-003,1,Rebellion Genflix,pick,1,Popol and Kupa,https://liquipedia.net/mobilelegends/MPL/Indonesia/Season_8/Regular_Season | https://github.com/LiTianYeoh/MLBB_Tournament_Analysis/blob/94ea36800e80c9e89a2356a0b81d3eeafbd6a4f7/analysis/data/consolidated_game_data_20240505.csv
8,S8-RS-003,1,Rebellion Genflix,pick,2,Pharsa,https://liquipedia.net/mobilelegends/MPL/Indonesia/Season_8/Regular_Season | https://github.com/LiTianYeoh/MLBB_Tournament_Analysis/blob/94ea36800e80c9e89a2356a0b81d3eeafbd6a4f7/analysis/data/consolidated_game_data_20240505.csv
8,S8-RS-003,1,Rebellion Genflix,pick,3,Ruby,https://liquipedia.net/mobilelegends/MPL/Indonesia/Season_8/Regular_Season | https://github.com/LiTianYeoh/MLBB_Tournament_Analysis/blob/94ea36800e80c9e89a2356a0b81d3eeafbd6a4f7/analysis/data/consolidated_game_data_20240505.csv
8,S8-RS-003,1,Rebellion Genflix,pick,4,Natan,https://liquipedia.net/mobilelegends/MPL/Indonesia/Season_8/Regular_Season | https://github.com/LiTianYeoh/MLBB_Tournament_Analysis/blob/94ea36800e80c9e89a2356a0b81d3eeafbd6a4f7/analysis/data/consolidated_game_data_20240505.csv
8,S8-RS-003,1,Rebellion Genflix,pick,5,Esmeralda,https://liquipedia.net/mobilelegends/MPL/Indonesia/Season_8/Regular_Season | https://github.com/LiTianYeoh/MLBB_Tournament_Analysis/blob/94ea36800e80c9e89a2356a0b81d3eeafbd6a4f7/analysis/data/consolidated_game_data_20240505.csv
8,S8-RS-003,2,ONIC Esports,ban,1,Pharsa,https://liquipedia.net/mobilelegends/MPL/Indonesia/Season_8/Regular_Season | https://github.com/LiTianYeoh/MLBB_Tournament_Analysis/blob/94ea36800e80c9e89a2356a0b81d3eeafbd6a4f7/analysis/data/consolidated_game_data_20240505.csv
8,S8-RS-003,2,ONIC Esports,ban,2,Lunox,https://liquipedia.net/mobilelegends/MPL/Indonesia/Season_8/Regular_Season | https://github.com/LiTianYeoh/MLBB_Tournament_Analysis/blob/94ea36800e80c9e89a2356a0b81d3eeafbd6a4f7/analysis/data/consolidated_game_data_20240505.csv
8,S8-RS-003,2,ONIC Esports,ban,3,Harley,https://liquipedia.net/mobilelegends/MPL/Indonesia/Season_8/Regular_Season | https://github.com/LiTianYeoh/MLBB_Tournament_Analysis/blob/94ea36800e80c9e89a2356a0b81d3eeafbd6a4f7/analysis/data/consolidated_game_data_20240505.csv
8,S8-RS-003,2,ONIC Esports,ban,4,Mathilda,https://liquipedia.net/mobilelegends/MPL/Indonesia/Season_8/Regular_Season | https://github.com/LiTianYeoh/MLBB_Tournament_Analysis/blob/94ea36800e80c9e89a2356a0b81d3eeafbd6a4f7/analysis/data/consolidated_game_data_20240505.csv
8,S8-RS-003,2,ONIC Esports,ban,5,Paquito,https://liquipedia.net/mobilelegends/MPL/Indonesia/Season_8/Regular_Season | https://github.com/LiTianYeoh/MLBB_Tournament_Analysis/blob/94ea36800e80c9e89a2356a0b81d3eeafbd6a4f7/analysis/data/consolidated_game_data_20240505.csv
8,S8-RS-003,2,ONIC Esports,pick,1,Kagura,https://liquipedia.net/mobilelegends/MPL/Indonesia/Season_8/Regular_Season | https://github.com/LiTianYeoh/MLBB_Tournament_Analysis/blob/94ea36800e80c9e89a2356a0b81d3eeafbd6a4f7/analysis/data/consolidated_game_data_20240505.csv
8,S8-RS-003,2,ONIC Esports,pick,2,Balmond,https://liquipedia.net/mobilelegends/MPL/Indonesia/Season_8/Regular_Season | https://github.com/LiTianYeoh/MLBB_Tournament_Analysis/blob/94ea36800e80c9e89a2356a0b81d3eeafbd6a4f7/analysis/data/consolidated_game_data_20240505.csv
8,S8-RS-003,2,ONIC Esports,pick,3,Chou,https://liquipedia.net/mobilelegends/MPL/Indonesia/Season_8/Regular_Season | https://github.com/LiTianYeoh/MLBB_Tournament_Analysis/blob/94ea36800e80c9e89a2356a0b81d3eeafbd6a4f7/analysis/data/consolidated_game_data_20240505.csv
8,S8-RS-003,2,ONIC Esports,pick,4,Ling,https://liquipedia.net/mobilelegends/MPL/Indonesia/Season_8/Regular_Season | https://github.com/LiTianYeoh/MLBB_Tournament_Analysis/blob/94ea36800e80c9e89a2356a0b81d3eeafbd6a4f7/analysis/data/consolidated_game_data_20240505.csv
8,S8-RS-003,2,ONIC Esports,pick,5,Popol and Kupa,https://liquipedia.net/mobilelegends/MPL/Indonesia/Season_8/Regular_Season | https://github.com/LiTianYeoh/MLBB_Tournament_Analysis/blob/94ea36800e80c9e89a2356a0b81d3eeafbd6a4f7/analysis/data/consolidated_game_data_20240505.csv
8,S8-RS-003,2,Rebellion Genflix,ban,1,X.Borg,https://liquipedia.net/mobilelegends/MPL/Indonesia/Season_8/Regular_Season | https://github.com/LiTianYeoh/MLBB_Tournament_Analysis/blob/94ea36800e80c9e89a2356a0b81d3eeafbd6a4f7/analysis/data/consolidated_game_data_20240505.csv
8,S8-RS-003,2,Rebellion Genflix,ban,2,Hayabusa,https://liquipedia.net/mobilelegends/MPL/Indonesia/Season_8/Regular_Season | https://github.com/LiTianYeoh/MLBB_Tournament_Analysis/blob/94ea36800e80c9e89a2356a0b81d3eeafbd6a4f7/analysis/data/consolidated_game_data_20240505.csv
8,S8-RS-003,2,Rebellion Genflix,ban,3,Phoveus,https://liquipedia.net/mobilelegends/MPL/Indonesia/Season_8/Regular_Season | https://github.com/LiTianYeoh/MLBB_Tournament_Analysis/blob/94ea36800e80c9e89a2356a0b81d3eeafbd6a4f7/analysis/data/consolidated_game_data_20240505.csv
8,S8-RS-003,2,Rebellion Genflix,ban,4,Eudora,https://liquipedia.net/mobilelegends/MPL/Indonesia/Season_8/Regular_Season | https://github.com/LiTianYeoh/MLBB_Tournament_Analysis/blob/94ea36800e80c9e89a2356a0b81d3eeafbd6a4f7/analysis/data/consolidated_game_data_20240505.csv
8,S8-RS-003,2,Rebellion Genflix,ban,5,Selena,https://liquipedia.net/mobilelegends/MPL/Indonesia/Season_8/Regular_Season | https://github.com/LiTianYeoh/MLBB_Tournament_Analysis/blob/94ea36800e80c9e89a2356a0b81d3eeafbd6a4f7/analysis/data/consolidated_game_data_20240505.csv
8,S8-RS-003,2,Rebellion Genflix,pick,1,Benedetta,https://liquipedia.net/mobilelegends/MPL/Indonesia/Season_8/Regular_Season | https://github.com/LiTianYeoh/MLBB_Tournament_Analysis/blob/94ea36800e80c9e89a2356a0b81d3eeafbd6a4f7/analysis/data/consolidated_game_data_20240505.csv
8,S8-RS-003,2,Rebellion Genflix,pick,2,Jawhead,https://liquipedia.net/mobilelegends/MPL/Indonesia/Season_8/Regular_Season | https://github.com/LiTianYeoh/MLBB_Tournament_Analysis/blob/94ea36800e80c9e89a2356a0b81d3eeafbd6a4f7/analysis/data/consolidated_game_data_20240505.csv
8,S8-RS-003,2,Rebellion Genflix,pick,3,Esmeralda,https://liquipedia.net/mobilelegends/MPL/Indonesia/Season_8/Regular_Season | https://github.com/LiTianYeoh/MLBB_Tournament_Analysis/blob/94ea36800e80c9e89a2356a0b81d3eeafbd6a4f7/analysis/data/consolidated_game_data_20240505.csv
8,S8-RS-003,2,Rebellion Genflix,pick,4,Rafaela,https://liquipedia.net/mobilelegends/MPL/Indonesia/Season_8/Regular_Season | https://github.com/LiTianYeoh/MLBB_Tournament_Analysis/blob/94ea36800e80c9e89a2356a0b81d3eeafbd6a4f7/analysis/data/consolidated_game_data_20240505.csv
8,S8-RS-003,2,Rebellion Genflix,pick,5,Cyclops,https://liquipedia.net/mobilelegends/MPL/Indonesia/Season_8/Regular_Season | https://github.com/LiTianYeoh/MLBB_Tournament_Analysis/blob/94ea36800e80c9e89a2356a0b81d3eeafbd6a4f7/analysis/data/consolidated_game_data_20240505.csv
8,S8-RS-004,1,Alter Ego,ban,1,Popol and Kupa,https://liquipedia.net/mobilelegends/MPL/Indonesia/Season_8/Regular_Season | https://github.com/LiTianYeoh/MLBB_Tournament_Analysis/blob/94ea36800e80c9e89a2356a0b81d3eeafbd6a4f7/analysis/data/consolidated_game_data_20240505.csv
8,S8-RS-004,1,Alter Ego,ban,2,X.Borg,https://liquipedia.net/mobilelegends/MPL/Indonesia/Season_8/Regular_Season | https://github.com/LiTianYeoh/MLBB_Tournament_Analysis/blob/94ea36800e80c9e89a2356a0b81d3eeafbd6a4f7/analysis/data/consolidated_game_data_20240505.csv
8,S8-RS-004,1,Alter Ego,ban,3,Ruby,https://liquipedia.net/mobilelegends/MPL/Indonesia/Season_8/Regular_Season | https://github.com/LiTianYeoh/MLBB_Tournament_Analysis/blob/94ea36800e80c9e89a2356a0b81d3eeafbd6a4f7/analysis/data/consolidated_game_data_20240505.csv
8,S8-RS-004,1,Alter Ego,ban,4,Thamuz,https://liquipedia.net/mobilelegends/MPL/Indonesia/Season_8/Regular_Season | https://github.com/LiTianYeoh/MLBB_Tournament_Analysis/blob/94ea36800e80c9e89a2356a0b81d3eeafbd6a4f7/analysis/data/consolidated_game_data_20240505.csv
8,S8-RS-004,1,Alter Ego,ban,5,Kaja,https://liquipedia.net/mobilelegends/MPL/Indonesia/Season_8/Regular_Season | https://github.com/LiTianYeoh/MLBB_Tournament_Analysis/blob/94ea36800e80c9e89a2356a0b81d3eeafbd6a4f7/analysis/data/consolidated_game_data_20240505.csv
8,S8-RS-004,1,Alter Ego,pick,1,Paquito,https://liquipedia.net/mobilelegends/MPL/Indonesia/Season_8/Regular_Season | https://github.com/LiTianYeoh/MLBB_Tournament_Analysis/blob/94ea36800e80c9e89a2356a0b81d3eeafbd6a4f7/analysis/data/consolidated_game_data_20240505.csv
8,S8-RS-004,1,Alter Ego,pick,2,Hayabusa,https://liquipedia.net/mobilelegends/MPL/Indonesia/Season_8/Regular_Season | https://github.com/LiTianYeoh/MLBB_Tournament_Analysis/blob/94ea36800e80c9e89a2356a0b81d3eeafbd6a4f7/analysis/data/consolidated_game_data_20240505.csv
8,S8-RS-004,1,Alter Ego,pick,3,Tigreal,https://liquipedia.net/mobilelegends/MPL/Indonesia/Season_8/Regular_Season | https://github.com/LiTianYeoh/MLBB_Tournament_Analysis/blob/94ea36800e80c9e89a2356a0b81d3eeafbd6a4f7/analysis/data/consolidated_game_data_20240505.csv
8,S8-RS-004,1,Alter Ego,pick,4,Lunox,https://liquipedia.net/mobilelegends/MPL/Indonesia/Season_8/Regular_Season | https://github.com/LiTianYeoh/MLBB_Tournament_Analysis/blob/94ea36800e80c9e89a2356a0b81d3eeafbd6a4f7/analysis/data/consolidated_game_data_20240505.csv
8,S8-RS-004,1,Alter Ego,pick,5,Esmeralda,https://liquipedia.net/mobilelegends/MPL/Indonesia/Season_8/Regular_Season | https://github.com/LiTianYeoh/MLBB_Tournament_Analysis/blob/94ea36800e80c9e89a2356a0b81d3eeafbd6a4f7/analysis/data/consolidated_game_data_20240505.csv
8,S8-RS-004,1,Geek Fam ID,ban,1,Saber,https://liquipedia.net/mobilelegends/MPL/Indonesia/Season_8/Regular_Season | https://github.com/LiTianYeoh/MLBB_Tournament_Analysis/blob/94ea36800e80c9e89a2356a0b81d3eeafbd6a4f7/analysis/data/consolidated_game_data_20240505.csv
8,S8-RS-004,1,Geek Fam ID,ban,2,Chou,https://liquipedia.net/mobilelegends/MPL/Indonesia/Season_8/Regular_Season | https://github.com/LiTianYeoh/MLBB_Tournament_Analysis/blob/94ea36800e80c9e89a2356a0b81d3eeafbd6a4f7/analysis/data/consolidated_game_data_20240505.csv
8,S8-RS-004,1,Geek Fam ID,ban,3,Phoveus,https://liquipedia.net/mobilelegends/MPL/Indonesia/Season_8/Regular_Season | https://github.com/LiTianYeoh/MLBB_Tournament_Analysis/blob/94ea36800e80c9e89a2356a0b81d3eeafbd6a4f7/analysis/data/consolidated_game_data_20240505.csv
8,S8-RS-004,1,Geek Fam ID,ban,4,Benedetta,https://liquipedia.net/mobilelegends/MPL/Indonesia/Season_8/Regular_Season | https://github.com/LiTianYeoh/MLBB_Tournament_Analysis/blob/94ea36800e80c9e89a2356a0b81d3eeafbd6a4f7/analysis/data/consolidated_game_data_20240505.csv
8,S8-RS-004,1,Geek Fam ID,ban,5,Harley,https://liquipedia.net/mobilelegends/MPL/Indonesia/Season_8/Regular_Season | https://github.com/LiTianYeoh/MLBB_Tournament_Analysis/blob/94ea36800e80c9e89a2356a0b81d3eeafbd6a4f7/analysis/data/consolidated_game_data_20240505.csv
8,S8-RS-004,1,Geek Fam ID,pick,1,Jawhead,https://liquipedia.net/mobilelegends/MPL/Indonesia/Season_8/Regular_Season | https://github.com/LiTianYeoh/MLBB_Tournament_Analysis/blob/94ea36800e80c9e89a2356a0b81d3eeafbd6a4f7/analysis/data/consolidated_game_data_20240505.csv
8,S8-RS-004,1,Geek Fam ID,pick,2,Mathilda,https://liquipedia.net/mobilelegends/MPL/Indonesia/Season_8/Regular_Season | https://github.com/LiTianYeoh/MLBB_Tournament_Analysis/blob/94ea36800e80c9e89a2356a0b81d3eeafbd6a4f7/analysis/data/consolidated_game_data_20240505.csv
8,S8-RS-004,1,Geek Fam ID,pick,3,Alice,https://liquipedia.net/mobilelegends/MPL/Indonesia/Season_8/Regular_Season | https://github.com/LiTianYeoh/MLBB_Tournament_Analysis/blob/94ea36800e80c9e89a2356a0b81d3eeafbd6a4f7/analysis/data/consolidated_game_data_20240505.csv
8,S8-RS-004,1,Geek Fam ID,pick,4,Ling,https://liquipedia.net/mobilelegends/MPL/Indonesia/Season_8/Regular_Season | https://github.com/LiTianYeoh/MLBB_Tournament_Analysis/blob/94ea36800e80c9e89a2356a0b81d3eeafbd6a4f7/analysis/data/consolidated_game_data_20240505.csv
8,S8-RS-004,1,Geek Fam ID,pick,5,Yu Zhong,https://liquipedia.net/mobilelegends/MPL/Indonesia/Season_8/Regular_Season | https://github.com/LiTianYeoh/MLBB_Tournament_Analysis/blob/94ea36800e80c9e89a2356a0b81d3eeafbd6a4f7/analysis/data/consolidated_game_data_20240505.csv
8,S8-RS-004,2,Alter Ego,ban,1,Mathilda,https://liquipedia.net/mobilelegends/MPL/Indonesia/Season_8/Regular_Season | https://github.com/LiTianYeoh/MLBB_Tournament_Analysis/blob/94ea36800e80c9e89a2356a0b81d3eeafbd6a4f7/analysis/data/consolidated_game_data_20240505.csv
8,S8-RS-004,2,Alter Ego,ban,2,Paquito,https://liquipedia.net/mobilelegends/MPL/Indonesia/Season_8/Regular_Season | https://github.com/LiTianYeoh/MLBB_Tournament_Analysis/blob/94ea36800e80c9e89a2356a0b81d3eeafbd6a4f7/analysis/data/consolidated_game_data_20240505.csv
8,S8-RS-004,2,Alter Ego,ban,3,Phoveus,https://liquipedia.net/mobilelegends/MPL/Indonesia/Season_8/Regular_Season | https://github.com/LiTianYeoh/MLBB_Tournament_Analysis/blob/94ea36800e80c9e89a2356a0b81d3eeafbd6a4f7/analysis/data/consolidated_game_data_20240505.csv
8,S8-RS-004,2,Alter Ego,ban,4,Pharsa,https://liquipedia.net/mobilelegends/MPL/Indonesia/Season_8/Regular_Season | https://github.com/LiTianYeoh/MLBB_Tournament_Analysis/blob/94ea36800e80c9e89a2356a0b81d3eeafbd6a4f7/analysis/data/consolidated_game_data_20240505.csv
8,S8-RS-004,2,Alter Ego,ban,5,Alice,https://liquipedia.net/mobilelegends/MPL/Indonesia/Season_8/Regular_Season | https://github.com/LiTianYeoh/MLBB_Tournament_Analysis/blob/94ea36800e80c9e89a2356a0b81d3eeafbd6a4f7/analysis/data/consolidated_game_data_20240505.csv
8,S8-RS-004,2,Alter Ego,pick,1,Popol and Kupa,https://liquipedia.net/mobilelegends/MPL/Indonesia/Season_8/Regular_Season | https://github.com/LiTianYeoh/MLBB_Tournament_Analysis/blob/94ea36800e80c9e89a2356a0b81d3eeafbd6a4f7/analysis/data/consolidated_game_data_20240505.csv
8,S8-RS-004,2,Alter Ego,pick,2,Alucard,https://liquipedia.net/mobilelegends/MPL/Indonesia/Season_8/Regular_Season | https://github.com/LiTianYeoh/MLBB_Tournament_Analysis/blob/94ea36800e80c9e89a2356a0b81d3eeafbd6a4f7/analysis/data/consolidated_game_data_20240505.csv
8,S8-RS-004,2,Alter Ego,pick,3,Martis,https://liquipedia.net/mobilelegends/MPL/Indonesia/Season_8/Regular_Season | https://github.com/LiTianYeoh/MLBB_Tournament_Analysis/blob/94ea36800e80c9e89a2356a0b81d3eeafbd6a4f7/analysis/data/consolidated_game_data_20240505.csv
8,S8-RS-004,2,Alter Ego,pick,4,Kagura,https://liquipedia.net/mobilelegends/MPL/Indonesia/Season_8/Regular_Season | https://github.com/LiTianYeoh/MLBB_Tournament_Analysis/blob/94ea36800e80c9e89a2356a0b81d3eeafbd6a4f7/analysis/data/consolidated_game_data_20240505.csv
8,S8-RS-004,2,Alter Ego,pick,5,Ruby,https://liquipedia.net/mobilelegends/MPL/Indonesia/Season_8/Regular_Season | https://github.com/LiTianYeoh/MLBB_Tournament_Analysis/blob/94ea36800e80c9e89a2356a0b81d3eeafbd6a4f7/analysis/data/consolidated_game_data_20240505.csv
8,S8-RS-004,2,Geek Fam ID,ban,1,Roger,https://liquipedia.net/mobilelegends/MPL/Indonesia/Season_8/Regular_Season | https://github.com/LiTianYeoh/MLBB_Tournament_Analysis/blob/94ea36800e80c9e89a2356a0b81d3eeafbd6a4f7/analysis/data/consolidated_game_data_20240505.csv
8,S8-RS-004,2,Geek Fam ID,ban,2,Chou,https://liquipedia.net/mobilelegends/MPL/Indonesia/Season_8/Regular_Season | https://github.com/LiTianYeoh/MLBB_Tournament_Analysis/blob/94ea36800e80c9e89a2356a0b81d3eeafbd6a4f7/analysis/data/consolidated_game_data_20240505.csv
8,S8-RS-004,2,Geek Fam ID,ban,3,Jawhead,https://liquipedia.net/mobilelegends/MPL/Indonesia/Season_8/Regular_Season | https://github.com/LiTianYeoh/MLBB_Tournament_Analysis/blob/94ea36800e80c9e89a2356a0b81d3eeafbd6a4f7/analysis/data/consolidated_game_data_20240505.csv
8,S8-RS-004,2,Geek Fam ID,ban,4,Benedetta,https://liquipedia.net/mobilelegends/MPL/Indonesia/Season_8/Regular_Season | https://github.com/LiTianYeoh/MLBB_Tournament_Analysis/blob/94ea36800e80c9e89a2356a0b81d3eeafbd6a4f7/analysis/data/consolidated_game_data_20240505.csv
8,S8-RS-004,2,Geek Fam ID,ban,5,Harley,https://liquipedia.net/mobilelegends/MPL/Indonesia/Season_8/Regular_Season | https://github.com/LiTianYeoh/MLBB_Tournament_Analysis/blob/94ea36800e80c9e89a2356a0b81d3eeafbd6a4f7/analysis/data/consolidated_game_data_20240505.csv
8,S8-RS-004,2,Geek Fam ID,pick,1,Grock,https://liquipedia.net/mobilelegends/MPL/Indonesia/Season_8/Regular_Season | https://github.com/LiTianYeoh/MLBB_Tournament_Analysis/blob/94ea36800e80c9e89a2356a0b81d3eeafbd6a4f7/analysis/data/consolidated_game_data_20240505.csv
8,S8-RS-004,2,Geek Fam ID,pick,2,Lunox,https://liquipedia.net/mobilelegends/MPL/Indonesia/Season_8/Regular_Season | https://github.com/LiTianYeoh/MLBB_Tournament_Analysis/blob/94ea36800e80c9e89a2356a0b81d3eeafbd6a4f7/analysis/data/consolidated_game_data_20240505.csv
8,S8-RS-004,2,Geek Fam ID,pick,3,Saber,https://liquipedia.net/mobilelegends/MPL/Indonesia/Season_8/Regular_Season | https://github.com/LiTianYeoh/MLBB_Tournament_Analysis/blob/94ea36800e80c9e89a2356a0b81d3eeafbd6a4f7/analysis/data/consolidated_game_data_20240505.csv
8,S8-RS-004,2,Geek Fam ID,pick,4,Hayabusa,https://liquipedia.net/mobilelegends/MPL/Indonesia/Season_8/Regular_Season | https://github.com/LiTianYeoh/MLBB_Tournament_Analysis/blob/94ea36800e80c9e89a2356a0b81d3eeafbd6a4f7/analysis/data/consolidated_game_data_20240505.csv
8,S8-RS-004,2,Geek Fam ID,pick,5,X.Borg,https://liquipedia.net/mobilelegends/MPL/Indonesia/Season_8/Regular_Season | https://github.com/LiTianYeoh/MLBB_Tournament_Analysis/blob/94ea36800e80c9e89a2356a0b81d3eeafbd6a4f7/analysis/data/consolidated_game_data_20240505.csv
8,S8-RS-004,3,Alter Ego,ban,1,Mathilda,https://liquipedia.net/mobilelegends/MPL/Indonesia/Season_8/Regular_Season | https://github.com/LiTianYeoh/MLBB_Tournament_Analysis/blob/94ea36800e80c9e89a2356a0b81d3eeafbd6a4f7/analysis/data/consolidated_game_data_20240505.csv
8,S8-RS-004,3,Alter Ego,ban,2,Paquito,https://liquipedia.net/mobilelegends/MPL/Indonesia/Season_8/Regular_Season | https://github.com/LiTianYeoh/MLBB_Tournament_Analysis/blob/94ea36800e80c9e89a2356a0b81d3eeafbd6a4f7/analysis/data/consolidated_game_data_20240505.csv
8,S8-RS-004,3,Alter Ego,ban,3,Phoveus,https://liquipedia.net/mobilelegends/MPL/Indonesia/Season_8/Regular_Season | https://github.com/LiTianYeoh/MLBB_Tournament_Analysis/blob/94ea36800e80c9e89a2356a0b81d3eeafbd6a4f7/analysis/data/consolidated_game_data_20240505.csv
8,S8-RS-004,3,Alter Ego,ban,4,Kaja,https://liquipedia.net/mobilelegends/MPL/Indonesia/Season_8/Regular_Season | https://github.com/LiTianYeoh/MLBB_Tournament_Analysis/blob/94ea36800e80c9e89a2356a0b81d3eeafbd6a4f7/analysis/data/consolidated_game_data_20240505.csv
8,S8-RS-004,3,Alter Ego,ban,5,Pharsa,https://liquipedia.net/mobilelegends/MPL/Indonesia/Season_8/Regular_Season | https://github.com/LiTianYeoh/MLBB_Tournament_Analysis/blob/94ea36800e80c9e89a2356a0b81d3eeafbd6a4f7/analysis/data/consolidated_game_data_20240505.csv
8,S8-RS-004,3,Alter Ego,pick,1,Saber,https://liquipedia.net/mobilelegends/MPL/Indonesia/Season_8/Regular_Season | https://github.com/LiTianYeoh/MLBB_Tournament_Analysis/blob/94ea36800e80c9e89a2356a0b81d3eeafbd6a4f7/analysis/data/consolidated_game_data_20240505.csv
8,S8-RS-004,3,Alter Ego,pick,2,X.Borg,https://liquipedia.net/mobilelegends/MPL/Indonesia/Season_8/Regular_Season | https://github.com/LiTianYeoh/MLBB_Tournament_Analysis/blob/94ea36800e80c9e89a2356a0b81d3eeafbd6a4f7/analysis/data/consolidated_game_data_20240505.csv
8,S8-RS-004,3,Alter Ego,pick,3,Khufra,https://liquipedia.net/mobilelegends/MPL/Indonesia/Season_8/Regular_Season | https://github.com/LiTianYeoh/MLBB_Tournament_Analysis/blob/94ea36800e80c9e89a2356a0b81d3eeafbd6a4f7/analysis/data/consolidated_game_data_20240505.csv
8,S8-RS-004,3,Alter Ego,pick,4,Lunox,https://liquipedia.net/mobilelegends/MPL/Indonesia/Season_8/Regular_Season | https://github.com/LiTianYeoh/MLBB_Tournament_Analysis/blob/94ea36800e80c9e89a2356a0b81d3eeafbd6a4f7/analysis/data/consolidated_game_data_20240505.csv
8,S8-RS-004,3,Alter Ego,pick,5,Ruby,https://liquipedia.net/mobilelegends/MPL/Indonesia/Season_8/Regular_Season | https://github.com/LiTianYeoh/MLBB_Tournament_Analysis/blob/94ea36800e80c9e89a2356a0b81d3eeafbd6a4f7/analysis/data/consolidated_game_data_20240505.csv
8,S8-RS-004,3,Geek Fam ID,ban,1,Alice,https://liquipedia.net/mobilelegends/MPL/Indonesia/Season_8/Regular_Season | https://github.com/LiTianYeoh/MLBB_Tournament_Analysis/blob/94ea36800e80c9e89a2356a0b81d3eeafbd6a4f7/analysis/data/consolidated_game_data_20240505.csv
8,S8-RS-004,3,Geek Fam ID,ban,2,Kagura,https://liquipedia.net/mobilelegends/MPL/Indonesia/Season_8/Regular_Season | https://github.com/LiTianYeoh/MLBB_Tournament_Analysis/blob/94ea36800e80c9e89a2356a0b81d3eeafbd6a4f7/analysis/data/consolidated_game_data_20240505.csv
8,S8-RS-004,3,Geek Fam ID,ban,3,Esmeralda,https://liquipedia.net/mobilelegends/MPL/Indonesia/Season_8/Regular_Season | https://github.com/LiTianYeoh/MLBB_Tournament_Analysis/blob/94ea36800e80c9e89a2356a0b81d3eeafbd6a4f7/analysis/data/consolidated_game_data_20240505.csv
8,S8-RS-004,3,Geek Fam ID,ban,4,Benedetta,https://liquipedia.net/mobilelegends/MPL/Indonesia/Season_8/Regular_Season | https://github.com/LiTianYeoh/MLBB_Tournament_Analysis/blob/94ea36800e80c9e89a2356a0b81d3eeafbd6a4f7/analysis/data/consolidated_game_data_20240505.csv
8,S8-RS-004,3,Geek Fam ID,ban,5,Harley,https://liquipedia.net/mobilelegends/MPL/Indonesia/Season_8/Regular_Season | https://github.com/LiTianYeoh/MLBB_Tournament_Analysis/blob/94ea36800e80c9e89a2356a0b81d3eeafbd6a4f7/analysis/data/consolidated_game_data_20240505.csv
8,S8-RS-004,3,Geek Fam ID,pick,1,Jawhead,https://liquipedia.net/mobilelegends/MPL/Indonesia/Season_8/Regular_Season | https://github.com/LiTianYeoh/MLBB_Tournament_Analysis/blob/94ea36800e80c9e89a2356a0b81d3eeafbd6a4f7/analysis/data/consolidated_game_data_20240505.csv
8,S8-RS-004,3,Geek Fam ID,pick,2,Eudora,https://liquipedia.net/mobilelegends/MPL/Indonesia/Season_8/Regular_Season | https://github.com/LiTianYeoh/MLBB_Tournament_Analysis/blob/94ea36800e80c9e89a2356a0b81d3eeafbd6a4f7/analysis/data/consolidated_game_data_20240505.csv
8,S8-RS-004,3,Geek Fam ID,pick,3,Chou,https://liquipedia.net/mobilelegends/MPL/Indonesia/Season_8/Regular_Season | https://github.com/LiTianYeoh/MLBB_Tournament_Analysis/blob/94ea36800e80c9e89a2356a0b81d3eeafbd6a4f7/analysis/data/consolidated_game_data_20240505.csv
8,S8-RS-004,3,Geek Fam ID,pick,4,Hayabusa,https://liquipedia.net/mobilelegends/MPL/Indonesia/Season_8/Regular_Season | https://github.com/LiTianYeoh/MLBB_Tournament_Analysis/blob/94ea36800e80c9e89a2356a0b81d3eeafbd6a4f7/analysis/data/consolidated_game_data_20240505.csv
8,S8-RS-004,3,Geek Fam ID,pick,5,Lapu-Lapu,https://liquipedia.net/mobilelegends/MPL/Indonesia/Season_8/Regular_Season | https://github.com/LiTianYeoh/MLBB_Tournament_Analysis/blob/94ea36800e80c9e89a2356a0b81d3eeafbd6a4f7/analysis/data/consolidated_game_data_20240505.csv
8,S8-RS-005,1,Bigetron Alpha,ban,1,Angela,https://liquipedia.net/mobilelegends/MPL/Indonesia/Season_8/Regular_Season | https://github.com/LiTianYeoh/MLBB_Tournament_Analysis/blob/94ea36800e80c9e89a2356a0b81d3eeafbd6a4f7/analysis/data/consolidated_game_data_20240505.csv
8,S8-RS-005,1,Bigetron Alpha,ban,2,Grock,https://liquipedia.net/mobilelegends/MPL/Indonesia/Season_8/Regular_Season | https://github.com/LiTianYeoh/MLBB_Tournament_Analysis/blob/94ea36800e80c9e89a2356a0b81d3eeafbd6a4f7/analysis/data/consolidated_game_data_20240505.csv
8,S8-RS-005,1,Bigetron Alpha,ban,3,Popol and Kupa,https://liquipedia.net/mobilelegends/MPL/Indonesia/Season_8/Regular_Season | https://github.com/LiTianYeoh/MLBB_Tournament_Analysis/blob/94ea36800e80c9e89a2356a0b81d3eeafbd6a4f7/analysis/data/consolidated_game_data_20240505.csv
8,S8-RS-005,1,Bigetron Alpha,ban,4,Pharsa,https://liquipedia.net/mobilelegends/MPL/Indonesia/Season_8/Regular_Season | https://github.com/LiTianYeoh/MLBB_Tournament_Analysis/blob/94ea36800e80c9e89a2356a0b81d3eeafbd6a4f7/analysis/data/consolidated_game_data_20240505.csv
8,S8-RS-005,1,Bigetron Alpha,ban,5,Hayabusa,https://liquipedia.net/mobilelegends/MPL/Indonesia/Season_8/Regular_Season | https://github.com/LiTianYeoh/MLBB_Tournament_Analysis/blob/94ea36800e80c9e89a2356a0b81d3eeafbd6a4f7/analysis/data/consolidated_game_data_20240505.csv
8,S8-RS-005,1,Bigetron Alpha,pick,1,Eudora,https://liquipedia.net/mobilelegends/MPL/Indonesia/Season_8/Regular_Season | https://github.com/LiTianYeoh/MLBB_Tournament_Analysis/blob/94ea36800e80c9e89a2356a0b81d3eeafbd6a4f7/analysis/data/consolidated_game_data_20240505.csv
8,S8-RS-005,1,Bigetron Alpha,pick,2,X.Borg,https://liquipedia.net/mobilelegends/MPL/Indonesia/Season_8/Regular_Season | https://github.com/LiTianYeoh/MLBB_Tournament_Analysis/blob/94ea36800e80c9e89a2356a0b81d3eeafbd6a4f7/analysis/data/consolidated_game_data_20240505.csv
8,S8-RS-005,1,Bigetron Alpha,pick,3,Lunox,https://liquipedia.net/mobilelegends/MPL/Indonesia/Season_8/Regular_Season | https://github.com/LiTianYeoh/MLBB_Tournament_Analysis/blob/94ea36800e80c9e89a2356a0b81d3eeafbd6a4f7/analysis/data/consolidated_game_data_20240505.csv
8,S8-RS-005,1,Bigetron Alpha,pick,4,Jawhead,https://liquipedia.net/mobilelegends/MPL/Indonesia/Season_8/Regular_Season | https://github.com/LiTianYeoh/MLBB_Tournament_Analysis/blob/94ea36800e80c9e89a2356a0b81d3eeafbd6a4f7/analysis/data/consolidated_game_data_20240505.csv
8,S8-RS-005,1,Bigetron Alpha,pick,5,Saber,https://liquipedia.net/mobilelegends/MPL/Indonesia/Season_8/Regular_Season | https://github.com/LiTianYeoh/MLBB_Tournament_Analysis/blob/94ea36800e80c9e89a2356a0b81d3eeafbd6a4f7/analysis/data/consolidated_game_data_20240505.csv
8,S8-RS-005,1,EVOS Legends,ban,1,Harley,https://liquipedia.net/mobilelegends/MPL/Indonesia/Season_8/Regular_Season | https://github.com/LiTianYeoh/MLBB_Tournament_Analysis/blob/94ea36800e80c9e89a2356a0b81d3eeafbd6a4f7/analysis/data/consolidated_game_data_20240505.csv
8,S8-RS-005,1,EVOS Legends,ban,2,Cecilion,https://liquipedia.net/mobilelegends/MPL/Indonesia/Season_8/Regular_Season | https://github.com/LiTianYeoh/MLBB_Tournament_Analysis/blob/94ea36800e80c9e89a2356a0b81d3eeafbd6a4f7/analysis/data/consolidated_game_data_20240505.csv
8,S8-RS-005,1,EVOS Legends,ban,3,Mathilda,https://liquipedia.net/mobilelegends/MPL/Indonesia/Season_8/Regular_Season | https://github.com/LiTianYeoh/MLBB_Tournament_Analysis/blob/94ea36800e80c9e89a2356a0b81d3eeafbd6a4f7/analysis/data/consolidated_game_data_20240505.csv
8,S8-RS-005,1,EVOS Legends,ban,4,Barats,https://liquipedia.net/mobilelegends/MPL/Indonesia/Season_8/Regular_Season | https://github.com/LiTianYeoh/MLBB_Tournament_Analysis/blob/94ea36800e80c9e89a2356a0b81d3eeafbd6a4f7/analysis/data/consolidated_game_data_20240505.csv
8,S8-RS-005,1,EVOS Legends,ban,5,Natan,https://liquipedia.net/mobilelegends/MPL/Indonesia/Season_8/Regular_Season | https://github.com/LiTianYeoh/MLBB_Tournament_Analysis/blob/94ea36800e80c9e89a2356a0b81d3eeafbd6a4f7/analysis/data/consolidated_game_data_20240505.csv
8,S8-RS-005,1,EVOS Legends,pick,1,Paquito,https://liquipedia.net/mobilelegends/MPL/Indonesia/Season_8/Regular_Season | https://github.com/LiTianYeoh/MLBB_Tournament_Analysis/blob/94ea36800e80c9e89a2356a0b81d3eeafbd6a4f7/analysis/data/consolidated_game_data_20240505.csv
8,S8-RS-005,1,EVOS Legends,pick,2,Ruby,https://liquipedia.net/mobilelegends/MPL/Indonesia/Season_8/Regular_Season | https://github.com/LiTianYeoh/MLBB_Tournament_Analysis/blob/94ea36800e80c9e89a2356a0b81d3eeafbd6a4f7/analysis/data/consolidated_game_data_20240505.csv
8,S8-RS-005,1,EVOS Legends,pick,3,Ling,https://liquipedia.net/mobilelegends/MPL/Indonesia/Season_8/Regular_Season | https://github.com/LiTianYeoh/MLBB_Tournament_Analysis/blob/94ea36800e80c9e89a2356a0b81d3eeafbd6a4f7/analysis/data/consolidated_game_data_20240505.csv
8,S8-RS-005,1,EVOS Legends,pick,4,Martis,https://liquipedia.net/mobilelegends/MPL/Indonesia/Season_8/Regular_Season | https://github.com/LiTianYeoh/MLBB_Tournament_Analysis/blob/94ea36800e80c9e89a2356a0b81d3eeafbd6a4f7/analysis/data/consolidated_game_data_20240505.csv
8,S8-RS-005,1,EVOS Legends,pick,5,Kagura,https://liquipedia.net/mobilelegends/MPL/Indonesia/Season_8/Regular_Season | https://github.com/LiTianYeoh/MLBB_Tournament_Analysis/blob/94ea36800e80c9e89a2356a0b81d3eeafbd6a4f7/analysis/data/consolidated_game_data_20240505.csv
8,S8-RS-005,2,Bigetron Alpha,ban,1,Luo Yi,https://liquipedia.net/mobilelegends/MPL/Indonesia/Season_8/Regular_Season | https://github.com/LiTianYeoh/MLBB_Tournament_Analysis/blob/94ea36800e80c9e89a2356a0b81d3eeafbd6a4f7/analysis/data/consolidated_game_data_20240505.csv
8,S8-RS-005,2,Bigetron Alpha,ban,2,Lancelot,https://liquipedia.net/mobilelegends/MPL/Indonesia/Season_8/Regular_Season | https://github.com/LiTianYeoh/MLBB_Tournament_Analysis/blob/94ea36800e80c9e89a2356a0b81d3eeafbd6a4f7/analysis/data/consolidated_game_data_20240505.csv
8,S8-RS-005,2,Bigetron Alpha,ban,3,Ling,https://liquipedia.net/mobilelegends/MPL/Indonesia/Season_8/Regular_Season | https://github.com/LiTianYeoh/MLBB_Tournament_Analysis/blob/94ea36800e80c9e89a2356a0b81d3eeafbd6a4f7/analysis/data/consolidated_game_data_20240505.csv
8,S8-RS-005,2,Bigetron Alpha,ban,4,Hayabusa,https://liquipedia.net/mobilelegends/MPL/Indonesia/Season_8/Regular_Season | https://github.com/LiTianYeoh/MLBB_Tournament_Analysis/blob/94ea36800e80c9e89a2356a0b81d3eeafbd6a4f7/analysis/data/consolidated_game_data_20240505.csv
8,S8-RS-005,2,Bigetron Alpha,ban,5,Pharsa,https://liquipedia.net/mobilelegends/MPL/Indonesia/Season_8/Regular_Season | https://github.com/LiTianYeoh/MLBB_Tournament_Analysis/blob/94ea36800e80c9e89a2356a0b81d3eeafbd6a4f7/analysis/data/consolidated_game_data_20240505.csv
8,S8-RS-005,2,Bigetron Alpha,pick,1,Beatrix,https://liquipedia.net/mobilelegends/MPL/Indonesia/Season_8/Regular_Season | https://github.com/LiTianYeoh/MLBB_Tournament_Analysis/blob/94ea36800e80c9e89a2356a0b81d3eeafbd6a4f7/analysis/data/consolidated_game_data_20240505.csv
8,S8-RS-005,2,Bigetron Alpha,pick,2,Barats,https://liquipedia.net/mobilelegends/MPL/Indonesia/Season_8/Regular_Season | https://github.com/LiTianYeoh/MLBB_Tournament_Analysis/blob/94ea36800e80c9e89a2356a0b81d3eeafbd6a4f7/analysis/data/consolidated_game_data_20240505.csv
8,S8-RS-005,2,Bigetron Alpha,pick,3,Lunox,https://liquipedia.net/mobilelegends/MPL/Indonesia/Season_8/Regular_Season | https://github.com/LiTianYeoh/MLBB_Tournament_Analysis/blob/94ea36800e80c9e89a2356a0b81d3eeafbd6a4f7/analysis/data/consolidated_game_data_20240505.csv
8,S8-RS-005,2,Bigetron Alpha,pick,4,Popol and Kupa,https://liquipedia.net/mobilelegends/MPL/Indonesia/Season_8/Regular_Season | https://github.com/LiTianYeoh/MLBB_Tournament_Analysis/blob/94ea36800e80c9e89a2356a0b81d3eeafbd6a4f7/analysis/data/consolidated_game_data_20240505.csv
8,S8-RS-005,2,Bigetron Alpha,pick,5,Harley,https://liquipedia.net/mobilelegends/MPL/Indonesia/Season_8/Regular_Season | https://github.com/LiTianYeoh/MLBB_Tournament_Analysis/blob/94ea36800e80c9e89a2356a0b81d3eeafbd6a4f7/analysis/data/consolidated_game_data_20240505.csv
8,S8-RS-005,2,EVOS Legends,ban,1,Mathilda,https://liquipedia.net/mobilelegends/MPL/Indonesia/Season_8/Regular_Season | https://github.com/LiTianYeoh/MLBB_Tournament_Analysis/blob/94ea36800e80c9e89a2356a0b81d3eeafbd6a4f7/analysis/data/consolidated_game_data_20240505.csv
8,S8-RS-005,2,EVOS Legends,ban,2,Paquito,https://liquipedia.net/mobilelegends/MPL/Indonesia/Season_8/Regular_Season | https://github.com/LiTianYeoh/MLBB_Tournament_Analysis/blob/94ea36800e80c9e89a2356a0b81d3eeafbd6a4f7/analysis/data/consolidated_game_data_20240505.csv
8,S8-RS-005,2,EVOS Legends,ban,3,Cecilion,https://liquipedia.net/mobilelegends/MPL/Indonesia/Season_8/Regular_Season | https://github.com/LiTianYeoh/MLBB_Tournament_Analysis/blob/94ea36800e80c9e89a2356a0b81d3eeafbd6a4f7/analysis/data/consolidated_game_data_20240505.csv
8,S8-RS-005,2,EVOS Legends,ban,4,X.Borg,https://liquipedia.net/mobilelegends/MPL/Indonesia/Season_8/Regular_Season | https://github.com/LiTianYeoh/MLBB_Tournament_Analysis/blob/94ea36800e80c9e89a2356a0b81d3eeafbd6a4f7/analysis/data/consolidated_game_data_20240505.csv
8,S8-RS-005,2,EVOS Legends,ban,5,Uranus,https://liquipedia.net/mobilelegends/MPL/Indonesia/Season_8/Regular_Season | https://github.com/LiTianYeoh/MLBB_Tournament_Analysis/blob/94ea36800e80c9e89a2356a0b81d3eeafbd6a4f7/analysis/data/consolidated_game_data_20240505.csv
8,S8-RS-005,2,EVOS Legends,pick,1,Benedetta,https://liquipedia.net/mobilelegends/MPL/Indonesia/Season_8/Regular_Season | https://github.com/LiTianYeoh/MLBB_Tournament_Analysis/blob/94ea36800e80c9e89a2356a0b81d3eeafbd6a4f7/analysis/data/consolidated_game_data_20240505.csv
8,S8-RS-005,2,EVOS Legends,pick,2,Esmeralda,https://liquipedia.net/mobilelegends/MPL/Indonesia/Season_8/Regular_Season | https://github.com/LiTianYeoh/MLBB_Tournament_Analysis/blob/94ea36800e80c9e89a2356a0b81d3eeafbd6a4f7/analysis/data/consolidated_game_data_20240505.csv
8,S8-RS-005,2,EVOS Legends,pick,3,Claude,https://liquipedia.net/mobilelegends/MPL/Indonesia/Season_8/Regular_Season | https://github.com/LiTianYeoh/MLBB_Tournament_Analysis/blob/94ea36800e80c9e89a2356a0b81d3eeafbd6a4f7/analysis/data/consolidated_game_data_20240505.csv
8,S8-RS-005,2,EVOS Legends,pick,4,Grock,https://liquipedia.net/mobilelegends/MPL/Indonesia/Season_8/Regular_Season | https://github.com/LiTianYeoh/MLBB_Tournament_Analysis/blob/94ea36800e80c9e89a2356a0b81d3eeafbd6a4f7/analysis/data/consolidated_game_data_20240505.csv
8,S8-RS-005,2,EVOS Legends,pick,5,Kagura,https://liquipedia.net/mobilelegends/MPL/Indonesia/Season_8/Regular_Season | https://github.com/LiTianYeoh/MLBB_Tournament_Analysis/blob/94ea36800e80c9e89a2356a0b81d3eeafbd6a4f7/analysis/data/consolidated_game_data_20240505.csv
8,S8-RS-005,3,Bigetron Alpha,ban,1,Lancelot,https://liquipedia.net/mobilelegends/MPL/Indonesia/Season_8/Regular_Season | https://github.com/LiTianYeoh/MLBB_Tournament_Analysis/blob/94ea36800e80c9e89a2356a0b81d3eeafbd6a4f7/analysis/data/consolidated_game_data_20240505.csv
8,S8-RS-005,3,Bigetron Alpha,ban,2,Roger,https://liquipedia.net/mobilelegends/MPL/Indonesia/Season_8/Regular_Season | https://github.com/LiTianYeoh/MLBB_Tournament_Analysis/blob/94ea36800e80c9e89a2356a0b81d3eeafbd6a4f7/analysis/data/consolidated_game_data_20240505.csv
8,S8-RS-005,3,Bigetron Alpha,ban,3,Paquito,https://liquipedia.net/mobilelegends/MPL/Indonesia/Season_8/Regular_Season | https://github.com/LiTianYeoh/MLBB_Tournament_Analysis/blob/94ea36800e80c9e89a2356a0b81d3eeafbd6a4f7/analysis/data/consolidated_game_data_20240505.csv
8,S8-RS-005,3,Bigetron Alpha,ban,4,Pharsa,https://liquipedia.net/mobilelegends/MPL/Indonesia/Season_8/Regular_Season | https://github.com/LiTianYeoh/MLBB_Tournament_Analysis/blob/94ea36800e80c9e89a2356a0b81d3eeafbd6a4f7/analysis/data/consolidated_game_data_20240505.csv
8,S8-RS-005,3,Bigetron Alpha,ban,5,Hayabusa,https://liquipedia.net/mobilelegends/MPL/Indonesia/Season_8/Regular_Season | https://github.com/LiTianYeoh/MLBB_Tournament_Analysis/blob/94ea36800e80c9e89a2356a0b81d3eeafbd6a4f7/analysis/data/consolidated_game_data_20240505.csv
8,S8-RS-005,3,Bigetron Alpha,pick,1,Benedetta,https://liquipedia.net/mobilelegends/MPL/Indonesia/Season_8/Regular_Season | https://github.com/LiTianYeoh/MLBB_Tournament_Analysis/blob/94ea36800e80c9e89a2356a0b81d3eeafbd6a4f7/analysis/data/consolidated_game_data_20240505.csv
8,S8-RS-005,3,Bigetron Alpha,pick,2,Phoveus,https://liquipedia.net/mobilelegends/MPL/Indonesia/Season_8/Regular_Season | https://github.com/LiTianYeoh/MLBB_Tournament_Analysis/blob/94ea36800e80c9e89a2356a0b81d3eeafbd6a4f7/analysis/data/consolidated_game_data_20240505.csv
8,S8-RS-005,3,Bigetron Alpha,pick,3,Lunox,https://liquipedia.net/mobilelegends/MPL/Indonesia/Season_8/Regular_Season | https://github.com/LiTianYeoh/MLBB_Tournament_Analysis/blob/94ea36800e80c9e89a2356a0b81d3eeafbd6a4f7/analysis/data/consolidated_game_data_20240505.csv
8,S8-RS-005,3,Bigetron Alpha,pick,4,Atlas,https://liquipedia.net/mobilelegends/MPL/Indonesia/Season_8/Regular_Season | https://github.com/LiTianYeoh/MLBB_Tournament_Analysis/blob/94ea36800e80c9e89a2356a0b81d3eeafbd6a4f7/analysis/data/consolidated_game_data_20240505.csv
8,S8-RS-005,3,Bigetron Alpha,pick,5,Ling,https://liquipedia.net/mobilelegends/MPL/Indonesia/Season_8/Regular_Season | https://github.com/LiTianYeoh/MLBB_Tournament_Analysis/blob/94ea36800e80c9e89a2356a0b81d3eeafbd6a4f7/analysis/data/consolidated_game_data_20240505.csv
8,S8-RS-005,3,EVOS Legends,ban,1,Harley,https://liquipedia.net/mobilelegends/MPL/Indonesia/Season_8/Regular_Season | https://github.com/LiTianYeoh/MLBB_Tournament_Analysis/blob/94ea36800e80c9e89a2356a0b81d3eeafbd6a4f7/analysis/data/consolidated_game_data_20240505.csv
8,S8-RS-005,3,EVOS Legends,ban,2,Beatrix,https://liquipedia.net/mobilelegends/MPL/Indonesia/Season_8/Regular_Season | https://github.com/LiTianYeoh/MLBB_Tournament_Analysis/blob/94ea36800e80c9e89a2356a0b81d3eeafbd6a4f7/analysis/data/consolidated_game_data_20240505.csv
8,S8-RS-005,3,EVOS Legends,ban,3,Mathilda,https://liquipedia.net/mobilelegends/MPL/Indonesia/Season_8/Regular_Season | https://github.com/LiTianYeoh/MLBB_Tournament_Analysis/blob/94ea36800e80c9e89a2356a0b81d3eeafbd6a4f7/analysis/data/consolidated_game_data_20240505.csv
8,S8-RS-005,3,EVOS Legends,ban,4,Grock,https://liquipedia.net/mobilelegends/MPL/Indonesia/Season_8/Regular_Season | https://github.com/LiTianYeoh/MLBB_Tournament_Analysis/blob/94ea36800e80c9e89a2356a0b81d3eeafbd6a4f7/analysis/data/consolidated_game_data_20240505.csv
8,S8-RS-005,3,EVOS Legends,ban,5,Jawhead,https://liquipedia.net/mobilelegends/MPL/Indonesia/Season_8/Regular_Season | https://github.com/LiTianYeoh/MLBB_Tournament_Analysis/blob/94ea36800e80c9e89a2356a0b81d3eeafbd6a4f7/analysis/data/consolidated_game_data_20240505.csv
8,S8-RS-005,3,EVOS Legends,pick,1,Balmond,https://liquipedia.net/mobilelegends/MPL/Indonesia/Season_8/Regular_Season | https://github.com/LiTianYeoh/MLBB_Tournament_Analysis/blob/94ea36800e80c9e89a2356a0b81d3eeafbd6a4f7/analysis/data/consolidated_game_data_20240505.csv
8,S8-RS-005,3,EVOS Legends,pick,2,Ruby,https://liquipedia.net/mobilelegends/MPL/Indonesia/Season_8/Regular_Season | https://github.com/LiTianYeoh/MLBB_Tournament_Analysis/blob/94ea36800e80c9e89a2356a0b81d3eeafbd6a4f7/analysis/data/consolidated_game_data_20240505.csv
8,S8-RS-005,3,EVOS Legends,pick,3,X.Borg,https://liquipedia.net/mobilelegends/MPL/Indonesia/Season_8/Regular_Season | https://github.com/LiTianYeoh/MLBB_Tournament_Analysis/blob/94ea36800e80c9e89a2356a0b81d3eeafbd6a4f7/analysis/data/consolidated_game_data_20240505.csv
8,S8-RS-005,3,EVOS Legends,pick,4,Popol and Kupa,https://liquipedia.net/mobilelegends/MPL/Indonesia/Season_8/Regular_Season | https://github.com/LiTianYeoh/MLBB_Tournament_Analysis/blob/94ea36800e80c9e89a2356a0b81d3eeafbd6a4f7/analysis/data/consolidated_game_data_20240505.csv
8,S8-RS-005,3,EVOS Legends,pick,5,Cecilion,https://liquipedia.net/mobilelegends/MPL/Indonesia/Season_8/Regular_Season | https://github.com/LiTianYeoh/MLBB_Tournament_Analysis/blob/94ea36800e80c9e89a2356a0b81d3eeafbd6a4f7/analysis/data/consolidated_game_data_20240505.csv
8,S8-RS-006,1,EVOS Legends,ban,1,Mathilda,https://liquipedia.net/mobilelegends/MPL/Indonesia/Season_8/Regular_Season | https://github.com/LiTianYeoh/MLBB_Tournament_Analysis/blob/94ea36800e80c9e89a2356a0b81d3eeafbd6a4f7/analysis/data/consolidated_game_data_20240505.csv
8,S8-RS-006,1,EVOS Legends,ban,2,Jawhead,https://liquipedia.net/mobilelegends/MPL/Indonesia/Season_8/Regular_Season | https://github.com/LiTianYeoh/MLBB_Tournament_Analysis/blob/94ea36800e80c9e89a2356a0b81d3eeafbd6a4f7/analysis/data/consolidated_game_data_20240505.csv
8,S8-RS-006,1,EVOS Legends,ban,3,Benedetta,https://liquipedia.net/mobilelegends/MPL/Indonesia/Season_8/Regular_Season | https://github.com/LiTianYeoh/MLBB_Tournament_Analysis/blob/94ea36800e80c9e89a2356a0b81d3eeafbd6a4f7/analysis/data/consolidated_game_data_20240505.csv
8,S8-RS-006,1,EVOS Legends,ban,4,Kadita,https://liquipedia.net/mobilelegends/MPL/Indonesia/Season_8/Regular_Season | https://github.com/LiTianYeoh/MLBB_Tournament_Analysis/blob/94ea36800e80c9e89a2356a0b81d3eeafbd6a4f7/analysis/data/consolidated_game_data_20240505.csv
8,S8-RS-006,1,EVOS Legends,ban,5,Lancelot,https://liquipedia.net/mobilelegends/MPL/Indonesia/Season_8/Regular_Season | https://github.com/LiTianYeoh/MLBB_Tournament_Analysis/blob/94ea36800e80c9e89a2356a0b81d3eeafbd6a4f7/analysis/data/consolidated_game_data_20240505.csv
8,S8-RS-006,1,EVOS Legends,pick,1,Esmeralda,https://liquipedia.net/mobilelegends/MPL/Indonesia/Season_8/Regular_Season | https://github.com/LiTianYeoh/MLBB_Tournament_Analysis/blob/94ea36800e80c9e89a2356a0b81d3eeafbd6a4f7/analysis/data/consolidated_game_data_20240505.csv
8,S8-RS-006,1,EVOS Legends,pick,2,X.Borg,https://liquipedia.net/mobilelegends/MPL/Indonesia/Season_8/Regular_Season | https://github.com/LiTianYeoh/MLBB_Tournament_Analysis/blob/94ea36800e80c9e89a2356a0b81d3eeafbd6a4f7/analysis/data/consolidated_game_data_20240505.csv
8,S8-RS-006,1,EVOS Legends,pick,3,Ling,https://liquipedia.net/mobilelegends/MPL/Indonesia/Season_8/Regular_Season | https://github.com/LiTianYeoh/MLBB_Tournament_Analysis/blob/94ea36800e80c9e89a2356a0b81d3eeafbd6a4f7/analysis/data/consolidated_game_data_20240505.csv
8,S8-RS-006,1,EVOS Legends,pick,4,Angela,https://liquipedia.net/mobilelegends/MPL/Indonesia/Season_8/Regular_Season | https://github.com/LiTianYeoh/MLBB_Tournament_Analysis/blob/94ea36800e80c9e89a2356a0b81d3eeafbd6a4f7/analysis/data/consolidated_game_data_20240505.csv
8,S8-RS-006,1,EVOS Legends,pick,5,Harley,https://liquipedia.net/mobilelegends/MPL/Indonesia/Season_8/Regular_Season | https://github.com/LiTianYeoh/MLBB_Tournament_Analysis/blob/94ea36800e80c9e89a2356a0b81d3eeafbd6a4f7/analysis/data/consolidated_game_data_20240505.csv
8,S8-RS-006,1,AURA Fire,ban,1,Balmond,https://liquipedia.net/mobilelegends/MPL/Indonesia/Season_8/Regular_Season | https://github.com/LiTianYeoh/MLBB_Tournament_Analysis/blob/94ea36800e80c9e89a2356a0b81d3eeafbd6a4f7/analysis/data/consolidated_game_data_20240505.csv
8,S8-RS-006,1,AURA Fire,ban,2,Alice,https://liquipedia.net/mobilelegends/MPL/Indonesia/Season_8/Regular_Season | https://github.com/LiTianYeoh/MLBB_Tournament_Analysis/blob/94ea36800e80c9e89a2356a0b81d3eeafbd6a4f7/analysis/data/consolidated_game_data_20240505.csv
8,S8-RS-006,1,AURA Fire,ban,3,Phoveus,https://liquipedia.net/mobilelegends/MPL/Indonesia/Season_8/Regular_Season | https://github.com/LiTianYeoh/MLBB_Tournament_Analysis/blob/94ea36800e80c9e89a2356a0b81d3eeafbd6a4f7/analysis/data/consolidated_game_data_20240505.csv
8,S8-RS-006,1,AURA Fire,ban,4,Popol and Kupa,https://liquipedia.net/mobilelegends/MPL/Indonesia/Season_8/Regular_Season | https://github.com/LiTianYeoh/MLBB_Tournament_Analysis/blob/94ea36800e80c9e89a2356a0b81d3eeafbd6a4f7/analysis/data/consolidated_game_data_20240505.csv
8,S8-RS-006,1,AURA Fire,ban,5,Hayabusa,https://liquipedia.net/mobilelegends/MPL/Indonesia/Season_8/Regular_Season | https://github.com/LiTianYeoh/MLBB_Tournament_Analysis/blob/94ea36800e80c9e89a2356a0b81d3eeafbd6a4f7/analysis/data/consolidated_game_data_20240505.csv
8,S8-RS-006,1,AURA Fire,pick,1,Rafaela,https://liquipedia.net/mobilelegends/MPL/Indonesia/Season_8/Regular_Season | https://github.com/LiTianYeoh/MLBB_Tournament_Analysis/blob/94ea36800e80c9e89a2356a0b81d3eeafbd6a4f7/analysis/data/consolidated_game_data_20240505.csv
8,S8-RS-006,1,AURA Fire,pick,2,Paquito,https://liquipedia.net/mobilelegends/MPL/Indonesia/Season_8/Regular_Season | https://github.com/LiTianYeoh/MLBB_Tournament_Analysis/blob/94ea36800e80c9e89a2356a0b81d3eeafbd6a4f7/analysis/data/consolidated_game_data_20240505.csv
8,S8-RS-006,1,AURA Fire,pick,3,Ruby,https://liquipedia.net/mobilelegends/MPL/Indonesia/Season_8/Regular_Season | https://github.com/LiTianYeoh/MLBB_Tournament_Analysis/blob/94ea36800e80c9e89a2356a0b81d3eeafbd6a4f7/analysis/data/consolidated_game_data_20240505.csv
8,S8-RS-006,1,AURA Fire,pick,4,Natan,https://liquipedia.net/mobilelegends/MPL/Indonesia/Season_8/Regular_Season | https://github.com/LiTianYeoh/MLBB_Tournament_Analysis/blob/94ea36800e80c9e89a2356a0b81d3eeafbd6a4f7/analysis/data/consolidated_game_data_20240505.csv
8,S8-RS-006,1,AURA Fire,pick,5,Pharsa,https://liquipedia.net/mobilelegends/MPL/Indonesia/Season_8/Regular_Season | https://github.com/LiTianYeoh/MLBB_Tournament_Analysis/blob/94ea36800e80c9e89a2356a0b81d3eeafbd6a4f7/analysis/data/consolidated_game_data_20240505.csv
8,S8-RS-006,2,EVOS Legends,ban,1,Mathilda,https://liquipedia.net/mobilelegends/MPL/Indonesia/Season_8/Regular_Season | https://github.com/LiTianYeoh/MLBB_Tournament_Analysis/blob/94ea36800e80c9e89a2356a0b81d3eeafbd6a4f7/analysis/data/consolidated_game_data_20240505.csv
8,S8-RS-006,2,EVOS Legends,ban,2,Harley,https://liquipedia.net/mobilelegends/MPL/Indonesia/Season_8/Regular_Season | https://github.com/LiTianYeoh/MLBB_Tournament_Analysis/blob/94ea36800e80c9e89a2356a0b81d3eeafbd6a4f7/analysis/data/consolidated_game_data_20240505.csv
8,S8-RS-006,2,EVOS Legends,ban,3,Benedetta,https://liquipedia.net/mobilelegends/MPL/Indonesia/Season_8/Regular_Season | https://github.com/LiTianYeoh/MLBB_Tournament_Analysis/blob/94ea36800e80c9e89a2356a0b81d3eeafbd6a4f7/analysis/data/consolidated_game_data_20240505.csv
8,S8-RS-006,2,EVOS Legends,ban,4,Eudora,https://liquipedia.net/mobilelegends/MPL/Indonesia/Season_8/Regular_Season | https://github.com/LiTianYeoh/MLBB_Tournament_Analysis/blob/94ea36800e80c9e89a2356a0b81d3eeafbd6a4f7/analysis/data/consolidated_game_data_20240505.csv
8,S8-RS-006,2,EVOS Legends,ban,5,Lancelot,https://liquipedia.net/mobilelegends/MPL/Indonesia/Season_8/Regular_Season | https://github.com/LiTianYeoh/MLBB_Tournament_Analysis/blob/94ea36800e80c9e89a2356a0b81d3eeafbd6a4f7/analysis/data/consolidated_game_data_20240505.csv
8,S8-RS-006,2,EVOS Legends,pick,1,Esmeralda,https://liquipedia.net/mobilelegends/MPL/Indonesia/Season_8/Regular_Season | https://github.com/LiTianYeoh/MLBB_Tournament_Analysis/blob/94ea36800e80c9e89a2356a0b81d3eeafbd6a4f7/analysis/data/consolidated_game_data_20240505.csv
8,S8-RS-006,2,EVOS Legends,pick,2,Harith,https://liquipedia.net/mobilelegends/MPL/Indonesia/Season_8/Regular_Season | https://github.com/LiTianYeoh/MLBB_Tournament_Analysis/blob/94ea36800e80c9e89a2356a0b81d3eeafbd6a4f7/analysis/data/consolidated_game_data_20240505.csv
8,S8-RS-006,2,EVOS Legends,pick,3,Ling,https://liquipedia.net/mobilelegends/MPL/Indonesia/Season_8/Regular_Season | https://github.com/LiTianYeoh/MLBB_Tournament_Analysis/blob/94ea36800e80c9e89a2356a0b81d3eeafbd6a4f7/analysis/data/consolidated_game_data_20240505.csv
8,S8-RS-006,2,EVOS Legends,pick,4,Martis,https://liquipedia.net/mobilelegends/MPL/Indonesia/Season_8/Regular_Season | https://github.com/LiTianYeoh/MLBB_Tournament_Analysis/blob/94ea36800e80c9e89a2356a0b81d3eeafbd6a4f7/analysis/data/consolidated_game_data_20240505.csv
8,S8-RS-006,2,EVOS Legends,pick,5,Pharsa,https://liquipedia.net/mobilelegends/MPL/Indonesia/Season_8/Regular_Season | https://github.com/LiTianYeoh/MLBB_Tournament_Analysis/blob/94ea36800e80c9e89a2356a0b81d3eeafbd6a4f7/analysis/data/consolidated_game_data_20240505.csv
8,S8-RS-006,2,AURA Fire,ban,1,Angela,https://liquipedia.net/mobilelegends/MPL/Indonesia/Season_8/Regular_Season | https://github.com/LiTianYeoh/MLBB_Tournament_Analysis/blob/94ea36800e80c9e89a2356a0b81d3eeafbd6a4f7/analysis/data/consolidated_game_data_20240505.csv
8,S8-RS-006,2,AURA Fire,ban,2,Alice,https://liquipedia.net/mobilelegends/MPL/Indonesia/Season_8/Regular_Season | https://github.com/LiTianYeoh/MLBB_Tournament_Analysis/blob/94ea36800e80c9e89a2356a0b81d3eeafbd6a4f7/analysis/data/consolidated_game_data_20240505.csv
8,S8-RS-006,2,AURA Fire,ban,3,Phoveus,https://liquipedia.net/mobilelegends/MPL/Indonesia/Season_8/Regular_Season | https://github.com/LiTianYeoh/MLBB_Tournament_Analysis/blob/94ea36800e80c9e89a2356a0b81d3eeafbd6a4f7/analysis/data/consolidated_game_data_20240505.csv
8,S8-RS-006,2,AURA Fire,ban,4,Popol and Kupa,https://liquipedia.net/mobilelegends/MPL/Indonesia/Season_8/Regular_Season | https://github.com/LiTianYeoh/MLBB_Tournament_Analysis/blob/94ea36800e80c9e89a2356a0b81d3eeafbd6a4f7/analysis/data/consolidated_game_data_20240505.csv
8,S8-RS-006,2,AURA Fire,ban,5,Hayabusa,https://liquipedia.net/mobilelegends/MPL/Indonesia/Season_8/Regular_Season | https://github.com/LiTianYeoh/MLBB_Tournament_Analysis/blob/94ea36800e80c9e89a2356a0b81d3eeafbd6a4f7/analysis/data/consolidated_game_data_20240505.csv
8,S8-RS-006,2,AURA Fire,pick,1,Jawhead,https://liquipedia.net/mobilelegends/MPL/Indonesia/Season_8/Regular_Season | https://github.com/LiTianYeoh/MLBB_Tournament_Analysis/blob/94ea36800e80c9e89a2356a0b81d3eeafbd6a4f7/analysis/data/consolidated_game_data_20240505.csv
8,S8-RS-006,2,AURA Fire,pick,2,Paquito,https://liquipedia.net/mobilelegends/MPL/Indonesia/Season_8/Regular_Season | https://github.com/LiTianYeoh/MLBB_Tournament_Analysis/blob/94ea36800e80c9e89a2356a0b81d3eeafbd6a4f7/analysis/data/consolidated_game_data_20240505.csv
8,S8-RS-006,2,AURA Fire,pick,3,Yu Zhong,https://liquipedia.net/mobilelegends/MPL/Indonesia/Season_8/Regular_Season | https://github.com/LiTianYeoh/MLBB_Tournament_Analysis/blob/94ea36800e80c9e89a2356a0b81d3eeafbd6a4f7/analysis/data/consolidated_game_data_20240505.csv
8,S8-RS-006,2,AURA Fire,pick,4,X.Borg,https://liquipedia.net/mobilelegends/MPL/Indonesia/Season_8/Regular_Season | https://github.com/LiTianYeoh/MLBB_Tournament_Analysis/blob/94ea36800e80c9e89a2356a0b81d3eeafbd6a4f7/analysis/data/consolidated_game_data_20240505.csv
8,S8-RS-006,2,AURA Fire,pick,5,Luo Yi,https://liquipedia.net/mobilelegends/MPL/Indonesia/Season_8/Regular_Season | https://github.com/LiTianYeoh/MLBB_Tournament_Analysis/blob/94ea36800e80c9e89a2356a0b81d3eeafbd6a4f7/analysis/data/consolidated_game_data_20240505.csv
8,S8-RS-007,1,Alter Ego,ban,1,Mathilda,https://liquipedia.net/mobilelegends/MPL/Indonesia/Season_8/Regular_Season | https://github.com/LiTianYeoh/MLBB_Tournament_Analysis/blob/94ea36800e80c9e89a2356a0b81d3eeafbd6a4f7/analysis/data/consolidated_game_data_20240505.csv
8,S8-RS-007,1,Alter Ego,ban,2,Ling,https://liquipedia.net/mobilelegends/MPL/Indonesia/Season_8/Regular_Season | https://github.com/LiTianYeoh/MLBB_Tournament_Analysis/blob/94ea36800e80c9e89a2356a0b81d3eeafbd6a4f7/analysis/data/consolidated_game_data_20240505.csv
8,S8-RS-007,1,Alter Ego,ban,3,Popol and Kupa,https://liquipedia.net/mobilelegends/MPL/Indonesia/Season_8/Regular_Season | https://github.com/LiTianYeoh/MLBB_Tournament_Analysis/blob/94ea36800e80c9e89a2356a0b81d3eeafbd6a4f7/analysis/data/consolidated_game_data_20240505.csv
8,S8-RS-007,1,Alter Ego,ban,4,Kaja,https://liquipedia.net/mobilelegends/MPL/Indonesia/Season_8/Regular_Season | https://github.com/LiTianYeoh/MLBB_Tournament_Analysis/blob/94ea36800e80c9e89a2356a0b81d3eeafbd6a4f7/analysis/data/consolidated_game_data_20240505.csv
8,S8-RS-007,1,Alter Ego,ban,5,Alice,https://liquipedia.net/mobilelegends/MPL/Indonesia/Season_8/Regular_Season | https://github.com/LiTianYeoh/MLBB_Tournament_Analysis/blob/94ea36800e80c9e89a2356a0b81d3eeafbd6a4f7/analysis/data/consolidated_game_data_20240505.csv
8,S8-RS-007,1,Alter Ego,pick,1,Harley,https://liquipedia.net/mobilelegends/MPL/Indonesia/Season_8/Regular_Season | https://github.com/LiTianYeoh/MLBB_Tournament_Analysis/blob/94ea36800e80c9e89a2356a0b81d3eeafbd6a4f7/analysis/data/consolidated_game_data_20240505.csv
8,S8-RS-007,1,Alter Ego,pick,2,Cyclops,https://liquipedia.net/mobilelegends/MPL/Indonesia/Season_8/Regular_Season | https://github.com/LiTianYeoh/MLBB_Tournament_Analysis/blob/94ea36800e80c9e89a2356a0b81d3eeafbd6a4f7/analysis/data/consolidated_game_data_20240505.csv
8,S8-RS-007,1,Alter Ego,pick,3,Jawhead,https://liquipedia.net/mobilelegends/MPL/Indonesia/Season_8/Regular_Season | https://github.com/LiTianYeoh/MLBB_Tournament_Analysis/blob/94ea36800e80c9e89a2356a0b81d3eeafbd6a4f7/analysis/data/consolidated_game_data_20240505.csv
8,S8-RS-007,1,Alter Ego,pick,4,Ruby,https://liquipedia.net/mobilelegends/MPL/Indonesia/Season_8/Regular_Season | https://github.com/LiTianYeoh/MLBB_Tournament_Analysis/blob/94ea36800e80c9e89a2356a0b81d3eeafbd6a4f7/analysis/data/consolidated_game_data_20240505.csv
8,S8-RS-007,1,Alter Ego,pick,5,Barats,https://liquipedia.net/mobilelegends/MPL/Indonesia/Season_8/Regular_Season | https://github.com/LiTianYeoh/MLBB_Tournament_Analysis/blob/94ea36800e80c9e89a2356a0b81d3eeafbd6a4f7/analysis/data/consolidated_game_data_20240505.csv
8,S8-RS-007,1,RRQ Hoshi,ban,1,X.Borg,https://liquipedia.net/mobilelegends/MPL/Indonesia/Season_8/Regular_Season | https://github.com/LiTianYeoh/MLBB_Tournament_Analysis/blob/94ea36800e80c9e89a2356a0b81d3eeafbd6a4f7/analysis/data/consolidated_game_data_20240505.csv
8,S8-RS-007,1,RRQ Hoshi,ban,2,Esmeralda,https://liquipedia.net/mobilelegends/MPL/Indonesia/Season_8/Regular_Season | https://github.com/LiTianYeoh/MLBB_Tournament_Analysis/blob/94ea36800e80c9e89a2356a0b81d3eeafbd6a4f7/analysis/data/consolidated_game_data_20240505.csv
8,S8-RS-007,1,RRQ Hoshi,ban,3,Benedetta,https://liquipedia.net/mobilelegends/MPL/Indonesia/Season_8/Regular_Season | https://github.com/LiTianYeoh/MLBB_Tournament_Analysis/blob/94ea36800e80c9e89a2356a0b81d3eeafbd6a4f7/analysis/data/consolidated_game_data_20240505.csv
8,S8-RS-007,1,RRQ Hoshi,ban,4,Hayabusa,https://liquipedia.net/mobilelegends/MPL/Indonesia/Season_8/Regular_Season | https://github.com/LiTianYeoh/MLBB_Tournament_Analysis/blob/94ea36800e80c9e89a2356a0b81d3eeafbd6a4f7/analysis/data/consolidated_game_data_20240505.csv
8,S8-RS-007,1,RRQ Hoshi,ban,5,Phoveus,https://liquipedia.net/mobilelegends/MPL/Indonesia/Season_8/Regular_Season | https://github.com/LiTianYeoh/MLBB_Tournament_Analysis/blob/94ea36800e80c9e89a2356a0b81d3eeafbd6a4f7/analysis/data/consolidated_game_data_20240505.csv
8,S8-RS-007,1,RRQ Hoshi,pick,1,Chou,https://liquipedia.net/mobilelegends/MPL/Indonesia/Season_8/Regular_Season | https://github.com/LiTianYeoh/MLBB_Tournament_Analysis/blob/94ea36800e80c9e89a2356a0b81d3eeafbd6a4f7/analysis/data/consolidated_game_data_20240505.csv
8,S8-RS-007,1,RRQ Hoshi,pick,2,Lunox,https://liquipedia.net/mobilelegends/MPL/Indonesia/Season_8/Regular_Season | https://github.com/LiTianYeoh/MLBB_Tournament_Analysis/blob/94ea36800e80c9e89a2356a0b81d3eeafbd6a4f7/analysis/data/consolidated_game_data_20240505.csv
8,S8-RS-007,1,RRQ Hoshi,pick,3,Paquito,https://liquipedia.net/mobilelegends/MPL/Indonesia/Season_8/Regular_Season | https://github.com/LiTianYeoh/MLBB_Tournament_Analysis/blob/94ea36800e80c9e89a2356a0b81d3eeafbd6a4f7/analysis/data/consolidated_game_data_20240505.csv
8,S8-RS-007,1,RRQ Hoshi,pick,4,Saber,https://liquipedia.net/mobilelegends/MPL/Indonesia/Season_8/Regular_Season | https://github.com/LiTianYeoh/MLBB_Tournament_Analysis/blob/94ea36800e80c9e89a2356a0b81d3eeafbd6a4f7/analysis/data/consolidated_game_data_20240505.csv
8,S8-RS-007,1,RRQ Hoshi,pick,5,Claude,https://liquipedia.net/mobilelegends/MPL/Indonesia/Season_8/Regular_Season | https://github.com/LiTianYeoh/MLBB_Tournament_Analysis/blob/94ea36800e80c9e89a2356a0b81d3eeafbd6a4f7/analysis/data/consolidated_game_data_20240505.csv
8,S8-RS-007,2,Alter Ego,ban,1,Ling,https://liquipedia.net/mobilelegends/MPL/Indonesia/Season_8/Regular_Season | https://github.com/LiTianYeoh/MLBB_Tournament_Analysis/blob/94ea36800e80c9e89a2356a0b81d3eeafbd6a4f7/analysis/data/consolidated_game_data_20240505.csv
8,S8-RS-007,2,Alter Ego,ban,2,Mathilda,https://liquipedia.net/mobilelegends/MPL/Indonesia/Season_8/Regular_Season | https://github.com/LiTianYeoh/MLBB_Tournament_Analysis/blob/94ea36800e80c9e89a2356a0b81d3eeafbd6a4f7/analysis/data/consolidated_game_data_20240505.csv
8,S8-RS-007,2,Alter Ego,ban,3,Paquito,https://liquipedia.net/mobilelegends/MPL/Indonesia/Season_8/Regular_Season | https://github.com/LiTianYeoh/MLBB_Tournament_Analysis/blob/94ea36800e80c9e89a2356a0b81d3eeafbd6a4f7/analysis/data/consolidated_game_data_20240505.csv
8,S8-RS-007,2,Alter Ego,ban,4,Lancelot,https://liquipedia.net/mobilelegends/MPL/Indonesia/Season_8/Regular_Season | https://github.com/LiTianYeoh/MLBB_Tournament_Analysis/blob/94ea36800e80c9e89a2356a0b81d3eeafbd6a4f7/analysis/data/consolidated_game_data_20240505.csv
8,S8-RS-007,2,Alter Ego,ban,5,Kaja,https://liquipedia.net/mobilelegends/MPL/Indonesia/Season_8/Regular_Season | https://github.com/LiTianYeoh/MLBB_Tournament_Analysis/blob/94ea36800e80c9e89a2356a0b81d3eeafbd6a4f7/analysis/data/consolidated_game_data_20240505.csv
8,S8-RS-007,2,Alter Ego,pick,1,Harley,https://liquipedia.net/mobilelegends/MPL/Indonesia/Season_8/Regular_Season | https://github.com/LiTianYeoh/MLBB_Tournament_Analysis/blob/94ea36800e80c9e89a2356a0b81d3eeafbd6a4f7/analysis/data/consolidated_game_data_20240505.csv
8,S8-RS-007,2,Alter Ego,pick,2,Roger,https://liquipedia.net/mobilelegends/MPL/Indonesia/Season_8/Regular_Season | https://github.com/LiTianYeoh/MLBB_Tournament_Analysis/blob/94ea36800e80c9e89a2356a0b81d3eeafbd6a4f7/analysis/data/consolidated_game_data_20240505.csv
8,S8-RS-007,2,Alter Ego,pick,3,Baxia,https://liquipedia.net/mobilelegends/MPL/Indonesia/Season_8/Regular_Season | https://github.com/LiTianYeoh/MLBB_Tournament_Analysis/blob/94ea36800e80c9e89a2356a0b81d3eeafbd6a4f7/analysis/data/consolidated_game_data_20240505.csv
8,S8-RS-007,2,Alter Ego,pick,4,Chou,https://liquipedia.net/mobilelegends/MPL/Indonesia/Season_8/Regular_Season | https://github.com/LiTianYeoh/MLBB_Tournament_Analysis/blob/94ea36800e80c9e89a2356a0b81d3eeafbd6a4f7/analysis/data/consolidated_game_data_20240505.csv
8,S8-RS-007,2,Alter Ego,pick,5,X.Borg,https://liquipedia.net/mobilelegends/MPL/Indonesia/Season_8/Regular_Season | https://github.com/LiTianYeoh/MLBB_Tournament_Analysis/blob/94ea36800e80c9e89a2356a0b81d3eeafbd6a4f7/analysis/data/consolidated_game_data_20240505.csv
8,S8-RS-007,2,RRQ Hoshi,ban,1,Ruby,https://liquipedia.net/mobilelegends/MPL/Indonesia/Season_8/Regular_Season | https://github.com/LiTianYeoh/MLBB_Tournament_Analysis/blob/94ea36800e80c9e89a2356a0b81d3eeafbd6a4f7/analysis/data/consolidated_game_data_20240505.csv
8,S8-RS-007,2,RRQ Hoshi,ban,2,Kagura,https://liquipedia.net/mobilelegends/MPL/Indonesia/Season_8/Regular_Season | https://github.com/LiTianYeoh/MLBB_Tournament_Analysis/blob/94ea36800e80c9e89a2356a0b81d3eeafbd6a4f7/analysis/data/consolidated_game_data_20240505.csv
8,S8-RS-007,2,RRQ Hoshi,ban,3,Jawhead,https://liquipedia.net/mobilelegends/MPL/Indonesia/Season_8/Regular_Season | https://github.com/LiTianYeoh/MLBB_Tournament_Analysis/blob/94ea36800e80c9e89a2356a0b81d3eeafbd6a4f7/analysis/data/consolidated_game_data_20240505.csv
8,S8-RS-007,2,RRQ Hoshi,ban,4,Hayabusa,https://liquipedia.net/mobilelegends/MPL/Indonesia/Season_8/Regular_Season | https://github.com/LiTianYeoh/MLBB_Tournament_Analysis/blob/94ea36800e80c9e89a2356a0b81d3eeafbd6a4f7/analysis/data/consolidated_game_data_20240505.csv
8,S8-RS-007,2,RRQ Hoshi,ban,5,Phoveus,https://liquipedia.net/mobilelegends/MPL/Indonesia/Season_8/Regular_Season | https://github.com/LiTianYeoh/MLBB_Tournament_Analysis/blob/94ea36800e80c9e89a2356a0b81d3eeafbd6a4f7/analysis/data/consolidated_game_data_20240505.csv
8,S8-RS-007,2,RRQ Hoshi,pick,1,Popol and Kupa,https://liquipedia.net/mobilelegends/MPL/Indonesia/Season_8/Regular_Season | https://github.com/LiTianYeoh/MLBB_Tournament_Analysis/blob/94ea36800e80c9e89a2356a0b81d3eeafbd6a4f7/analysis/data/consolidated_game_data_20240505.csv
8,S8-RS-007,2,RRQ Hoshi,pick,2,Esmeralda,https://liquipedia.net/mobilelegends/MPL/Indonesia/Season_8/Regular_Season | https://github.com/LiTianYeoh/MLBB_Tournament_Analysis/blob/94ea36800e80c9e89a2356a0b81d3eeafbd6a4f7/analysis/data/consolidated_game_data_20240505.csv
8,S8-RS-007,2,RRQ Hoshi,pick,3,Lapu-Lapu,https://liquipedia.net/mobilelegends/MPL/Indonesia/Season_8/Regular_Season | https://github.com/LiTianYeoh/MLBB_Tournament_Analysis/blob/94ea36800e80c9e89a2356a0b81d3eeafbd6a4f7/analysis/data/consolidated_game_data_20240505.csv
8,S8-RS-007,2,RRQ Hoshi,pick,4,Lunox,https://liquipedia.net/mobilelegends/MPL/Indonesia/Season_8/Regular_Season | https://github.com/LiTianYeoh/MLBB_Tournament_Analysis/blob/94ea36800e80c9e89a2356a0b81d3eeafbd6a4f7/analysis/data/consolidated_game_data_20240505.csv
8,S8-RS-007,2,RRQ Hoshi,pick,5,Benedetta,https://liquipedia.net/mobilelegends/MPL/Indonesia/Season_8/Regular_Season | https://github.com/LiTianYeoh/MLBB_Tournament_Analysis/blob/94ea36800e80c9e89a2356a0b81d3eeafbd6a4f7/analysis/data/consolidated_game_data_20240505.csv
8,S8-RS-008,1,Alter Ego,ban,1,Mathilda,https://liquipedia.net/mobilelegends/MPL/Indonesia/Season_8/Regular_Season | https://github.com/LiTianYeoh/MLBB_Tournament_Analysis/blob/94ea36800e80c9e89a2356a0b81d3eeafbd6a4f7/analysis/data/consolidated_game_data_20240505.csv
8,S8-RS-008,1,Alter Ego,ban,2,Popol and Kupa,https://liquipedia.net/mobilelegends/MPL/Indonesia/Season_8/Regular_Season | https://github.com/LiTianYeoh/MLBB_Tournament_Analysis/blob/94ea36800e80c9e89a2356a0b81d3eeafbd6a4f7/analysis/data/consolidated_game_data_20240505.csv
8,S8-RS-008,1,Alter Ego,ban,3,Phoveus,https://liquipedia.net/mobilelegends/MPL/Indonesia/Season_8/Regular_Season | https://github.com/LiTianYeoh/MLBB_Tournament_Analysis/blob/94ea36800e80c9e89a2356a0b81d3eeafbd6a4f7/analysis/data/consolidated_game_data_20240505.csv
8,S8-RS-008,1,Alter Ego,ban,4,Natan,https://liquipedia.net/mobilelegends/MPL/Indonesia/Season_8/Regular_Season | https://github.com/LiTianYeoh/MLBB_Tournament_Analysis/blob/94ea36800e80c9e89a2356a0b81d3eeafbd6a4f7/analysis/data/consolidated_game_data_20240505.csv
8,S8-RS-008,1,Alter Ego,ban,5,Thamuz,https://liquipedia.net/mobilelegends/MPL/Indonesia/Season_8/Regular_Season | https://github.com/LiTianYeoh/MLBB_Tournament_Analysis/blob/94ea36800e80c9e89a2356a0b81d3eeafbd6a4f7/analysis/data/consolidated_game_data_20240505.csv
8,S8-RS-008,1,Alter Ego,pick,1,Beatrix,https://liquipedia.net/mobilelegends/MPL/Indonesia/Season_8/Regular_Season | https://github.com/LiTianYeoh/MLBB_Tournament_Analysis/blob/94ea36800e80c9e89a2356a0b81d3eeafbd6a4f7/analysis/data/consolidated_game_data_20240505.csv
8,S8-RS-008,1,Alter Ego,pick,2,Alice,https://liquipedia.net/mobilelegends/MPL/Indonesia/Season_8/Regular_Season | https://github.com/LiTianYeoh/MLBB_Tournament_Analysis/blob/94ea36800e80c9e89a2356a0b81d3eeafbd6a4f7/analysis/data/consolidated_game_data_20240505.csv
8,S8-RS-008,1,Alter Ego,pick,3,Esmeralda,https://liquipedia.net/mobilelegends/MPL/Indonesia/Season_8/Regular_Season | https://github.com/LiTianYeoh/MLBB_Tournament_Analysis/blob/94ea36800e80c9e89a2356a0b81d3eeafbd6a4f7/analysis/data/consolidated_game_data_20240505.csv
8,S8-RS-008,1,Alter Ego,pick,4,X.Borg,https://liquipedia.net/mobilelegends/MPL/Indonesia/Season_8/Regular_Season | https://github.com/LiTianYeoh/MLBB_Tournament_Analysis/blob/94ea36800e80c9e89a2356a0b81d3eeafbd6a4f7/analysis/data/consolidated_game_data_20240505.csv
8,S8-RS-008,1,Alter Ego,pick,5,Jawhead,https://liquipedia.net/mobilelegends/MPL/Indonesia/Season_8/Regular_Season | https://github.com/LiTianYeoh/MLBB_Tournament_Analysis/blob/94ea36800e80c9e89a2356a0b81d3eeafbd6a4f7/analysis/data/consolidated_game_data_20240505.csv
8,S8-RS-008,1,Rebellion Genflix,ban,1,Eudora,https://liquipedia.net/mobilelegends/MPL/Indonesia/Season_8/Regular_Season | https://github.com/LiTianYeoh/MLBB_Tournament_Analysis/blob/94ea36800e80c9e89a2356a0b81d3eeafbd6a4f7/analysis/data/consolidated_game_data_20240505.csv
8,S8-RS-008,1,Rebellion Genflix,ban,2,Ling,https://liquipedia.net/mobilelegends/MPL/Indonesia/Season_8/Regular_Season | https://github.com/LiTianYeoh/MLBB_Tournament_Analysis/blob/94ea36800e80c9e89a2356a0b81d3eeafbd6a4f7/analysis/data/consolidated_game_data_20240505.csv
8,S8-RS-008,1,Rebellion Genflix,ban,3,Harley,https://liquipedia.net/mobilelegends/MPL/Indonesia/Season_8/Regular_Season | https://github.com/LiTianYeoh/MLBB_Tournament_Analysis/blob/94ea36800e80c9e89a2356a0b81d3eeafbd6a4f7/analysis/data/consolidated_game_data_20240505.csv
8,S8-RS-008,1,Rebellion Genflix,ban,4,Benedetta,https://liquipedia.net/mobilelegends/MPL/Indonesia/Season_8/Regular_Season | https://github.com/LiTianYeoh/MLBB_Tournament_Analysis/blob/94ea36800e80c9e89a2356a0b81d3eeafbd6a4f7/analysis/data/consolidated_game_data_20240505.csv
8,S8-RS-008,1,Rebellion Genflix,ban,5,Hayabusa,https://liquipedia.net/mobilelegends/MPL/Indonesia/Season_8/Regular_Season | https://github.com/LiTianYeoh/MLBB_Tournament_Analysis/blob/94ea36800e80c9e89a2356a0b81d3eeafbd6a4f7/analysis/data/consolidated_game_data_20240505.csv
8,S8-RS-008,1,Rebellion Genflix,pick,1,Silvanna,https://liquipedia.net/mobilelegends/MPL/Indonesia/Season_8/Regular_Season | https://github.com/LiTianYeoh/MLBB_Tournament_Analysis/blob/94ea36800e80c9e89a2356a0b81d3eeafbd6a4f7/analysis/data/consolidated_game_data_20240505.csv
8,S8-RS-008,1,Rebellion Genflix,pick,2,Yi Sun-Shin,https://liquipedia.net/mobilelegends/MPL/Indonesia/Season_8/Regular_Season | https://github.com/LiTianYeoh/MLBB_Tournament_Analysis/blob/94ea36800e80c9e89a2356a0b81d3eeafbd6a4f7/analysis/data/consolidated_game_data_20240505.csv
8,S8-RS-008,1,Rebellion Genflix,pick,3,Chou,https://liquipedia.net/mobilelegends/MPL/Indonesia/Season_8/Regular_Season | https://github.com/LiTianYeoh/MLBB_Tournament_Analysis/blob/94ea36800e80c9e89a2356a0b81d3eeafbd6a4f7/analysis/data/consolidated_game_data_20240505.csv
8,S8-RS-008,1,Rebellion Genflix,pick,4,Paquito,https://liquipedia.net/mobilelegends/MPL/Indonesia/Season_8/Regular_Season | https://github.com/LiTianYeoh/MLBB_Tournament_Analysis/blob/94ea36800e80c9e89a2356a0b81d3eeafbd6a4f7/analysis/data/consolidated_game_data_20240505.csv
8,S8-RS-008,1,Rebellion Genflix,pick,5,Kagura,https://liquipedia.net/mobilelegends/MPL/Indonesia/Season_8/Regular_Season | https://github.com/LiTianYeoh/MLBB_Tournament_Analysis/blob/94ea36800e80c9e89a2356a0b81d3eeafbd6a4f7/analysis/data/consolidated_game_data_20240505.csv
8,S8-RS-008,2,Alter Ego,ban,1,Jawhead,https://liquipedia.net/mobilelegends/MPL/Indonesia/Season_8/Regular_Season | https://github.com/LiTianYeoh/MLBB_Tournament_Analysis/blob/94ea36800e80c9e89a2356a0b81d3eeafbd6a4f7/analysis/data/consolidated_game_data_20240505.csv
8,S8-RS-008,2,Alter Ego,ban,2,X.Borg,https://liquipedia.net/mobilelegends/MPL/Indonesia/Season_8/Regular_Season | https://github.com/LiTianYeoh/MLBB_Tournament_Analysis/blob/94ea36800e80c9e89a2356a0b81d3eeafbd6a4f7/analysis/data/consolidated_game_data_20240505.csv
8,S8-RS-008,2,Alter Ego,ban,3,Mathilda,https://liquipedia.net/mobilelegends/MPL/Indonesia/Season_8/Regular_Season | https://github.com/LiTianYeoh/MLBB_Tournament_Analysis/blob/94ea36800e80c9e89a2356a0b81d3eeafbd6a4f7/analysis/data/consolidated_game_data_20240505.csv
8,S8-RS-008,2,Alter Ego,ban,4,Grock,https://liquipedia.net/mobilelegends/MPL/Indonesia/Season_8/Regular_Season | https://github.com/LiTianYeoh/MLBB_Tournament_Analysis/blob/94ea36800e80c9e89a2356a0b81d3eeafbd6a4f7/analysis/data/consolidated_game_data_20240505.csv
8,S8-RS-008,2,Alter Ego,ban,5,Eudora,https://liquipedia.net/mobilelegends/MPL/Indonesia/Season_8/Regular_Season | https://github.com/LiTianYeoh/MLBB_Tournament_Analysis/blob/94ea36800e80c9e89a2356a0b81d3eeafbd6a4f7/analysis/data/consolidated_game_data_20240505.csv
8,S8-RS-008,2,Alter Ego,pick,1,Chou,https://liquipedia.net/mobilelegends/MPL/Indonesia/Season_8/Regular_Season | https://github.com/LiTianYeoh/MLBB_Tournament_Analysis/blob/94ea36800e80c9e89a2356a0b81d3eeafbd6a4f7/analysis/data/consolidated_game_data_20240505.csv
8,S8-RS-008,2,Alter Ego,pick,2,Esmeralda,https://liquipedia.net/mobilelegends/MPL/Indonesia/Season_8/Regular_Season | https://github.com/LiTianYeoh/MLBB_Tournament_Analysis/blob/94ea36800e80c9e89a2356a0b81d3eeafbd6a4f7/analysis/data/consolidated_game_data_20240505.csv
8,S8-RS-008,2,Alter Ego,pick,3,Benedetta,https://liquipedia.net/mobilelegends/MPL/Indonesia/Season_8/Regular_Season | https://github.com/LiTianYeoh/MLBB_Tournament_Analysis/blob/94ea36800e80c9e89a2356a0b81d3eeafbd6a4f7/analysis/data/consolidated_game_data_20240505.csv
8,S8-RS-008,2,Alter Ego,pick,4,Harley,https://liquipedia.net/mobilelegends/MPL/Indonesia/Season_8/Regular_Season | https://github.com/LiTianYeoh/MLBB_Tournament_Analysis/blob/94ea36800e80c9e89a2356a0b81d3eeafbd6a4f7/analysis/data/consolidated_game_data_20240505.csv
8,S8-RS-008,2,Alter Ego,pick,5,Baxia,https://liquipedia.net/mobilelegends/MPL/Indonesia/Season_8/Regular_Season | https://github.com/LiTianYeoh/MLBB_Tournament_Analysis/blob/94ea36800e80c9e89a2356a0b81d3eeafbd6a4f7/analysis/data/consolidated_game_data_20240505.csv
8,S8-RS-008,2,Rebellion Genflix,ban,1,Roger,https://liquipedia.net/mobilelegends/MPL/Indonesia/Season_8/Regular_Season | https://github.com/LiTianYeoh/MLBB_Tournament_Analysis/blob/94ea36800e80c9e89a2356a0b81d3eeafbd6a4f7/analysis/data/consolidated_game_data_20240505.csv
8,S8-RS-008,2,Rebellion Genflix,ban,2,Ling,https://liquipedia.net/mobilelegends/MPL/Indonesia/Season_8/Regular_Season | https://github.com/LiTianYeoh/MLBB_Tournament_Analysis/blob/94ea36800e80c9e89a2356a0b81d3eeafbd6a4f7/analysis/data/consolidated_game_data_20240505.csv
8,S8-RS-008,2,Rebellion Genflix,ban,3,Paquito,https://liquipedia.net/mobilelegends/MPL/Indonesia/Season_8/Regular_Season | https://github.com/LiTianYeoh/MLBB_Tournament_Analysis/blob/94ea36800e80c9e89a2356a0b81d3eeafbd6a4f7/analysis/data/consolidated_game_data_20240505.csv
8,S8-RS-008,2,Rebellion Genflix,ban,4,Hayabusa,https://liquipedia.net/mobilelegends/MPL/Indonesia/Season_8/Regular_Season | https://github.com/LiTianYeoh/MLBB_Tournament_Analysis/blob/94ea36800e80c9e89a2356a0b81d3eeafbd6a4f7/analysis/data/consolidated_game_data_20240505.csv
8,S8-RS-008,2,Rebellion Genflix,ban,5,Popol and Kupa,https://liquipedia.net/mobilelegends/MPL/Indonesia/Season_8/Regular_Season | https://github.com/LiTianYeoh/MLBB_Tournament_Analysis/blob/94ea36800e80c9e89a2356a0b81d3eeafbd6a4f7/analysis/data/consolidated_game_data_20240505.csv
8,S8-RS-008,2,Rebellion Genflix,pick,1,Martis,https://liquipedia.net/mobilelegends/MPL/Indonesia/Season_8/Regular_Season | https://github.com/LiTianYeoh/MLBB_Tournament_Analysis/blob/94ea36800e80c9e89a2356a0b81d3eeafbd6a4f7/analysis/data/consolidated_game_data_20240505.csv
8,S8-RS-008,2,Rebellion Genflix,pick,2,Lancelot,https://liquipedia.net/mobilelegends/MPL/Indonesia/Season_8/Regular_Season | https://github.com/LiTianYeoh/MLBB_Tournament_Analysis/blob/94ea36800e80c9e89a2356a0b81d3eeafbd6a4f7/analysis/data/consolidated_game_data_20240505.csv
8,S8-RS-008,2,Rebellion Genflix,pick,3,Lunox,https://liquipedia.net/mobilelegends/MPL/Indonesia/Season_8/Regular_Season | https://github.com/LiTianYeoh/MLBB_Tournament_Analysis/blob/94ea36800e80c9e89a2356a0b81d3eeafbd6a4f7/analysis/data/consolidated_game_data_20240505.csv
8,S8-RS-008,2,Rebellion Genflix,pick,4,Phoveus,https://liquipedia.net/mobilelegends/MPL/Indonesia/Season_8/Regular_Season | https://github.com/LiTianYeoh/MLBB_Tournament_Analysis/blob/94ea36800e80c9e89a2356a0b81d3eeafbd6a4f7/analysis/data/consolidated_game_data_20240505.csv
8,S8-RS-008,2,Rebellion Genflix,pick,5,Saber,https://liquipedia.net/mobilelegends/MPL/Indonesia/Season_8/Regular_Season | https://github.com/LiTianYeoh/MLBB_Tournament_Analysis/blob/94ea36800e80c9e89a2356a0b81d3eeafbd6a4f7/analysis/data/consolidated_game_data_20240505.csv
8,S8-RS-009,1,AURA Fire,ban,1,Mathilda,https://liquipedia.net/mobilelegends/MPL/Indonesia/Season_8/Regular_Season | https://github.com/LiTianYeoh/MLBB_Tournament_Analysis/blob/94ea36800e80c9e89a2356a0b81d3eeafbd6a4f7/analysis/data/consolidated_game_data_20240505.csv
8,S8-RS-009,1,AURA Fire,ban,2,Paquito,https://liquipedia.net/mobilelegends/MPL/Indonesia/Season_8/Regular_Season | https://github.com/LiTianYeoh/MLBB_Tournament_Analysis/blob/94ea36800e80c9e89a2356a0b81d3eeafbd6a4f7/analysis/data/consolidated_game_data_20240505.csv
8,S8-RS-009,1,AURA Fire,ban,3,Hayabusa,https://liquipedia.net/mobilelegends/MPL/Indonesia/Season_8/Regular_Season | https://github.com/LiTianYeoh/MLBB_Tournament_Analysis/blob/94ea36800e80c9e89a2356a0b81d3eeafbd6a4f7/analysis/data/consolidated_game_data_20240505.csv
8,S8-RS-009,1,AURA Fire,ban,4,Yi Sun-Shin,https://liquipedia.net/mobilelegends/MPL/Indonesia/Season_8/Regular_Season | https://github.com/LiTianYeoh/MLBB_Tournament_Analysis/blob/94ea36800e80c9e89a2356a0b81d3eeafbd6a4f7/analysis/data/consolidated_game_data_20240505.csv
8,S8-RS-009,1,AURA Fire,ban,5,Saber,https://liquipedia.net/mobilelegends/MPL/Indonesia/Season_8/Regular_Season | https://github.com/LiTianYeoh/MLBB_Tournament_Analysis/blob/94ea36800e80c9e89a2356a0b81d3eeafbd6a4f7/analysis/data/consolidated_game_data_20240505.csv
8,S8-RS-009,1,AURA Fire,pick,1,Angela,https://liquipedia.net/mobilelegends/MPL/Indonesia/Season_8/Regular_Season | https://github.com/LiTianYeoh/MLBB_Tournament_Analysis/blob/94ea36800e80c9e89a2356a0b81d3eeafbd6a4f7/analysis/data/consolidated_game_data_20240505.csv
8,S8-RS-009,1,AURA Fire,pick,2,Esmeralda,https://liquipedia.net/mobilelegends/MPL/Indonesia/Season_8/Regular_Season | https://github.com/LiTianYeoh/MLBB_Tournament_Analysis/blob/94ea36800e80c9e89a2356a0b81d3eeafbd6a4f7/analysis/data/consolidated_game_data_20240505.csv
8,S8-RS-009,1,AURA Fire,pick,3,Benedetta,https://liquipedia.net/mobilelegends/MPL/Indonesia/Season_8/Regular_Season | https://github.com/LiTianYeoh/MLBB_Tournament_Analysis/blob/94ea36800e80c9e89a2356a0b81d3eeafbd6a4f7/analysis/data/consolidated_game_data_20240505.csv
8,S8-RS-009,1,AURA Fire,pick,4,Lancelot,https://liquipedia.net/mobilelegends/MPL/Indonesia/Season_8/Regular_Season | https://github.com/LiTianYeoh/MLBB_Tournament_Analysis/blob/94ea36800e80c9e89a2356a0b81d3eeafbd6a4f7/analysis/data/consolidated_game_data_20240505.csv
8,S8-RS-009,1,AURA Fire,pick,5,Kadita,https://liquipedia.net/mobilelegends/MPL/Indonesia/Season_8/Regular_Season | https://github.com/LiTianYeoh/MLBB_Tournament_Analysis/blob/94ea36800e80c9e89a2356a0b81d3eeafbd6a4f7/analysis/data/consolidated_game_data_20240505.csv
8,S8-RS-009,1,ONIC Esports,ban,1,Jawhead,https://liquipedia.net/mobilelegends/MPL/Indonesia/Season_8/Regular_Season | https://github.com/LiTianYeoh/MLBB_Tournament_Analysis/blob/94ea36800e80c9e89a2356a0b81d3eeafbd6a4f7/analysis/data/consolidated_game_data_20240505.csv
8,S8-RS-009,1,ONIC Esports,ban,2,Grock,https://liquipedia.net/mobilelegends/MPL/Indonesia/Season_8/Regular_Season | https://github.com/LiTianYeoh/MLBB_Tournament_Analysis/blob/94ea36800e80c9e89a2356a0b81d3eeafbd6a4f7/analysis/data/consolidated_game_data_20240505.csv
8,S8-RS-009,1,ONIC Esports,ban,3,Harley,https://liquipedia.net/mobilelegends/MPL/Indonesia/Season_8/Regular_Season | https://github.com/LiTianYeoh/MLBB_Tournament_Analysis/blob/94ea36800e80c9e89a2356a0b81d3eeafbd6a4f7/analysis/data/consolidated_game_data_20240505.csv
8,S8-RS-009,1,ONIC Esports,ban,4,Ling,https://liquipedia.net/mobilelegends/MPL/Indonesia/Season_8/Regular_Season | https://github.com/LiTianYeoh/MLBB_Tournament_Analysis/blob/94ea36800e80c9e89a2356a0b81d3eeafbd6a4f7/analysis/data/consolidated_game_data_20240505.csv
8,S8-RS-009,1,ONIC Esports,ban,5,Phoveus,https://liquipedia.net/mobilelegends/MPL/Indonesia/Season_8/Regular_Season | https://github.com/LiTianYeoh/MLBB_Tournament_Analysis/blob/94ea36800e80c9e89a2356a0b81d3eeafbd6a4f7/analysis/data/consolidated_game_data_20240505.csv
8,S8-RS-009,1,ONIC Esports,pick,1,Popol and Kupa,https://liquipedia.net/mobilelegends/MPL/Indonesia/Season_8/Regular_Season | https://github.com/LiTianYeoh/MLBB_Tournament_Analysis/blob/94ea36800e80c9e89a2356a0b81d3eeafbd6a4f7/analysis/data/consolidated_game_data_20240505.csv
8,S8-RS-009,1,ONIC Esports,pick,2,Claude,https://liquipedia.net/mobilelegends/MPL/Indonesia/Season_8/Regular_Season | https://github.com/LiTianYeoh/MLBB_Tournament_Analysis/blob/94ea36800e80c9e89a2356a0b81d3eeafbd6a4f7/analysis/data/consolidated_game_data_20240505.csv
8,S8-RS-009,1,ONIC Esports,pick,3,Lunox,https://liquipedia.net/mobilelegends/MPL/Indonesia/Season_8/Regular_Season | https://github.com/LiTianYeoh/MLBB_Tournament_Analysis/blob/94ea36800e80c9e89a2356a0b81d3eeafbd6a4f7/analysis/data/consolidated_game_data_20240505.csv
8,S8-RS-009,1,ONIC Esports,pick,4,Khaleed,https://liquipedia.net/mobilelegends/MPL/Indonesia/Season_8/Regular_Season | https://github.com/LiTianYeoh/MLBB_Tournament_Analysis/blob/94ea36800e80c9e89a2356a0b81d3eeafbd6a4f7/analysis/data/consolidated_game_data_20240505.csv
8,S8-RS-009,1,ONIC Esports,pick,5,Chou,https://liquipedia.net/mobilelegends/MPL/Indonesia/Season_8/Regular_Season | https://github.com/LiTianYeoh/MLBB_Tournament_Analysis/blob/94ea36800e80c9e89a2356a0b81d3eeafbd6a4f7/analysis/data/consolidated_game_data_20240505.csv
8,S8-RS-009,2,AURA Fire,ban,1,Harley,https://liquipedia.net/mobilelegends/MPL/Indonesia/Season_8/Regular_Season | https://github.com/LiTianYeoh/MLBB_Tournament_Analysis/blob/94ea36800e80c9e89a2356a0b81d3eeafbd6a4f7/analysis/data/consolidated_game_data_20240505.csv
8,S8-RS-009,2,AURA Fire,ban,2,Phoveus,https://liquipedia.net/mobilelegends/MPL/Indonesia/Season_8/Regular_Season | https://github.com/LiTianYeoh/MLBB_Tournament_Analysis/blob/94ea36800e80c9e89a2356a0b81d3eeafbd6a4f7/analysis/data/consolidated_game_data_20240505.csv
8,S8-RS-009,2,AURA Fire,ban,3,Ling,https://liquipedia.net/mobilelegends/MPL/Indonesia/Season_8/Regular_Season | https://github.com/LiTianYeoh/MLBB_Tournament_Analysis/blob/94ea36800e80c9e89a2356a0b81d3eeafbd6a4f7/analysis/data/consolidated_game_data_20240505.csv
8,S8-RS-009,2,AURA Fire,ban,4,Kaja,https://liquipedia.net/mobilelegends/MPL/Indonesia/Season_8/Regular_Season | https://github.com/LiTianYeoh/MLBB_Tournament_Analysis/blob/94ea36800e80c9e89a2356a0b81d3eeafbd6a4f7/analysis/data/consolidated_game_data_20240505.csv
8,S8-RS-009,2,AURA Fire,ban,5,Saber,https://liquipedia.net/mobilelegends/MPL/Indonesia/Season_8/Regular_Season | https://github.com/LiTianYeoh/MLBB_Tournament_Analysis/blob/94ea36800e80c9e89a2356a0b81d3eeafbd6a4f7/analysis/data/consolidated_game_data_20240505.csv
8,S8-RS-009,2,AURA Fire,pick,1,Angela,https://liquipedia.net/mobilelegends/MPL/Indonesia/Season_8/Regular_Season | https://github.com/LiTianYeoh/MLBB_Tournament_Analysis/blob/94ea36800e80c9e89a2356a0b81d3eeafbd6a4f7/analysis/data/consolidated_game_data_20240505.csv
8,S8-RS-009,2,AURA Fire,pick,2,Esmeralda,https://liquipedia.net/mobilelegends/MPL/Indonesia/Season_8/Regular_Season | https://github.com/LiTianYeoh/MLBB_Tournament_Analysis/blob/94ea36800e80c9e89a2356a0b81d3eeafbd6a4f7/analysis/data/consolidated_game_data_20240505.csv
8,S8-RS-009,2,AURA Fire,pick,3,Benedetta,https://liquipedia.net/mobilelegends/MPL/Indonesia/Season_8/Regular_Season | https://github.com/LiTianYeoh/MLBB_Tournament_Analysis/blob/94ea36800e80c9e89a2356a0b81d3eeafbd6a4f7/analysis/data/consolidated_game_data_20240505.csv
8,S8-RS-009,2,AURA Fire,pick,4,Roger,https://liquipedia.net/mobilelegends/MPL/Indonesia/Season_8/Regular_Season | https://github.com/LiTianYeoh/MLBB_Tournament_Analysis/blob/94ea36800e80c9e89a2356a0b81d3eeafbd6a4f7/analysis/data/consolidated_game_data_20240505.csv
8,S8-RS-009,2,AURA Fire,pick,5,Popol and Kupa,https://liquipedia.net/mobilelegends/MPL/Indonesia/Season_8/Regular_Season | https://github.com/LiTianYeoh/MLBB_Tournament_Analysis/blob/94ea36800e80c9e89a2356a0b81d3eeafbd6a4f7/analysis/data/consolidated_game_data_20240505.csv
8,S8-RS-009,2,ONIC Esports,ban,1,Lancelot,https://liquipedia.net/mobilelegends/MPL/Indonesia/Season_8/Regular_Season | https://github.com/LiTianYeoh/MLBB_Tournament_Analysis/blob/94ea36800e80c9e89a2356a0b81d3eeafbd6a4f7/analysis/data/consolidated_game_data_20240505.csv
8,S8-RS-009,2,ONIC Esports,ban,2,Lunox,https://liquipedia.net/mobilelegends/MPL/Indonesia/Season_8/Regular_Season | https://github.com/LiTianYeoh/MLBB_Tournament_Analysis/blob/94ea36800e80c9e89a2356a0b81d3eeafbd6a4f7/analysis/data/consolidated_game_data_20240505.csv
8,S8-RS-009,2,ONIC Esports,ban,3,Hayabusa,https://liquipedia.net/mobilelegends/MPL/Indonesia/Season_8/Regular_Season | https://github.com/LiTianYeoh/MLBB_Tournament_Analysis/blob/94ea36800e80c9e89a2356a0b81d3eeafbd6a4f7/analysis/data/consolidated_game_data_20240505.csv
8,S8-RS-009,2,ONIC Esports,ban,4,Paquito,https://liquipedia.net/mobilelegends/MPL/Indonesia/Season_8/Regular_Season | https://github.com/LiTianYeoh/MLBB_Tournament_Analysis/blob/94ea36800e80c9e89a2356a0b81d3eeafbd6a4f7/analysis/data/consolidated_game_data_20240505.csv
8,S8-RS-009,2,ONIC Esports,ban,5,Mathilda,https://liquipedia.net/mobilelegends/MPL/Indonesia/Season_8/Regular_Season | https://github.com/LiTianYeoh/MLBB_Tournament_Analysis/blob/94ea36800e80c9e89a2356a0b81d3eeafbd6a4f7/analysis/data/consolidated_game_data_20240505.csv
8,S8-RS-009,2,ONIC Esports,pick,1,Jawhead,https://liquipedia.net/mobilelegends/MPL/Indonesia/Season_8/Regular_Season | https://github.com/LiTianYeoh/MLBB_Tournament_Analysis/blob/94ea36800e80c9e89a2356a0b81d3eeafbd6a4f7/analysis/data/consolidated_game_data_20240505.csv
8,S8-RS-009,2,ONIC Esports,pick,2,Lylia,https://liquipedia.net/mobilelegends/MPL/Indonesia/Season_8/Regular_Season | https://github.com/LiTianYeoh/MLBB_Tournament_Analysis/blob/94ea36800e80c9e89a2356a0b81d3eeafbd6a4f7/analysis/data/consolidated_game_data_20240505.csv
8,S8-RS-009,2,ONIC Esports,pick,3,Alice,https://liquipedia.net/mobilelegends/MPL/Indonesia/Season_8/Regular_Season | https://github.com/LiTianYeoh/MLBB_Tournament_Analysis/blob/94ea36800e80c9e89a2356a0b81d3eeafbd6a4f7/analysis/data/consolidated_game_data_20240505.csv
8,S8-RS-009,2,ONIC Esports,pick,4,Ruby,https://liquipedia.net/mobilelegends/MPL/Indonesia/Season_8/Regular_Season | https://github.com/LiTianYeoh/MLBB_Tournament_Analysis/blob/94ea36800e80c9e89a2356a0b81d3eeafbd6a4f7/analysis/data/consolidated_game_data_20240505.csv
8,S8-RS-009,2,ONIC Esports,pick,5,Kagura,https://liquipedia.net/mobilelegends/MPL/Indonesia/Season_8/Regular_Season | https://github.com/LiTianYeoh/MLBB_Tournament_Analysis/blob/94ea36800e80c9e89a2356a0b81d3eeafbd6a4f7/analysis/data/consolidated_game_data_20240505.csv
8,S8-RS-009,3,AURA Fire,ban,1,Mathilda,https://liquipedia.net/mobilelegends/MPL/Indonesia/Season_8/Regular_Season | https://github.com/LiTianYeoh/MLBB_Tournament_Analysis/blob/94ea36800e80c9e89a2356a0b81d3eeafbd6a4f7/analysis/data/consolidated_game_data_20240505.csv
8,S8-RS-009,3,AURA Fire,ban,2,Paquito,https://liquipedia.net/mobilelegends/MPL/Indonesia/Season_8/Regular_Season | https://github.com/LiTianYeoh/MLBB_Tournament_Analysis/blob/94ea36800e80c9e89a2356a0b81d3eeafbd6a4f7/analysis/data/consolidated_game_data_20240505.csv
8,S8-RS-009,3,AURA Fire,ban,3,Hayabusa,https://liquipedia.net/mobilelegends/MPL/Indonesia/Season_8/Regular_Season | https://github.com/LiTianYeoh/MLBB_Tournament_Analysis/blob/94ea36800e80c9e89a2356a0b81d3eeafbd6a4f7/analysis/data/consolidated_game_data_20240505.csv
8,S8-RS-009,3,AURA Fire,ban,4,Lunox,https://liquipedia.net/mobilelegends/MPL/Indonesia/Season_8/Regular_Season | https://github.com/LiTianYeoh/MLBB_Tournament_Analysis/blob/94ea36800e80c9e89a2356a0b81d3eeafbd6a4f7/analysis/data/consolidated_game_data_20240505.csv
8,S8-RS-009,3,AURA Fire,ban,5,X.Borg,https://liquipedia.net/mobilelegends/MPL/Indonesia/Season_8/Regular_Season | https://github.com/LiTianYeoh/MLBB_Tournament_Analysis/blob/94ea36800e80c9e89a2356a0b81d3eeafbd6a4f7/analysis/data/consolidated_game_data_20240505.csv
8,S8-RS-009,3,AURA Fire,pick,1,Kagura,https://liquipedia.net/mobilelegends/MPL/Indonesia/Season_8/Regular_Season | https://github.com/LiTianYeoh/MLBB_Tournament_Analysis/blob/94ea36800e80c9e89a2356a0b81d3eeafbd6a4f7/analysis/data/consolidated_game_data_20240505.csv
8,S8-RS-009,3,AURA Fire,pick,2,Alice,https://liquipedia.net/mobilelegends/MPL/Indonesia/Season_8/Regular_Season | https://github.com/LiTianYeoh/MLBB_Tournament_Analysis/blob/94ea36800e80c9e89a2356a0b81d3eeafbd6a4f7/analysis/data/consolidated_game_data_20240505.csv
8,S8-RS-009,3,AURA Fire,pick,3,Benedetta,https://liquipedia.net/mobilelegends/MPL/Indonesia/Season_8/Regular_Season | https://github.com/LiTianYeoh/MLBB_Tournament_Analysis/blob/94ea36800e80c9e89a2356a0b81d3eeafbd6a4f7/analysis/data/consolidated_game_data_20240505.csv
8,S8-RS-009,3,AURA Fire,pick,4,Sun,https://liquipedia.net/mobilelegends/MPL/Indonesia/Season_8/Regular_Season | https://github.com/LiTianYeoh/MLBB_Tournament_Analysis/blob/94ea36800e80c9e89a2356a0b81d3eeafbd6a4f7/analysis/data/consolidated_game_data_20240505.csv
8,S8-RS-009,3,AURA Fire,pick,5,Jawhead,https://liquipedia.net/mobilelegends/MPL/Indonesia/Season_8/Regular_Season | https://github.com/LiTianYeoh/MLBB_Tournament_Analysis/blob/94ea36800e80c9e89a2356a0b81d3eeafbd6a4f7/analysis/data/consolidated_game_data_20240505.csv
8,S8-RS-009,3,ONIC Esports,ban,1,Eudora,https://liquipedia.net/mobilelegends/MPL/Indonesia/Season_8/Regular_Season | https://github.com/LiTianYeoh/MLBB_Tournament_Analysis/blob/94ea36800e80c9e89a2356a0b81d3eeafbd6a4f7/analysis/data/consolidated_game_data_20240505.csv
8,S8-RS-009,3,ONIC Esports,ban,2,Lancelot,https://liquipedia.net/mobilelegends/MPL/Indonesia/Season_8/Regular_Season | https://github.com/LiTianYeoh/MLBB_Tournament_Analysis/blob/94ea36800e80c9e89a2356a0b81d3eeafbd6a4f7/analysis/data/consolidated_game_data_20240505.csv
8,S8-RS-009,3,ONIC Esports,ban,3,Esmeralda,https://liquipedia.net/mobilelegends/MPL/Indonesia/Season_8/Regular_Season | https://github.com/LiTianYeoh/MLBB_Tournament_Analysis/blob/94ea36800e80c9e89a2356a0b81d3eeafbd6a4f7/analysis/data/consolidated_game_data_20240505.csv
8,S8-RS-009,3,ONIC Esports,ban,4,Ling,https://liquipedia.net/mobilelegends/MPL/Indonesia/Season_8/Regular_Season | https://github.com/LiTianYeoh/MLBB_Tournament_Analysis/blob/94ea36800e80c9e89a2356a0b81d3eeafbd6a4f7/analysis/data/consolidated_game_data_20240505.csv
8,S8-RS-009,3,ONIC Esports,ban,5,Phoveus,https://liquipedia.net/mobilelegends/MPL/Indonesia/Season_8/Regular_Season | https://github.com/LiTianYeoh/MLBB_Tournament_Analysis/blob/94ea36800e80c9e89a2356a0b81d3eeafbd6a4f7/analysis/data/consolidated_game_data_20240505.csv
8,S8-RS-009,3,ONIC Esports,pick,1,Chou,https://liquipedia.net/mobilelegends/MPL/Indonesia/Season_8/Regular_Season | https://github.com/LiTianYeoh/MLBB_Tournament_Analysis/blob/94ea36800e80c9e89a2356a0b81d3eeafbd6a4f7/analysis/data/consolidated_game_data_20240505.csv
8,S8-RS-009,3,ONIC Esports,pick,2,Harley,https://liquipedia.net/mobilelegends/MPL/Indonesia/Season_8/Regular_Season | https://github.com/LiTianYeoh/MLBB_Tournament_Analysis/blob/94ea36800e80c9e89a2356a0b81d3eeafbd6a4f7/analysis/data/consolidated_game_data_20240505.csv
8,S8-RS-009,3,ONIC Esports,pick,3,Kaja,https://liquipedia.net/mobilelegends/MPL/Indonesia/Season_8/Regular_Season | https://github.com/LiTianYeoh/MLBB_Tournament_Analysis/blob/94ea36800e80c9e89a2356a0b81d3eeafbd6a4f7/analysis/data/consolidated_game_data_20240505.csv
8,S8-RS-009,3,ONIC Esports,pick,4,Balmond,https://liquipedia.net/mobilelegends/MPL/Indonesia/Season_8/Regular_Season | https://github.com/LiTianYeoh/MLBB_Tournament_Analysis/blob/94ea36800e80c9e89a2356a0b81d3eeafbd6a4f7/analysis/data/consolidated_game_data_20240505.csv
8,S8-RS-009,3,ONIC Esports,pick,5,Saber,https://liquipedia.net/mobilelegends/MPL/Indonesia/Season_8/Regular_Season | https://github.com/LiTianYeoh/MLBB_Tournament_Analysis/blob/94ea36800e80c9e89a2356a0b81d3eeafbd6a4f7/analysis/data/consolidated_game_data_20240505.csv
8,S8-RS-010,1,Bigetron Alpha,ban,1,Mathilda,https://liquipedia.net/mobilelegends/MPL/Indonesia/Season_8/Regular_Season | https://github.com/LiTianYeoh/MLBB_Tournament_Analysis/blob/94ea36800e80c9e89a2356a0b81d3eeafbd6a4f7/analysis/data/consolidated_game_data_20240505.csv
8,S8-RS-010,1,Bigetron Alpha,ban,2,Paquito,https://liquipedia.net/mobilelegends/MPL/Indonesia/Season_8/Regular_Season | https://github.com/LiTianYeoh/MLBB_Tournament_Analysis/blob/94ea36800e80c9e89a2356a0b81d3eeafbd6a4f7/analysis/data/consolidated_game_data_20240505.csv
8,S8-RS-010,1,Bigetron Alpha,ban,3,Hayabusa,https://liquipedia.net/mobilelegends/MPL/Indonesia/Season_8/Regular_Season | https://github.com/LiTianYeoh/MLBB_Tournament_Analysis/blob/94ea36800e80c9e89a2356a0b81d3eeafbd6a4f7/analysis/data/consolidated_game_data_20240505.csv
8,S8-RS-010,1,Bigetron Alpha,ban,4,Chou,https://liquipedia.net/mobilelegends/MPL/Indonesia/Season_8/Regular_Season | https://github.com/LiTianYeoh/MLBB_Tournament_Analysis/blob/94ea36800e80c9e89a2356a0b81d3eeafbd6a4f7/analysis/data/consolidated_game_data_20240505.csv
8,S8-RS-010,1,Bigetron Alpha,ban,5,Lancelot,https://liquipedia.net/mobilelegends/MPL/Indonesia/Season_8/Regular_Season | https://github.com/LiTianYeoh/MLBB_Tournament_Analysis/blob/94ea36800e80c9e89a2356a0b81d3eeafbd6a4f7/analysis/data/consolidated_game_data_20240505.csv
8,S8-RS-010,1,Bigetron Alpha,pick,1,Beatrix,https://liquipedia.net/mobilelegends/MPL/Indonesia/Season_8/Regular_Season | https://github.com/LiTianYeoh/MLBB_Tournament_Analysis/blob/94ea36800e80c9e89a2356a0b81d3eeafbd6a4f7/analysis/data/consolidated_game_data_20240505.csv
8,S8-RS-010,1,Bigetron Alpha,pick,2,Balmond,https://liquipedia.net/mobilelegends/MPL/Indonesia/Season_8/Regular_Season | https://github.com/LiTianYeoh/MLBB_Tournament_Analysis/blob/94ea36800e80c9e89a2356a0b81d3eeafbd6a4f7/analysis/data/consolidated_game_data_20240505.csv
8,S8-RS-010,1,Bigetron Alpha,pick,3,Lunox,https://liquipedia.net/mobilelegends/MPL/Indonesia/Season_8/Regular_Season | https://github.com/LiTianYeoh/MLBB_Tournament_Analysis/blob/94ea36800e80c9e89a2356a0b81d3eeafbd6a4f7/analysis/data/consolidated_game_data_20240505.csv
8,S8-RS-010,1,Bigetron Alpha,pick,4,Roger,https://liquipedia.net/mobilelegends/MPL/Indonesia/Season_8/Regular_Season | https://github.com/LiTianYeoh/MLBB_Tournament_Analysis/blob/94ea36800e80c9e89a2356a0b81d3eeafbd6a4f7/analysis/data/consolidated_game_data_20240505.csv
8,S8-RS-010,1,Bigetron Alpha,pick,5,Popol and Kupa,https://liquipedia.net/mobilelegends/MPL/Indonesia/Season_8/Regular_Season | https://github.com/LiTianYeoh/MLBB_Tournament_Analysis/blob/94ea36800e80c9e89a2356a0b81d3eeafbd6a4f7/analysis/data/consolidated_game_data_20240505.csv
8,S8-RS-010,1,AURA Fire,ban,1,Lapu-Lapu,https://liquipedia.net/mobilelegends/MPL/Indonesia/Season_8/Regular_Season | https://github.com/LiTianYeoh/MLBB_Tournament_Analysis/blob/94ea36800e80c9e89a2356a0b81d3eeafbd6a4f7/analysis/data/consolidated_game_data_20240505.csv
8,S8-RS-010,1,AURA Fire,ban,2,Barats,https://liquipedia.net/mobilelegends/MPL/Indonesia/Season_8/Regular_Season | https://github.com/LiTianYeoh/MLBB_Tournament_Analysis/blob/94ea36800e80c9e89a2356a0b81d3eeafbd6a4f7/analysis/data/consolidated_game_data_20240505.csv
8,S8-RS-010,1,AURA Fire,ban,3,Ling,https://liquipedia.net/mobilelegends/MPL/Indonesia/Season_8/Regular_Season | https://github.com/LiTianYeoh/MLBB_Tournament_Analysis/blob/94ea36800e80c9e89a2356a0b81d3eeafbd6a4f7/analysis/data/consolidated_game_data_20240505.csv
8,S8-RS-010,1,AURA Fire,ban,4,Jawhead,https://liquipedia.net/mobilelegends/MPL/Indonesia/Season_8/Regular_Season | https://github.com/LiTianYeoh/MLBB_Tournament_Analysis/blob/94ea36800e80c9e89a2356a0b81d3eeafbd6a4f7/analysis/data/consolidated_game_data_20240505.csv
8,S8-RS-010,1,AURA Fire,ban,5,Harley,https://liquipedia.net/mobilelegends/MPL/Indonesia/Season_8/Regular_Season | https://github.com/LiTianYeoh/MLBB_Tournament_Analysis/blob/94ea36800e80c9e89a2356a0b81d3eeafbd6a4f7/analysis/data/consolidated_game_data_20240505.csv
8,S8-RS-010,1,AURA Fire,pick,1,Atlas,https://liquipedia.net/mobilelegends/MPL/Indonesia/Season_8/Regular_Season | https://github.com/LiTianYeoh/MLBB_Tournament_Analysis/blob/94ea36800e80c9e89a2356a0b81d3eeafbd6a4f7/analysis/data/consolidated_game_data_20240505.csv
8,S8-RS-010,1,AURA Fire,pick,2,Yi Sun-Shin,https://liquipedia.net/mobilelegends/MPL/Indonesia/Season_8/Regular_Season | https://github.com/LiTianYeoh/MLBB_Tournament_Analysis/blob/94ea36800e80c9e89a2356a0b81d3eeafbd6a4f7/analysis/data/consolidated_game_data_20240505.csv
8,S8-RS-010,1,AURA Fire,pick,3,Benedetta,https://liquipedia.net/mobilelegends/MPL/Indonesia/Season_8/Regular_Season | https://github.com/LiTianYeoh/MLBB_Tournament_Analysis/blob/94ea36800e80c9e89a2356a0b81d3eeafbd6a4f7/analysis/data/consolidated_game_data_20240505.csv
8,S8-RS-010,1,AURA Fire,pick,4,Esmeralda,https://liquipedia.net/mobilelegends/MPL/Indonesia/Season_8/Regular_Season | https://github.com/LiTianYeoh/MLBB_Tournament_Analysis/blob/94ea36800e80c9e89a2356a0b81d3eeafbd6a4f7/analysis/data/consolidated_game_data_20240505.csv
8,S8-RS-010,1,AURA Fire,pick,5,Pharsa,https://liquipedia.net/mobilelegends/MPL/Indonesia/Season_8/Regular_Season | https://github.com/LiTianYeoh/MLBB_Tournament_Analysis/blob/94ea36800e80c9e89a2356a0b81d3eeafbd6a4f7/analysis/data/consolidated_game_data_20240505.csv
8,S8-RS-010,2,Bigetron Alpha,ban,1,Popol and Kupa,https://liquipedia.net/mobilelegends/MPL/Indonesia/Season_8/Regular_Season | https://github.com/LiTianYeoh/MLBB_Tournament_Analysis/blob/94ea36800e80c9e89a2356a0b81d3eeafbd6a4f7/analysis/data/consolidated_game_data_20240505.csv
8,S8-RS-010,2,Bigetron Alpha,ban,2,Pharsa,https://liquipedia.net/mobilelegends/MPL/Indonesia/Season_8/Regular_Season | https://github.com/LiTianYeoh/MLBB_Tournament_Analysis/blob/94ea36800e80c9e89a2356a0b81d3eeafbd6a4f7/analysis/data/consolidated_game_data_20240505.csv
8,S8-RS-010,2,Bigetron Alpha,ban,3,Ling,https://liquipedia.net/mobilelegends/MPL/Indonesia/Season_8/Regular_Season | https://github.com/LiTianYeoh/MLBB_Tournament_Analysis/blob/94ea36800e80c9e89a2356a0b81d3eeafbd6a4f7/analysis/data/consolidated_game_data_20240505.csv
8,S8-RS-010,2,Bigetron Alpha,ban,4,Atlas,https://liquipedia.net/mobilelegends/MPL/Indonesia/Season_8/Regular_Season | https://github.com/LiTianYeoh/MLBB_Tournament_Analysis/blob/94ea36800e80c9e89a2356a0b81d3eeafbd6a4f7/analysis/data/consolidated_game_data_20240505.csv
8,S8-RS-010,2,Bigetron Alpha,ban,5,Chou,https://liquipedia.net/mobilelegends/MPL/Indonesia/Season_8/Regular_Season | https://github.com/LiTianYeoh/MLBB_Tournament_Analysis/blob/94ea36800e80c9e89a2356a0b81d3eeafbd6a4f7/analysis/data/consolidated_game_data_20240505.csv
8,S8-RS-010,2,Bigetron Alpha,pick,1,Beatrix,https://liquipedia.net/mobilelegends/MPL/Indonesia/Season_8/Regular_Season | https://github.com/LiTianYeoh/MLBB_Tournament_Analysis/blob/94ea36800e80c9e89a2356a0b81d3eeafbd6a4f7/analysis/data/consolidated_game_data_20240505.csv
8,S8-RS-010,2,Bigetron Alpha,pick,2,X.Borg,https://liquipedia.net/mobilelegends/MPL/Indonesia/Season_8/Regular_Season | https://github.com/LiTianYeoh/MLBB_Tournament_Analysis/blob/94ea36800e80c9e89a2356a0b81d3eeafbd6a4f7/analysis/data/consolidated_game_data_20240505.csv
8,S8-RS-010,2,Bigetron Alpha,pick,3,Ruby,https://liquipedia.net/mobilelegends/MPL/Indonesia/Season_8/Regular_Season | https://github.com/LiTianYeoh/MLBB_Tournament_Analysis/blob/94ea36800e80c9e89a2356a0b81d3eeafbd6a4f7/analysis/data/consolidated_game_data_20240505.csv
8,S8-RS-010,2,Bigetron Alpha,pick,4,Harley,https://liquipedia.net/mobilelegends/MPL/Indonesia/Season_8/Regular_Season | https://github.com/LiTianYeoh/MLBB_Tournament_Analysis/blob/94ea36800e80c9e89a2356a0b81d3eeafbd6a4f7/analysis/data/consolidated_game_data_20240505.csv
8,S8-RS-010,2,Bigetron Alpha,pick,5,Jawhead,https://liquipedia.net/mobilelegends/MPL/Indonesia/Season_8/Regular_Season | https://github.com/LiTianYeoh/MLBB_Tournament_Analysis/blob/94ea36800e80c9e89a2356a0b81d3eeafbd6a4f7/analysis/data/consolidated_game_data_20240505.csv
8,S8-RS-010,2,AURA Fire,ban,1,Saber,https://liquipedia.net/mobilelegends/MPL/Indonesia/Season_8/Regular_Season | https://github.com/LiTianYeoh/MLBB_Tournament_Analysis/blob/94ea36800e80c9e89a2356a0b81d3eeafbd6a4f7/analysis/data/consolidated_game_data_20240505.csv
8,S8-RS-010,2,AURA Fire,ban,2,Kaja,https://liquipedia.net/mobilelegends/MPL/Indonesia/Season_8/Regular_Season | https://github.com/LiTianYeoh/MLBB_Tournament_Analysis/blob/94ea36800e80c9e89a2356a0b81d3eeafbd6a4f7/analysis/data/consolidated_game_data_20240505.csv
8,S8-RS-010,2,AURA Fire,ban,3,Hayabusa,https://liquipedia.net/mobilelegends/MPL/Indonesia/Season_8/Regular_Season | https://github.com/LiTianYeoh/MLBB_Tournament_Analysis/blob/94ea36800e80c9e89a2356a0b81d3eeafbd6a4f7/analysis/data/consolidated_game_data_20240505.csv
8,S8-RS-010,2,AURA Fire,ban,4,Paquito,https://liquipedia.net/mobilelegends/MPL/Indonesia/Season_8/Regular_Season | https://github.com/LiTianYeoh/MLBB_Tournament_Analysis/blob/94ea36800e80c9e89a2356a0b81d3eeafbd6a4f7/analysis/data/consolidated_game_data_20240505.csv
8,S8-RS-010,2,AURA Fire,ban,5,Mathilda,https://liquipedia.net/mobilelegends/MPL/Indonesia/Season_8/Regular_Season | https://github.com/LiTianYeoh/MLBB_Tournament_Analysis/blob/94ea36800e80c9e89a2356a0b81d3eeafbd6a4f7/analysis/data/consolidated_game_data_20240505.csv
8,S8-RS-010,2,AURA Fire,pick,1,Martis,https://liquipedia.net/mobilelegends/MPL/Indonesia/Season_8/Regular_Season | https://github.com/LiTianYeoh/MLBB_Tournament_Analysis/blob/94ea36800e80c9e89a2356a0b81d3eeafbd6a4f7/analysis/data/consolidated_game_data_20240505.csv
8,S8-RS-010,2,AURA Fire,pick,2,Lancelot,https://liquipedia.net/mobilelegends/MPL/Indonesia/Season_8/Regular_Season | https://github.com/LiTianYeoh/MLBB_Tournament_Analysis/blob/94ea36800e80c9e89a2356a0b81d3eeafbd6a4f7/analysis/data/consolidated_game_data_20240505.csv
8,S8-RS-010,2,AURA Fire,pick,3,Yu Zhong,https://liquipedia.net/mobilelegends/MPL/Indonesia/Season_8/Regular_Season | https://github.com/LiTianYeoh/MLBB_Tournament_Analysis/blob/94ea36800e80c9e89a2356a0b81d3eeafbd6a4f7/analysis/data/consolidated_game_data_20240505.csv
8,S8-RS-010,2,AURA Fire,pick,4,Esmeralda,https://liquipedia.net/mobilelegends/MPL/Indonesia/Season_8/Regular_Season | https://github.com/LiTianYeoh/MLBB_Tournament_Analysis/blob/94ea36800e80c9e89a2356a0b81d3eeafbd6a4f7/analysis/data/consolidated_game_data_20240505.csv
8,S8-RS-010,2,AURA Fire,pick,5,Lunox,https://liquipedia.net/mobilelegends/MPL/Indonesia/Season_8/Regular_Season | https://github.com/LiTianYeoh/MLBB_Tournament_Analysis/blob/94ea36800e80c9e89a2356a0b81d3eeafbd6a4f7/analysis/data/consolidated_game_data_20240505.csv
8,S8-RS-010,3,Bigetron Alpha,ban,1,Mathilda,https://liquipedia.net/mobilelegends/MPL/Indonesia/Season_8/Regular_Season | https://github.com/LiTianYeoh/MLBB_Tournament_Analysis/blob/94ea36800e80c9e89a2356a0b81d3eeafbd6a4f7/analysis/data/consolidated_game_data_20240505.csv
8,S8-RS-010,3,Bigetron Alpha,ban,2,Paquito,https://liquipedia.net/mobilelegends/MPL/Indonesia/Season_8/Regular_Season | https://github.com/LiTianYeoh/MLBB_Tournament_Analysis/blob/94ea36800e80c9e89a2356a0b81d3eeafbd6a4f7/analysis/data/consolidated_game_data_20240505.csv
8,S8-RS-010,3,Bigetron Alpha,ban,3,Hayabusa,https://liquipedia.net/mobilelegends/MPL/Indonesia/Season_8/Regular_Season | https://github.com/LiTianYeoh/MLBB_Tournament_Analysis/blob/94ea36800e80c9e89a2356a0b81d3eeafbd6a4f7/analysis/data/consolidated_game_data_20240505.csv
8,S8-RS-010,3,Bigetron Alpha,ban,4,Popol and Kupa,https://liquipedia.net/mobilelegends/MPL/Indonesia/Season_8/Regular_Season | https://github.com/LiTianYeoh/MLBB_Tournament_Analysis/blob/94ea36800e80c9e89a2356a0b81d3eeafbd6a4f7/analysis/data/consolidated_game_data_20240505.csv
8,S8-RS-010,3,Bigetron Alpha,ban,5,Atlas,https://liquipedia.net/mobilelegends/MPL/Indonesia/Season_8/Regular_Season | https://github.com/LiTianYeoh/MLBB_Tournament_Analysis/blob/94ea36800e80c9e89a2356a0b81d3eeafbd6a4f7/analysis/data/consolidated_game_data_20240505.csv
8,S8-RS-010,3,Bigetron Alpha,pick,1,Benedetta,https://liquipedia.net/mobilelegends/MPL/Indonesia/Season_8/Regular_Season | https://github.com/LiTianYeoh/MLBB_Tournament_Analysis/blob/94ea36800e80c9e89a2356a0b81d3eeafbd6a4f7/analysis/data/consolidated_game_data_20240505.csv
8,S8-RS-010,3,Bigetron Alpha,pick,2,X.Borg,https://liquipedia.net/mobilelegends/MPL/Indonesia/Season_8/Regular_Season | https://github.com/LiTianYeoh/MLBB_Tournament_Analysis/blob/94ea36800e80c9e89a2356a0b81d3eeafbd6a4f7/analysis/data/consolidated_game_data_20240505.csv
8,S8-RS-010,3,Bigetron Alpha,pick,3,Esmeralda,https://liquipedia.net/mobilelegends/MPL/Indonesia/Season_8/Regular_Season | https://github.com/LiTianYeoh/MLBB_Tournament_Analysis/blob/94ea36800e80c9e89a2356a0b81d3eeafbd6a4f7/analysis/data/consolidated_game_data_20240505.csv
8,S8-RS-010,3,Bigetron Alpha,pick,4,Natan,https://liquipedia.net/mobilelegends/MPL/Indonesia/Season_8/Regular_Season | https://github.com/LiTianYeoh/MLBB_Tournament_Analysis/blob/94ea36800e80c9e89a2356a0b81d3eeafbd6a4f7/analysis/data/consolidated_game_data_20240505.csv
8,S8-RS-010,3,Bigetron Alpha,pick,5,Khufra,https://liquipedia.net/mobilelegends/MPL/Indonesia/Season_8/Regular_Season | https://github.com/LiTianYeoh/MLBB_Tournament_Analysis/blob/94ea36800e80c9e89a2356a0b81d3eeafbd6a4f7/analysis/data/consolidated_game_data_20240505.csv
8,S8-RS-010,3,AURA Fire,ban,1,Lunox,https://liquipedia.net/mobilelegends/MPL/Indonesia/Season_8/Regular_Season | https://github.com/LiTianYeoh/MLBB_Tournament_Analysis/blob/94ea36800e80c9e89a2356a0b81d3eeafbd6a4f7/analysis/data/consolidated_game_data_20240505.csv
8,S8-RS-010,3,AURA Fire,ban,2,Saber,https://liquipedia.net/mobilelegends/MPL/Indonesia/Season_8/Regular_Season | https://github.com/LiTianYeoh/MLBB_Tournament_Analysis/blob/94ea36800e80c9e89a2356a0b81d3eeafbd6a4f7/analysis/data/consolidated_game_data_20240505.csv
8,S8-RS-010,3,AURA Fire,ban,3,Chou,https://liquipedia.net/mobilelegends/MPL/Indonesia/Season_8/Regular_Season | https://github.com/LiTianYeoh/MLBB_Tournament_Analysis/blob/94ea36800e80c9e89a2356a0b81d3eeafbd6a4f7/analysis/data/consolidated_game_data_20240505.csv
8,S8-RS-010,3,AURA Fire,ban,4,Jawhead,https://liquipedia.net/mobilelegends/MPL/Indonesia/Season_8/Regular_Season | https://github.com/LiTianYeoh/MLBB_Tournament_Analysis/blob/94ea36800e80c9e89a2356a0b81d3eeafbd6a4f7/analysis/data/consolidated_game_data_20240505.csv
8,S8-RS-010,3,AURA Fire,ban,5,Harley,https://liquipedia.net/mobilelegends/MPL/Indonesia/Season_8/Regular_Season | https://github.com/LiTianYeoh/MLBB_Tournament_Analysis/blob/94ea36800e80c9e89a2356a0b81d3eeafbd6a4f7/analysis/data/consolidated_game_data_20240505.csv
8,S8-RS-010,3,AURA Fire,pick,1,Kadita,https://liquipedia.net/mobilelegends/MPL/Indonesia/Season_8/Regular_Season | https://github.com/LiTianYeoh/MLBB_Tournament_Analysis/blob/94ea36800e80c9e89a2356a0b81d3eeafbd6a4f7/analysis/data/consolidated_game_data_20240505.csv
8,S8-RS-010,3,AURA Fire,pick,2,Ling,https://liquipedia.net/mobilelegends/MPL/Indonesia/Season_8/Regular_Season | https://github.com/LiTianYeoh/MLBB_Tournament_Analysis/blob/94ea36800e80c9e89a2356a0b81d3eeafbd6a4f7/analysis/data/consolidated_game_data_20240505.csv
8,S8-RS-010,3,AURA Fire,pick,3,Yu Zhong,https://liquipedia.net/mobilelegends/MPL/Indonesia/Season_8/Regular_Season | https://github.com/LiTianYeoh/MLBB_Tournament_Analysis/blob/94ea36800e80c9e89a2356a0b81d3eeafbd6a4f7/analysis/data/consolidated_game_data_20240505.csv
8,S8-RS-010,3,AURA Fire,pick,4,Balmond,https://liquipedia.net/mobilelegends/MPL/Indonesia/Season_8/Regular_Season | https://github.com/LiTianYeoh/MLBB_Tournament_Analysis/blob/94ea36800e80c9e89a2356a0b81d3eeafbd6a4f7/analysis/data/consolidated_game_data_20240505.csv
8,S8-RS-010,3,AURA Fire,pick,5,Pharsa,https://liquipedia.net/mobilelegends/MPL/Indonesia/Season_8/Regular_Season | https://github.com/LiTianYeoh/MLBB_Tournament_Analysis/blob/94ea36800e80c9e89a2356a0b81d3eeafbd6a4f7/analysis/data/consolidated_game_data_20240505.csv
8,S8-RS-011,1,Geek Fam ID,ban,1,Ling,https://liquipedia.net/mobilelegends/MPL/Indonesia/Season_8/Regular_Season | https://github.com/LiTianYeoh/MLBB_Tournament_Analysis/blob/94ea36800e80c9e89a2356a0b81d3eeafbd6a4f7/analysis/data/consolidated_game_data_20240505.csv
8,S8-RS-011,1,Geek Fam ID,ban,2,Hayabusa,https://liquipedia.net/mobilelegends/MPL/Indonesia/Season_8/Regular_Season | https://github.com/LiTianYeoh/MLBB_Tournament_Analysis/blob/94ea36800e80c9e89a2356a0b81d3eeafbd6a4f7/analysis/data/consolidated_game_data_20240505.csv
8,S8-RS-011,1,Geek Fam ID,ban,3,Ruby,https://liquipedia.net/mobilelegends/MPL/Indonesia/Season_8/Regular_Season | https://github.com/LiTianYeoh/MLBB_Tournament_Analysis/blob/94ea36800e80c9e89a2356a0b81d3eeafbd6a4f7/analysis/data/consolidated_game_data_20240505.csv
8,S8-RS-011,1,Geek Fam ID,ban,4,Harith,https://liquipedia.net/mobilelegends/MPL/Indonesia/Season_8/Regular_Season | https://github.com/LiTianYeoh/MLBB_Tournament_Analysis/blob/94ea36800e80c9e89a2356a0b81d3eeafbd6a4f7/analysis/data/consolidated_game_data_20240505.csv
8,S8-RS-011,1,Geek Fam ID,ban,5,Khufra,https://liquipedia.net/mobilelegends/MPL/Indonesia/Season_8/Regular_Season | https://github.com/LiTianYeoh/MLBB_Tournament_Analysis/blob/94ea36800e80c9e89a2356a0b81d3eeafbd6a4f7/analysis/data/consolidated_game_data_20240505.csv
8,S8-RS-011,1,Geek Fam ID,pick,1,Kagura,https://liquipedia.net/mobilelegends/MPL/Indonesia/Season_8/Regular_Season | https://github.com/LiTianYeoh/MLBB_Tournament_Analysis/blob/94ea36800e80c9e89a2356a0b81d3eeafbd6a4f7/analysis/data/consolidated_game_data_20240505.csv
8,S8-RS-011,1,Geek Fam ID,pick,2,X.Borg,https://liquipedia.net/mobilelegends/MPL/Indonesia/Season_8/Regular_Season | https://github.com/LiTianYeoh/MLBB_Tournament_Analysis/blob/94ea36800e80c9e89a2356a0b81d3eeafbd6a4f7/analysis/data/consolidated_game_data_20240505.csv
8,S8-RS-011,1,Geek Fam ID,pick,3,Lunox,https://liquipedia.net/mobilelegends/MPL/Indonesia/Season_8/Regular_Season | https://github.com/LiTianYeoh/MLBB_Tournament_Analysis/blob/94ea36800e80c9e89a2356a0b81d3eeafbd6a4f7/analysis/data/consolidated_game_data_20240505.csv
8,S8-RS-011,1,Geek Fam ID,pick,4,Claude,https://liquipedia.net/mobilelegends/MPL/Indonesia/Season_8/Regular_Season | https://github.com/LiTianYeoh/MLBB_Tournament_Analysis/blob/94ea36800e80c9e89a2356a0b81d3eeafbd6a4f7/analysis/data/consolidated_game_data_20240505.csv
8,S8-RS-011,1,Geek Fam ID,pick,5,Paquito,https://liquipedia.net/mobilelegends/MPL/Indonesia/Season_8/Regular_Season | https://github.com/LiTianYeoh/MLBB_Tournament_Analysis/blob/94ea36800e80c9e89a2356a0b81d3eeafbd6a4f7/analysis/data/consolidated_game_data_20240505.csv
8,S8-RS-011,1,EVOS Legends,ban,1,Kaja,https://liquipedia.net/mobilelegends/MPL/Indonesia/Season_8/Regular_Season | https://github.com/LiTianYeoh/MLBB_Tournament_Analysis/blob/94ea36800e80c9e89a2356a0b81d3eeafbd6a4f7/analysis/data/consolidated_game_data_20240505.csv
8,S8-RS-011,1,EVOS Legends,ban,2,Pharsa,https://liquipedia.net/mobilelegends/MPL/Indonesia/Season_8/Regular_Season | https://github.com/LiTianYeoh/MLBB_Tournament_Analysis/blob/94ea36800e80c9e89a2356a0b81d3eeafbd6a4f7/analysis/data/consolidated_game_data_20240505.csv
8,S8-RS-011,1,EVOS Legends,ban,3,Harley,https://liquipedia.net/mobilelegends/MPL/Indonesia/Season_8/Regular_Season | https://github.com/LiTianYeoh/MLBB_Tournament_Analysis/blob/94ea36800e80c9e89a2356a0b81d3eeafbd6a4f7/analysis/data/consolidated_game_data_20240505.csv
8,S8-RS-011,1,EVOS Legends,ban,4,Jawhead,https://liquipedia.net/mobilelegends/MPL/Indonesia/Season_8/Regular_Season | https://github.com/LiTianYeoh/MLBB_Tournament_Analysis/blob/94ea36800e80c9e89a2356a0b81d3eeafbd6a4f7/analysis/data/consolidated_game_data_20240505.csv
8,S8-RS-011,1,EVOS Legends,ban,5,Mathilda,https://liquipedia.net/mobilelegends/MPL/Indonesia/Season_8/Regular_Season | https://github.com/LiTianYeoh/MLBB_Tournament_Analysis/blob/94ea36800e80c9e89a2356a0b81d3eeafbd6a4f7/analysis/data/consolidated_game_data_20240505.csv
8,S8-RS-011,1,EVOS Legends,pick,1,Popol and Kupa,https://liquipedia.net/mobilelegends/MPL/Indonesia/Season_8/Regular_Season | https://github.com/LiTianYeoh/MLBB_Tournament_Analysis/blob/94ea36800e80c9e89a2356a0b81d3eeafbd6a4f7/analysis/data/consolidated_game_data_20240505.csv
8,S8-RS-011,1,EVOS Legends,pick,2,Benedetta,https://liquipedia.net/mobilelegends/MPL/Indonesia/Season_8/Regular_Season | https://github.com/LiTianYeoh/MLBB_Tournament_Analysis/blob/94ea36800e80c9e89a2356a0b81d3eeafbd6a4f7/analysis/data/consolidated_game_data_20240505.csv
8,S8-RS-011,1,EVOS Legends,pick,3,Esmeralda,https://liquipedia.net/mobilelegends/MPL/Indonesia/Season_8/Regular_Season | https://github.com/LiTianYeoh/MLBB_Tournament_Analysis/blob/94ea36800e80c9e89a2356a0b81d3eeafbd6a4f7/analysis/data/consolidated_game_data_20240505.csv
8,S8-RS-011,1,EVOS Legends,pick,4,Uranus,https://liquipedia.net/mobilelegends/MPL/Indonesia/Season_8/Regular_Season | https://github.com/LiTianYeoh/MLBB_Tournament_Analysis/blob/94ea36800e80c9e89a2356a0b81d3eeafbd6a4f7/analysis/data/consolidated_game_data_20240505.csv
8,S8-RS-011,1,EVOS Legends,pick,5,Natan,https://liquipedia.net/mobilelegends/MPL/Indonesia/Season_8/Regular_Season | https://github.com/LiTianYeoh/MLBB_Tournament_Analysis/blob/94ea36800e80c9e89a2356a0b81d3eeafbd6a4f7/analysis/data/consolidated_game_data_20240505.csv
8,S8-RS-011,2,Geek Fam ID,ban,1,Ling,https://liquipedia.net/mobilelegends/MPL/Indonesia/Season_8/Regular_Season | https://github.com/LiTianYeoh/MLBB_Tournament_Analysis/blob/94ea36800e80c9e89a2356a0b81d3eeafbd6a4f7/analysis/data/consolidated_game_data_20240505.csv
8,S8-RS-011,2,Geek Fam ID,ban,2,Hayabusa,https://liquipedia.net/mobilelegends/MPL/Indonesia/Season_8/Regular_Season | https://github.com/LiTianYeoh/MLBB_Tournament_Analysis/blob/94ea36800e80c9e89a2356a0b81d3eeafbd6a4f7/analysis/data/consolidated_game_data_20240505.csv
8,S8-RS-011,2,Geek Fam ID,ban,3,Paquito,https://liquipedia.net/mobilelegends/MPL/Indonesia/Season_8/Regular_Season | https://github.com/LiTianYeoh/MLBB_Tournament_Analysis/blob/94ea36800e80c9e89a2356a0b81d3eeafbd6a4f7/analysis/data/consolidated_game_data_20240505.csv
8,S8-RS-011,2,Geek Fam ID,ban,4,Benedetta,https://liquipedia.net/mobilelegends/MPL/Indonesia/Season_8/Regular_Season | https://github.com/LiTianYeoh/MLBB_Tournament_Analysis/blob/94ea36800e80c9e89a2356a0b81d3eeafbd6a4f7/analysis/data/consolidated_game_data_20240505.csv
8,S8-RS-011,2,Geek Fam ID,ban,5,Ruby,https://liquipedia.net/mobilelegends/MPL/Indonesia/Season_8/Regular_Season | https://github.com/LiTianYeoh/MLBB_Tournament_Analysis/blob/94ea36800e80c9e89a2356a0b81d3eeafbd6a4f7/analysis/data/consolidated_game_data_20240505.csv
8,S8-RS-011,2,Geek Fam ID,pick,1,Eudora,https://liquipedia.net/mobilelegends/MPL/Indonesia/Season_8/Regular_Season | https://github.com/LiTianYeoh/MLBB_Tournament_Analysis/blob/94ea36800e80c9e89a2356a0b81d3eeafbd6a4f7/analysis/data/consolidated_game_data_20240505.csv
8,S8-RS-011,2,Geek Fam ID,pick,2,X.Borg,https://liquipedia.net/mobilelegends/MPL/Indonesia/Season_8/Regular_Season | https://github.com/LiTianYeoh/MLBB_Tournament_Analysis/blob/94ea36800e80c9e89a2356a0b81d3eeafbd6a4f7/analysis/data/consolidated_game_data_20240505.csv
8,S8-RS-011,2,Geek Fam ID,pick,3,Chou,https://liquipedia.net/mobilelegends/MPL/Indonesia/Season_8/Regular_Season | https://github.com/LiTianYeoh/MLBB_Tournament_Analysis/blob/94ea36800e80c9e89a2356a0b81d3eeafbd6a4f7/analysis/data/consolidated_game_data_20240505.csv
8,S8-RS-011,2,Geek Fam ID,pick,4,Bruno,https://liquipedia.net/mobilelegends/MPL/Indonesia/Season_8/Regular_Season | https://github.com/LiTianYeoh/MLBB_Tournament_Analysis/blob/94ea36800e80c9e89a2356a0b81d3eeafbd6a4f7/analysis/data/consolidated_game_data_20240505.csv
8,S8-RS-011,2,Geek Fam ID,pick,5,Jawhead,https://liquipedia.net/mobilelegends/MPL/Indonesia/Season_8/Regular_Season | https://github.com/LiTianYeoh/MLBB_Tournament_Analysis/blob/94ea36800e80c9e89a2356a0b81d3eeafbd6a4f7/analysis/data/consolidated_game_data_20240505.csv
8,S8-RS-011,2,EVOS Legends,ban,1,Alice,https://liquipedia.net/mobilelegends/MPL/Indonesia/Season_8/Regular_Season | https://github.com/LiTianYeoh/MLBB_Tournament_Analysis/blob/94ea36800e80c9e89a2356a0b81d3eeafbd6a4f7/analysis/data/consolidated_game_data_20240505.csv
8,S8-RS-011,2,EVOS Legends,ban,2,Lapu-Lapu,https://liquipedia.net/mobilelegends/MPL/Indonesia/Season_8/Regular_Season | https://github.com/LiTianYeoh/MLBB_Tournament_Analysis/blob/94ea36800e80c9e89a2356a0b81d3eeafbd6a4f7/analysis/data/consolidated_game_data_20240505.csv
8,S8-RS-011,2,EVOS Legends,ban,3,Natan,https://liquipedia.net/mobilelegends/MPL/Indonesia/Season_8/Regular_Season | https://github.com/LiTianYeoh/MLBB_Tournament_Analysis/blob/94ea36800e80c9e89a2356a0b81d3eeafbd6a4f7/analysis/data/consolidated_game_data_20240505.csv
8,S8-RS-011,2,EVOS Legends,ban,4,Harley,https://liquipedia.net/mobilelegends/MPL/Indonesia/Season_8/Regular_Season | https://github.com/LiTianYeoh/MLBB_Tournament_Analysis/blob/94ea36800e80c9e89a2356a0b81d3eeafbd6a4f7/analysis/data/consolidated_game_data_20240505.csv
8,S8-RS-011,2,EVOS Legends,ban,5,Mathilda,https://liquipedia.net/mobilelegends/MPL/Indonesia/Season_8/Regular_Season | https://github.com/LiTianYeoh/MLBB_Tournament_Analysis/blob/94ea36800e80c9e89a2356a0b81d3eeafbd6a4f7/analysis/data/consolidated_game_data_20240505.csv
8,S8-RS-011,2,EVOS Legends,pick,1,Popol and Kupa,https://liquipedia.net/mobilelegends/MPL/Indonesia/Season_8/Regular_Season | https://github.com/LiTianYeoh/MLBB_Tournament_Analysis/blob/94ea36800e80c9e89a2356a0b81d3eeafbd6a4f7/analysis/data/consolidated_game_data_20240505.csv
8,S8-RS-011,2,EVOS Legends,pick,2,Lancelot,https://liquipedia.net/mobilelegends/MPL/Indonesia/Season_8/Regular_Season | https://github.com/LiTianYeoh/MLBB_Tournament_Analysis/blob/94ea36800e80c9e89a2356a0b81d3eeafbd6a4f7/analysis/data/consolidated_game_data_20240505.csv
8,S8-RS-011,2,EVOS Legends,pick,3,Esmeralda,https://liquipedia.net/mobilelegends/MPL/Indonesia/Season_8/Regular_Season | https://github.com/LiTianYeoh/MLBB_Tournament_Analysis/blob/94ea36800e80c9e89a2356a0b81d3eeafbd6a4f7/analysis/data/consolidated_game_data_20240505.csv
8,S8-RS-011,2,EVOS Legends,pick,4,Thamuz,https://liquipedia.net/mobilelegends/MPL/Indonesia/Season_8/Regular_Season | https://github.com/LiTianYeoh/MLBB_Tournament_Analysis/blob/94ea36800e80c9e89a2356a0b81d3eeafbd6a4f7/analysis/data/consolidated_game_data_20240505.csv
8,S8-RS-011,2,EVOS Legends,pick,5,Kagura,https://liquipedia.net/mobilelegends/MPL/Indonesia/Season_8/Regular_Season | https://github.com/LiTianYeoh/MLBB_Tournament_Analysis/blob/94ea36800e80c9e89a2356a0b81d3eeafbd6a4f7/analysis/data/consolidated_game_data_20240505.csv
8,S8-RS-012,1,ONIC Esports,ban,1,Ling,https://liquipedia.net/mobilelegends/MPL/Indonesia/Season_8/Regular_Season | https://github.com/LiTianYeoh/MLBB_Tournament_Analysis/blob/94ea36800e80c9e89a2356a0b81d3eeafbd6a4f7/analysis/data/consolidated_game_data_20240505.csv
8,S8-RS-012,1,ONIC Esports,ban,2,Ruby,https://liquipedia.net/mobilelegends/MPL/Indonesia/Season_8/Regular_Season | https://github.com/LiTianYeoh/MLBB_Tournament_Analysis/blob/94ea36800e80c9e89a2356a0b81d3eeafbd6a4f7/analysis/data/consolidated_game_data_20240505.csv
8,S8-RS-012,1,ONIC Esports,ban,3,Paquito,https://liquipedia.net/mobilelegends/MPL/Indonesia/Season_8/Regular_Season | https://github.com/LiTianYeoh/MLBB_Tournament_Analysis/blob/94ea36800e80c9e89a2356a0b81d3eeafbd6a4f7/analysis/data/consolidated_game_data_20240505.csv
8,S8-RS-012,1,ONIC Esports,ban,4,Eudora,https://liquipedia.net/mobilelegends/MPL/Indonesia/Season_8/Regular_Season | https://github.com/LiTianYeoh/MLBB_Tournament_Analysis/blob/94ea36800e80c9e89a2356a0b81d3eeafbd6a4f7/analysis/data/consolidated_game_data_20240505.csv
8,S8-RS-012,1,ONIC Esports,ban,5,X.Borg,https://liquipedia.net/mobilelegends/MPL/Indonesia/Season_8/Regular_Season | https://github.com/LiTianYeoh/MLBB_Tournament_Analysis/blob/94ea36800e80c9e89a2356a0b81d3eeafbd6a4f7/analysis/data/consolidated_game_data_20240505.csv
8,S8-RS-012,1,ONIC Esports,pick,1,Saber,https://liquipedia.net/mobilelegends/MPL/Indonesia/Season_8/Regular_Season | https://github.com/LiTianYeoh/MLBB_Tournament_Analysis/blob/94ea36800e80c9e89a2356a0b81d3eeafbd6a4f7/analysis/data/consolidated_game_data_20240505.csv
8,S8-RS-012,1,ONIC Esports,pick,2,Thamuz,https://liquipedia.net/mobilelegends/MPL/Indonesia/Season_8/Regular_Season | https://github.com/LiTianYeoh/MLBB_Tournament_Analysis/blob/94ea36800e80c9e89a2356a0b81d3eeafbd6a4f7/analysis/data/consolidated_game_data_20240505.csv
8,S8-RS-012,1,ONIC Esports,pick,3,Pharsa,https://liquipedia.net/mobilelegends/MPL/Indonesia/Season_8/Regular_Season | https://github.com/LiTianYeoh/MLBB_Tournament_Analysis/blob/94ea36800e80c9e89a2356a0b81d3eeafbd6a4f7/analysis/data/consolidated_game_data_20240505.csv
8,S8-RS-012,1,ONIC Esports,pick,4,Lancelot,https://liquipedia.net/mobilelegends/MPL/Indonesia/Season_8/Regular_Season | https://github.com/LiTianYeoh/MLBB_Tournament_Analysis/blob/94ea36800e80c9e89a2356a0b81d3eeafbd6a4f7/analysis/data/consolidated_game_data_20240505.csv
8,S8-RS-012,1,ONIC Esports,pick,5,Mathilda,https://liquipedia.net/mobilelegends/MPL/Indonesia/Season_8/Regular_Season | https://github.com/LiTianYeoh/MLBB_Tournament_Analysis/blob/94ea36800e80c9e89a2356a0b81d3eeafbd6a4f7/analysis/data/consolidated_game_data_20240505.csv
8,S8-RS-012,1,RRQ Hoshi,ban,1,Chou,https://liquipedia.net/mobilelegends/MPL/Indonesia/Season_8/Regular_Season | https://github.com/LiTianYeoh/MLBB_Tournament_Analysis/blob/94ea36800e80c9e89a2356a0b81d3eeafbd6a4f7/analysis/data/consolidated_game_data_20240505.csv
8,S8-RS-012,1,RRQ Hoshi,ban,2,Lylia,https://liquipedia.net/mobilelegends/MPL/Indonesia/Season_8/Regular_Season | https://github.com/LiTianYeoh/MLBB_Tournament_Analysis/blob/94ea36800e80c9e89a2356a0b81d3eeafbd6a4f7/analysis/data/consolidated_game_data_20240505.csv
8,S8-RS-012,1,RRQ Hoshi,ban,3,Popol and Kupa,https://liquipedia.net/mobilelegends/MPL/Indonesia/Season_8/Regular_Season | https://github.com/LiTianYeoh/MLBB_Tournament_Analysis/blob/94ea36800e80c9e89a2356a0b81d3eeafbd6a4f7/analysis/data/consolidated_game_data_20240505.csv
8,S8-RS-012,1,RRQ Hoshi,ban,4,Harley,https://liquipedia.net/mobilelegends/MPL/Indonesia/Season_8/Regular_Season | https://github.com/LiTianYeoh/MLBB_Tournament_Analysis/blob/94ea36800e80c9e89a2356a0b81d3eeafbd6a4f7/analysis/data/consolidated_game_data_20240505.csv
8,S8-RS-012,1,RRQ Hoshi,ban,5,Phoveus,https://liquipedia.net/mobilelegends/MPL/Indonesia/Season_8/Regular_Season | https://github.com/LiTianYeoh/MLBB_Tournament_Analysis/blob/94ea36800e80c9e89a2356a0b81d3eeafbd6a4f7/analysis/data/consolidated_game_data_20240505.csv
8,S8-RS-012,1,RRQ Hoshi,pick,1,Jawhead,https://liquipedia.net/mobilelegends/MPL/Indonesia/Season_8/Regular_Season | https://github.com/LiTianYeoh/MLBB_Tournament_Analysis/blob/94ea36800e80c9e89a2356a0b81d3eeafbd6a4f7/analysis/data/consolidated_game_data_20240505.csv
8,S8-RS-012,1,RRQ Hoshi,pick,2,Hayabusa,https://liquipedia.net/mobilelegends/MPL/Indonesia/Season_8/Regular_Season | https://github.com/LiTianYeoh/MLBB_Tournament_Analysis/blob/94ea36800e80c9e89a2356a0b81d3eeafbd6a4f7/analysis/data/consolidated_game_data_20240505.csv
8,S8-RS-012,1,RRQ Hoshi,pick,3,Natan,https://liquipedia.net/mobilelegends/MPL/Indonesia/Season_8/Regular_Season | https://github.com/LiTianYeoh/MLBB_Tournament_Analysis/blob/94ea36800e80c9e89a2356a0b81d3eeafbd6a4f7/analysis/data/consolidated_game_data_20240505.csv
8,S8-RS-012,1,RRQ Hoshi,pick,4,Barats,https://liquipedia.net/mobilelegends/MPL/Indonesia/Season_8/Regular_Season | https://github.com/LiTianYeoh/MLBB_Tournament_Analysis/blob/94ea36800e80c9e89a2356a0b81d3eeafbd6a4f7/analysis/data/consolidated_game_data_20240505.csv
8,S8-RS-012,1,RRQ Hoshi,pick,5,Beatrix,https://liquipedia.net/mobilelegends/MPL/Indonesia/Season_8/Regular_Season | https://github.com/LiTianYeoh/MLBB_Tournament_Analysis/blob/94ea36800e80c9e89a2356a0b81d3eeafbd6a4f7/analysis/data/consolidated_game_data_20240505.csv
8,S8-RS-012,2,ONIC Esports,ban,1,Mathilda,https://liquipedia.net/mobilelegends/MPL/Indonesia/Season_8/Regular_Season | https://github.com/LiTianYeoh/MLBB_Tournament_Analysis/blob/94ea36800e80c9e89a2356a0b81d3eeafbd6a4f7/analysis/data/consolidated_game_data_20240505.csv
8,S8-RS-012,2,ONIC Esports,ban,2,Ling,https://liquipedia.net/mobilelegends/MPL/Indonesia/Season_8/Regular_Season | https://github.com/LiTianYeoh/MLBB_Tournament_Analysis/blob/94ea36800e80c9e89a2356a0b81d3eeafbd6a4f7/analysis/data/consolidated_game_data_20240505.csv
8,S8-RS-012,2,ONIC Esports,ban,3,X.Borg,https://liquipedia.net/mobilelegends/MPL/Indonesia/Season_8/Regular_Season | https://github.com/LiTianYeoh/MLBB_Tournament_Analysis/blob/94ea36800e80c9e89a2356a0b81d3eeafbd6a4f7/analysis/data/consolidated_game_data_20240505.csv
8,S8-RS-012,2,ONIC Esports,ban,4,Lunox,https://liquipedia.net/mobilelegends/MPL/Indonesia/Season_8/Regular_Season | https://github.com/LiTianYeoh/MLBB_Tournament_Analysis/blob/94ea36800e80c9e89a2356a0b81d3eeafbd6a4f7/analysis/data/consolidated_game_data_20240505.csv
8,S8-RS-012,2,ONIC Esports,ban,5,Alice,https://liquipedia.net/mobilelegends/MPL/Indonesia/Season_8/Regular_Season | https://github.com/LiTianYeoh/MLBB_Tournament_Analysis/blob/94ea36800e80c9e89a2356a0b81d3eeafbd6a4f7/analysis/data/consolidated_game_data_20240505.csv
8,S8-RS-012,2,ONIC Esports,pick,1,Saber,https://liquipedia.net/mobilelegends/MPL/Indonesia/Season_8/Regular_Season | https://github.com/LiTianYeoh/MLBB_Tournament_Analysis/blob/94ea36800e80c9e89a2356a0b81d3eeafbd6a4f7/analysis/data/consolidated_game_data_20240505.csv
8,S8-RS-012,2,ONIC Esports,pick,2,Esmeralda,https://liquipedia.net/mobilelegends/MPL/Indonesia/Season_8/Regular_Season | https://github.com/LiTianYeoh/MLBB_Tournament_Analysis/blob/94ea36800e80c9e89a2356a0b81d3eeafbd6a4f7/analysis/data/consolidated_game_data_20240505.csv
8,S8-RS-012,2,ONIC Esports,pick,3,Paquito,https://liquipedia.net/mobilelegends/MPL/Indonesia/Season_8/Regular_Season | https://github.com/LiTianYeoh/MLBB_Tournament_Analysis/blob/94ea36800e80c9e89a2356a0b81d3eeafbd6a4f7/analysis/data/consolidated_game_data_20240505.csv
8,S8-RS-012,2,ONIC Esports,pick,4,Granger,https://liquipedia.net/mobilelegends/MPL/Indonesia/Season_8/Regular_Season | https://github.com/LiTianYeoh/MLBB_Tournament_Analysis/blob/94ea36800e80c9e89a2356a0b81d3eeafbd6a4f7/analysis/data/consolidated_game_data_20240505.csv
8,S8-RS-012,2,ONIC Esports,pick,5,Khufra,https://liquipedia.net/mobilelegends/MPL/Indonesia/Season_8/Regular_Season | https://github.com/LiTianYeoh/MLBB_Tournament_Analysis/blob/94ea36800e80c9e89a2356a0b81d3eeafbd6a4f7/analysis/data/consolidated_game_data_20240505.csv
8,S8-RS-012,2,RRQ Hoshi,ban,1,Kaja,https://liquipedia.net/mobilelegends/MPL/Indonesia/Season_8/Regular_Season | https://github.com/LiTianYeoh/MLBB_Tournament_Analysis/blob/94ea36800e80c9e89a2356a0b81d3eeafbd6a4f7/analysis/data/consolidated_game_data_20240505.csv
8,S8-RS-012,2,RRQ Hoshi,ban,2,Popol and Kupa,https://liquipedia.net/mobilelegends/MPL/Indonesia/Season_8/Regular_Season | https://github.com/LiTianYeoh/MLBB_Tournament_Analysis/blob/94ea36800e80c9e89a2356a0b81d3eeafbd6a4f7/analysis/data/consolidated_game_data_20240505.csv
8,S8-RS-012,2,RRQ Hoshi,ban,3,Jawhead,https://liquipedia.net/mobilelegends/MPL/Indonesia/Season_8/Regular_Season | https://github.com/LiTianYeoh/MLBB_Tournament_Analysis/blob/94ea36800e80c9e89a2356a0b81d3eeafbd6a4f7/analysis/data/consolidated_game_data_20240505.csv
8,S8-RS-012,2,RRQ Hoshi,ban,4,Phoveus,https://liquipedia.net/mobilelegends/MPL/Indonesia/Season_8/Regular_Season | https://github.com/LiTianYeoh/MLBB_Tournament_Analysis/blob/94ea36800e80c9e89a2356a0b81d3eeafbd6a4f7/analysis/data/consolidated_game_data_20240505.csv
8,S8-RS-012,2,RRQ Hoshi,ban,5,Harley,https://liquipedia.net/mobilelegends/MPL/Indonesia/Season_8/Regular_Season | https://github.com/LiTianYeoh/MLBB_Tournament_Analysis/blob/94ea36800e80c9e89a2356a0b81d3eeafbd6a4f7/analysis/data/consolidated_game_data_20240505.csv
8,S8-RS-012,2,RRQ Hoshi,pick,1,Angela,https://liquipedia.net/mobilelegends/MPL/Indonesia/Season_8/Regular_Season | https://github.com/LiTianYeoh/MLBB_Tournament_Analysis/blob/94ea36800e80c9e89a2356a0b81d3eeafbd6a4f7/analysis/data/consolidated_game_data_20240505.csv
8,S8-RS-012,2,RRQ Hoshi,pick,2,Hayabusa,https://liquipedia.net/mobilelegends/MPL/Indonesia/Season_8/Regular_Season | https://github.com/LiTianYeoh/MLBB_Tournament_Analysis/blob/94ea36800e80c9e89a2356a0b81d3eeafbd6a4f7/analysis/data/consolidated_game_data_20240505.csv
8,S8-RS-012,2,RRQ Hoshi,pick,3,Chang'e,https://liquipedia.net/mobilelegends/MPL/Indonesia/Season_8/Regular_Season | https://github.com/LiTianYeoh/MLBB_Tournament_Analysis/blob/94ea36800e80c9e89a2356a0b81d3eeafbd6a4f7/analysis/data/consolidated_game_data_20240505.csv
8,S8-RS-012,2,RRQ Hoshi,pick,4,Ruby,https://liquipedia.net/mobilelegends/MPL/Indonesia/Season_8/Regular_Season | https://github.com/LiTianYeoh/MLBB_Tournament_Analysis/blob/94ea36800e80c9e89a2356a0b81d3eeafbd6a4f7/analysis/data/consolidated_game_data_20240505.csv
8,S8-RS-012,2,RRQ Hoshi,pick,5,Beatrix,https://liquipedia.net/mobilelegends/MPL/Indonesia/Season_8/Regular_Season | https://github.com/LiTianYeoh/MLBB_Tournament_Analysis/blob/94ea36800e80c9e89a2356a0b81d3eeafbd6a4f7/analysis/data/consolidated_game_data_20240505.csv
8,S8-RS-012,3,ONIC Esports,ban,1,Ling,https://liquipedia.net/mobilelegends/MPL/Indonesia/Season_8/Regular_Season | https://github.com/LiTianYeoh/MLBB_Tournament_Analysis/blob/94ea36800e80c9e89a2356a0b81d3eeafbd6a4f7/analysis/data/consolidated_game_data_20240505.csv
8,S8-RS-012,3,ONIC Esports,ban,2,Ruby,https://liquipedia.net/mobilelegends/MPL/Indonesia/Season_8/Regular_Season | https://github.com/LiTianYeoh/MLBB_Tournament_Analysis/blob/94ea36800e80c9e89a2356a0b81d3eeafbd6a4f7/analysis/data/consolidated_game_data_20240505.csv
8,S8-RS-012,3,ONIC Esports,ban,3,Paquito,https://liquipedia.net/mobilelegends/MPL/Indonesia/Season_8/Regular_Season | https://github.com/LiTianYeoh/MLBB_Tournament_Analysis/blob/94ea36800e80c9e89a2356a0b81d3eeafbd6a4f7/analysis/data/consolidated_game_data_20240505.csv
8,S8-RS-012,3,ONIC Esports,ban,4,Saber,https://liquipedia.net/mobilelegends/MPL/Indonesia/Season_8/Regular_Season | https://github.com/LiTianYeoh/MLBB_Tournament_Analysis/blob/94ea36800e80c9e89a2356a0b81d3eeafbd6a4f7/analysis/data/consolidated_game_data_20240505.csv
8,S8-RS-012,3,ONIC Esports,ban,5,Natan,https://liquipedia.net/mobilelegends/MPL/Indonesia/Season_8/Regular_Season | https://github.com/LiTianYeoh/MLBB_Tournament_Analysis/blob/94ea36800e80c9e89a2356a0b81d3eeafbd6a4f7/analysis/data/consolidated_game_data_20240505.csv
8,S8-RS-012,3,ONIC Esports,pick,1,Kaja,https://liquipedia.net/mobilelegends/MPL/Indonesia/Season_8/Regular_Season | https://github.com/LiTianYeoh/MLBB_Tournament_Analysis/blob/94ea36800e80c9e89a2356a0b81d3eeafbd6a4f7/analysis/data/consolidated_game_data_20240505.csv
8,S8-RS-012,3,ONIC Esports,pick,2,Balmond,https://liquipedia.net/mobilelegends/MPL/Indonesia/Season_8/Regular_Season | https://github.com/LiTianYeoh/MLBB_Tournament_Analysis/blob/94ea36800e80c9e89a2356a0b81d3eeafbd6a4f7/analysis/data/consolidated_game_data_20240505.csv
8,S8-RS-012,3,ONIC Esports,pick,3,Lunox,https://liquipedia.net/mobilelegends/MPL/Indonesia/Season_8/Regular_Season | https://github.com/LiTianYeoh/MLBB_Tournament_Analysis/blob/94ea36800e80c9e89a2356a0b81d3eeafbd6a4f7/analysis/data/consolidated_game_data_20240505.csv
8,S8-RS-012,3,ONIC Esports,pick,4,Hayabusa,https://liquipedia.net/mobilelegends/MPL/Indonesia/Season_8/Regular_Season | https://github.com/LiTianYeoh/MLBB_Tournament_Analysis/blob/94ea36800e80c9e89a2356a0b81d3eeafbd6a4f7/analysis/data/consolidated_game_data_20240505.csv
8,S8-RS-012,3,ONIC Esports,pick,5,Jawhead,https://liquipedia.net/mobilelegends/MPL/Indonesia/Season_8/Regular_Season | https://github.com/LiTianYeoh/MLBB_Tournament_Analysis/blob/94ea36800e80c9e89a2356a0b81d3eeafbd6a4f7/analysis/data/consolidated_game_data_20240505.csv
8,S8-RS-012,3,RRQ Hoshi,ban,1,Eudora,https://liquipedia.net/mobilelegends/MPL/Indonesia/Season_8/Regular_Season | https://github.com/LiTianYeoh/MLBB_Tournament_Analysis/blob/94ea36800e80c9e89a2356a0b81d3eeafbd6a4f7/analysis/data/consolidated_game_data_20240505.csv
8,S8-RS-012,3,RRQ Hoshi,ban,2,Pharsa,https://liquipedia.net/mobilelegends/MPL/Indonesia/Season_8/Regular_Season | https://github.com/LiTianYeoh/MLBB_Tournament_Analysis/blob/94ea36800e80c9e89a2356a0b81d3eeafbd6a4f7/analysis/data/consolidated_game_data_20240505.csv
8,S8-RS-012,3,RRQ Hoshi,ban,3,Phoveus,https://liquipedia.net/mobilelegends/MPL/Indonesia/Season_8/Regular_Season | https://github.com/LiTianYeoh/MLBB_Tournament_Analysis/blob/94ea36800e80c9e89a2356a0b81d3eeafbd6a4f7/analysis/data/consolidated_game_data_20240505.csv
8,S8-RS-012,3,RRQ Hoshi,ban,4,Harley,https://liquipedia.net/mobilelegends/MPL/Indonesia/Season_8/Regular_Season | https://github.com/LiTianYeoh/MLBB_Tournament_Analysis/blob/94ea36800e80c9e89a2356a0b81d3eeafbd6a4f7/analysis/data/consolidated_game_data_20240505.csv
8,S8-RS-012,3,RRQ Hoshi,ban,5,Mathilda,https://liquipedia.net/mobilelegends/MPL/Indonesia/Season_8/Regular_Season | https://github.com/LiTianYeoh/MLBB_Tournament_Analysis/blob/94ea36800e80c9e89a2356a0b81d3eeafbd6a4f7/analysis/data/consolidated_game_data_20240505.csv
8,S8-RS-012,3,RRQ Hoshi,pick,1,Rafaela,https://liquipedia.net/mobilelegends/MPL/Indonesia/Season_8/Regular_Season | https://github.com/LiTianYeoh/MLBB_Tournament_Analysis/blob/94ea36800e80c9e89a2356a0b81d3eeafbd6a4f7/analysis/data/consolidated_game_data_20240505.csv
8,S8-RS-012,3,RRQ Hoshi,pick,2,X.Borg,https://liquipedia.net/mobilelegends/MPL/Indonesia/Season_8/Regular_Season | https://github.com/LiTianYeoh/MLBB_Tournament_Analysis/blob/94ea36800e80c9e89a2356a0b81d3eeafbd6a4f7/analysis/data/consolidated_game_data_20240505.csv
8,S8-RS-012,3,RRQ Hoshi,pick,3,Esmeralda,https://liquipedia.net/mobilelegends/MPL/Indonesia/Season_8/Regular_Season | https://github.com/LiTianYeoh/MLBB_Tournament_Analysis/blob/94ea36800e80c9e89a2356a0b81d3eeafbd6a4f7/analysis/data/consolidated_game_data_20240505.csv
8,S8-RS-012,3,RRQ Hoshi,pick,4,Chou,https://liquipedia.net/mobilelegends/MPL/Indonesia/Season_8/Regular_Season | https://github.com/LiTianYeoh/MLBB_Tournament_Analysis/blob/94ea36800e80c9e89a2356a0b81d3eeafbd6a4f7/analysis/data/consolidated_game_data_20240505.csv
8,S8-RS-012,3,RRQ Hoshi,pick,5,Beatrix,https://liquipedia.net/mobilelegends/MPL/Indonesia/Season_8/Regular_Season | https://github.com/LiTianYeoh/MLBB_Tournament_Analysis/blob/94ea36800e80c9e89a2356a0b81d3eeafbd6a4f7/analysis/data/consolidated_game_data_20240505.csv
8,S8-RS-013,1,Bigetron Alpha,ban,1,Ling,https://liquipedia.net/mobilelegends/MPL/Indonesia/Season_8/Regular_Season | https://github.com/LiTianYeoh/MLBB_Tournament_Analysis/blob/94ea36800e80c9e89a2356a0b81d3eeafbd6a4f7/analysis/data/consolidated_game_data_20240505.csv
8,S8-RS-013,1,Bigetron Alpha,ban,2,Pharsa,https://liquipedia.net/mobilelegends/MPL/Indonesia/Season_8/Regular_Season | https://github.com/LiTianYeoh/MLBB_Tournament_Analysis/blob/94ea36800e80c9e89a2356a0b81d3eeafbd6a4f7/analysis/data/consolidated_game_data_20240505.csv
8,S8-RS-013,1,Bigetron Alpha,ban,3,Saber,https://liquipedia.net/mobilelegends/MPL/Indonesia/Season_8/Regular_Season | https://github.com/LiTianYeoh/MLBB_Tournament_Analysis/blob/94ea36800e80c9e89a2356a0b81d3eeafbd6a4f7/analysis/data/consolidated_game_data_20240505.csv
8,S8-RS-013,1,Bigetron Alpha,ban,4,Lancelot,https://liquipedia.net/mobilelegends/MPL/Indonesia/Season_8/Regular_Season | https://github.com/LiTianYeoh/MLBB_Tournament_Analysis/blob/94ea36800e80c9e89a2356a0b81d3eeafbd6a4f7/analysis/data/consolidated_game_data_20240505.csv
8,S8-RS-013,1,Bigetron Alpha,ban,5,Yi Sun-Shin,https://liquipedia.net/mobilelegends/MPL/Indonesia/Season_8/Regular_Season | https://github.com/LiTianYeoh/MLBB_Tournament_Analysis/blob/94ea36800e80c9e89a2356a0b81d3eeafbd6a4f7/analysis/data/consolidated_game_data_20240505.csv
8,S8-RS-013,1,Bigetron Alpha,pick,1,Natan,https://liquipedia.net/mobilelegends/MPL/Indonesia/Season_8/Regular_Season | https://github.com/LiTianYeoh/MLBB_Tournament_Analysis/blob/94ea36800e80c9e89a2356a0b81d3eeafbd6a4f7/analysis/data/consolidated_game_data_20240505.csv
8,S8-RS-013,1,Bigetron Alpha,pick,2,Barats,https://liquipedia.net/mobilelegends/MPL/Indonesia/Season_8/Regular_Season | https://github.com/LiTianYeoh/MLBB_Tournament_Analysis/blob/94ea36800e80c9e89a2356a0b81d3eeafbd6a4f7/analysis/data/consolidated_game_data_20240505.csv
8,S8-RS-013,1,Bigetron Alpha,pick,3,Ruby,https://liquipedia.net/mobilelegends/MPL/Indonesia/Season_8/Regular_Season | https://github.com/LiTianYeoh/MLBB_Tournament_Analysis/blob/94ea36800e80c9e89a2356a0b81d3eeafbd6a4f7/analysis/data/consolidated_game_data_20240505.csv
8,S8-RS-013,1,Bigetron Alpha,pick,4,Hayabusa,https://liquipedia.net/mobilelegends/MPL/Indonesia/Season_8/Regular_Season | https://github.com/LiTianYeoh/MLBB_Tournament_Analysis/blob/94ea36800e80c9e89a2356a0b81d3eeafbd6a4f7/analysis/data/consolidated_game_data_20240505.csv
8,S8-RS-013,1,Bigetron Alpha,pick,5,Atlas,https://liquipedia.net/mobilelegends/MPL/Indonesia/Season_8/Regular_Season | https://github.com/LiTianYeoh/MLBB_Tournament_Analysis/blob/94ea36800e80c9e89a2356a0b81d3eeafbd6a4f7/analysis/data/consolidated_game_data_20240505.csv
8,S8-RS-013,1,RRQ Hoshi,ban,1,Kagura,https://liquipedia.net/mobilelegends/MPL/Indonesia/Season_8/Regular_Season | https://github.com/LiTianYeoh/MLBB_Tournament_Analysis/blob/94ea36800e80c9e89a2356a0b81d3eeafbd6a4f7/analysis/data/consolidated_game_data_20240505.csv
8,S8-RS-013,1,RRQ Hoshi,ban,2,Lunox,https://liquipedia.net/mobilelegends/MPL/Indonesia/Season_8/Regular_Season | https://github.com/LiTianYeoh/MLBB_Tournament_Analysis/blob/94ea36800e80c9e89a2356a0b81d3eeafbd6a4f7/analysis/data/consolidated_game_data_20240505.csv
8,S8-RS-013,1,RRQ Hoshi,ban,3,Phoveus,https://liquipedia.net/mobilelegends/MPL/Indonesia/Season_8/Regular_Season | https://github.com/LiTianYeoh/MLBB_Tournament_Analysis/blob/94ea36800e80c9e89a2356a0b81d3eeafbd6a4f7/analysis/data/consolidated_game_data_20240505.csv
8,S8-RS-013,1,RRQ Hoshi,ban,4,Harley,https://liquipedia.net/mobilelegends/MPL/Indonesia/Season_8/Regular_Season | https://github.com/LiTianYeoh/MLBB_Tournament_Analysis/blob/94ea36800e80c9e89a2356a0b81d3eeafbd6a4f7/analysis/data/consolidated_game_data_20240505.csv
8,S8-RS-013,1,RRQ Hoshi,ban,5,Mathilda,https://liquipedia.net/mobilelegends/MPL/Indonesia/Season_8/Regular_Season | https://github.com/LiTianYeoh/MLBB_Tournament_Analysis/blob/94ea36800e80c9e89a2356a0b81d3eeafbd6a4f7/analysis/data/consolidated_game_data_20240505.csv
8,S8-RS-013,1,RRQ Hoshi,pick,1,Jawhead,https://liquipedia.net/mobilelegends/MPL/Indonesia/Season_8/Regular_Season | https://github.com/LiTianYeoh/MLBB_Tournament_Analysis/blob/94ea36800e80c9e89a2356a0b81d3eeafbd6a4f7/analysis/data/consolidated_game_data_20240505.csv
8,S8-RS-013,1,RRQ Hoshi,pick,2,Roger,https://liquipedia.net/mobilelegends/MPL/Indonesia/Season_8/Regular_Season | https://github.com/LiTianYeoh/MLBB_Tournament_Analysis/blob/94ea36800e80c9e89a2356a0b81d3eeafbd6a4f7/analysis/data/consolidated_game_data_20240505.csv
8,S8-RS-013,1,RRQ Hoshi,pick,3,Chang'e,https://liquipedia.net/mobilelegends/MPL/Indonesia/Season_8/Regular_Season | https://github.com/LiTianYeoh/MLBB_Tournament_Analysis/blob/94ea36800e80c9e89a2356a0b81d3eeafbd6a4f7/analysis/data/consolidated_game_data_20240505.csv
8,S8-RS-013,1,RRQ Hoshi,pick,4,Paquito,https://liquipedia.net/mobilelegends/MPL/Indonesia/Season_8/Regular_Season | https://github.com/LiTianYeoh/MLBB_Tournament_Analysis/blob/94ea36800e80c9e89a2356a0b81d3eeafbd6a4f7/analysis/data/consolidated_game_data_20240505.csv
8,S8-RS-013,1,RRQ Hoshi,pick,5,Eudora,https://liquipedia.net/mobilelegends/MPL/Indonesia/Season_8/Regular_Season | https://github.com/LiTianYeoh/MLBB_Tournament_Analysis/blob/94ea36800e80c9e89a2356a0b81d3eeafbd6a4f7/analysis/data/consolidated_game_data_20240505.csv
8,S8-RS-013,2,Bigetron Alpha,ban,1,Ling,https://liquipedia.net/mobilelegends/MPL/Indonesia/Season_8/Regular_Season | https://github.com/LiTianYeoh/MLBB_Tournament_Analysis/blob/94ea36800e80c9e89a2356a0b81d3eeafbd6a4f7/analysis/data/consolidated_game_data_20240505.csv
8,S8-RS-013,2,Bigetron Alpha,ban,2,Paquito,https://liquipedia.net/mobilelegends/MPL/Indonesia/Season_8/Regular_Season | https://github.com/LiTianYeoh/MLBB_Tournament_Analysis/blob/94ea36800e80c9e89a2356a0b81d3eeafbd6a4f7/analysis/data/consolidated_game_data_20240505.csv
8,S8-RS-013,2,Bigetron Alpha,ban,3,Mathilda,https://liquipedia.net/mobilelegends/MPL/Indonesia/Season_8/Regular_Season | https://github.com/LiTianYeoh/MLBB_Tournament_Analysis/blob/94ea36800e80c9e89a2356a0b81d3eeafbd6a4f7/analysis/data/consolidated_game_data_20240505.csv
8,S8-RS-013,2,Bigetron Alpha,ban,4,Kagura,https://liquipedia.net/mobilelegends/MPL/Indonesia/Season_8/Regular_Season | https://github.com/LiTianYeoh/MLBB_Tournament_Analysis/blob/94ea36800e80c9e89a2356a0b81d3eeafbd6a4f7/analysis/data/consolidated_game_data_20240505.csv
8,S8-RS-013,2,Bigetron Alpha,ban,5,Chou,https://liquipedia.net/mobilelegends/MPL/Indonesia/Season_8/Regular_Season | https://github.com/LiTianYeoh/MLBB_Tournament_Analysis/blob/94ea36800e80c9e89a2356a0b81d3eeafbd6a4f7/analysis/data/consolidated_game_data_20240505.csv
8,S8-RS-013,2,Bigetron Alpha,pick,1,Saber,https://liquipedia.net/mobilelegends/MPL/Indonesia/Season_8/Regular_Season | https://github.com/LiTianYeoh/MLBB_Tournament_Analysis/blob/94ea36800e80c9e89a2356a0b81d3eeafbd6a4f7/analysis/data/consolidated_game_data_20240505.csv
8,S8-RS-013,2,Bigetron Alpha,pick,2,X.Borg,https://liquipedia.net/mobilelegends/MPL/Indonesia/Season_8/Regular_Season | https://github.com/LiTianYeoh/MLBB_Tournament_Analysis/blob/94ea36800e80c9e89a2356a0b81d3eeafbd6a4f7/analysis/data/consolidated_game_data_20240505.csv
8,S8-RS-013,2,Bigetron Alpha,pick,3,Pharsa,https://liquipedia.net/mobilelegends/MPL/Indonesia/Season_8/Regular_Season | https://github.com/LiTianYeoh/MLBB_Tournament_Analysis/blob/94ea36800e80c9e89a2356a0b81d3eeafbd6a4f7/analysis/data/consolidated_game_data_20240505.csv
8,S8-RS-013,2,Bigetron Alpha,pick,4,Claude,https://liquipedia.net/mobilelegends/MPL/Indonesia/Season_8/Regular_Season | https://github.com/LiTianYeoh/MLBB_Tournament_Analysis/blob/94ea36800e80c9e89a2356a0b81d3eeafbd6a4f7/analysis/data/consolidated_game_data_20240505.csv
8,S8-RS-013,2,Bigetron Alpha,pick,5,Khufra,https://liquipedia.net/mobilelegends/MPL/Indonesia/Season_8/Regular_Season | https://github.com/LiTianYeoh/MLBB_Tournament_Analysis/blob/94ea36800e80c9e89a2356a0b81d3eeafbd6a4f7/analysis/data/consolidated_game_data_20240505.csv
8,S8-RS-013,2,RRQ Hoshi,ban,1,Lunox,https://liquipedia.net/mobilelegends/MPL/Indonesia/Season_8/Regular_Season | https://github.com/LiTianYeoh/MLBB_Tournament_Analysis/blob/94ea36800e80c9e89a2356a0b81d3eeafbd6a4f7/analysis/data/consolidated_game_data_20240505.csv
8,S8-RS-013,2,RRQ Hoshi,ban,2,Roger,https://liquipedia.net/mobilelegends/MPL/Indonesia/Season_8/Regular_Season | https://github.com/LiTianYeoh/MLBB_Tournament_Analysis/blob/94ea36800e80c9e89a2356a0b81d3eeafbd6a4f7/analysis/data/consolidated_game_data_20240505.csv
8,S8-RS-013,2,RRQ Hoshi,ban,3,Phoveus,https://liquipedia.net/mobilelegends/MPL/Indonesia/Season_8/Regular_Season | https://github.com/LiTianYeoh/MLBB_Tournament_Analysis/blob/94ea36800e80c9e89a2356a0b81d3eeafbd6a4f7/analysis/data/consolidated_game_data_20240505.csv
8,S8-RS-013,2,RRQ Hoshi,ban,4,Jawhead,https://liquipedia.net/mobilelegends/MPL/Indonesia/Season_8/Regular_Season | https://github.com/LiTianYeoh/MLBB_Tournament_Analysis/blob/94ea36800e80c9e89a2356a0b81d3eeafbd6a4f7/analysis/data/consolidated_game_data_20240505.csv
8,S8-RS-013,2,RRQ Hoshi,ban,5,Harley,https://liquipedia.net/mobilelegends/MPL/Indonesia/Season_8/Regular_Season | https://github.com/LiTianYeoh/MLBB_Tournament_Analysis/blob/94ea36800e80c9e89a2356a0b81d3eeafbd6a4f7/analysis/data/consolidated_game_data_20240505.csv
8,S8-RS-013,2,RRQ Hoshi,pick,1,Angela,https://liquipedia.net/mobilelegends/MPL/Indonesia/Season_8/Regular_Season | https://github.com/LiTianYeoh/MLBB_Tournament_Analysis/blob/94ea36800e80c9e89a2356a0b81d3eeafbd6a4f7/analysis/data/consolidated_game_data_20240505.csv
8,S8-RS-013,2,RRQ Hoshi,pick,2,Hayabusa,https://liquipedia.net/mobilelegends/MPL/Indonesia/Season_8/Regular_Season | https://github.com/LiTianYeoh/MLBB_Tournament_Analysis/blob/94ea36800e80c9e89a2356a0b81d3eeafbd6a4f7/analysis/data/consolidated_game_data_20240505.csv
8,S8-RS-013,2,RRQ Hoshi,pick,3,Esmeralda,https://liquipedia.net/mobilelegends/MPL/Indonesia/Season_8/Regular_Season | https://github.com/LiTianYeoh/MLBB_Tournament_Analysis/blob/94ea36800e80c9e89a2356a0b81d3eeafbd6a4f7/analysis/data/consolidated_game_data_20240505.csv
8,S8-RS-013,2,RRQ Hoshi,pick,4,Yu Zhong,https://liquipedia.net/mobilelegends/MPL/Indonesia/Season_8/Regular_Season | https://github.com/LiTianYeoh/MLBB_Tournament_Analysis/blob/94ea36800e80c9e89a2356a0b81d3eeafbd6a4f7/analysis/data/consolidated_game_data_20240505.csv
8,S8-RS-013,2,RRQ Hoshi,pick,5,Lylia,https://liquipedia.net/mobilelegends/MPL/Indonesia/Season_8/Regular_Season | https://github.com/LiTianYeoh/MLBB_Tournament_Analysis/blob/94ea36800e80c9e89a2356a0b81d3eeafbd6a4f7/analysis/data/consolidated_game_data_20240505.csv
8,S8-RS-014,1,Geek Fam ID,ban,1,X.Borg,https://liquipedia.net/mobilelegends/MPL/Indonesia/Season_8/Regular_Season | https://github.com/LiTianYeoh/MLBB_Tournament_Analysis/blob/94ea36800e80c9e89a2356a0b81d3eeafbd6a4f7/analysis/data/consolidated_game_data_20240505.csv
8,S8-RS-014,1,Geek Fam ID,ban,2,Hayabusa,https://liquipedia.net/mobilelegends/MPL/Indonesia/Season_8/Regular_Season | https://github.com/LiTianYeoh/MLBB_Tournament_Analysis/blob/94ea36800e80c9e89a2356a0b81d3eeafbd6a4f7/analysis/data/consolidated_game_data_20240505.csv
8,S8-RS-014,1,Geek Fam ID,ban,3,Jawhead,https://liquipedia.net/mobilelegends/MPL/Indonesia/Season_8/Regular_Season | https://github.com/LiTianYeoh/MLBB_Tournament_Analysis/blob/94ea36800e80c9e89a2356a0b81d3eeafbd6a4f7/analysis/data/consolidated_game_data_20240505.csv
8,S8-RS-014,1,Geek Fam ID,ban,4,Pharsa,https://liquipedia.net/mobilelegends/MPL/Indonesia/Season_8/Regular_Season | https://github.com/LiTianYeoh/MLBB_Tournament_Analysis/blob/94ea36800e80c9e89a2356a0b81d3eeafbd6a4f7/analysis/data/consolidated_game_data_20240505.csv
8,S8-RS-014,1,Geek Fam ID,ban,5,Balmond,https://liquipedia.net/mobilelegends/MPL/Indonesia/Season_8/Regular_Season | https://github.com/LiTianYeoh/MLBB_Tournament_Analysis/blob/94ea36800e80c9e89a2356a0b81d3eeafbd6a4f7/analysis/data/consolidated_game_data_20240505.csv
8,S8-RS-014,1,Geek Fam ID,pick,1,Lunox,https://liquipedia.net/mobilelegends/MPL/Indonesia/Season_8/Regular_Season | https://github.com/LiTianYeoh/MLBB_Tournament_Analysis/blob/94ea36800e80c9e89a2356a0b81d3eeafbd6a4f7/analysis/data/consolidated_game_data_20240505.csv
8,S8-RS-014,1,Geek Fam ID,pick,2,Lapu-Lapu,https://liquipedia.net/mobilelegends/MPL/Indonesia/Season_8/Regular_Season | https://github.com/LiTianYeoh/MLBB_Tournament_Analysis/blob/94ea36800e80c9e89a2356a0b81d3eeafbd6a4f7/analysis/data/consolidated_game_data_20240505.csv
8,S8-RS-014,1,Geek Fam ID,pick,3,Ruby,https://liquipedia.net/mobilelegends/MPL/Indonesia/Season_8/Regular_Season | https://github.com/LiTianYeoh/MLBB_Tournament_Analysis/blob/94ea36800e80c9e89a2356a0b81d3eeafbd6a4f7/analysis/data/consolidated_game_data_20240505.csv
8,S8-RS-014,1,Geek Fam ID,pick,4,Natan,https://liquipedia.net/mobilelegends/MPL/Indonesia/Season_8/Regular_Season | https://github.com/LiTianYeoh/MLBB_Tournament_Analysis/blob/94ea36800e80c9e89a2356a0b81d3eeafbd6a4f7/analysis/data/consolidated_game_data_20240505.csv
8,S8-RS-014,1,Geek Fam ID,pick,5,Tigreal,https://liquipedia.net/mobilelegends/MPL/Indonesia/Season_8/Regular_Season | https://github.com/LiTianYeoh/MLBB_Tournament_Analysis/blob/94ea36800e80c9e89a2356a0b81d3eeafbd6a4f7/analysis/data/consolidated_game_data_20240505.csv
8,S8-RS-014,1,Rebellion Genflix,ban,1,Khufra,https://liquipedia.net/mobilelegends/MPL/Indonesia/Season_8/Regular_Season | https://github.com/LiTianYeoh/MLBB_Tournament_Analysis/blob/94ea36800e80c9e89a2356a0b81d3eeafbd6a4f7/analysis/data/consolidated_game_data_20240505.csv
8,S8-RS-014,1,Rebellion Genflix,ban,2,Chou,https://liquipedia.net/mobilelegends/MPL/Indonesia/Season_8/Regular_Season | https://github.com/LiTianYeoh/MLBB_Tournament_Analysis/blob/94ea36800e80c9e89a2356a0b81d3eeafbd6a4f7/analysis/data/consolidated_game_data_20240505.csv
8,S8-RS-014,1,Rebellion Genflix,ban,3,Phoveus,https://liquipedia.net/mobilelegends/MPL/Indonesia/Season_8/Regular_Season | https://github.com/LiTianYeoh/MLBB_Tournament_Analysis/blob/94ea36800e80c9e89a2356a0b81d3eeafbd6a4f7/analysis/data/consolidated_game_data_20240505.csv
8,S8-RS-014,1,Rebellion Genflix,ban,4,Mathilda,https://liquipedia.net/mobilelegends/MPL/Indonesia/Season_8/Regular_Season | https://github.com/LiTianYeoh/MLBB_Tournament_Analysis/blob/94ea36800e80c9e89a2356a0b81d3eeafbd6a4f7/analysis/data/consolidated_game_data_20240505.csv
8,S8-RS-014,1,Rebellion Genflix,ban,5,Paquito,https://liquipedia.net/mobilelegends/MPL/Indonesia/Season_8/Regular_Season | https://github.com/LiTianYeoh/MLBB_Tournament_Analysis/blob/94ea36800e80c9e89a2356a0b81d3eeafbd6a4f7/analysis/data/consolidated_game_data_20240505.csv
8,S8-RS-014,1,Rebellion Genflix,pick,1,Popol and Kupa,https://liquipedia.net/mobilelegends/MPL/Indonesia/Season_8/Regular_Season | https://github.com/LiTianYeoh/MLBB_Tournament_Analysis/blob/94ea36800e80c9e89a2356a0b81d3eeafbd6a4f7/analysis/data/consolidated_game_data_20240505.csv
8,S8-RS-014,1,Rebellion Genflix,pick,2,Harley,https://liquipedia.net/mobilelegends/MPL/Indonesia/Season_8/Regular_Season | https://github.com/LiTianYeoh/MLBB_Tournament_Analysis/blob/94ea36800e80c9e89a2356a0b81d3eeafbd6a4f7/analysis/data/consolidated_game_data_20240505.csv
8,S8-RS-014,1,Rebellion Genflix,pick,3,Benedetta,https://liquipedia.net/mobilelegends/MPL/Indonesia/Season_8/Regular_Season | https://github.com/LiTianYeoh/MLBB_Tournament_Analysis/blob/94ea36800e80c9e89a2356a0b81d3eeafbd6a4f7/analysis/data/consolidated_game_data_20240505.csv
8,S8-RS-014,1,Rebellion Genflix,pick,4,Thamuz,https://liquipedia.net/mobilelegends/MPL/Indonesia/Season_8/Regular_Season | https://github.com/LiTianYeoh/MLBB_Tournament_Analysis/blob/94ea36800e80c9e89a2356a0b81d3eeafbd6a4f7/analysis/data/consolidated_game_data_20240505.csv
8,S8-RS-014,1,Rebellion Genflix,pick,5,Kaja,https://liquipedia.net/mobilelegends/MPL/Indonesia/Season_8/Regular_Season | https://github.com/LiTianYeoh/MLBB_Tournament_Analysis/blob/94ea36800e80c9e89a2356a0b81d3eeafbd6a4f7/analysis/data/consolidated_game_data_20240505.csv
8,S8-RS-014,2,Geek Fam ID,ban,1,Jawhead,https://liquipedia.net/mobilelegends/MPL/Indonesia/Season_8/Regular_Season | https://github.com/LiTianYeoh/MLBB_Tournament_Analysis/blob/94ea36800e80c9e89a2356a0b81d3eeafbd6a4f7/analysis/data/consolidated_game_data_20240505.csv
8,S8-RS-014,2,Geek Fam ID,ban,2,Paquito,https://liquipedia.net/mobilelegends/MPL/Indonesia/Season_8/Regular_Season | https://github.com/LiTianYeoh/MLBB_Tournament_Analysis/blob/94ea36800e80c9e89a2356a0b81d3eeafbd6a4f7/analysis/data/consolidated_game_data_20240505.csv
8,S8-RS-014,2,Geek Fam ID,ban,3,X.Borg,https://liquipedia.net/mobilelegends/MPL/Indonesia/Season_8/Regular_Season | https://github.com/LiTianYeoh/MLBB_Tournament_Analysis/blob/94ea36800e80c9e89a2356a0b81d3eeafbd6a4f7/analysis/data/consolidated_game_data_20240505.csv
8,S8-RS-014,2,Geek Fam ID,ban,4,Yi Sun-Shin,https://liquipedia.net/mobilelegends/MPL/Indonesia/Season_8/Regular_Season | https://github.com/LiTianYeoh/MLBB_Tournament_Analysis/blob/94ea36800e80c9e89a2356a0b81d3eeafbd6a4f7/analysis/data/consolidated_game_data_20240505.csv
8,S8-RS-014,2,Geek Fam ID,ban,5,Barats,https://liquipedia.net/mobilelegends/MPL/Indonesia/Season_8/Regular_Season | https://github.com/LiTianYeoh/MLBB_Tournament_Analysis/blob/94ea36800e80c9e89a2356a0b81d3eeafbd6a4f7/analysis/data/consolidated_game_data_20240505.csv
8,S8-RS-014,2,Geek Fam ID,pick,1,Saber,https://liquipedia.net/mobilelegends/MPL/Indonesia/Season_8/Regular_Season | https://github.com/LiTianYeoh/MLBB_Tournament_Analysis/blob/94ea36800e80c9e89a2356a0b81d3eeafbd6a4f7/analysis/data/consolidated_game_data_20240505.csv
8,S8-RS-014,2,Geek Fam ID,pick,2,Thamuz,https://liquipedia.net/mobilelegends/MPL/Indonesia/Season_8/Regular_Season | https://github.com/LiTianYeoh/MLBB_Tournament_Analysis/blob/94ea36800e80c9e89a2356a0b81d3eeafbd6a4f7/analysis/data/consolidated_game_data_20240505.csv
8,S8-RS-014,2,Geek Fam ID,pick,3,Esmeralda,https://liquipedia.net/mobilelegends/MPL/Indonesia/Season_8/Regular_Season | https://github.com/LiTianYeoh/MLBB_Tournament_Analysis/blob/94ea36800e80c9e89a2356a0b81d3eeafbd6a4f7/analysis/data/consolidated_game_data_20240505.csv
8,S8-RS-014,2,Geek Fam ID,pick,4,Hayabusa,https://liquipedia.net/mobilelegends/MPL/Indonesia/Season_8/Regular_Season | https://github.com/LiTianYeoh/MLBB_Tournament_Analysis/blob/94ea36800e80c9e89a2356a0b81d3eeafbd6a4f7/analysis/data/consolidated_game_data_20240505.csv
8,S8-RS-014,2,Geek Fam ID,pick,5,Minsitthar,https://liquipedia.net/mobilelegends/MPL/Indonesia/Season_8/Regular_Season | https://github.com/LiTianYeoh/MLBB_Tournament_Analysis/blob/94ea36800e80c9e89a2356a0b81d3eeafbd6a4f7/analysis/data/consolidated_game_data_20240505.csv
8,S8-RS-014,2,Rebellion Genflix,ban,1,Grock,https://liquipedia.net/mobilelegends/MPL/Indonesia/Season_8/Regular_Season | https://github.com/LiTianYeoh/MLBB_Tournament_Analysis/blob/94ea36800e80c9e89a2356a0b81d3eeafbd6a4f7/analysis/data/consolidated_game_data_20240505.csv
8,S8-RS-014,2,Rebellion Genflix,ban,2,Khufra,https://liquipedia.net/mobilelegends/MPL/Indonesia/Season_8/Regular_Season | https://github.com/LiTianYeoh/MLBB_Tournament_Analysis/blob/94ea36800e80c9e89a2356a0b81d3eeafbd6a4f7/analysis/data/consolidated_game_data_20240505.csv
8,S8-RS-014,2,Rebellion Genflix,ban,3,Phoveus,https://liquipedia.net/mobilelegends/MPL/Indonesia/Season_8/Regular_Season | https://github.com/LiTianYeoh/MLBB_Tournament_Analysis/blob/94ea36800e80c9e89a2356a0b81d3eeafbd6a4f7/analysis/data/consolidated_game_data_20240505.csv
8,S8-RS-014,2,Rebellion Genflix,ban,4,Mathilda,https://liquipedia.net/mobilelegends/MPL/Indonesia/Season_8/Regular_Season | https://github.com/LiTianYeoh/MLBB_Tournament_Analysis/blob/94ea36800e80c9e89a2356a0b81d3eeafbd6a4f7/analysis/data/consolidated_game_data_20240505.csv
8,S8-RS-014,2,Rebellion Genflix,ban,5,Natan,https://liquipedia.net/mobilelegends/MPL/Indonesia/Season_8/Regular_Season | https://github.com/LiTianYeoh/MLBB_Tournament_Analysis/blob/94ea36800e80c9e89a2356a0b81d3eeafbd6a4f7/analysis/data/consolidated_game_data_20240505.csv
8,S8-RS-014,2,Rebellion Genflix,pick,1,Chou,https://liquipedia.net/mobilelegends/MPL/Indonesia/Season_8/Regular_Season | https://github.com/LiTianYeoh/MLBB_Tournament_Analysis/blob/94ea36800e80c9e89a2356a0b81d3eeafbd6a4f7/analysis/data/consolidated_game_data_20240505.csv
8,S8-RS-014,2,Rebellion Genflix,pick,2,Lancelot,https://liquipedia.net/mobilelegends/MPL/Indonesia/Season_8/Regular_Season | https://github.com/LiTianYeoh/MLBB_Tournament_Analysis/blob/94ea36800e80c9e89a2356a0b81d3eeafbd6a4f7/analysis/data/consolidated_game_data_20240505.csv
8,S8-RS-014,2,Rebellion Genflix,pick,3,Balmond,https://liquipedia.net/mobilelegends/MPL/Indonesia/Season_8/Regular_Season | https://github.com/LiTianYeoh/MLBB_Tournament_Analysis/blob/94ea36800e80c9e89a2356a0b81d3eeafbd6a4f7/analysis/data/consolidated_game_data_20240505.csv
8,S8-RS-014,2,Rebellion Genflix,pick,4,Ruby,https://liquipedia.net/mobilelegends/MPL/Indonesia/Season_8/Regular_Season | https://github.com/LiTianYeoh/MLBB_Tournament_Analysis/blob/94ea36800e80c9e89a2356a0b81d3eeafbd6a4f7/analysis/data/consolidated_game_data_20240505.csv
8,S8-RS-014,2,Rebellion Genflix,pick,5,Lunox,https://liquipedia.net/mobilelegends/MPL/Indonesia/Season_8/Regular_Season | https://github.com/LiTianYeoh/MLBB_Tournament_Analysis/blob/94ea36800e80c9e89a2356a0b81d3eeafbd6a4f7/analysis/data/consolidated_game_data_20240505.csv
8,S8-RS-014,3,Geek Fam ID,ban,1,Hayabusa,https://liquipedia.net/mobilelegends/MPL/Indonesia/Season_8/Regular_Season | https://github.com/LiTianYeoh/MLBB_Tournament_Analysis/blob/94ea36800e80c9e89a2356a0b81d3eeafbd6a4f7/analysis/data/consolidated_game_data_20240505.csv
8,S8-RS-014,3,Geek Fam ID,ban,2,Paquito,https://liquipedia.net/mobilelegends/MPL/Indonesia/Season_8/Regular_Season | https://github.com/LiTianYeoh/MLBB_Tournament_Analysis/blob/94ea36800e80c9e89a2356a0b81d3eeafbd6a4f7/analysis/data/consolidated_game_data_20240505.csv
8,S8-RS-014,3,Geek Fam ID,ban,3,Jawhead,https://liquipedia.net/mobilelegends/MPL/Indonesia/Season_8/Regular_Season | https://github.com/LiTianYeoh/MLBB_Tournament_Analysis/blob/94ea36800e80c9e89a2356a0b81d3eeafbd6a4f7/analysis/data/consolidated_game_data_20240505.csv
8,S8-RS-014,3,Geek Fam ID,ban,4,Balmond,https://liquipedia.net/mobilelegends/MPL/Indonesia/Season_8/Regular_Season | https://github.com/LiTianYeoh/MLBB_Tournament_Analysis/blob/94ea36800e80c9e89a2356a0b81d3eeafbd6a4f7/analysis/data/consolidated_game_data_20240505.csv
8,S8-RS-014,3,Geek Fam ID,ban,5,Grock,https://liquipedia.net/mobilelegends/MPL/Indonesia/Season_8/Regular_Season | https://github.com/LiTianYeoh/MLBB_Tournament_Analysis/blob/94ea36800e80c9e89a2356a0b81d3eeafbd6a4f7/analysis/data/consolidated_game_data_20240505.csv
8,S8-RS-014,3,Geek Fam ID,pick,1,Lunox,https://liquipedia.net/mobilelegends/MPL/Indonesia/Season_8/Regular_Season | https://github.com/LiTianYeoh/MLBB_Tournament_Analysis/blob/94ea36800e80c9e89a2356a0b81d3eeafbd6a4f7/analysis/data/consolidated_game_data_20240505.csv
8,S8-RS-014,3,Geek Fam ID,pick,2,Lapu-Lapu,https://liquipedia.net/mobilelegends/MPL/Indonesia/Season_8/Regular_Season | https://github.com/LiTianYeoh/MLBB_Tournament_Analysis/blob/94ea36800e80c9e89a2356a0b81d3eeafbd6a4f7/analysis/data/consolidated_game_data_20240505.csv
8,S8-RS-014,3,Geek Fam ID,pick,3,Kaja,https://liquipedia.net/mobilelegends/MPL/Indonesia/Season_8/Regular_Season | https://github.com/LiTianYeoh/MLBB_Tournament_Analysis/blob/94ea36800e80c9e89a2356a0b81d3eeafbd6a4f7/analysis/data/consolidated_game_data_20240505.csv
8,S8-RS-014,3,Geek Fam ID,pick,4,X.Borg,https://liquipedia.net/mobilelegends/MPL/Indonesia/Season_8/Regular_Season | https://github.com/LiTianYeoh/MLBB_Tournament_Analysis/blob/94ea36800e80c9e89a2356a0b81d3eeafbd6a4f7/analysis/data/consolidated_game_data_20240505.csv
8,S8-RS-014,3,Geek Fam ID,pick,5,Khufra,https://liquipedia.net/mobilelegends/MPL/Indonesia/Season_8/Regular_Season | https://github.com/LiTianYeoh/MLBB_Tournament_Analysis/blob/94ea36800e80c9e89a2356a0b81d3eeafbd6a4f7/analysis/data/consolidated_game_data_20240505.csv
8,S8-RS-014,3,Rebellion Genflix,ban,1,Yu Zhong,https://liquipedia.net/mobilelegends/MPL/Indonesia/Season_8/Regular_Season | https://github.com/LiTianYeoh/MLBB_Tournament_Analysis/blob/94ea36800e80c9e89a2356a0b81d3eeafbd6a4f7/analysis/data/consolidated_game_data_20240505.csv
8,S8-RS-014,3,Rebellion Genflix,ban,2,Benedetta,https://liquipedia.net/mobilelegends/MPL/Indonesia/Season_8/Regular_Season | https://github.com/LiTianYeoh/MLBB_Tournament_Analysis/blob/94ea36800e80c9e89a2356a0b81d3eeafbd6a4f7/analysis/data/consolidated_game_data_20240505.csv
8,S8-RS-014,3,Rebellion Genflix,ban,3,Phoveus,https://liquipedia.net/mobilelegends/MPL/Indonesia/Season_8/Regular_Season | https://github.com/LiTianYeoh/MLBB_Tournament_Analysis/blob/94ea36800e80c9e89a2356a0b81d3eeafbd6a4f7/analysis/data/consolidated_game_data_20240505.csv
8,S8-RS-014,3,Rebellion Genflix,ban,4,Mathilda,https://liquipedia.net/mobilelegends/MPL/Indonesia/Season_8/Regular_Season | https://github.com/LiTianYeoh/MLBB_Tournament_Analysis/blob/94ea36800e80c9e89a2356a0b81d3eeafbd6a4f7/analysis/data/consolidated_game_data_20240505.csv
8,S8-RS-014,3,Rebellion Genflix,ban,5,Natan,https://liquipedia.net/mobilelegends/MPL/Indonesia/Season_8/Regular_Season | https://github.com/LiTianYeoh/MLBB_Tournament_Analysis/blob/94ea36800e80c9e89a2356a0b81d3eeafbd6a4f7/analysis/data/consolidated_game_data_20240505.csv
8,S8-RS-014,3,Rebellion Genflix,pick,1,Chou,https://liquipedia.net/mobilelegends/MPL/Indonesia/Season_8/Regular_Season | https://github.com/LiTianYeoh/MLBB_Tournament_Analysis/blob/94ea36800e80c9e89a2356a0b81d3eeafbd6a4f7/analysis/data/consolidated_game_data_20240505.csv
8,S8-RS-014,3,Rebellion Genflix,pick,2,Lancelot,https://liquipedia.net/mobilelegends/MPL/Indonesia/Season_8/Regular_Season | https://github.com/LiTianYeoh/MLBB_Tournament_Analysis/blob/94ea36800e80c9e89a2356a0b81d3eeafbd6a4f7/analysis/data/consolidated_game_data_20240505.csv
8,S8-RS-014,3,Rebellion Genflix,pick,3,Chang'e,https://liquipedia.net/mobilelegends/MPL/Indonesia/Season_8/Regular_Season | https://github.com/LiTianYeoh/MLBB_Tournament_Analysis/blob/94ea36800e80c9e89a2356a0b81d3eeafbd6a4f7/analysis/data/consolidated_game_data_20240505.csv
8,S8-RS-014,3,Rebellion Genflix,pick,4,Ruby,https://liquipedia.net/mobilelegends/MPL/Indonesia/Season_8/Regular_Season | https://github.com/LiTianYeoh/MLBB_Tournament_Analysis/blob/94ea36800e80c9e89a2356a0b81d3eeafbd6a4f7/analysis/data/consolidated_game_data_20240505.csv
8,S8-RS-014,3,Rebellion Genflix,pick,5,Pharsa,https://liquipedia.net/mobilelegends/MPL/Indonesia/Season_8/Regular_Season | https://github.com/LiTianYeoh/MLBB_Tournament_Analysis/blob/94ea36800e80c9e89a2356a0b81d3eeafbd6a4f7/analysis/data/consolidated_game_data_20240505.csv
8,S8-RS-015,1,AURA Fire,pick,1,Lylia,https://liquipedia.net/mobilelegends/MPL/Indonesia/Season_8/Regular_Season | https://github.com/LiTianYeoh/MLBB_Tournament_Analysis/blob/94ea36800e80c9e89a2356a0b81d3eeafbd6a4f7/analysis/data/consolidated_game_data_20240505.csv
8,S8-RS-015,1,AURA Fire,pick,2,X.Borg,https://liquipedia.net/mobilelegends/MPL/Indonesia/Season_8/Regular_Season | https://github.com/LiTianYeoh/MLBB_Tournament_Analysis/blob/94ea36800e80c9e89a2356a0b81d3eeafbd6a4f7/analysis/data/consolidated_game_data_20240505.csv
8,S8-RS-015,1,AURA Fire,pick,3,Uranus,https://liquipedia.net/mobilelegends/MPL/Indonesia/Season_8/Regular_Season | https://github.com/LiTianYeoh/MLBB_Tournament_Analysis/blob/94ea36800e80c9e89a2356a0b81d3eeafbd6a4f7/analysis/data/consolidated_game_data_20240505.csv
8,S8-RS-015,1,AURA Fire,pick,4,Ling,https://liquipedia.net/mobilelegends/MPL/Indonesia/Season_8/Regular_Season | https://github.com/LiTianYeoh/MLBB_Tournament_Analysis/blob/94ea36800e80c9e89a2356a0b81d3eeafbd6a4f7/analysis/data/consolidated_game_data_20240505.csv
8,S8-RS-015,1,AURA Fire,pick,5,Ruby,https://liquipedia.net/mobilelegends/MPL/Indonesia/Season_8/Regular_Season | https://github.com/LiTianYeoh/MLBB_Tournament_Analysis/blob/94ea36800e80c9e89a2356a0b81d3eeafbd6a4f7/analysis/data/consolidated_game_data_20240505.csv
8,S8-RS-015,1,Alter Ego,pick,1,Angela,https://liquipedia.net/mobilelegends/MPL/Indonesia/Season_8/Regular_Season | https://github.com/LiTianYeoh/MLBB_Tournament_Analysis/blob/94ea36800e80c9e89a2356a0b81d3eeafbd6a4f7/analysis/data/consolidated_game_data_20240505.csv
8,S8-RS-015,1,Alter Ego,pick,2,Benedetta,https://liquipedia.net/mobilelegends/MPL/Indonesia/Season_8/Regular_Season | https://github.com/LiTianYeoh/MLBB_Tournament_Analysis/blob/94ea36800e80c9e89a2356a0b81d3eeafbd6a4f7/analysis/data/consolidated_game_data_20240505.csv
8,S8-RS-015,1,Alter Ego,pick,3,Lunox,https://liquipedia.net/mobilelegends/MPL/Indonesia/Season_8/Regular_Season | https://github.com/LiTianYeoh/MLBB_Tournament_Analysis/blob/94ea36800e80c9e89a2356a0b81d3eeafbd6a4f7/analysis/data/consolidated_game_data_20240505.csv
8,S8-RS-015,1,Alter Ego,pick,4,Esmeralda,https://liquipedia.net/mobilelegends/MPL/Indonesia/Season_8/Regular_Season | https://github.com/LiTianYeoh/MLBB_Tournament_Analysis/blob/94ea36800e80c9e89a2356a0b81d3eeafbd6a4f7/analysis/data/consolidated_game_data_20240505.csv
8,S8-RS-015,1,Alter Ego,pick,5,Chou,https://liquipedia.net/mobilelegends/MPL/Indonesia/Season_8/Regular_Season | https://github.com/LiTianYeoh/MLBB_Tournament_Analysis/blob/94ea36800e80c9e89a2356a0b81d3eeafbd6a4f7/analysis/data/consolidated_game_data_20240505.csv
8,S8-RS-015,2,AURA Fire,pick,1,Lylia,https://liquipedia.net/mobilelegends/MPL/Indonesia/Season_8/Regular_Season | https://github.com/LiTianYeoh/MLBB_Tournament_Analysis/blob/94ea36800e80c9e89a2356a0b81d3eeafbd6a4f7/analysis/data/consolidated_game_data_20240505.csv
8,S8-RS-015,2,AURA Fire,pick,2,Balmond,https://liquipedia.net/mobilelegends/MPL/Indonesia/Season_8/Regular_Season | https://github.com/LiTianYeoh/MLBB_Tournament_Analysis/blob/94ea36800e80c9e89a2356a0b81d3eeafbd6a4f7/analysis/data/consolidated_game_data_20240505.csv
8,S8-RS-015,2,AURA Fire,pick,3,Benedetta,https://liquipedia.net/mobilelegends/MPL/Indonesia/Season_8/Regular_Season | https://github.com/LiTianYeoh/MLBB_Tournament_Analysis/blob/94ea36800e80c9e89a2356a0b81d3eeafbd6a4f7/analysis/data/consolidated_game_data_20240505.csv
8,S8-RS-015,2,AURA Fire,pick,4,Lancelot,https://liquipedia.net/mobilelegends/MPL/Indonesia/Season_8/Regular_Season | https://github.com/LiTianYeoh/MLBB_Tournament_Analysis/blob/94ea36800e80c9e89a2356a0b81d3eeafbd6a4f7/analysis/data/consolidated_game_data_20240505.csv
8,S8-RS-015,2,AURA Fire,pick,5,Atlas,https://liquipedia.net/mobilelegends/MPL/Indonesia/Season_8/Regular_Season | https://github.com/LiTianYeoh/MLBB_Tournament_Analysis/blob/94ea36800e80c9e89a2356a0b81d3eeafbd6a4f7/analysis/data/consolidated_game_data_20240505.csv
8,S8-RS-015,2,Alter Ego,pick,1,Popol and Kupa,https://liquipedia.net/mobilelegends/MPL/Indonesia/Season_8/Regular_Season | https://github.com/LiTianYeoh/MLBB_Tournament_Analysis/blob/94ea36800e80c9e89a2356a0b81d3eeafbd6a4f7/analysis/data/consolidated_game_data_20240505.csv
8,S8-RS-015,2,Alter Ego,pick,2,X.Borg,https://liquipedia.net/mobilelegends/MPL/Indonesia/Season_8/Regular_Season | https://github.com/LiTianYeoh/MLBB_Tournament_Analysis/blob/94ea36800e80c9e89a2356a0b81d3eeafbd6a4f7/analysis/data/consolidated_game_data_20240505.csv
8,S8-RS-015,2,Alter Ego,pick,3,Alice,https://liquipedia.net/mobilelegends/MPL/Indonesia/Season_8/Regular_Season | https://github.com/LiTianYeoh/MLBB_Tournament_Analysis/blob/94ea36800e80c9e89a2356a0b81d3eeafbd6a4f7/analysis/data/consolidated_game_data_20240505.csv
8,S8-RS-015,2,Alter Ego,pick,4,Phoveus,https://liquipedia.net/mobilelegends/MPL/Indonesia/Season_8/Regular_Season | https://github.com/LiTianYeoh/MLBB_Tournament_Analysis/blob/94ea36800e80c9e89a2356a0b81d3eeafbd6a4f7/analysis/data/consolidated_game_data_20240505.csv
8,S8-RS-015,2,Alter Ego,pick,5,Ruby,https://liquipedia.net/mobilelegends/MPL/Indonesia/Season_8/Regular_Season | https://github.com/LiTianYeoh/MLBB_Tournament_Analysis/blob/94ea36800e80c9e89a2356a0b81d3eeafbd6a4f7/analysis/data/consolidated_game_data_20240505.csv
8,S8-RS-015,3,AURA Fire,pick,1,Lylia,https://liquipedia.net/mobilelegends/MPL/Indonesia/Season_8/Regular_Season | https://github.com/LiTianYeoh/MLBB_Tournament_Analysis/blob/94ea36800e80c9e89a2356a0b81d3eeafbd6a4f7/analysis/data/consolidated_game_data_20240505.csv
8,S8-RS-015,3,AURA Fire,pick,2,Esmeralda,https://liquipedia.net/mobilelegends/MPL/Indonesia/Season_8/Regular_Season | https://github.com/LiTianYeoh/MLBB_Tournament_Analysis/blob/94ea36800e80c9e89a2356a0b81d3eeafbd6a4f7/analysis/data/consolidated_game_data_20240505.csv
8,S8-RS-015,3,AURA Fire,pick,3,Benedetta,https://liquipedia.net/mobilelegends/MPL/Indonesia/Season_8/Regular_Season | https://github.com/LiTianYeoh/MLBB_Tournament_Analysis/blob/94ea36800e80c9e89a2356a0b81d3eeafbd6a4f7/analysis/data/consolidated_game_data_20240505.csv
8,S8-RS-015,3,AURA Fire,pick,4,Brody,https://liquipedia.net/mobilelegends/MPL/Indonesia/Season_8/Regular_Season | https://github.com/LiTianYeoh/MLBB_Tournament_Analysis/blob/94ea36800e80c9e89a2356a0b81d3eeafbd6a4f7/analysis/data/consolidated_game_data_20240505.csv
8,S8-RS-015,3,AURA Fire,pick,5,Ruby,https://liquipedia.net/mobilelegends/MPL/Indonesia/Season_8/Regular_Season | https://github.com/LiTianYeoh/MLBB_Tournament_Analysis/blob/94ea36800e80c9e89a2356a0b81d3eeafbd6a4f7/analysis/data/consolidated_game_data_20240505.csv
8,S8-RS-015,3,Alter Ego,pick,1,Popol and Kupa,https://liquipedia.net/mobilelegends/MPL/Indonesia/Season_8/Regular_Season | https://github.com/LiTianYeoh/MLBB_Tournament_Analysis/blob/94ea36800e80c9e89a2356a0b81d3eeafbd6a4f7/analysis/data/consolidated_game_data_20240505.csv
8,S8-RS-015,3,Alter Ego,pick,2,Lancelot,https://liquipedia.net/mobilelegends/MPL/Indonesia/Season_8/Regular_Season | https://github.com/LiTianYeoh/MLBB_Tournament_Analysis/blob/94ea36800e80c9e89a2356a0b81d3eeafbd6a4f7/analysis/data/consolidated_game_data_20240505.csv
8,S8-RS-015,3,Alter Ego,pick,3,X.Borg,https://liquipedia.net/mobilelegends/MPL/Indonesia/Season_8/Regular_Season | https://github.com/LiTianYeoh/MLBB_Tournament_Analysis/blob/94ea36800e80c9e89a2356a0b81d3eeafbd6a4f7/analysis/data/consolidated_game_data_20240505.csv
8,S8-RS-015,3,Alter Ego,pick,4,Phoveus,https://liquipedia.net/mobilelegends/MPL/Indonesia/Season_8/Regular_Season | https://github.com/LiTianYeoh/MLBB_Tournament_Analysis/blob/94ea36800e80c9e89a2356a0b81d3eeafbd6a4f7/analysis/data/consolidated_game_data_20240505.csv
8,S8-RS-015,3,Alter Ego,pick,5,Pharsa,https://liquipedia.net/mobilelegends/MPL/Indonesia/Season_8/Regular_Season | https://github.com/LiTianYeoh/MLBB_Tournament_Analysis/blob/94ea36800e80c9e89a2356a0b81d3eeafbd6a4f7/analysis/data/consolidated_game_data_20240505.csv
8,S8-RS-016,1,EVOS Legends,pick,1,Lylia,https://liquipedia.net/mobilelegends/MPL/Indonesia/Season_8/Regular_Season | https://github.com/LiTianYeoh/MLBB_Tournament_Analysis/blob/94ea36800e80c9e89a2356a0b81d3eeafbd6a4f7/analysis/data/consolidated_game_data_20240505.csv
8,S8-RS-016,1,EVOS Legends,pick,2,Esmeralda,https://liquipedia.net/mobilelegends/MPL/Indonesia/Season_8/Regular_Season | https://github.com/LiTianYeoh/MLBB_Tournament_Analysis/blob/94ea36800e80c9e89a2356a0b81d3eeafbd6a4f7/analysis/data/consolidated_game_data_20240505.csv
8,S8-RS-016,1,EVOS Legends,pick,3,Pharsa,https://liquipedia.net/mobilelegends/MPL/Indonesia/Season_8/Regular_Season | https://github.com/LiTianYeoh/MLBB_Tournament_Analysis/blob/94ea36800e80c9e89a2356a0b81d3eeafbd6a4f7/analysis/data/consolidated_game_data_20240505.csv
8,S8-RS-016,1,EVOS Legends,pick,4,Granger,https://liquipedia.net/mobilelegends/MPL/Indonesia/Season_8/Regular_Season | https://github.com/LiTianYeoh/MLBB_Tournament_Analysis/blob/94ea36800e80c9e89a2356a0b81d3eeafbd6a4f7/analysis/data/consolidated_game_data_20240505.csv
8,S8-RS-016,1,EVOS Legends,pick,5,Martis,https://liquipedia.net/mobilelegends/MPL/Indonesia/Season_8/Regular_Season | https://github.com/LiTianYeoh/MLBB_Tournament_Analysis/blob/94ea36800e80c9e89a2356a0b81d3eeafbd6a4f7/analysis/data/consolidated_game_data_20240505.csv
8,S8-RS-016,1,ONIC Esports,pick,1,Jawhead,https://liquipedia.net/mobilelegends/MPL/Indonesia/Season_8/Regular_Season | https://github.com/LiTianYeoh/MLBB_Tournament_Analysis/blob/94ea36800e80c9e89a2356a0b81d3eeafbd6a4f7/analysis/data/consolidated_game_data_20240505.csv
8,S8-RS-016,1,ONIC Esports,pick,2,X.Borg,https://liquipedia.net/mobilelegends/MPL/Indonesia/Season_8/Regular_Season | https://github.com/LiTianYeoh/MLBB_Tournament_Analysis/blob/94ea36800e80c9e89a2356a0b81d3eeafbd6a4f7/analysis/data/consolidated_game_data_20240505.csv
8,S8-RS-016,1,ONIC Esports,pick,3,Alice,https://liquipedia.net/mobilelegends/MPL/Indonesia/Season_8/Regular_Season | https://github.com/LiTianYeoh/MLBB_Tournament_Analysis/blob/94ea36800e80c9e89a2356a0b81d3eeafbd6a4f7/analysis/data/consolidated_game_data_20240505.csv
8,S8-RS-016,1,ONIC Esports,pick,4,Baxia,https://liquipedia.net/mobilelegends/MPL/Indonesia/Season_8/Regular_Season | https://github.com/LiTianYeoh/MLBB_Tournament_Analysis/blob/94ea36800e80c9e89a2356a0b81d3eeafbd6a4f7/analysis/data/consolidated_game_data_20240505.csv
8,S8-RS-016,1,ONIC Esports,pick,5,Barats,https://liquipedia.net/mobilelegends/MPL/Indonesia/Season_8/Regular_Season | https://github.com/LiTianYeoh/MLBB_Tournament_Analysis/blob/94ea36800e80c9e89a2356a0b81d3eeafbd6a4f7/analysis/data/consolidated_game_data_20240505.csv
8,S8-RS-016,2,EVOS Legends,pick,1,Pharsa,https://liquipedia.net/mobilelegends/MPL/Indonesia/Season_8/Regular_Season | https://github.com/LiTianYeoh/MLBB_Tournament_Analysis/blob/94ea36800e80c9e89a2356a0b81d3eeafbd6a4f7/analysis/data/consolidated_game_data_20240505.csv
8,S8-RS-016,2,EVOS Legends,pick,2,Phoveus,https://liquipedia.net/mobilelegends/MPL/Indonesia/Season_8/Regular_Season | https://github.com/LiTianYeoh/MLBB_Tournament_Analysis/blob/94ea36800e80c9e89a2356a0b81d3eeafbd6a4f7/analysis/data/consolidated_game_data_20240505.csv
8,S8-RS-016,2,EVOS Legends,pick,3,Esmeralda,https://liquipedia.net/mobilelegends/MPL/Indonesia/Season_8/Regular_Season | https://github.com/LiTianYeoh/MLBB_Tournament_Analysis/blob/94ea36800e80c9e89a2356a0b81d3eeafbd6a4f7/analysis/data/consolidated_game_data_20240505.csv
8,S8-RS-016,2,EVOS Legends,pick,4,Hayabusa,https://liquipedia.net/mobilelegends/MPL/Indonesia/Season_8/Regular_Season | https://github.com/LiTianYeoh/MLBB_Tournament_Analysis/blob/94ea36800e80c9e89a2356a0b81d3eeafbd6a4f7/analysis/data/consolidated_game_data_20240505.csv
8,S8-RS-016,2,EVOS Legends,pick,5,Grock,https://liquipedia.net/mobilelegends/MPL/Indonesia/Season_8/Regular_Season | https://github.com/LiTianYeoh/MLBB_Tournament_Analysis/blob/94ea36800e80c9e89a2356a0b81d3eeafbd6a4f7/analysis/data/consolidated_game_data_20240505.csv
8,S8-RS-016,2,ONIC Esports,pick,1,Chou,https://liquipedia.net/mobilelegends/MPL/Indonesia/Season_8/Regular_Season | https://github.com/LiTianYeoh/MLBB_Tournament_Analysis/blob/94ea36800e80c9e89a2356a0b81d3eeafbd6a4f7/analysis/data/consolidated_game_data_20240505.csv
8,S8-RS-016,2,ONIC Esports,pick,2,Ling,https://liquipedia.net/mobilelegends/MPL/Indonesia/Season_8/Regular_Season | https://github.com/LiTianYeoh/MLBB_Tournament_Analysis/blob/94ea36800e80c9e89a2356a0b81d3eeafbd6a4f7/analysis/data/consolidated_game_data_20240505.csv
8,S8-RS-016,2,ONIC Esports,pick,3,Lunox,https://liquipedia.net/mobilelegends/MPL/Indonesia/Season_8/Regular_Season | https://github.com/LiTianYeoh/MLBB_Tournament_Analysis/blob/94ea36800e80c9e89a2356a0b81d3eeafbd6a4f7/analysis/data/consolidated_game_data_20240505.csv
8,S8-RS-016,2,ONIC Esports,pick,4,Ruby,https://liquipedia.net/mobilelegends/MPL/Indonesia/Season_8/Regular_Season | https://github.com/LiTianYeoh/MLBB_Tournament_Analysis/blob/94ea36800e80c9e89a2356a0b81d3eeafbd6a4f7/analysis/data/consolidated_game_data_20240505.csv
8,S8-RS-016,2,ONIC Esports,pick,5,Selena,https://liquipedia.net/mobilelegends/MPL/Indonesia/Season_8/Regular_Season | https://github.com/LiTianYeoh/MLBB_Tournament_Analysis/blob/94ea36800e80c9e89a2356a0b81d3eeafbd6a4f7/analysis/data/consolidated_game_data_20240505.csv
8,S8-RS-017,1,Rebellion Genflix,pick,1,Pharsa,https://liquipedia.net/mobilelegends/MPL/Indonesia/Season_8/Regular_Season | https://github.com/LiTianYeoh/MLBB_Tournament_Analysis/blob/94ea36800e80c9e89a2356a0b81d3eeafbd6a4f7/analysis/data/consolidated_game_data_20240505.csv
8,S8-RS-017,1,Rebellion Genflix,pick,2,Ruby,https://liquipedia.net/mobilelegends/MPL/Indonesia/Season_8/Regular_Season | https://github.com/LiTianYeoh/MLBB_Tournament_Analysis/blob/94ea36800e80c9e89a2356a0b81d3eeafbd6a4f7/analysis/data/consolidated_game_data_20240505.csv
8,S8-RS-017,1,Rebellion Genflix,pick,3,Chou,https://liquipedia.net/mobilelegends/MPL/Indonesia/Season_8/Regular_Season | https://github.com/LiTianYeoh/MLBB_Tournament_Analysis/blob/94ea36800e80c9e89a2356a0b81d3eeafbd6a4f7/analysis/data/consolidated_game_data_20240505.csv
8,S8-RS-017,1,Rebellion Genflix,pick,4,Lancelot,https://liquipedia.net/mobilelegends/MPL/Indonesia/Season_8/Regular_Season | https://github.com/LiTianYeoh/MLBB_Tournament_Analysis/blob/94ea36800e80c9e89a2356a0b81d3eeafbd6a4f7/analysis/data/consolidated_game_data_20240505.csv
8,S8-RS-017,1,Rebellion Genflix,pick,5,Kaja,https://liquipedia.net/mobilelegends/MPL/Indonesia/Season_8/Regular_Season | https://github.com/LiTianYeoh/MLBB_Tournament_Analysis/blob/94ea36800e80c9e89a2356a0b81d3eeafbd6a4f7/analysis/data/consolidated_game_data_20240505.csv
8,S8-RS-017,1,AURA Fire,pick,1,Martis,https://liquipedia.net/mobilelegends/MPL/Indonesia/Season_8/Regular_Season | https://github.com/LiTianYeoh/MLBB_Tournament_Analysis/blob/94ea36800e80c9e89a2356a0b81d3eeafbd6a4f7/analysis/data/consolidated_game_data_20240505.csv
8,S8-RS-017,1,AURA Fire,pick,2,Hayabusa,https://liquipedia.net/mobilelegends/MPL/Indonesia/Season_8/Regular_Season | https://github.com/LiTianYeoh/MLBB_Tournament_Analysis/blob/94ea36800e80c9e89a2356a0b81d3eeafbd6a4f7/analysis/data/consolidated_game_data_20240505.csv
8,S8-RS-017,1,AURA Fire,pick,3,Uranus,https://liquipedia.net/mobilelegends/MPL/Indonesia/Season_8/Regular_Season | https://github.com/LiTianYeoh/MLBB_Tournament_Analysis/blob/94ea36800e80c9e89a2356a0b81d3eeafbd6a4f7/analysis/data/consolidated_game_data_20240505.csv
8,S8-RS-017,1,AURA Fire,pick,4,X.Borg,https://liquipedia.net/mobilelegends/MPL/Indonesia/Season_8/Regular_Season | https://github.com/LiTianYeoh/MLBB_Tournament_Analysis/blob/94ea36800e80c9e89a2356a0b81d3eeafbd6a4f7/analysis/data/consolidated_game_data_20240505.csv
8,S8-RS-017,1,AURA Fire,pick,5,Harley,https://liquipedia.net/mobilelegends/MPL/Indonesia/Season_8/Regular_Season | https://github.com/LiTianYeoh/MLBB_Tournament_Analysis/blob/94ea36800e80c9e89a2356a0b81d3eeafbd6a4f7/analysis/data/consolidated_game_data_20240505.csv
8,S8-RS-017,2,Rebellion Genflix,pick,1,Lunox,https://liquipedia.net/mobilelegends/MPL/Indonesia/Season_8/Regular_Season | https://github.com/LiTianYeoh/MLBB_Tournament_Analysis/blob/94ea36800e80c9e89a2356a0b81d3eeafbd6a4f7/analysis/data/consolidated_game_data_20240505.csv
8,S8-RS-017,2,Rebellion Genflix,pick,2,Paquito,https://liquipedia.net/mobilelegends/MPL/Indonesia/Season_8/Regular_Season | https://github.com/LiTianYeoh/MLBB_Tournament_Analysis/blob/94ea36800e80c9e89a2356a0b81d3eeafbd6a4f7/analysis/data/consolidated_game_data_20240505.csv
8,S8-RS-017,2,Rebellion Genflix,pick,3,Balmond,https://liquipedia.net/mobilelegends/MPL/Indonesia/Season_8/Regular_Season | https://github.com/LiTianYeoh/MLBB_Tournament_Analysis/blob/94ea36800e80c9e89a2356a0b81d3eeafbd6a4f7/analysis/data/consolidated_game_data_20240505.csv
8,S8-RS-017,2,Rebellion Genflix,pick,4,Ling,https://liquipedia.net/mobilelegends/MPL/Indonesia/Season_8/Regular_Season | https://github.com/LiTianYeoh/MLBB_Tournament_Analysis/blob/94ea36800e80c9e89a2356a0b81d3eeafbd6a4f7/analysis/data/consolidated_game_data_20240505.csv
8,S8-RS-017,2,Rebellion Genflix,pick,5,Angela,https://liquipedia.net/mobilelegends/MPL/Indonesia/Season_8/Regular_Season | https://github.com/LiTianYeoh/MLBB_Tournament_Analysis/blob/94ea36800e80c9e89a2356a0b81d3eeafbd6a4f7/analysis/data/consolidated_game_data_20240505.csv
8,S8-RS-017,2,AURA Fire,pick,1,Ruby,https://liquipedia.net/mobilelegends/MPL/Indonesia/Season_8/Regular_Season | https://github.com/LiTianYeoh/MLBB_Tournament_Analysis/blob/94ea36800e80c9e89a2356a0b81d3eeafbd6a4f7/analysis/data/consolidated_game_data_20240505.csv
8,S8-RS-017,2,AURA Fire,pick,2,Hayabusa,https://liquipedia.net/mobilelegends/MPL/Indonesia/Season_8/Regular_Season | https://github.com/LiTianYeoh/MLBB_Tournament_Analysis/blob/94ea36800e80c9e89a2356a0b81d3eeafbd6a4f7/analysis/data/consolidated_game_data_20240505.csv
8,S8-RS-017,2,AURA Fire,pick,3,Chou,https://liquipedia.net/mobilelegends/MPL/Indonesia/Season_8/Regular_Season | https://github.com/LiTianYeoh/MLBB_Tournament_Analysis/blob/94ea36800e80c9e89a2356a0b81d3eeafbd6a4f7/analysis/data/consolidated_game_data_20240505.csv
8,S8-RS-017,2,AURA Fire,pick,4,Esmeralda,https://liquipedia.net/mobilelegends/MPL/Indonesia/Season_8/Regular_Season | https://github.com/LiTianYeoh/MLBB_Tournament_Analysis/blob/94ea36800e80c9e89a2356a0b81d3eeafbd6a4f7/analysis/data/consolidated_game_data_20240505.csv
8,S8-RS-017,2,AURA Fire,pick,5,Harley,https://liquipedia.net/mobilelegends/MPL/Indonesia/Season_8/Regular_Season | https://github.com/LiTianYeoh/MLBB_Tournament_Analysis/blob/94ea36800e80c9e89a2356a0b81d3eeafbd6a4f7/analysis/data/consolidated_game_data_20240505.csv
8,S8-RS-018,1,Bigetron Alpha,pick,1,Cyclops,https://liquipedia.net/mobilelegends/MPL/Indonesia/Season_8/Regular_Season | https://github.com/LiTianYeoh/MLBB_Tournament_Analysis/blob/94ea36800e80c9e89a2356a0b81d3eeafbd6a4f7/analysis/data/consolidated_game_data_20240505.csv
8,S8-RS-018,1,Bigetron Alpha,pick,2,Barats,https://liquipedia.net/mobilelegends/MPL/Indonesia/Season_8/Regular_Season | https://github.com/LiTianYeoh/MLBB_Tournament_Analysis/blob/94ea36800e80c9e89a2356a0b81d3eeafbd6a4f7/analysis/data/consolidated_game_data_20240505.csv
8,S8-RS-018,1,Bigetron Alpha,pick,3,Chou,https://liquipedia.net/mobilelegends/MPL/Indonesia/Season_8/Regular_Season | https://github.com/LiTianYeoh/MLBB_Tournament_Analysis/blob/94ea36800e80c9e89a2356a0b81d3eeafbd6a4f7/analysis/data/consolidated_game_data_20240505.csv
8,S8-RS-018,1,Bigetron Alpha,pick,4,Ling,https://liquipedia.net/mobilelegends/MPL/Indonesia/Season_8/Regular_Season | https://github.com/LiTianYeoh/MLBB_Tournament_Analysis/blob/94ea36800e80c9e89a2356a0b81d3eeafbd6a4f7/analysis/data/consolidated_game_data_20240505.csv
8,S8-RS-018,1,Bigetron Alpha,pick,5,Mathilda,https://liquipedia.net/mobilelegends/MPL/Indonesia/Season_8/Regular_Season | https://github.com/LiTianYeoh/MLBB_Tournament_Analysis/blob/94ea36800e80c9e89a2356a0b81d3eeafbd6a4f7/analysis/data/consolidated_game_data_20240505.csv
8,S8-RS-018,1,Alter Ego,pick,1,Jawhead,https://liquipedia.net/mobilelegends/MPL/Indonesia/Season_8/Regular_Season | https://github.com/LiTianYeoh/MLBB_Tournament_Analysis/blob/94ea36800e80c9e89a2356a0b81d3eeafbd6a4f7/analysis/data/consolidated_game_data_20240505.csv
8,S8-RS-018,1,Alter Ego,pick,2,Harley,https://liquipedia.net/mobilelegends/MPL/Indonesia/Season_8/Regular_Season | https://github.com/LiTianYeoh/MLBB_Tournament_Analysis/blob/94ea36800e80c9e89a2356a0b81d3eeafbd6a4f7/analysis/data/consolidated_game_data_20240505.csv
8,S8-RS-018,1,Alter Ego,pick,3,Esmeralda,https://liquipedia.net/mobilelegends/MPL/Indonesia/Season_8/Regular_Season | https://github.com/LiTianYeoh/MLBB_Tournament_Analysis/blob/94ea36800e80c9e89a2356a0b81d3eeafbd6a4f7/analysis/data/consolidated_game_data_20240505.csv
8,S8-RS-018,1,Alter Ego,pick,4,Ruby,https://liquipedia.net/mobilelegends/MPL/Indonesia/Season_8/Regular_Season | https://github.com/LiTianYeoh/MLBB_Tournament_Analysis/blob/94ea36800e80c9e89a2356a0b81d3eeafbd6a4f7/analysis/data/consolidated_game_data_20240505.csv
8,S8-RS-018,1,Alter Ego,pick,5,Beatrix,https://liquipedia.net/mobilelegends/MPL/Indonesia/Season_8/Regular_Season | https://github.com/LiTianYeoh/MLBB_Tournament_Analysis/blob/94ea36800e80c9e89a2356a0b81d3eeafbd6a4f7/analysis/data/consolidated_game_data_20240505.csv
8,S8-RS-018,2,Bigetron Alpha,pick,1,Kagura,https://liquipedia.net/mobilelegends/MPL/Indonesia/Season_8/Regular_Season | https://github.com/LiTianYeoh/MLBB_Tournament_Analysis/blob/94ea36800e80c9e89a2356a0b81d3eeafbd6a4f7/analysis/data/consolidated_game_data_20240505.csv
8,S8-RS-018,2,Bigetron Alpha,pick,2,Paquito,https://liquipedia.net/mobilelegends/MPL/Indonesia/Season_8/Regular_Season | https://github.com/LiTianYeoh/MLBB_Tournament_Analysis/blob/94ea36800e80c9e89a2356a0b81d3eeafbd6a4f7/analysis/data/consolidated_game_data_20240505.csv
8,S8-RS-018,2,Bigetron Alpha,pick,3,Alice,https://liquipedia.net/mobilelegends/MPL/Indonesia/Season_8/Regular_Season | https://github.com/LiTianYeoh/MLBB_Tournament_Analysis/blob/94ea36800e80c9e89a2356a0b81d3eeafbd6a4f7/analysis/data/consolidated_game_data_20240505.csv
8,S8-RS-018,2,Bigetron Alpha,pick,4,Lancelot,https://liquipedia.net/mobilelegends/MPL/Indonesia/Season_8/Regular_Season | https://github.com/LiTianYeoh/MLBB_Tournament_Analysis/blob/94ea36800e80c9e89a2356a0b81d3eeafbd6a4f7/analysis/data/consolidated_game_data_20240505.csv
8,S8-RS-018,2,Bigetron Alpha,pick,5,Baxia,https://liquipedia.net/mobilelegends/MPL/Indonesia/Season_8/Regular_Season | https://github.com/LiTianYeoh/MLBB_Tournament_Analysis/blob/94ea36800e80c9e89a2356a0b81d3eeafbd6a4f7/analysis/data/consolidated_game_data_20240505.csv
8,S8-RS-018,2,Alter Ego,pick,1,Jawhead,https://liquipedia.net/mobilelegends/MPL/Indonesia/Season_8/Regular_Season | https://github.com/LiTianYeoh/MLBB_Tournament_Analysis/blob/94ea36800e80c9e89a2356a0b81d3eeafbd6a4f7/analysis/data/consolidated_game_data_20240505.csv
8,S8-RS-018,2,Alter Ego,pick,2,Benedetta,https://liquipedia.net/mobilelegends/MPL/Indonesia/Season_8/Regular_Season | https://github.com/LiTianYeoh/MLBB_Tournament_Analysis/blob/94ea36800e80c9e89a2356a0b81d3eeafbd6a4f7/analysis/data/consolidated_game_data_20240505.csv
8,S8-RS-018,2,Alter Ego,pick,3,Beatrix,https://liquipedia.net/mobilelegends/MPL/Indonesia/Season_8/Regular_Season | https://github.com/LiTianYeoh/MLBB_Tournament_Analysis/blob/94ea36800e80c9e89a2356a0b81d3eeafbd6a4f7/analysis/data/consolidated_game_data_20240505.csv
8,S8-RS-018,2,Alter Ego,pick,4,Phoveus,https://liquipedia.net/mobilelegends/MPL/Indonesia/Season_8/Regular_Season | https://github.com/LiTianYeoh/MLBB_Tournament_Analysis/blob/94ea36800e80c9e89a2356a0b81d3eeafbd6a4f7/analysis/data/consolidated_game_data_20240505.csv
8,S8-RS-018,2,Alter Ego,pick,5,Eudora,https://liquipedia.net/mobilelegends/MPL/Indonesia/Season_8/Regular_Season | https://github.com/LiTianYeoh/MLBB_Tournament_Analysis/blob/94ea36800e80c9e89a2356a0b81d3eeafbd6a4f7/analysis/data/consolidated_game_data_20240505.csv
8,S8-RS-018,3,Bigetron Alpha,pick,1,Saber,https://liquipedia.net/mobilelegends/MPL/Indonesia/Season_8/Regular_Season | https://github.com/LiTianYeoh/MLBB_Tournament_Analysis/blob/94ea36800e80c9e89a2356a0b81d3eeafbd6a4f7/analysis/data/consolidated_game_data_20240505.csv
8,S8-RS-018,3,Bigetron Alpha,pick,2,Ruby,https://liquipedia.net/mobilelegends/MPL/Indonesia/Season_8/Regular_Season | https://github.com/LiTianYeoh/MLBB_Tournament_Analysis/blob/94ea36800e80c9e89a2356a0b81d3eeafbd6a4f7/analysis/data/consolidated_game_data_20240505.csv
8,S8-RS-018,3,Bigetron Alpha,pick,3,Esmeralda,https://liquipedia.net/mobilelegends/MPL/Indonesia/Season_8/Regular_Season | https://github.com/LiTianYeoh/MLBB_Tournament_Analysis/blob/94ea36800e80c9e89a2356a0b81d3eeafbd6a4f7/analysis/data/consolidated_game_data_20240505.csv
8,S8-RS-018,3,Bigetron Alpha,pick,4,Harley,https://liquipedia.net/mobilelegends/MPL/Indonesia/Season_8/Regular_Season | https://github.com/LiTianYeoh/MLBB_Tournament_Analysis/blob/94ea36800e80c9e89a2356a0b81d3eeafbd6a4f7/analysis/data/consolidated_game_data_20240505.csv
8,S8-RS-018,3,Bigetron Alpha,pick,5,Grock,https://liquipedia.net/mobilelegends/MPL/Indonesia/Season_8/Regular_Season | https://github.com/LiTianYeoh/MLBB_Tournament_Analysis/blob/94ea36800e80c9e89a2356a0b81d3eeafbd6a4f7/analysis/data/consolidated_game_data_20240505.csv
8,S8-RS-018,3,Alter Ego,pick,1,Jawhead,https://liquipedia.net/mobilelegends/MPL/Indonesia/Season_8/Regular_Season | https://github.com/LiTianYeoh/MLBB_Tournament_Analysis/blob/94ea36800e80c9e89a2356a0b81d3eeafbd6a4f7/analysis/data/consolidated_game_data_20240505.csv
8,S8-RS-018,3,Alter Ego,pick,2,Ling,https://liquipedia.net/mobilelegends/MPL/Indonesia/Season_8/Regular_Season | https://github.com/LiTianYeoh/MLBB_Tournament_Analysis/blob/94ea36800e80c9e89a2356a0b81d3eeafbd6a4f7/analysis/data/consolidated_game_data_20240505.csv
8,S8-RS-018,3,Alter Ego,pick,3,Lunox,https://liquipedia.net/mobilelegends/MPL/Indonesia/Season_8/Regular_Season | https://github.com/LiTianYeoh/MLBB_Tournament_Analysis/blob/94ea36800e80c9e89a2356a0b81d3eeafbd6a4f7/analysis/data/consolidated_game_data_20240505.csv
8,S8-RS-018,3,Alter Ego,pick,4,Thamuz,https://liquipedia.net/mobilelegends/MPL/Indonesia/Season_8/Regular_Season | https://github.com/LiTianYeoh/MLBB_Tournament_Analysis/blob/94ea36800e80c9e89a2356a0b81d3eeafbd6a4f7/analysis/data/consolidated_game_data_20240505.csv
8,S8-RS-018,3,Alter Ego,pick,5,Chou,https://liquipedia.net/mobilelegends/MPL/Indonesia/Season_8/Regular_Season | https://github.com/LiTianYeoh/MLBB_Tournament_Analysis/blob/94ea36800e80c9e89a2356a0b81d3eeafbd6a4f7/analysis/data/consolidated_game_data_20240505.csv
8,S8-RS-019,1,RRQ Hoshi,pick,1,Kagura,https://liquipedia.net/mobilelegends/MPL/Indonesia/Season_8/Regular_Season | https://github.com/LiTianYeoh/MLBB_Tournament_Analysis/blob/94ea36800e80c9e89a2356a0b81d3eeafbd6a4f7/analysis/data/consolidated_game_data_20240505.csv
8,S8-RS-019,1,RRQ Hoshi,pick,2,Paquito,https://liquipedia.net/mobilelegends/MPL/Indonesia/Season_8/Regular_Season | https://github.com/LiTianYeoh/MLBB_Tournament_Analysis/blob/94ea36800e80c9e89a2356a0b81d3eeafbd6a4f7/analysis/data/consolidated_game_data_20240505.csv
8,S8-RS-019,1,RRQ Hoshi,pick,3,Chang'e,https://liquipedia.net/mobilelegends/MPL/Indonesia/Season_8/Regular_Season | https://github.com/LiTianYeoh/MLBB_Tournament_Analysis/blob/94ea36800e80c9e89a2356a0b81d3eeafbd6a4f7/analysis/data/consolidated_game_data_20240505.csv
8,S8-RS-019,1,RRQ Hoshi,pick,4,Lancelot,https://liquipedia.net/mobilelegends/MPL/Indonesia/Season_8/Regular_Season | https://github.com/LiTianYeoh/MLBB_Tournament_Analysis/blob/94ea36800e80c9e89a2356a0b81d3eeafbd6a4f7/analysis/data/consolidated_game_data_20240505.csv
8,S8-RS-019,1,RRQ Hoshi,pick,5,Grock,https://liquipedia.net/mobilelegends/MPL/Indonesia/Season_8/Regular_Season | https://github.com/LiTianYeoh/MLBB_Tournament_Analysis/blob/94ea36800e80c9e89a2356a0b81d3eeafbd6a4f7/analysis/data/consolidated_game_data_20240505.csv
8,S8-RS-019,1,EVOS Legends,pick,1,Popol and Kupa,https://liquipedia.net/mobilelegends/MPL/Indonesia/Season_8/Regular_Season | https://github.com/LiTianYeoh/MLBB_Tournament_Analysis/blob/94ea36800e80c9e89a2356a0b81d3eeafbd6a4f7/analysis/data/consolidated_game_data_20240505.csv
8,S8-RS-019,1,EVOS Legends,pick,2,Granger,https://liquipedia.net/mobilelegends/MPL/Indonesia/Season_8/Regular_Season | https://github.com/LiTianYeoh/MLBB_Tournament_Analysis/blob/94ea36800e80c9e89a2356a0b81d3eeafbd6a4f7/analysis/data/consolidated_game_data_20240505.csv
8,S8-RS-019,1,EVOS Legends,pick,3,Harith,https://liquipedia.net/mobilelegends/MPL/Indonesia/Season_8/Regular_Season | https://github.com/LiTianYeoh/MLBB_Tournament_Analysis/blob/94ea36800e80c9e89a2356a0b81d3eeafbd6a4f7/analysis/data/consolidated_game_data_20240505.csv
8,S8-RS-019,1,EVOS Legends,pick,4,Uranus,https://liquipedia.net/mobilelegends/MPL/Indonesia/Season_8/Regular_Season | https://github.com/LiTianYeoh/MLBB_Tournament_Analysis/blob/94ea36800e80c9e89a2356a0b81d3eeafbd6a4f7/analysis/data/consolidated_game_data_20240505.csv
8,S8-RS-019,1,EVOS Legends,pick,5,Pharsa,https://liquipedia.net/mobilelegends/MPL/Indonesia/Season_8/Regular_Season | https://github.com/LiTianYeoh/MLBB_Tournament_Analysis/blob/94ea36800e80c9e89a2356a0b81d3eeafbd6a4f7/analysis/data/consolidated_game_data_20240505.csv
8,S8-RS-019,2,RRQ Hoshi,pick,1,Lunox,https://liquipedia.net/mobilelegends/MPL/Indonesia/Season_8/Regular_Season | https://github.com/LiTianYeoh/MLBB_Tournament_Analysis/blob/94ea36800e80c9e89a2356a0b81d3eeafbd6a4f7/analysis/data/consolidated_game_data_20240505.csv
8,S8-RS-019,2,RRQ Hoshi,pick,2,Chou,https://liquipedia.net/mobilelegends/MPL/Indonesia/Season_8/Regular_Season | https://github.com/LiTianYeoh/MLBB_Tournament_Analysis/blob/94ea36800e80c9e89a2356a0b81d3eeafbd6a4f7/analysis/data/consolidated_game_data_20240505.csv
8,S8-RS-019,2,RRQ Hoshi,pick,3,Esmeralda,https://liquipedia.net/mobilelegends/MPL/Indonesia/Season_8/Regular_Season | https://github.com/LiTianYeoh/MLBB_Tournament_Analysis/blob/94ea36800e80c9e89a2356a0b81d3eeafbd6a4f7/analysis/data/consolidated_game_data_20240505.csv
8,S8-RS-019,2,RRQ Hoshi,pick,4,Roger,https://liquipedia.net/mobilelegends/MPL/Indonesia/Season_8/Regular_Season | https://github.com/LiTianYeoh/MLBB_Tournament_Analysis/blob/94ea36800e80c9e89a2356a0b81d3eeafbd6a4f7/analysis/data/consolidated_game_data_20240505.csv
8,S8-RS-019,2,RRQ Hoshi,pick,5,Jawhead,https://liquipedia.net/mobilelegends/MPL/Indonesia/Season_8/Regular_Season | https://github.com/LiTianYeoh/MLBB_Tournament_Analysis/blob/94ea36800e80c9e89a2356a0b81d3eeafbd6a4f7/analysis/data/consolidated_game_data_20240505.csv
8,S8-RS-019,2,EVOS Legends,pick,1,Martis,https://liquipedia.net/mobilelegends/MPL/Indonesia/Season_8/Regular_Season | https://github.com/LiTianYeoh/MLBB_Tournament_Analysis/blob/94ea36800e80c9e89a2356a0b81d3eeafbd6a4f7/analysis/data/consolidated_game_data_20240505.csv
8,S8-RS-019,2,EVOS Legends,pick,2,Ling,https://liquipedia.net/mobilelegends/MPL/Indonesia/Season_8/Regular_Season | https://github.com/LiTianYeoh/MLBB_Tournament_Analysis/blob/94ea36800e80c9e89a2356a0b81d3eeafbd6a4f7/analysis/data/consolidated_game_data_20240505.csv
8,S8-RS-019,2,EVOS Legends,pick,3,Pharsa,https://liquipedia.net/mobilelegends/MPL/Indonesia/Season_8/Regular_Season | https://github.com/LiTianYeoh/MLBB_Tournament_Analysis/blob/94ea36800e80c9e89a2356a0b81d3eeafbd6a4f7/analysis/data/consolidated_game_data_20240505.csv
8,S8-RS-019,2,EVOS Legends,pick,4,Ruby,https://liquipedia.net/mobilelegends/MPL/Indonesia/Season_8/Regular_Season | https://github.com/LiTianYeoh/MLBB_Tournament_Analysis/blob/94ea36800e80c9e89a2356a0b81d3eeafbd6a4f7/analysis/data/consolidated_game_data_20240505.csv
8,S8-RS-019,2,EVOS Legends,pick,5,Kagura,https://liquipedia.net/mobilelegends/MPL/Indonesia/Season_8/Regular_Season | https://github.com/LiTianYeoh/MLBB_Tournament_Analysis/blob/94ea36800e80c9e89a2356a0b81d3eeafbd6a4f7/analysis/data/consolidated_game_data_20240505.csv
8,S8-RS-020,1,Geek Fam ID,pick,1,Saber,https://liquipedia.net/mobilelegends/MPL/Indonesia/Season_8/Regular_Season | https://github.com/LiTianYeoh/MLBB_Tournament_Analysis/blob/94ea36800e80c9e89a2356a0b81d3eeafbd6a4f7/analysis/data/consolidated_game_data_20240505.csv
8,S8-RS-020,1,Geek Fam ID,pick,2,Thamuz,https://liquipedia.net/mobilelegends/MPL/Indonesia/Season_8/Regular_Season | https://github.com/LiTianYeoh/MLBB_Tournament_Analysis/blob/94ea36800e80c9e89a2356a0b81d3eeafbd6a4f7/analysis/data/consolidated_game_data_20240505.csv
8,S8-RS-020,1,Geek Fam ID,pick,3,Beatrix,https://liquipedia.net/mobilelegends/MPL/Indonesia/Season_8/Regular_Season | https://github.com/LiTianYeoh/MLBB_Tournament_Analysis/blob/94ea36800e80c9e89a2356a0b81d3eeafbd6a4f7/analysis/data/consolidated_game_data_20240505.csv
8,S8-RS-020,1,Geek Fam ID,pick,4,Harley,https://liquipedia.net/mobilelegends/MPL/Indonesia/Season_8/Regular_Season | https://github.com/LiTianYeoh/MLBB_Tournament_Analysis/blob/94ea36800e80c9e89a2356a0b81d3eeafbd6a4f7/analysis/data/consolidated_game_data_20240505.csv
8,S8-RS-020,1,Geek Fam ID,pick,5,Akai,https://liquipedia.net/mobilelegends/MPL/Indonesia/Season_8/Regular_Season | https://github.com/LiTianYeoh/MLBB_Tournament_Analysis/blob/94ea36800e80c9e89a2356a0b81d3eeafbd6a4f7/analysis/data/consolidated_game_data_20240505.csv
8,S8-RS-020,1,ONIC Esports,pick,1,Khufra,https://liquipedia.net/mobilelegends/MPL/Indonesia/Season_8/Regular_Season | https://github.com/LiTianYeoh/MLBB_Tournament_Analysis/blob/94ea36800e80c9e89a2356a0b81d3eeafbd6a4f7/analysis/data/consolidated_game_data_20240505.csv
8,S8-RS-020,1,ONIC Esports,pick,2,Hayabusa,https://liquipedia.net/mobilelegends/MPL/Indonesia/Season_8/Regular_Season | https://github.com/LiTianYeoh/MLBB_Tournament_Analysis/blob/94ea36800e80c9e89a2356a0b81d3eeafbd6a4f7/analysis/data/consolidated_game_data_20240505.csv
8,S8-RS-020,1,ONIC Esports,pick,3,Natan,https://liquipedia.net/mobilelegends/MPL/Indonesia/Season_8/Regular_Season | https://github.com/LiTianYeoh/MLBB_Tournament_Analysis/blob/94ea36800e80c9e89a2356a0b81d3eeafbd6a4f7/analysis/data/consolidated_game_data_20240505.csv
8,S8-RS-020,1,ONIC Esports,pick,4,Esmeralda,https://liquipedia.net/mobilelegends/MPL/Indonesia/Season_8/Regular_Season | https://github.com/LiTianYeoh/MLBB_Tournament_Analysis/blob/94ea36800e80c9e89a2356a0b81d3eeafbd6a4f7/analysis/data/consolidated_game_data_20240505.csv
8,S8-RS-020,1,ONIC Esports,pick,5,Grock,https://liquipedia.net/mobilelegends/MPL/Indonesia/Season_8/Regular_Season | https://github.com/LiTianYeoh/MLBB_Tournament_Analysis/blob/94ea36800e80c9e89a2356a0b81d3eeafbd6a4f7/analysis/data/consolidated_game_data_20240505.csv
8,S8-RS-020,2,Geek Fam ID,pick,1,Lunox,https://liquipedia.net/mobilelegends/MPL/Indonesia/Season_8/Regular_Season | https://github.com/LiTianYeoh/MLBB_Tournament_Analysis/blob/94ea36800e80c9e89a2356a0b81d3eeafbd6a4f7/analysis/data/consolidated_game_data_20240505.csv
8,S8-RS-020,2,Geek Fam ID,pick,2,Barats,https://liquipedia.net/mobilelegends/MPL/Indonesia/Season_8/Regular_Season | https://github.com/LiTianYeoh/MLBB_Tournament_Analysis/blob/94ea36800e80c9e89a2356a0b81d3eeafbd6a4f7/analysis/data/consolidated_game_data_20240505.csv
8,S8-RS-020,2,Geek Fam ID,pick,3,Benedetta,https://liquipedia.net/mobilelegends/MPL/Indonesia/Season_8/Regular_Season | https://github.com/LiTianYeoh/MLBB_Tournament_Analysis/blob/94ea36800e80c9e89a2356a0b81d3eeafbd6a4f7/analysis/data/consolidated_game_data_20240505.csv
8,S8-RS-020,2,Geek Fam ID,pick,4,Natan,https://liquipedia.net/mobilelegends/MPL/Indonesia/Season_8/Regular_Season | https://github.com/LiTianYeoh/MLBB_Tournament_Analysis/blob/94ea36800e80c9e89a2356a0b81d3eeafbd6a4f7/analysis/data/consolidated_game_data_20240505.csv
8,S8-RS-020,2,Geek Fam ID,pick,5,Jawhead,https://liquipedia.net/mobilelegends/MPL/Indonesia/Season_8/Regular_Season | https://github.com/LiTianYeoh/MLBB_Tournament_Analysis/blob/94ea36800e80c9e89a2356a0b81d3eeafbd6a4f7/analysis/data/consolidated_game_data_20240505.csv
8,S8-RS-020,2,ONIC Esports,pick,1,Baxia,https://liquipedia.net/mobilelegends/MPL/Indonesia/Season_8/Regular_Season | https://github.com/LiTianYeoh/MLBB_Tournament_Analysis/blob/94ea36800e80c9e89a2356a0b81d3eeafbd6a4f7/analysis/data/consolidated_game_data_20240505.csv
8,S8-RS-020,2,ONIC Esports,pick,2,Lancelot,https://liquipedia.net/mobilelegends/MPL/Indonesia/Season_8/Regular_Season | https://github.com/LiTianYeoh/MLBB_Tournament_Analysis/blob/94ea36800e80c9e89a2356a0b81d3eeafbd6a4f7/analysis/data/consolidated_game_data_20240505.csv
8,S8-RS-020,2,ONIC Esports,pick,3,Chou,https://liquipedia.net/mobilelegends/MPL/Indonesia/Season_8/Regular_Season | https://github.com/LiTianYeoh/MLBB_Tournament_Analysis/blob/94ea36800e80c9e89a2356a0b81d3eeafbd6a4f7/analysis/data/consolidated_game_data_20240505.csv
8,S8-RS-020,2,ONIC Esports,pick,4,X.Borg,https://liquipedia.net/mobilelegends/MPL/Indonesia/Season_8/Regular_Season | https://github.com/LiTianYeoh/MLBB_Tournament_Analysis/blob/94ea36800e80c9e89a2356a0b81d3eeafbd6a4f7/analysis/data/consolidated_game_data_20240505.csv
8,S8-RS-020,2,ONIC Esports,pick,5,Kagura,https://liquipedia.net/mobilelegends/MPL/Indonesia/Season_8/Regular_Season | https://github.com/LiTianYeoh/MLBB_Tournament_Analysis/blob/94ea36800e80c9e89a2356a0b81d3eeafbd6a4f7/analysis/data/consolidated_game_data_20240505.csv
8,S8-RS-021,1,RRQ Hoshi,pick,1,Lunox,https://liquipedia.net/mobilelegends/MPL/Indonesia/Season_8/Regular_Season | https://github.com/LiTianYeoh/MLBB_Tournament_Analysis/blob/94ea36800e80c9e89a2356a0b81d3eeafbd6a4f7/analysis/data/consolidated_game_data_20240505.csv
8,S8-RS-021,1,RRQ Hoshi,pick,2,Esmeralda,https://liquipedia.net/mobilelegends/MPL/Indonesia/Season_8/Regular_Season | https://github.com/LiTianYeoh/MLBB_Tournament_Analysis/blob/94ea36800e80c9e89a2356a0b81d3eeafbd6a4f7/analysis/data/consolidated_game_data_20240505.csv
8,S8-RS-021,1,RRQ Hoshi,pick,3,Chou,https://liquipedia.net/mobilelegends/MPL/Indonesia/Season_8/Regular_Season | https://github.com/LiTianYeoh/MLBB_Tournament_Analysis/blob/94ea36800e80c9e89a2356a0b81d3eeafbd6a4f7/analysis/data/consolidated_game_data_20240505.csv
8,S8-RS-021,1,RRQ Hoshi,pick,4,Roger,https://liquipedia.net/mobilelegends/MPL/Indonesia/Season_8/Regular_Season | https://github.com/LiTianYeoh/MLBB_Tournament_Analysis/blob/94ea36800e80c9e89a2356a0b81d3eeafbd6a4f7/analysis/data/consolidated_game_data_20240505.csv
8,S8-RS-021,1,RRQ Hoshi,pick,5,Popol and Kupa,https://liquipedia.net/mobilelegends/MPL/Indonesia/Season_8/Regular_Season | https://github.com/LiTianYeoh/MLBB_Tournament_Analysis/blob/94ea36800e80c9e89a2356a0b81d3eeafbd6a4f7/analysis/data/consolidated_game_data_20240505.csv
8,S8-RS-021,1,Rebellion Genflix,pick,1,Grock,https://liquipedia.net/mobilelegends/MPL/Indonesia/Season_8/Regular_Season | https://github.com/LiTianYeoh/MLBB_Tournament_Analysis/blob/94ea36800e80c9e89a2356a0b81d3eeafbd6a4f7/analysis/data/consolidated_game_data_20240505.csv
8,S8-RS-021,1,Rebellion Genflix,pick,2,Hayabusa,https://liquipedia.net/mobilelegends/MPL/Indonesia/Season_8/Regular_Season | https://github.com/LiTianYeoh/MLBB_Tournament_Analysis/blob/94ea36800e80c9e89a2356a0b81d3eeafbd6a4f7/analysis/data/consolidated_game_data_20240505.csv
8,S8-RS-021,1,Rebellion Genflix,pick,3,Kaja,https://liquipedia.net/mobilelegends/MPL/Indonesia/Season_8/Regular_Season | https://github.com/LiTianYeoh/MLBB_Tournament_Analysis/blob/94ea36800e80c9e89a2356a0b81d3eeafbd6a4f7/analysis/data/consolidated_game_data_20240505.csv
8,S8-RS-021,1,Rebellion Genflix,pick,4,Benedetta,https://liquipedia.net/mobilelegends/MPL/Indonesia/Season_8/Regular_Season | https://github.com/LiTianYeoh/MLBB_Tournament_Analysis/blob/94ea36800e80c9e89a2356a0b81d3eeafbd6a4f7/analysis/data/consolidated_game_data_20240505.csv
8,S8-RS-021,1,Rebellion Genflix,pick,5,Lylia,https://liquipedia.net/mobilelegends/MPL/Indonesia/Season_8/Regular_Season | https://github.com/LiTianYeoh/MLBB_Tournament_Analysis/blob/94ea36800e80c9e89a2356a0b81d3eeafbd6a4f7/analysis/data/consolidated_game_data_20240505.csv
8,S8-RS-021,2,RRQ Hoshi,pick,1,Eudora,https://liquipedia.net/mobilelegends/MPL/Indonesia/Season_8/Regular_Season | https://github.com/LiTianYeoh/MLBB_Tournament_Analysis/blob/94ea36800e80c9e89a2356a0b81d3eeafbd6a4f7/analysis/data/consolidated_game_data_20240505.csv
8,S8-RS-021,2,RRQ Hoshi,pick,2,Thamuz,https://liquipedia.net/mobilelegends/MPL/Indonesia/Season_8/Regular_Season | https://github.com/LiTianYeoh/MLBB_Tournament_Analysis/blob/94ea36800e80c9e89a2356a0b81d3eeafbd6a4f7/analysis/data/consolidated_game_data_20240505.csv
8,S8-RS-021,2,RRQ Hoshi,pick,3,Alice,https://liquipedia.net/mobilelegends/MPL/Indonesia/Season_8/Regular_Season | https://github.com/LiTianYeoh/MLBB_Tournament_Analysis/blob/94ea36800e80c9e89a2356a0b81d3eeafbd6a4f7/analysis/data/consolidated_game_data_20240505.csv
8,S8-RS-021,2,RRQ Hoshi,pick,4,Lancelot,https://liquipedia.net/mobilelegends/MPL/Indonesia/Season_8/Regular_Season | https://github.com/LiTianYeoh/MLBB_Tournament_Analysis/blob/94ea36800e80c9e89a2356a0b81d3eeafbd6a4f7/analysis/data/consolidated_game_data_20240505.csv
8,S8-RS-021,2,RRQ Hoshi,pick,5,Jawhead,https://liquipedia.net/mobilelegends/MPL/Indonesia/Season_8/Regular_Season | https://github.com/LiTianYeoh/MLBB_Tournament_Analysis/blob/94ea36800e80c9e89a2356a0b81d3eeafbd6a4f7/analysis/data/consolidated_game_data_20240505.csv
8,S8-RS-021,2,Rebellion Genflix,pick,1,Hylos,https://liquipedia.net/mobilelegends/MPL/Indonesia/Season_8/Regular_Season | https://github.com/LiTianYeoh/MLBB_Tournament_Analysis/blob/94ea36800e80c9e89a2356a0b81d3eeafbd6a4f7/analysis/data/consolidated_game_data_20240505.csv
8,S8-RS-021,2,Rebellion Genflix,pick,2,Roger,https://liquipedia.net/mobilelegends/MPL/Indonesia/Season_8/Regular_Season | https://github.com/LiTianYeoh/MLBB_Tournament_Analysis/blob/94ea36800e80c9e89a2356a0b81d3eeafbd6a4f7/analysis/data/consolidated_game_data_20240505.csv
8,S8-RS-021,2,Rebellion Genflix,pick,3,Esmeralda,https://liquipedia.net/mobilelegends/MPL/Indonesia/Season_8/Regular_Season | https://github.com/LiTianYeoh/MLBB_Tournament_Analysis/blob/94ea36800e80c9e89a2356a0b81d3eeafbd6a4f7/analysis/data/consolidated_game_data_20240505.csv
8,S8-RS-021,2,Rebellion Genflix,pick,4,Barats,https://liquipedia.net/mobilelegends/MPL/Indonesia/Season_8/Regular_Season | https://github.com/LiTianYeoh/MLBB_Tournament_Analysis/blob/94ea36800e80c9e89a2356a0b81d3eeafbd6a4f7/analysis/data/consolidated_game_data_20240505.csv
8,S8-RS-021,2,Rebellion Genflix,pick,5,Lunox,https://liquipedia.net/mobilelegends/MPL/Indonesia/Season_8/Regular_Season | https://github.com/LiTianYeoh/MLBB_Tournament_Analysis/blob/94ea36800e80c9e89a2356a0b81d3eeafbd6a4f7/analysis/data/consolidated_game_data_20240505.csv
8,S8-RS-022,1,AURA Fire,pick,1,Harley,https://liquipedia.net/mobilelegends/MPL/Indonesia/Season_8/Regular_Season | https://github.com/LiTianYeoh/MLBB_Tournament_Analysis/blob/94ea36800e80c9e89a2356a0b81d3eeafbd6a4f7/analysis/data/consolidated_game_data_20240505.csv
8,S8-RS-022,1,AURA Fire,pick,2,Chou,https://liquipedia.net/mobilelegends/MPL/Indonesia/Season_8/Regular_Season | https://github.com/LiTianYeoh/MLBB_Tournament_Analysis/blob/94ea36800e80c9e89a2356a0b81d3eeafbd6a4f7/analysis/data/consolidated_game_data_20240505.csv
8,S8-RS-022,1,AURA Fire,pick,3,Yu Zhong,https://liquipedia.net/mobilelegends/MPL/Indonesia/Season_8/Regular_Season | https://github.com/LiTianYeoh/MLBB_Tournament_Analysis/blob/94ea36800e80c9e89a2356a0b81d3eeafbd6a4f7/analysis/data/consolidated_game_data_20240505.csv
8,S8-RS-022,1,AURA Fire,pick,4,Ling,https://liquipedia.net/mobilelegends/MPL/Indonesia/Season_8/Regular_Season | https://github.com/LiTianYeoh/MLBB_Tournament_Analysis/blob/94ea36800e80c9e89a2356a0b81d3eeafbd6a4f7/analysis/data/consolidated_game_data_20240505.csv
8,S8-RS-022,1,AURA Fire,pick,5,Ruby,https://liquipedia.net/mobilelegends/MPL/Indonesia/Season_8/Regular_Season | https://github.com/LiTianYeoh/MLBB_Tournament_Analysis/blob/94ea36800e80c9e89a2356a0b81d3eeafbd6a4f7/analysis/data/consolidated_game_data_20240505.csv
8,S8-RS-022,1,Geek Fam ID,pick,1,Khufra,https://liquipedia.net/mobilelegends/MPL/Indonesia/Season_8/Regular_Season | https://github.com/LiTianYeoh/MLBB_Tournament_Analysis/blob/94ea36800e80c9e89a2356a0b81d3eeafbd6a4f7/analysis/data/consolidated_game_data_20240505.csv
8,S8-RS-022,1,Geek Fam ID,pick,2,Hayabusa,https://liquipedia.net/mobilelegends/MPL/Indonesia/Season_8/Regular_Season | https://github.com/LiTianYeoh/MLBB_Tournament_Analysis/blob/94ea36800e80c9e89a2356a0b81d3eeafbd6a4f7/analysis/data/consolidated_game_data_20240505.csv
8,S8-RS-022,1,Geek Fam ID,pick,3,Beatrix,https://liquipedia.net/mobilelegends/MPL/Indonesia/Season_8/Regular_Season | https://github.com/LiTianYeoh/MLBB_Tournament_Analysis/blob/94ea36800e80c9e89a2356a0b81d3eeafbd6a4f7/analysis/data/consolidated_game_data_20240505.csv
8,S8-RS-022,1,Geek Fam ID,pick,4,Barats,https://liquipedia.net/mobilelegends/MPL/Indonesia/Season_8/Regular_Season | https://github.com/LiTianYeoh/MLBB_Tournament_Analysis/blob/94ea36800e80c9e89a2356a0b81d3eeafbd6a4f7/analysis/data/consolidated_game_data_20240505.csv
8,S8-RS-022,1,Geek Fam ID,pick,5,Pharsa,https://liquipedia.net/mobilelegends/MPL/Indonesia/Season_8/Regular_Season | https://github.com/LiTianYeoh/MLBB_Tournament_Analysis/blob/94ea36800e80c9e89a2356a0b81d3eeafbd6a4f7/analysis/data/consolidated_game_data_20240505.csv
8,S8-RS-022,2,AURA Fire,pick,1,Angela,https://liquipedia.net/mobilelegends/MPL/Indonesia/Season_8/Regular_Season | https://github.com/LiTianYeoh/MLBB_Tournament_Analysis/blob/94ea36800e80c9e89a2356a0b81d3eeafbd6a4f7/analysis/data/consolidated_game_data_20240505.csv
8,S8-RS-022,2,AURA Fire,pick,2,Paquito,https://liquipedia.net/mobilelegends/MPL/Indonesia/Season_8/Regular_Season | https://github.com/LiTianYeoh/MLBB_Tournament_Analysis/blob/94ea36800e80c9e89a2356a0b81d3eeafbd6a4f7/analysis/data/consolidated_game_data_20240505.csv
8,S8-RS-022,2,AURA Fire,pick,3,Alice,https://liquipedia.net/mobilelegends/MPL/Indonesia/Season_8/Regular_Season | https://github.com/LiTianYeoh/MLBB_Tournament_Analysis/blob/94ea36800e80c9e89a2356a0b81d3eeafbd6a4f7/analysis/data/consolidated_game_data_20240505.csv
8,S8-RS-022,2,AURA Fire,pick,4,Hayabusa,https://liquipedia.net/mobilelegends/MPL/Indonesia/Season_8/Regular_Season | https://github.com/LiTianYeoh/MLBB_Tournament_Analysis/blob/94ea36800e80c9e89a2356a0b81d3eeafbd6a4f7/analysis/data/consolidated_game_data_20240505.csv
8,S8-RS-022,2,AURA Fire,pick,5,Kadita,https://liquipedia.net/mobilelegends/MPL/Indonesia/Season_8/Regular_Season | https://github.com/LiTianYeoh/MLBB_Tournament_Analysis/blob/94ea36800e80c9e89a2356a0b81d3eeafbd6a4f7/analysis/data/consolidated_game_data_20240505.csv
8,S8-RS-022,2,Geek Fam ID,pick,1,Khufra,https://liquipedia.net/mobilelegends/MPL/Indonesia/Season_8/Regular_Season | https://github.com/LiTianYeoh/MLBB_Tournament_Analysis/blob/94ea36800e80c9e89a2356a0b81d3eeafbd6a4f7/analysis/data/consolidated_game_data_20240505.csv
8,S8-RS-022,2,Geek Fam ID,pick,2,Sun,https://liquipedia.net/mobilelegends/MPL/Indonesia/Season_8/Regular_Season | https://github.com/LiTianYeoh/MLBB_Tournament_Analysis/blob/94ea36800e80c9e89a2356a0b81d3eeafbd6a4f7/analysis/data/consolidated_game_data_20240505.csv
8,S8-RS-022,2,Geek Fam ID,pick,3,Chou,https://liquipedia.net/mobilelegends/MPL/Indonesia/Season_8/Regular_Season | https://github.com/LiTianYeoh/MLBB_Tournament_Analysis/blob/94ea36800e80c9e89a2356a0b81d3eeafbd6a4f7/analysis/data/consolidated_game_data_20240505.csv
8,S8-RS-022,2,Geek Fam ID,pick,4,Phoveus,https://liquipedia.net/mobilelegends/MPL/Indonesia/Season_8/Regular_Season | https://github.com/LiTianYeoh/MLBB_Tournament_Analysis/blob/94ea36800e80c9e89a2356a0b81d3eeafbd6a4f7/analysis/data/consolidated_game_data_20240505.csv
8,S8-RS-022,2,Geek Fam ID,pick,5,Harley,https://liquipedia.net/mobilelegends/MPL/Indonesia/Season_8/Regular_Season | https://github.com/LiTianYeoh/MLBB_Tournament_Analysis/blob/94ea36800e80c9e89a2356a0b81d3eeafbd6a4f7/analysis/data/consolidated_game_data_20240505.csv
8,S8-RS-023,1,ONIC Esports,pick,1,Kagura,https://liquipedia.net/mobilelegends/MPL/Indonesia/Season_8/Regular_Season | https://github.com/LiTianYeoh/MLBB_Tournament_Analysis/blob/94ea36800e80c9e89a2356a0b81d3eeafbd6a4f7/analysis/data/consolidated_game_data_20240505.csv
8,S8-RS-023,1,ONIC Esports,pick,2,X.Borg,https://liquipedia.net/mobilelegends/MPL/Indonesia/Season_8/Regular_Season | https://github.com/LiTianYeoh/MLBB_Tournament_Analysis/blob/94ea36800e80c9e89a2356a0b81d3eeafbd6a4f7/analysis/data/consolidated_game_data_20240505.csv
8,S8-RS-023,1,ONIC Esports,pick,3,Phoveus,https://liquipedia.net/mobilelegends/MPL/Indonesia/Season_8/Regular_Season | https://github.com/LiTianYeoh/MLBB_Tournament_Analysis/blob/94ea36800e80c9e89a2356a0b81d3eeafbd6a4f7/analysis/data/consolidated_game_data_20240505.csv
8,S8-RS-023,1,ONIC Esports,pick,4,Roger,https://liquipedia.net/mobilelegends/MPL/Indonesia/Season_8/Regular_Season | https://github.com/LiTianYeoh/MLBB_Tournament_Analysis/blob/94ea36800e80c9e89a2356a0b81d3eeafbd6a4f7/analysis/data/consolidated_game_data_20240505.csv
8,S8-RS-023,1,ONIC Esports,pick,5,Grock,https://liquipedia.net/mobilelegends/MPL/Indonesia/Season_8/Regular_Season | https://github.com/LiTianYeoh/MLBB_Tournament_Analysis/blob/94ea36800e80c9e89a2356a0b81d3eeafbd6a4f7/analysis/data/consolidated_game_data_20240505.csv
8,S8-RS-023,1,Bigetron Alpha,pick,1,Rafaela,https://liquipedia.net/mobilelegends/MPL/Indonesia/Season_8/Regular_Season | https://github.com/LiTianYeoh/MLBB_Tournament_Analysis/blob/94ea36800e80c9e89a2356a0b81d3eeafbd6a4f7/analysis/data/consolidated_game_data_20240505.csv
8,S8-RS-023,1,Bigetron Alpha,pick,2,Granger,https://liquipedia.net/mobilelegends/MPL/Indonesia/Season_8/Regular_Season | https://github.com/LiTianYeoh/MLBB_Tournament_Analysis/blob/94ea36800e80c9e89a2356a0b81d3eeafbd6a4f7/analysis/data/consolidated_game_data_20240505.csv
8,S8-RS-023,1,Bigetron Alpha,pick,3,Kaja,https://liquipedia.net/mobilelegends/MPL/Indonesia/Season_8/Regular_Season | https://github.com/LiTianYeoh/MLBB_Tournament_Analysis/blob/94ea36800e80c9e89a2356a0b81d3eeafbd6a4f7/analysis/data/consolidated_game_data_20240505.csv
8,S8-RS-023,1,Bigetron Alpha,pick,4,Ruby,https://liquipedia.net/mobilelegends/MPL/Indonesia/Season_8/Regular_Season | https://github.com/LiTianYeoh/MLBB_Tournament_Analysis/blob/94ea36800e80c9e89a2356a0b81d3eeafbd6a4f7/analysis/data/consolidated_game_data_20240505.csv
8,S8-RS-023,1,Bigetron Alpha,pick,5,Pharsa,https://liquipedia.net/mobilelegends/MPL/Indonesia/Season_8/Regular_Season | https://github.com/LiTianYeoh/MLBB_Tournament_Analysis/blob/94ea36800e80c9e89a2356a0b81d3eeafbd6a4f7/analysis/data/consolidated_game_data_20240505.csv
8,S8-RS-023,2,ONIC Esports,pick,1,Pharsa,https://liquipedia.net/mobilelegends/MPL/Indonesia/Season_8/Regular_Season | https://github.com/LiTianYeoh/MLBB_Tournament_Analysis/blob/94ea36800e80c9e89a2356a0b81d3eeafbd6a4f7/analysis/data/consolidated_game_data_20240505.csv
8,S8-RS-023,2,ONIC Esports,pick,2,Balmond,https://liquipedia.net/mobilelegends/MPL/Indonesia/Season_8/Regular_Season | https://github.com/LiTianYeoh/MLBB_Tournament_Analysis/blob/94ea36800e80c9e89a2356a0b81d3eeafbd6a4f7/analysis/data/consolidated_game_data_20240505.csv
8,S8-RS-023,2,ONIC Esports,pick,3,Chang'e,https://liquipedia.net/mobilelegends/MPL/Indonesia/Season_8/Regular_Season | https://github.com/LiTianYeoh/MLBB_Tournament_Analysis/blob/94ea36800e80c9e89a2356a0b81d3eeafbd6a4f7/analysis/data/consolidated_game_data_20240505.csv
8,S8-RS-023,2,ONIC Esports,pick,4,Hayabusa,https://liquipedia.net/mobilelegends/MPL/Indonesia/Season_8/Regular_Season | https://github.com/LiTianYeoh/MLBB_Tournament_Analysis/blob/94ea36800e80c9e89a2356a0b81d3eeafbd6a4f7/analysis/data/consolidated_game_data_20240505.csv
8,S8-RS-023,2,ONIC Esports,pick,5,Ruby,https://liquipedia.net/mobilelegends/MPL/Indonesia/Season_8/Regular_Season | https://github.com/LiTianYeoh/MLBB_Tournament_Analysis/blob/94ea36800e80c9e89a2356a0b81d3eeafbd6a4f7/analysis/data/consolidated_game_data_20240505.csv
8,S8-RS-023,2,Bigetron Alpha,pick,1,Jawhead,https://liquipedia.net/mobilelegends/MPL/Indonesia/Season_8/Regular_Season | https://github.com/LiTianYeoh/MLBB_Tournament_Analysis/blob/94ea36800e80c9e89a2356a0b81d3eeafbd6a4f7/analysis/data/consolidated_game_data_20240505.csv
8,S8-RS-023,2,Bigetron Alpha,pick,2,Yi Sun-Shin,https://liquipedia.net/mobilelegends/MPL/Indonesia/Season_8/Regular_Season | https://github.com/LiTianYeoh/MLBB_Tournament_Analysis/blob/94ea36800e80c9e89a2356a0b81d3eeafbd6a4f7/analysis/data/consolidated_game_data_20240505.csv
8,S8-RS-023,2,Bigetron Alpha,pick,3,Alice,https://liquipedia.net/mobilelegends/MPL/Indonesia/Season_8/Regular_Season | https://github.com/LiTianYeoh/MLBB_Tournament_Analysis/blob/94ea36800e80c9e89a2356a0b81d3eeafbd6a4f7/analysis/data/consolidated_game_data_20240505.csv
8,S8-RS-023,2,Bigetron Alpha,pick,4,Barats,https://liquipedia.net/mobilelegends/MPL/Indonesia/Season_8/Regular_Season | https://github.com/LiTianYeoh/MLBB_Tournament_Analysis/blob/94ea36800e80c9e89a2356a0b81d3eeafbd6a4f7/analysis/data/consolidated_game_data_20240505.csv
8,S8-RS-023,2,Bigetron Alpha,pick,5,Beatrix,https://liquipedia.net/mobilelegends/MPL/Indonesia/Season_8/Regular_Season | https://github.com/LiTianYeoh/MLBB_Tournament_Analysis/blob/94ea36800e80c9e89a2356a0b81d3eeafbd6a4f7/analysis/data/consolidated_game_data_20240505.csv
8,S8-RS-024,1,Geek Fam ID,pick,1,Saber,https://liquipedia.net/mobilelegends/MPL/Indonesia/Season_8/Regular_Season | https://github.com/LiTianYeoh/MLBB_Tournament_Analysis/blob/94ea36800e80c9e89a2356a0b81d3eeafbd6a4f7/analysis/data/consolidated_game_data_20240505.csv
8,S8-RS-024,1,Geek Fam ID,pick,2,Ruby,https://liquipedia.net/mobilelegends/MPL/Indonesia/Season_8/Regular_Season | https://github.com/LiTianYeoh/MLBB_Tournament_Analysis/blob/94ea36800e80c9e89a2356a0b81d3eeafbd6a4f7/analysis/data/consolidated_game_data_20240505.csv
8,S8-RS-024,1,Geek Fam ID,pick,3,Alice,https://liquipedia.net/mobilelegends/MPL/Indonesia/Season_8/Regular_Season | https://github.com/LiTianYeoh/MLBB_Tournament_Analysis/blob/94ea36800e80c9e89a2356a0b81d3eeafbd6a4f7/analysis/data/consolidated_game_data_20240505.csv
8,S8-RS-024,1,Geek Fam ID,pick,4,Harley,https://liquipedia.net/mobilelegends/MPL/Indonesia/Season_8/Regular_Season | https://github.com/LiTianYeoh/MLBB_Tournament_Analysis/blob/94ea36800e80c9e89a2356a0b81d3eeafbd6a4f7/analysis/data/consolidated_game_data_20240505.csv
8,S8-RS-024,1,Geek Fam ID,pick,5,Akai,https://liquipedia.net/mobilelegends/MPL/Indonesia/Season_8/Regular_Season | https://github.com/LiTianYeoh/MLBB_Tournament_Analysis/blob/94ea36800e80c9e89a2356a0b81d3eeafbd6a4f7/analysis/data/consolidated_game_data_20240505.csv
8,S8-RS-024,1,Bigetron Alpha,pick,1,Popol and Kupa,https://liquipedia.net/mobilelegends/MPL/Indonesia/Season_8/Regular_Season | https://github.com/LiTianYeoh/MLBB_Tournament_Analysis/blob/94ea36800e80c9e89a2356a0b81d3eeafbd6a4f7/analysis/data/consolidated_game_data_20240505.csv
8,S8-RS-024,1,Bigetron Alpha,pick,2,Ling,https://liquipedia.net/mobilelegends/MPL/Indonesia/Season_8/Regular_Season | https://github.com/LiTianYeoh/MLBB_Tournament_Analysis/blob/94ea36800e80c9e89a2356a0b81d3eeafbd6a4f7/analysis/data/consolidated_game_data_20240505.csv
8,S8-RS-024,1,Bigetron Alpha,pick,3,Lapu-Lapu,https://liquipedia.net/mobilelegends/MPL/Indonesia/Season_8/Regular_Season | https://github.com/LiTianYeoh/MLBB_Tournament_Analysis/blob/94ea36800e80c9e89a2356a0b81d3eeafbd6a4f7/analysis/data/consolidated_game_data_20240505.csv
8,S8-RS-024,1,Bigetron Alpha,pick,4,Esmeralda,https://liquipedia.net/mobilelegends/MPL/Indonesia/Season_8/Regular_Season | https://github.com/LiTianYeoh/MLBB_Tournament_Analysis/blob/94ea36800e80c9e89a2356a0b81d3eeafbd6a4f7/analysis/data/consolidated_game_data_20240505.csv
8,S8-RS-024,1,Bigetron Alpha,pick,5,Chang'e,https://liquipedia.net/mobilelegends/MPL/Indonesia/Season_8/Regular_Season | https://github.com/LiTianYeoh/MLBB_Tournament_Analysis/blob/94ea36800e80c9e89a2356a0b81d3eeafbd6a4f7/analysis/data/consolidated_game_data_20240505.csv
8,S8-RS-024,2,Geek Fam ID,pick,1,Pharsa,https://liquipedia.net/mobilelegends/MPL/Indonesia/Season_8/Regular_Season | https://github.com/LiTianYeoh/MLBB_Tournament_Analysis/blob/94ea36800e80c9e89a2356a0b81d3eeafbd6a4f7/analysis/data/consolidated_game_data_20240505.csv
8,S8-RS-024,2,Geek Fam ID,pick,2,Phoveus,https://liquipedia.net/mobilelegends/MPL/Indonesia/Season_8/Regular_Season | https://github.com/LiTianYeoh/MLBB_Tournament_Analysis/blob/94ea36800e80c9e89a2356a0b81d3eeafbd6a4f7/analysis/data/consolidated_game_data_20240505.csv
8,S8-RS-024,2,Geek Fam ID,pick,3,Saber,https://liquipedia.net/mobilelegends/MPL/Indonesia/Season_8/Regular_Season | https://github.com/LiTianYeoh/MLBB_Tournament_Analysis/blob/94ea36800e80c9e89a2356a0b81d3eeafbd6a4f7/analysis/data/consolidated_game_data_20240505.csv
8,S8-RS-024,2,Geek Fam ID,pick,4,X.Borg,https://liquipedia.net/mobilelegends/MPL/Indonesia/Season_8/Regular_Season | https://github.com/LiTianYeoh/MLBB_Tournament_Analysis/blob/94ea36800e80c9e89a2356a0b81d3eeafbd6a4f7/analysis/data/consolidated_game_data_20240505.csv
8,S8-RS-024,2,Geek Fam ID,pick,5,Tigreal,https://liquipedia.net/mobilelegends/MPL/Indonesia/Season_8/Regular_Season | https://github.com/LiTianYeoh/MLBB_Tournament_Analysis/blob/94ea36800e80c9e89a2356a0b81d3eeafbd6a4f7/analysis/data/consolidated_game_data_20240505.csv
8,S8-RS-024,2,Bigetron Alpha,pick,1,Chou,https://liquipedia.net/mobilelegends/MPL/Indonesia/Season_8/Regular_Season | https://github.com/LiTianYeoh/MLBB_Tournament_Analysis/blob/94ea36800e80c9e89a2356a0b81d3eeafbd6a4f7/analysis/data/consolidated_game_data_20240505.csv
8,S8-RS-024,2,Bigetron Alpha,pick,2,Harley,https://liquipedia.net/mobilelegends/MPL/Indonesia/Season_8/Regular_Season | https://github.com/LiTianYeoh/MLBB_Tournament_Analysis/blob/94ea36800e80c9e89a2356a0b81d3eeafbd6a4f7/analysis/data/consolidated_game_data_20240505.csv
8,S8-RS-024,2,Bigetron Alpha,pick,3,Alice,https://liquipedia.net/mobilelegends/MPL/Indonesia/Season_8/Regular_Season | https://github.com/LiTianYeoh/MLBB_Tournament_Analysis/blob/94ea36800e80c9e89a2356a0b81d3eeafbd6a4f7/analysis/data/consolidated_game_data_20240505.csv
8,S8-RS-024,2,Bigetron Alpha,pick,4,Balmond,https://liquipedia.net/mobilelegends/MPL/Indonesia/Season_8/Regular_Season | https://github.com/LiTianYeoh/MLBB_Tournament_Analysis/blob/94ea36800e80c9e89a2356a0b81d3eeafbd6a4f7/analysis/data/consolidated_game_data_20240505.csv
8,S8-RS-024,2,Bigetron Alpha,pick,5,Beatrix,https://liquipedia.net/mobilelegends/MPL/Indonesia/Season_8/Regular_Season | https://github.com/LiTianYeoh/MLBB_Tournament_Analysis/blob/94ea36800e80c9e89a2356a0b81d3eeafbd6a4f7/analysis/data/consolidated_game_data_20240505.csv
8,S8-RS-024,3,Geek Fam ID,pick,1,Eudora,https://liquipedia.net/mobilelegends/MPL/Indonesia/Season_8/Regular_Season | https://github.com/LiTianYeoh/MLBB_Tournament_Analysis/blob/94ea36800e80c9e89a2356a0b81d3eeafbd6a4f7/analysis/data/consolidated_game_data_20240505.csv
8,S8-RS-024,3,Geek Fam ID,pick,2,Thamuz,https://liquipedia.net/mobilelegends/MPL/Indonesia/Season_8/Regular_Season | https://github.com/LiTianYeoh/MLBB_Tournament_Analysis/blob/94ea36800e80c9e89a2356a0b81d3eeafbd6a4f7/analysis/data/consolidated_game_data_20240505.csv
8,S8-RS-024,3,Geek Fam ID,pick,3,Saber,https://liquipedia.net/mobilelegends/MPL/Indonesia/Season_8/Regular_Season | https://github.com/LiTianYeoh/MLBB_Tournament_Analysis/blob/94ea36800e80c9e89a2356a0b81d3eeafbd6a4f7/analysis/data/consolidated_game_data_20240505.csv
8,S8-RS-024,3,Geek Fam ID,pick,4,Roger,https://liquipedia.net/mobilelegends/MPL/Indonesia/Season_8/Regular_Season | https://github.com/LiTianYeoh/MLBB_Tournament_Analysis/blob/94ea36800e80c9e89a2356a0b81d3eeafbd6a4f7/analysis/data/consolidated_game_data_20240505.csv
8,S8-RS-024,3,Geek Fam ID,pick,5,Jawhead,https://liquipedia.net/mobilelegends/MPL/Indonesia/Season_8/Regular_Season | https://github.com/LiTianYeoh/MLBB_Tournament_Analysis/blob/94ea36800e80c9e89a2356a0b81d3eeafbd6a4f7/analysis/data/consolidated_game_data_20240505.csv
8,S8-RS-024,3,Bigetron Alpha,pick,1,Popol and Kupa,https://liquipedia.net/mobilelegends/MPL/Indonesia/Season_8/Regular_Season | https://github.com/LiTianYeoh/MLBB_Tournament_Analysis/blob/94ea36800e80c9e89a2356a0b81d3eeafbd6a4f7/analysis/data/consolidated_game_data_20240505.csv
8,S8-RS-024,3,Bigetron Alpha,pick,2,Hayabusa,https://liquipedia.net/mobilelegends/MPL/Indonesia/Season_8/Regular_Season | https://github.com/LiTianYeoh/MLBB_Tournament_Analysis/blob/94ea36800e80c9e89a2356a0b81d3eeafbd6a4f7/analysis/data/consolidated_game_data_20240505.csv
8,S8-RS-024,3,Bigetron Alpha,pick,3,Pharsa,https://liquipedia.net/mobilelegends/MPL/Indonesia/Season_8/Regular_Season | https://github.com/LiTianYeoh/MLBB_Tournament_Analysis/blob/94ea36800e80c9e89a2356a0b81d3eeafbd6a4f7/analysis/data/consolidated_game_data_20240505.csv
8,S8-RS-024,3,Bigetron Alpha,pick,4,Phoveus,https://liquipedia.net/mobilelegends/MPL/Indonesia/Season_8/Regular_Season | https://github.com/LiTianYeoh/MLBB_Tournament_Analysis/blob/94ea36800e80c9e89a2356a0b81d3eeafbd6a4f7/analysis/data/consolidated_game_data_20240505.csv
8,S8-RS-024,3,Bigetron Alpha,pick,5,Johnson,https://liquipedia.net/mobilelegends/MPL/Indonesia/Season_8/Regular_Season | https://github.com/LiTianYeoh/MLBB_Tournament_Analysis/blob/94ea36800e80c9e89a2356a0b81d3eeafbd6a4f7/analysis/data/consolidated_game_data_20240505.csv
8,S8-RS-025,1,AURA Fire,pick,1,Kagura,https://liquipedia.net/mobilelegends/MPL/Indonesia/Season_8/Regular_Season | https://github.com/LiTianYeoh/MLBB_Tournament_Analysis/blob/94ea36800e80c9e89a2356a0b81d3eeafbd6a4f7/analysis/data/consolidated_game_data_20240505.csv
8,S8-RS-025,1,AURA Fire,pick,2,Esmeralda,https://liquipedia.net/mobilelegends/MPL/Indonesia/Season_8/Regular_Season | https://github.com/LiTianYeoh/MLBB_Tournament_Analysis/blob/94ea36800e80c9e89a2356a0b81d3eeafbd6a4f7/analysis/data/consolidated_game_data_20240505.csv
8,S8-RS-025,1,AURA Fire,pick,3,Chou,https://liquipedia.net/mobilelegends/MPL/Indonesia/Season_8/Regular_Season | https://github.com/LiTianYeoh/MLBB_Tournament_Analysis/blob/94ea36800e80c9e89a2356a0b81d3eeafbd6a4f7/analysis/data/consolidated_game_data_20240505.csv
8,S8-RS-025,1,AURA Fire,pick,4,Hayabusa,https://liquipedia.net/mobilelegends/MPL/Indonesia/Season_8/Regular_Season | https://github.com/LiTianYeoh/MLBB_Tournament_Analysis/blob/94ea36800e80c9e89a2356a0b81d3eeafbd6a4f7/analysis/data/consolidated_game_data_20240505.csv
8,S8-RS-025,1,AURA Fire,pick,5,Martis,https://liquipedia.net/mobilelegends/MPL/Indonesia/Season_8/Regular_Season | https://github.com/LiTianYeoh/MLBB_Tournament_Analysis/blob/94ea36800e80c9e89a2356a0b81d3eeafbd6a4f7/analysis/data/consolidated_game_data_20240505.csv
8,S8-RS-025,1,RRQ Hoshi,pick,1,Jawhead,https://liquipedia.net/mobilelegends/MPL/Indonesia/Season_8/Regular_Season | https://github.com/LiTianYeoh/MLBB_Tournament_Analysis/blob/94ea36800e80c9e89a2356a0b81d3eeafbd6a4f7/analysis/data/consolidated_game_data_20240505.csv
8,S8-RS-025,1,RRQ Hoshi,pick,2,Ling,https://liquipedia.net/mobilelegends/MPL/Indonesia/Season_8/Regular_Season | https://github.com/LiTianYeoh/MLBB_Tournament_Analysis/blob/94ea36800e80c9e89a2356a0b81d3eeafbd6a4f7/analysis/data/consolidated_game_data_20240505.csv
8,S8-RS-025,1,RRQ Hoshi,pick,3,Alice,https://liquipedia.net/mobilelegends/MPL/Indonesia/Season_8/Regular_Season | https://github.com/LiTianYeoh/MLBB_Tournament_Analysis/blob/94ea36800e80c9e89a2356a0b81d3eeafbd6a4f7/analysis/data/consolidated_game_data_20240505.csv
8,S8-RS-025,1,RRQ Hoshi,pick,4,Ruby,https://liquipedia.net/mobilelegends/MPL/Indonesia/Season_8/Regular_Season | https://github.com/LiTianYeoh/MLBB_Tournament_Analysis/blob/94ea36800e80c9e89a2356a0b81d3eeafbd6a4f7/analysis/data/consolidated_game_data_20240505.csv
8,S8-RS-025,1,RRQ Hoshi,pick,5,Lunox,https://liquipedia.net/mobilelegends/MPL/Indonesia/Season_8/Regular_Season | https://github.com/LiTianYeoh/MLBB_Tournament_Analysis/blob/94ea36800e80c9e89a2356a0b81d3eeafbd6a4f7/analysis/data/consolidated_game_data_20240505.csv
8,S8-RS-025,2,AURA Fire,pick,1,Pharsa,https://liquipedia.net/mobilelegends/MPL/Indonesia/Season_8/Regular_Season | https://github.com/LiTianYeoh/MLBB_Tournament_Analysis/blob/94ea36800e80c9e89a2356a0b81d3eeafbd6a4f7/analysis/data/consolidated_game_data_20240505.csv
8,S8-RS-025,2,AURA Fire,pick,2,Phoveus,https://liquipedia.net/mobilelegends/MPL/Indonesia/Season_8/Regular_Season | https://github.com/LiTianYeoh/MLBB_Tournament_Analysis/blob/94ea36800e80c9e89a2356a0b81d3eeafbd6a4f7/analysis/data/consolidated_game_data_20240505.csv
8,S8-RS-025,2,AURA Fire,pick,3,Ruby,https://liquipedia.net/mobilelegends/MPL/Indonesia/Season_8/Regular_Season | https://github.com/LiTianYeoh/MLBB_Tournament_Analysis/blob/94ea36800e80c9e89a2356a0b81d3eeafbd6a4f7/analysis/data/consolidated_game_data_20240505.csv
8,S8-RS-025,2,AURA Fire,pick,4,Lancelot,https://liquipedia.net/mobilelegends/MPL/Indonesia/Season_8/Regular_Season | https://github.com/LiTianYeoh/MLBB_Tournament_Analysis/blob/94ea36800e80c9e89a2356a0b81d3eeafbd6a4f7/analysis/data/consolidated_game_data_20240505.csv
8,S8-RS-025,2,AURA Fire,pick,5,Kadita,https://liquipedia.net/mobilelegends/MPL/Indonesia/Season_8/Regular_Season | https://github.com/LiTianYeoh/MLBB_Tournament_Analysis/blob/94ea36800e80c9e89a2356a0b81d3eeafbd6a4f7/analysis/data/consolidated_game_data_20240505.csv
8,S8-RS-025,2,RRQ Hoshi,pick,1,Jawhead,https://liquipedia.net/mobilelegends/MPL/Indonesia/Season_8/Regular_Season | https://github.com/LiTianYeoh/MLBB_Tournament_Analysis/blob/94ea36800e80c9e89a2356a0b81d3eeafbd6a4f7/analysis/data/consolidated_game_data_20240505.csv
8,S8-RS-025,2,RRQ Hoshi,pick,2,Ling,https://liquipedia.net/mobilelegends/MPL/Indonesia/Season_8/Regular_Season | https://github.com/LiTianYeoh/MLBB_Tournament_Analysis/blob/94ea36800e80c9e89a2356a0b81d3eeafbd6a4f7/analysis/data/consolidated_game_data_20240505.csv
8,S8-RS-025,2,RRQ Hoshi,pick,3,Esmeralda,https://liquipedia.net/mobilelegends/MPL/Indonesia/Season_8/Regular_Season | https://github.com/LiTianYeoh/MLBB_Tournament_Analysis/blob/94ea36800e80c9e89a2356a0b81d3eeafbd6a4f7/analysis/data/consolidated_game_data_20240505.csv
8,S8-RS-025,2,RRQ Hoshi,pick,4,Benedetta,https://liquipedia.net/mobilelegends/MPL/Indonesia/Season_8/Regular_Season | https://github.com/LiTianYeoh/MLBB_Tournament_Analysis/blob/94ea36800e80c9e89a2356a0b81d3eeafbd6a4f7/analysis/data/consolidated_game_data_20240505.csv
8,S8-RS-025,2,RRQ Hoshi,pick,5,Kagura,https://liquipedia.net/mobilelegends/MPL/Indonesia/Season_8/Regular_Season | https://github.com/LiTianYeoh/MLBB_Tournament_Analysis/blob/94ea36800e80c9e89a2356a0b81d3eeafbd6a4f7/analysis/data/consolidated_game_data_20240505.csv
8,S8-RS-026,1,EVOS Legends,pick,1,Beatrix,https://liquipedia.net/mobilelegends/MPL/Indonesia/Season_8/Regular_Season | https://github.com/LiTianYeoh/MLBB_Tournament_Analysis/blob/94ea36800e80c9e89a2356a0b81d3eeafbd6a4f7/analysis/data/consolidated_game_data_20240505.csv
8,S8-RS-026,1,EVOS Legends,pick,2,Chou,https://liquipedia.net/mobilelegends/MPL/Indonesia/Season_8/Regular_Season | https://github.com/LiTianYeoh/MLBB_Tournament_Analysis/blob/94ea36800e80c9e89a2356a0b81d3eeafbd6a4f7/analysis/data/consolidated_game_data_20240505.csv
8,S8-RS-026,1,EVOS Legends,pick,3,Phoveus,https://liquipedia.net/mobilelegends/MPL/Indonesia/Season_8/Regular_Season | https://github.com/LiTianYeoh/MLBB_Tournament_Analysis/blob/94ea36800e80c9e89a2356a0b81d3eeafbd6a4f7/analysis/data/consolidated_game_data_20240505.csv
8,S8-RS-026,1,EVOS Legends,pick,4,Barats,https://liquipedia.net/mobilelegends/MPL/Indonesia/Season_8/Regular_Season | https://github.com/LiTianYeoh/MLBB_Tournament_Analysis/blob/94ea36800e80c9e89a2356a0b81d3eeafbd6a4f7/analysis/data/consolidated_game_data_20240505.csv
8,S8-RS-026,1,EVOS Legends,pick,5,Angela,https://liquipedia.net/mobilelegends/MPL/Indonesia/Season_8/Regular_Season | https://github.com/LiTianYeoh/MLBB_Tournament_Analysis/blob/94ea36800e80c9e89a2356a0b81d3eeafbd6a4f7/analysis/data/consolidated_game_data_20240505.csv
8,S8-RS-026,1,Alter Ego,pick,1,Baxia,https://liquipedia.net/mobilelegends/MPL/Indonesia/Season_8/Regular_Season | https://github.com/LiTianYeoh/MLBB_Tournament_Analysis/blob/94ea36800e80c9e89a2356a0b81d3eeafbd6a4f7/analysis/data/consolidated_game_data_20240505.csv
8,S8-RS-026,1,Alter Ego,pick,2,Ling,https://liquipedia.net/mobilelegends/MPL/Indonesia/Season_8/Regular_Season | https://github.com/LiTianYeoh/MLBB_Tournament_Analysis/blob/94ea36800e80c9e89a2356a0b81d3eeafbd6a4f7/analysis/data/consolidated_game_data_20240505.csv
8,S8-RS-026,1,Alter Ego,pick,3,Lunox,https://liquipedia.net/mobilelegends/MPL/Indonesia/Season_8/Regular_Season | https://github.com/LiTianYeoh/MLBB_Tournament_Analysis/blob/94ea36800e80c9e89a2356a0b81d3eeafbd6a4f7/analysis/data/consolidated_game_data_20240505.csv
8,S8-RS-026,1,Alter Ego,pick,4,Phoveus,https://liquipedia.net/mobilelegends/MPL/Indonesia/Season_8/Regular_Season | https://github.com/LiTianYeoh/MLBB_Tournament_Analysis/blob/94ea36800e80c9e89a2356a0b81d3eeafbd6a4f7/analysis/data/consolidated_game_data_20240505.csv
8,S8-RS-026,1,Alter Ego,pick,5,Harley,https://liquipedia.net/mobilelegends/MPL/Indonesia/Season_8/Regular_Season | https://github.com/LiTianYeoh/MLBB_Tournament_Analysis/blob/94ea36800e80c9e89a2356a0b81d3eeafbd6a4f7/analysis/data/consolidated_game_data_20240505.csv
8,S8-RS-026,2,EVOS Legends,pick,1,Chang'e,https://liquipedia.net/mobilelegends/MPL/Indonesia/Season_8/Regular_Season | https://github.com/LiTianYeoh/MLBB_Tournament_Analysis/blob/94ea36800e80c9e89a2356a0b81d3eeafbd6a4f7/analysis/data/consolidated_game_data_20240505.csv
8,S8-RS-026,2,EVOS Legends,pick,2,Thamuz,https://liquipedia.net/mobilelegends/MPL/Indonesia/Season_8/Regular_Season | https://github.com/LiTianYeoh/MLBB_Tournament_Analysis/blob/94ea36800e80c9e89a2356a0b81d3eeafbd6a4f7/analysis/data/consolidated_game_data_20240505.csv
8,S8-RS-026,2,EVOS Legends,pick,3,Alice,https://liquipedia.net/mobilelegends/MPL/Indonesia/Season_8/Regular_Season | https://github.com/LiTianYeoh/MLBB_Tournament_Analysis/blob/94ea36800e80c9e89a2356a0b81d3eeafbd6a4f7/analysis/data/consolidated_game_data_20240505.csv
8,S8-RS-026,2,EVOS Legends,pick,4,Barats,https://liquipedia.net/mobilelegends/MPL/Indonesia/Season_8/Regular_Season | https://github.com/LiTianYeoh/MLBB_Tournament_Analysis/blob/94ea36800e80c9e89a2356a0b81d3eeafbd6a4f7/analysis/data/consolidated_game_data_20240505.csv
8,S8-RS-026,2,EVOS Legends,pick,5,Angela,https://liquipedia.net/mobilelegends/MPL/Indonesia/Season_8/Regular_Season | https://github.com/LiTianYeoh/MLBB_Tournament_Analysis/blob/94ea36800e80c9e89a2356a0b81d3eeafbd6a4f7/analysis/data/consolidated_game_data_20240505.csv
8,S8-RS-026,2,Alter Ego,pick,1,Chou,https://liquipedia.net/mobilelegends/MPL/Indonesia/Season_8/Regular_Season | https://github.com/LiTianYeoh/MLBB_Tournament_Analysis/blob/94ea36800e80c9e89a2356a0b81d3eeafbd6a4f7/analysis/data/consolidated_game_data_20240505.csv
8,S8-RS-026,2,Alter Ego,pick,2,Harley,https://liquipedia.net/mobilelegends/MPL/Indonesia/Season_8/Regular_Season | https://github.com/LiTianYeoh/MLBB_Tournament_Analysis/blob/94ea36800e80c9e89a2356a0b81d3eeafbd6a4f7/analysis/data/consolidated_game_data_20240505.csv
8,S8-RS-026,2,Alter Ego,pick,3,Benedetta,https://liquipedia.net/mobilelegends/MPL/Indonesia/Season_8/Regular_Season | https://github.com/LiTianYeoh/MLBB_Tournament_Analysis/blob/94ea36800e80c9e89a2356a0b81d3eeafbd6a4f7/analysis/data/consolidated_game_data_20240505.csv
8,S8-RS-026,2,Alter Ego,pick,4,Phoveus,https://liquipedia.net/mobilelegends/MPL/Indonesia/Season_8/Regular_Season | https://github.com/LiTianYeoh/MLBB_Tournament_Analysis/blob/94ea36800e80c9e89a2356a0b81d3eeafbd6a4f7/analysis/data/consolidated_game_data_20240505.csv
8,S8-RS-026,2,Alter Ego,pick,5,Beatrix,https://liquipedia.net/mobilelegends/MPL/Indonesia/Season_8/Regular_Season | https://github.com/LiTianYeoh/MLBB_Tournament_Analysis/blob/94ea36800e80c9e89a2356a0b81d3eeafbd6a4f7/analysis/data/consolidated_game_data_20240505.csv
8,S8-RS-026,3,EVOS Legends,pick,1,Beatrix,https://liquipedia.net/mobilelegends/MPL/Indonesia/Season_8/Regular_Season | https://github.com/LiTianYeoh/MLBB_Tournament_Analysis/blob/94ea36800e80c9e89a2356a0b81d3eeafbd6a4f7/analysis/data/consolidated_game_data_20240505.csv
8,S8-RS-026,3,EVOS Legends,pick,2,Ruby,https://liquipedia.net/mobilelegends/MPL/Indonesia/Season_8/Regular_Season | https://github.com/LiTianYeoh/MLBB_Tournament_Analysis/blob/94ea36800e80c9e89a2356a0b81d3eeafbd6a4f7/analysis/data/consolidated_game_data_20240505.csv
8,S8-RS-026,3,EVOS Legends,pick,3,Esmeralda,https://liquipedia.net/mobilelegends/MPL/Indonesia/Season_8/Regular_Season | https://github.com/LiTianYeoh/MLBB_Tournament_Analysis/blob/94ea36800e80c9e89a2356a0b81d3eeafbd6a4f7/analysis/data/consolidated_game_data_20240505.csv
8,S8-RS-026,3,EVOS Legends,pick,4,Ling,https://liquipedia.net/mobilelegends/MPL/Indonesia/Season_8/Regular_Season | https://github.com/LiTianYeoh/MLBB_Tournament_Analysis/blob/94ea36800e80c9e89a2356a0b81d3eeafbd6a4f7/analysis/data/consolidated_game_data_20240505.csv
8,S8-RS-026,3,EVOS Legends,pick,5,Rafaela,https://liquipedia.net/mobilelegends/MPL/Indonesia/Season_8/Regular_Season | https://github.com/LiTianYeoh/MLBB_Tournament_Analysis/blob/94ea36800e80c9e89a2356a0b81d3eeafbd6a4f7/analysis/data/consolidated_game_data_20240505.csv
8,S8-RS-026,3,Alter Ego,pick,1,Popol and Kupa,https://liquipedia.net/mobilelegends/MPL/Indonesia/Season_8/Regular_Season | https://github.com/LiTianYeoh/MLBB_Tournament_Analysis/blob/94ea36800e80c9e89a2356a0b81d3eeafbd6a4f7/analysis/data/consolidated_game_data_20240505.csv
8,S8-RS-026,3,Alter Ego,pick,2,Alucard,https://liquipedia.net/mobilelegends/MPL/Indonesia/Season_8/Regular_Season | https://github.com/LiTianYeoh/MLBB_Tournament_Analysis/blob/94ea36800e80c9e89a2356a0b81d3eeafbd6a4f7/analysis/data/consolidated_game_data_20240505.csv
8,S8-RS-026,3,Alter Ego,pick,3,Phoveus,https://liquipedia.net/mobilelegends/MPL/Indonesia/Season_8/Regular_Season | https://github.com/LiTianYeoh/MLBB_Tournament_Analysis/blob/94ea36800e80c9e89a2356a0b81d3eeafbd6a4f7/analysis/data/consolidated_game_data_20240505.csv
8,S8-RS-026,3,Alter Ego,pick,4,Thamuz,https://liquipedia.net/mobilelegends/MPL/Indonesia/Season_8/Regular_Season | https://github.com/LiTianYeoh/MLBB_Tournament_Analysis/blob/94ea36800e80c9e89a2356a0b81d3eeafbd6a4f7/analysis/data/consolidated_game_data_20240505.csv
8,S8-RS-026,3,Alter Ego,pick,5,Pharsa,https://liquipedia.net/mobilelegends/MPL/Indonesia/Season_8/Regular_Season | https://github.com/LiTianYeoh/MLBB_Tournament_Analysis/blob/94ea36800e80c9e89a2356a0b81d3eeafbd6a4f7/analysis/data/consolidated_game_data_20240505.csv
8,S8-RS-027,1,Rebellion Genflix,pick,1,Saber,https://liquipedia.net/mobilelegends/MPL/Indonesia/Season_8/Regular_Season | https://github.com/LiTianYeoh/MLBB_Tournament_Analysis/blob/94ea36800e80c9e89a2356a0b81d3eeafbd6a4f7/analysis/data/consolidated_game_data_20240505.csv
8,S8-RS-027,1,Rebellion Genflix,pick,2,X.Borg,https://liquipedia.net/mobilelegends/MPL/Indonesia/Season_8/Regular_Season | https://github.com/LiTianYeoh/MLBB_Tournament_Analysis/blob/94ea36800e80c9e89a2356a0b81d3eeafbd6a4f7/analysis/data/consolidated_game_data_20240505.csv
8,S8-RS-027,1,Rebellion Genflix,pick,3,Lunox,https://liquipedia.net/mobilelegends/MPL/Indonesia/Season_8/Regular_Season | https://github.com/LiTianYeoh/MLBB_Tournament_Analysis/blob/94ea36800e80c9e89a2356a0b81d3eeafbd6a4f7/analysis/data/consolidated_game_data_20240505.csv
8,S8-RS-027,1,Rebellion Genflix,pick,4,Lancelot,https://liquipedia.net/mobilelegends/MPL/Indonesia/Season_8/Regular_Season | https://github.com/LiTianYeoh/MLBB_Tournament_Analysis/blob/94ea36800e80c9e89a2356a0b81d3eeafbd6a4f7/analysis/data/consolidated_game_data_20240505.csv
8,S8-RS-027,1,Rebellion Genflix,pick,5,Jawhead,https://liquipedia.net/mobilelegends/MPL/Indonesia/Season_8/Regular_Season | https://github.com/LiTianYeoh/MLBB_Tournament_Analysis/blob/94ea36800e80c9e89a2356a0b81d3eeafbd6a4f7/analysis/data/consolidated_game_data_20240505.csv
8,S8-RS-027,1,EVOS Legends,pick,1,Chou,https://liquipedia.net/mobilelegends/MPL/Indonesia/Season_8/Regular_Season | https://github.com/LiTianYeoh/MLBB_Tournament_Analysis/blob/94ea36800e80c9e89a2356a0b81d3eeafbd6a4f7/analysis/data/consolidated_game_data_20240505.csv
8,S8-RS-027,1,EVOS Legends,pick,2,Harley,https://liquipedia.net/mobilelegends/MPL/Indonesia/Season_8/Regular_Season | https://github.com/LiTianYeoh/MLBB_Tournament_Analysis/blob/94ea36800e80c9e89a2356a0b81d3eeafbd6a4f7/analysis/data/consolidated_game_data_20240505.csv
8,S8-RS-027,1,EVOS Legends,pick,3,Esmeralda,https://liquipedia.net/mobilelegends/MPL/Indonesia/Season_8/Regular_Season | https://github.com/LiTianYeoh/MLBB_Tournament_Analysis/blob/94ea36800e80c9e89a2356a0b81d3eeafbd6a4f7/analysis/data/consolidated_game_data_20240505.csv
8,S8-RS-027,1,EVOS Legends,pick,4,Thamuz,https://liquipedia.net/mobilelegends/MPL/Indonesia/Season_8/Regular_Season | https://github.com/LiTianYeoh/MLBB_Tournament_Analysis/blob/94ea36800e80c9e89a2356a0b81d3eeafbd6a4f7/analysis/data/consolidated_game_data_20240505.csv
8,S8-RS-027,1,EVOS Legends,pick,5,Kagura,https://liquipedia.net/mobilelegends/MPL/Indonesia/Season_8/Regular_Season | https://github.com/LiTianYeoh/MLBB_Tournament_Analysis/blob/94ea36800e80c9e89a2356a0b81d3eeafbd6a4f7/analysis/data/consolidated_game_data_20240505.csv
8,S8-RS-027,2,Rebellion Genflix,pick,1,Lylia,https://liquipedia.net/mobilelegends/MPL/Indonesia/Season_8/Regular_Season | https://github.com/LiTianYeoh/MLBB_Tournament_Analysis/blob/94ea36800e80c9e89a2356a0b81d3eeafbd6a4f7/analysis/data/consolidated_game_data_20240505.csv
8,S8-RS-027,2,Rebellion Genflix,pick,2,X.Borg,https://liquipedia.net/mobilelegends/MPL/Indonesia/Season_8/Regular_Season | https://github.com/LiTianYeoh/MLBB_Tournament_Analysis/blob/94ea36800e80c9e89a2356a0b81d3eeafbd6a4f7/analysis/data/consolidated_game_data_20240505.csv
8,S8-RS-027,2,Rebellion Genflix,pick,3,Lunox,https://liquipedia.net/mobilelegends/MPL/Indonesia/Season_8/Regular_Season | https://github.com/LiTianYeoh/MLBB_Tournament_Analysis/blob/94ea36800e80c9e89a2356a0b81d3eeafbd6a4f7/analysis/data/consolidated_game_data_20240505.csv
8,S8-RS-027,2,Rebellion Genflix,pick,4,Lancelot,https://liquipedia.net/mobilelegends/MPL/Indonesia/Season_8/Regular_Season | https://github.com/LiTianYeoh/MLBB_Tournament_Analysis/blob/94ea36800e80c9e89a2356a0b81d3eeafbd6a4f7/analysis/data/consolidated_game_data_20240505.csv
8,S8-RS-027,2,Rebellion Genflix,pick,5,Chou,https://liquipedia.net/mobilelegends/MPL/Indonesia/Season_8/Regular_Season | https://github.com/LiTianYeoh/MLBB_Tournament_Analysis/blob/94ea36800e80c9e89a2356a0b81d3eeafbd6a4f7/analysis/data/consolidated_game_data_20240505.csv
8,S8-RS-027,2,EVOS Legends,pick,1,Popol and Kupa,https://liquipedia.net/mobilelegends/MPL/Indonesia/Season_8/Regular_Season | https://github.com/LiTianYeoh/MLBB_Tournament_Analysis/blob/94ea36800e80c9e89a2356a0b81d3eeafbd6a4f7/analysis/data/consolidated_game_data_20240505.csv
8,S8-RS-027,2,EVOS Legends,pick,2,Hayabusa,https://liquipedia.net/mobilelegends/MPL/Indonesia/Season_8/Regular_Season | https://github.com/LiTianYeoh/MLBB_Tournament_Analysis/blob/94ea36800e80c9e89a2356a0b81d3eeafbd6a4f7/analysis/data/consolidated_game_data_20240505.csv
8,S8-RS-027,2,EVOS Legends,pick,3,Esmeralda,https://liquipedia.net/mobilelegends/MPL/Indonesia/Season_8/Regular_Season | https://github.com/LiTianYeoh/MLBB_Tournament_Analysis/blob/94ea36800e80c9e89a2356a0b81d3eeafbd6a4f7/analysis/data/consolidated_game_data_20240505.csv
8,S8-RS-027,2,EVOS Legends,pick,4,Uranus,https://liquipedia.net/mobilelegends/MPL/Indonesia/Season_8/Regular_Season | https://github.com/LiTianYeoh/MLBB_Tournament_Analysis/blob/94ea36800e80c9e89a2356a0b81d3eeafbd6a4f7/analysis/data/consolidated_game_data_20240505.csv
8,S8-RS-027,2,EVOS Legends,pick,5,Kagura,https://liquipedia.net/mobilelegends/MPL/Indonesia/Season_8/Regular_Season | https://github.com/LiTianYeoh/MLBB_Tournament_Analysis/blob/94ea36800e80c9e89a2356a0b81d3eeafbd6a4f7/analysis/data/consolidated_game_data_20240505.csv
8,S8-RS-027,3,Rebellion Genflix,pick,1,Saber,https://liquipedia.net/mobilelegends/MPL/Indonesia/Season_8/Regular_Season | https://github.com/LiTianYeoh/MLBB_Tournament_Analysis/blob/94ea36800e80c9e89a2356a0b81d3eeafbd6a4f7/analysis/data/consolidated_game_data_20240505.csv
8,S8-RS-027,3,Rebellion Genflix,pick,2,Benedetta,https://liquipedia.net/mobilelegends/MPL/Indonesia/Season_8/Regular_Season | https://github.com/LiTianYeoh/MLBB_Tournament_Analysis/blob/94ea36800e80c9e89a2356a0b81d3eeafbd6a4f7/analysis/data/consolidated_game_data_20240505.csv
8,S8-RS-027,3,Rebellion Genflix,pick,3,Kaja,https://liquipedia.net/mobilelegends/MPL/Indonesia/Season_8/Regular_Season | https://github.com/LiTianYeoh/MLBB_Tournament_Analysis/blob/94ea36800e80c9e89a2356a0b81d3eeafbd6a4f7/analysis/data/consolidated_game_data_20240505.csv
8,S8-RS-027,3,Rebellion Genflix,pick,4,Hayabusa,https://liquipedia.net/mobilelegends/MPL/Indonesia/Season_8/Regular_Season | https://github.com/LiTianYeoh/MLBB_Tournament_Analysis/blob/94ea36800e80c9e89a2356a0b81d3eeafbd6a4f7/analysis/data/consolidated_game_data_20240505.csv
8,S8-RS-027,3,Rebellion Genflix,pick,5,Grock,https://liquipedia.net/mobilelegends/MPL/Indonesia/Season_8/Regular_Season | https://github.com/LiTianYeoh/MLBB_Tournament_Analysis/blob/94ea36800e80c9e89a2356a0b81d3eeafbd6a4f7/analysis/data/consolidated_game_data_20240505.csv
8,S8-RS-027,3,EVOS Legends,pick,1,Angela,https://liquipedia.net/mobilelegends/MPL/Indonesia/Season_8/Regular_Season | https://github.com/LiTianYeoh/MLBB_Tournament_Analysis/blob/94ea36800e80c9e89a2356a0b81d3eeafbd6a4f7/analysis/data/consolidated_game_data_20240505.csv
8,S8-RS-027,3,EVOS Legends,pick,2,Roger,https://liquipedia.net/mobilelegends/MPL/Indonesia/Season_8/Regular_Season | https://github.com/LiTianYeoh/MLBB_Tournament_Analysis/blob/94ea36800e80c9e89a2356a0b81d3eeafbd6a4f7/analysis/data/consolidated_game_data_20240505.csv
8,S8-RS-027,3,EVOS Legends,pick,3,X.Borg,https://liquipedia.net/mobilelegends/MPL/Indonesia/Season_8/Regular_Season | https://github.com/LiTianYeoh/MLBB_Tournament_Analysis/blob/94ea36800e80c9e89a2356a0b81d3eeafbd6a4f7/analysis/data/consolidated_game_data_20240505.csv
8,S8-RS-027,3,EVOS Legends,pick,4,Balmond,https://liquipedia.net/mobilelegends/MPL/Indonesia/Season_8/Regular_Season | https://github.com/LiTianYeoh/MLBB_Tournament_Analysis/blob/94ea36800e80c9e89a2356a0b81d3eeafbd6a4f7/analysis/data/consolidated_game_data_20240505.csv
8,S8-RS-027,3,EVOS Legends,pick,5,Selena,https://liquipedia.net/mobilelegends/MPL/Indonesia/Season_8/Regular_Season | https://github.com/LiTianYeoh/MLBB_Tournament_Analysis/blob/94ea36800e80c9e89a2356a0b81d3eeafbd6a4f7/analysis/data/consolidated_game_data_20240505.csv
8,S8-RS-028,1,Alter Ego,pick,1,Beatrix,https://liquipedia.net/mobilelegends/MPL/Indonesia/Season_8/Regular_Season | https://github.com/LiTianYeoh/MLBB_Tournament_Analysis/blob/94ea36800e80c9e89a2356a0b81d3eeafbd6a4f7/analysis/data/consolidated_game_data_20240505.csv
8,S8-RS-028,1,Alter Ego,pick,2,Esmeralda,https://liquipedia.net/mobilelegends/MPL/Indonesia/Season_8/Regular_Season | https://github.com/LiTianYeoh/MLBB_Tournament_Analysis/blob/94ea36800e80c9e89a2356a0b81d3eeafbd6a4f7/analysis/data/consolidated_game_data_20240505.csv
8,S8-RS-028,1,Alter Ego,pick,3,Benedetta,https://liquipedia.net/mobilelegends/MPL/Indonesia/Season_8/Regular_Season | https://github.com/LiTianYeoh/MLBB_Tournament_Analysis/blob/94ea36800e80c9e89a2356a0b81d3eeafbd6a4f7/analysis/data/consolidated_game_data_20240505.csv
8,S8-RS-028,1,Alter Ego,pick,4,Barats,https://liquipedia.net/mobilelegends/MPL/Indonesia/Season_8/Regular_Season | https://github.com/LiTianYeoh/MLBB_Tournament_Analysis/blob/94ea36800e80c9e89a2356a0b81d3eeafbd6a4f7/analysis/data/consolidated_game_data_20240505.csv
8,S8-RS-028,1,Alter Ego,pick,5,Atlas,https://liquipedia.net/mobilelegends/MPL/Indonesia/Season_8/Regular_Season | https://github.com/LiTianYeoh/MLBB_Tournament_Analysis/blob/94ea36800e80c9e89a2356a0b81d3eeafbd6a4f7/analysis/data/consolidated_game_data_20240505.csv
8,S8-RS-028,1,ONIC Esports,pick,1,Jawhead,https://liquipedia.net/mobilelegends/MPL/Indonesia/Season_8/Regular_Season | https://github.com/LiTianYeoh/MLBB_Tournament_Analysis/blob/94ea36800e80c9e89a2356a0b81d3eeafbd6a4f7/analysis/data/consolidated_game_data_20240505.csv
8,S8-RS-028,1,ONIC Esports,pick,2,Natan,https://liquipedia.net/mobilelegends/MPL/Indonesia/Season_8/Regular_Season | https://github.com/LiTianYeoh/MLBB_Tournament_Analysis/blob/94ea36800e80c9e89a2356a0b81d3eeafbd6a4f7/analysis/data/consolidated_game_data_20240505.csv
8,S8-RS-028,1,ONIC Esports,pick,3,Ruby,https://liquipedia.net/mobilelegends/MPL/Indonesia/Season_8/Regular_Season | https://github.com/LiTianYeoh/MLBB_Tournament_Analysis/blob/94ea36800e80c9e89a2356a0b81d3eeafbd6a4f7/analysis/data/consolidated_game_data_20240505.csv
8,S8-RS-028,1,ONIC Esports,pick,4,Uranus,https://liquipedia.net/mobilelegends/MPL/Indonesia/Season_8/Regular_Season | https://github.com/LiTianYeoh/MLBB_Tournament_Analysis/blob/94ea36800e80c9e89a2356a0b81d3eeafbd6a4f7/analysis/data/consolidated_game_data_20240505.csv
8,S8-RS-028,1,ONIC Esports,pick,5,Pharsa,https://liquipedia.net/mobilelegends/MPL/Indonesia/Season_8/Regular_Season | https://github.com/LiTianYeoh/MLBB_Tournament_Analysis/blob/94ea36800e80c9e89a2356a0b81d3eeafbd6a4f7/analysis/data/consolidated_game_data_20240505.csv
8,S8-RS-028,2,Alter Ego,pick,1,Popol and Kupa,https://liquipedia.net/mobilelegends/MPL/Indonesia/Season_8/Regular_Season | https://github.com/LiTianYeoh/MLBB_Tournament_Analysis/blob/94ea36800e80c9e89a2356a0b81d3eeafbd6a4f7/analysis/data/consolidated_game_data_20240505.csv
8,S8-RS-028,2,Alter Ego,pick,2,Ruby,https://liquipedia.net/mobilelegends/MPL/Indonesia/Season_8/Regular_Season | https://github.com/LiTianYeoh/MLBB_Tournament_Analysis/blob/94ea36800e80c9e89a2356a0b81d3eeafbd6a4f7/analysis/data/consolidated_game_data_20240505.csv
8,S8-RS-028,2,Alter Ego,pick,3,Benedetta,https://liquipedia.net/mobilelegends/MPL/Indonesia/Season_8/Regular_Season | https://github.com/LiTianYeoh/MLBB_Tournament_Analysis/blob/94ea36800e80c9e89a2356a0b81d3eeafbd6a4f7/analysis/data/consolidated_game_data_20240505.csv
8,S8-RS-028,2,Alter Ego,pick,4,Cyclops,https://liquipedia.net/mobilelegends/MPL/Indonesia/Season_8/Regular_Season | https://github.com/LiTianYeoh/MLBB_Tournament_Analysis/blob/94ea36800e80c9e89a2356a0b81d3eeafbd6a4f7/analysis/data/consolidated_game_data_20240505.csv
8,S8-RS-028,2,Alter Ego,pick,5,Jawhead,https://liquipedia.net/mobilelegends/MPL/Indonesia/Season_8/Regular_Season | https://github.com/LiTianYeoh/MLBB_Tournament_Analysis/blob/94ea36800e80c9e89a2356a0b81d3eeafbd6a4f7/analysis/data/consolidated_game_data_20240505.csv
8,S8-RS-028,2,ONIC Esports,pick,1,Chou,https://liquipedia.net/mobilelegends/MPL/Indonesia/Season_8/Regular_Season | https://github.com/LiTianYeoh/MLBB_Tournament_Analysis/blob/94ea36800e80c9e89a2356a0b81d3eeafbd6a4f7/analysis/data/consolidated_game_data_20240505.csv
8,S8-RS-028,2,ONIC Esports,pick,2,Harley,https://liquipedia.net/mobilelegends/MPL/Indonesia/Season_8/Regular_Season | https://github.com/LiTianYeoh/MLBB_Tournament_Analysis/blob/94ea36800e80c9e89a2356a0b81d3eeafbd6a4f7/analysis/data/consolidated_game_data_20240505.csv
8,S8-RS-028,2,ONIC Esports,pick,3,Kaja,https://liquipedia.net/mobilelegends/MPL/Indonesia/Season_8/Regular_Season | https://github.com/LiTianYeoh/MLBB_Tournament_Analysis/blob/94ea36800e80c9e89a2356a0b81d3eeafbd6a4f7/analysis/data/consolidated_game_data_20240505.csv
8,S8-RS-028,2,ONIC Esports,pick,4,Lapu-Lapu,https://liquipedia.net/mobilelegends/MPL/Indonesia/Season_8/Regular_Season | https://github.com/LiTianYeoh/MLBB_Tournament_Analysis/blob/94ea36800e80c9e89a2356a0b81d3eeafbd6a4f7/analysis/data/consolidated_game_data_20240505.csv
8,S8-RS-028,2,ONIC Esports,pick,5,Barats,https://liquipedia.net/mobilelegends/MPL/Indonesia/Season_8/Regular_Season | https://github.com/LiTianYeoh/MLBB_Tournament_Analysis/blob/94ea36800e80c9e89a2356a0b81d3eeafbd6a4f7/analysis/data/consolidated_game_data_20240505.csv
8,S8-RS-028,3,Alter Ego,pick,1,Pharsa,https://liquipedia.net/mobilelegends/MPL/Indonesia/Season_8/Regular_Season | https://github.com/LiTianYeoh/MLBB_Tournament_Analysis/blob/94ea36800e80c9e89a2356a0b81d3eeafbd6a4f7/analysis/data/consolidated_game_data_20240505.csv
8,S8-RS-028,3,Alter Ego,pick,2,Barats,https://liquipedia.net/mobilelegends/MPL/Indonesia/Season_8/Regular_Season | https://github.com/LiTianYeoh/MLBB_Tournament_Analysis/blob/94ea36800e80c9e89a2356a0b81d3eeafbd6a4f7/analysis/data/consolidated_game_data_20240505.csv
8,S8-RS-028,3,Alter Ego,pick,3,Benedetta,https://liquipedia.net/mobilelegends/MPL/Indonesia/Season_8/Regular_Season | https://github.com/LiTianYeoh/MLBB_Tournament_Analysis/blob/94ea36800e80c9e89a2356a0b81d3eeafbd6a4f7/analysis/data/consolidated_game_data_20240505.csv
8,S8-RS-028,3,Alter Ego,pick,4,Hayabusa,https://liquipedia.net/mobilelegends/MPL/Indonesia/Season_8/Regular_Season | https://github.com/LiTianYeoh/MLBB_Tournament_Analysis/blob/94ea36800e80c9e89a2356a0b81d3eeafbd6a4f7/analysis/data/consolidated_game_data_20240505.csv
8,S8-RS-028,3,Alter Ego,pick,5,Jawhead,https://liquipedia.net/mobilelegends/MPL/Indonesia/Season_8/Regular_Season | https://github.com/LiTianYeoh/MLBB_Tournament_Analysis/blob/94ea36800e80c9e89a2356a0b81d3eeafbd6a4f7/analysis/data/consolidated_game_data_20240505.csv
8,S8-RS-028,3,ONIC Esports,pick,1,Selena,https://liquipedia.net/mobilelegends/MPL/Indonesia/Season_8/Regular_Season | https://github.com/LiTianYeoh/MLBB_Tournament_Analysis/blob/94ea36800e80c9e89a2356a0b81d3eeafbd6a4f7/analysis/data/consolidated_game_data_20240505.csv
8,S8-RS-028,3,ONIC Esports,pick,2,Roger,https://liquipedia.net/mobilelegends/MPL/Indonesia/Season_8/Regular_Season | https://github.com/LiTianYeoh/MLBB_Tournament_Analysis/blob/94ea36800e80c9e89a2356a0b81d3eeafbd6a4f7/analysis/data/consolidated_game_data_20240505.csv
8,S8-RS-028,3,ONIC Esports,pick,3,Bane,https://liquipedia.net/mobilelegends/MPL/Indonesia/Season_8/Regular_Season | https://github.com/LiTianYeoh/MLBB_Tournament_Analysis/blob/94ea36800e80c9e89a2356a0b81d3eeafbd6a4f7/analysis/data/consolidated_game_data_20240505.csv
8,S8-RS-028,3,ONIC Esports,pick,4,Ruby,https://liquipedia.net/mobilelegends/MPL/Indonesia/Season_8/Regular_Season | https://github.com/LiTianYeoh/MLBB_Tournament_Analysis/blob/94ea36800e80c9e89a2356a0b81d3eeafbd6a4f7/analysis/data/consolidated_game_data_20240505.csv
8,S8-RS-028,3,ONIC Esports,pick,5,Paquito,https://liquipedia.net/mobilelegends/MPL/Indonesia/Season_8/Regular_Season | https://github.com/LiTianYeoh/MLBB_Tournament_Analysis/blob/94ea36800e80c9e89a2356a0b81d3eeafbd6a4f7/analysis/data/consolidated_game_data_20240505.csv
8,S8-RS-029,1,Bigetron Alpha,pick,1,Kaja,https://liquipedia.net/mobilelegends/MPL/Indonesia/Season_8/Regular_Season | https://github.com/LiTianYeoh/MLBB_Tournament_Analysis/blob/94ea36800e80c9e89a2356a0b81d3eeafbd6a4f7/analysis/data/consolidated_game_data_20240505.csv
8,S8-RS-029,1,Bigetron Alpha,pick,2,Ruby,https://liquipedia.net/mobilelegends/MPL/Indonesia/Season_8/Regular_Season | https://github.com/LiTianYeoh/MLBB_Tournament_Analysis/blob/94ea36800e80c9e89a2356a0b81d3eeafbd6a4f7/analysis/data/consolidated_game_data_20240505.csv
8,S8-RS-029,1,Bigetron Alpha,pick,3,Alice,https://liquipedia.net/mobilelegends/MPL/Indonesia/Season_8/Regular_Season | https://github.com/LiTianYeoh/MLBB_Tournament_Analysis/blob/94ea36800e80c9e89a2356a0b81d3eeafbd6a4f7/analysis/data/consolidated_game_data_20240505.csv
8,S8-RS-029,1,Bigetron Alpha,pick,4,Claude,https://liquipedia.net/mobilelegends/MPL/Indonesia/Season_8/Regular_Season | https://github.com/LiTianYeoh/MLBB_Tournament_Analysis/blob/94ea36800e80c9e89a2356a0b81d3eeafbd6a4f7/analysis/data/consolidated_game_data_20240505.csv
8,S8-RS-029,1,Bigetron Alpha,pick,5,Barats,https://liquipedia.net/mobilelegends/MPL/Indonesia/Season_8/Regular_Season | https://github.com/LiTianYeoh/MLBB_Tournament_Analysis/blob/94ea36800e80c9e89a2356a0b81d3eeafbd6a4f7/analysis/data/consolidated_game_data_20240505.csv
8,S8-RS-029,1,Rebellion Genflix,pick,1,Khufra,https://liquipedia.net/mobilelegends/MPL/Indonesia/Season_8/Regular_Season | https://github.com/LiTianYeoh/MLBB_Tournament_Analysis/blob/94ea36800e80c9e89a2356a0b81d3eeafbd6a4f7/analysis/data/consolidated_game_data_20240505.csv
8,S8-RS-029,1,Rebellion Genflix,pick,2,Ling,https://liquipedia.net/mobilelegends/MPL/Indonesia/Season_8/Regular_Season | https://github.com/LiTianYeoh/MLBB_Tournament_Analysis/blob/94ea36800e80c9e89a2356a0b81d3eeafbd6a4f7/analysis/data/consolidated_game_data_20240505.csv
8,S8-RS-029,1,Rebellion Genflix,pick,3,Pharsa,https://liquipedia.net/mobilelegends/MPL/Indonesia/Season_8/Regular_Season | https://github.com/LiTianYeoh/MLBB_Tournament_Analysis/blob/94ea36800e80c9e89a2356a0b81d3eeafbd6a4f7/analysis/data/consolidated_game_data_20240505.csv
8,S8-RS-029,1,Rebellion Genflix,pick,4,Benedetta,https://liquipedia.net/mobilelegends/MPL/Indonesia/Season_8/Regular_Season | https://github.com/LiTianYeoh/MLBB_Tournament_Analysis/blob/94ea36800e80c9e89a2356a0b81d3eeafbd6a4f7/analysis/data/consolidated_game_data_20240505.csv
8,S8-RS-029,1,Rebellion Genflix,pick,5,Natan,https://liquipedia.net/mobilelegends/MPL/Indonesia/Season_8/Regular_Season | https://github.com/LiTianYeoh/MLBB_Tournament_Analysis/blob/94ea36800e80c9e89a2356a0b81d3eeafbd6a4f7/analysis/data/consolidated_game_data_20240505.csv
8,S8-RS-029,2,Bigetron Alpha,pick,1,Kaja,https://liquipedia.net/mobilelegends/MPL/Indonesia/Season_8/Regular_Season | https://github.com/LiTianYeoh/MLBB_Tournament_Analysis/blob/94ea36800e80c9e89a2356a0b81d3eeafbd6a4f7/analysis/data/consolidated_game_data_20240505.csv
8,S8-RS-029,2,Bigetron Alpha,pick,2,Benedetta,https://liquipedia.net/mobilelegends/MPL/Indonesia/Season_8/Regular_Season | https://github.com/LiTianYeoh/MLBB_Tournament_Analysis/blob/94ea36800e80c9e89a2356a0b81d3eeafbd6a4f7/analysis/data/consolidated_game_data_20240505.csv
8,S8-RS-029,2,Bigetron Alpha,pick,3,Pharsa,https://liquipedia.net/mobilelegends/MPL/Indonesia/Season_8/Regular_Season | https://github.com/LiTianYeoh/MLBB_Tournament_Analysis/blob/94ea36800e80c9e89a2356a0b81d3eeafbd6a4f7/analysis/data/consolidated_game_data_20240505.csv
8,S8-RS-029,2,Bigetron Alpha,pick,4,Lancelot,https://liquipedia.net/mobilelegends/MPL/Indonesia/Season_8/Regular_Season | https://github.com/LiTianYeoh/MLBB_Tournament_Analysis/blob/94ea36800e80c9e89a2356a0b81d3eeafbd6a4f7/analysis/data/consolidated_game_data_20240505.csv
8,S8-RS-029,2,Bigetron Alpha,pick,5,Barats,https://liquipedia.net/mobilelegends/MPL/Indonesia/Season_8/Regular_Season | https://github.com/LiTianYeoh/MLBB_Tournament_Analysis/blob/94ea36800e80c9e89a2356a0b81d3eeafbd6a4f7/analysis/data/consolidated_game_data_20240505.csv
8,S8-RS-029,2,Rebellion Genflix,pick,1,Jawhead,https://liquipedia.net/mobilelegends/MPL/Indonesia/Season_8/Regular_Season | https://github.com/LiTianYeoh/MLBB_Tournament_Analysis/blob/94ea36800e80c9e89a2356a0b81d3eeafbd6a4f7/analysis/data/consolidated_game_data_20240505.csv
8,S8-RS-029,2,Rebellion Genflix,pick,2,Ling,https://liquipedia.net/mobilelegends/MPL/Indonesia/Season_8/Regular_Season | https://github.com/LiTianYeoh/MLBB_Tournament_Analysis/blob/94ea36800e80c9e89a2356a0b81d3eeafbd6a4f7/analysis/data/consolidated_game_data_20240505.csv
8,S8-RS-029,2,Rebellion Genflix,pick,3,Chou,https://liquipedia.net/mobilelegends/MPL/Indonesia/Season_8/Regular_Season | https://github.com/LiTianYeoh/MLBB_Tournament_Analysis/blob/94ea36800e80c9e89a2356a0b81d3eeafbd6a4f7/analysis/data/consolidated_game_data_20240505.csv
8,S8-RS-029,2,Rebellion Genflix,pick,4,Lapu-Lapu,https://liquipedia.net/mobilelegends/MPL/Indonesia/Season_8/Regular_Season | https://github.com/LiTianYeoh/MLBB_Tournament_Analysis/blob/94ea36800e80c9e89a2356a0b81d3eeafbd6a4f7/analysis/data/consolidated_game_data_20240505.csv
8,S8-RS-029,2,Rebellion Genflix,pick,5,Harley,https://liquipedia.net/mobilelegends/MPL/Indonesia/Season_8/Regular_Season | https://github.com/LiTianYeoh/MLBB_Tournament_Analysis/blob/94ea36800e80c9e89a2356a0b81d3eeafbd6a4f7/analysis/data/consolidated_game_data_20240505.csv
8,S8-RS-029,3,Bigetron Alpha,pick,1,Estes,https://liquipedia.net/mobilelegends/MPL/Indonesia/Season_8/Regular_Season | https://github.com/LiTianYeoh/MLBB_Tournament_Analysis/blob/94ea36800e80c9e89a2356a0b81d3eeafbd6a4f7/analysis/data/consolidated_game_data_20240505.csv
8,S8-RS-029,3,Bigetron Alpha,pick,2,Barats,https://liquipedia.net/mobilelegends/MPL/Indonesia/Season_8/Regular_Season | https://github.com/LiTianYeoh/MLBB_Tournament_Analysis/blob/94ea36800e80c9e89a2356a0b81d3eeafbd6a4f7/analysis/data/consolidated_game_data_20240505.csv
8,S8-RS-029,3,Bigetron Alpha,pick,3,Alice,https://liquipedia.net/mobilelegends/MPL/Indonesia/Season_8/Regular_Season | https://github.com/LiTianYeoh/MLBB_Tournament_Analysis/blob/94ea36800e80c9e89a2356a0b81d3eeafbd6a4f7/analysis/data/consolidated_game_data_20240505.csv
8,S8-RS-029,3,Bigetron Alpha,pick,4,Natan,https://liquipedia.net/mobilelegends/MPL/Indonesia/Season_8/Regular_Season | https://github.com/LiTianYeoh/MLBB_Tournament_Analysis/blob/94ea36800e80c9e89a2356a0b81d3eeafbd6a4f7/analysis/data/consolidated_game_data_20240505.csv
8,S8-RS-029,3,Bigetron Alpha,pick,5,Hylos,https://liquipedia.net/mobilelegends/MPL/Indonesia/Season_8/Regular_Season | https://github.com/LiTianYeoh/MLBB_Tournament_Analysis/blob/94ea36800e80c9e89a2356a0b81d3eeafbd6a4f7/analysis/data/consolidated_game_data_20240505.csv
8,S8-RS-029,3,Rebellion Genflix,pick,1,Jawhead,https://liquipedia.net/mobilelegends/MPL/Indonesia/Season_8/Regular_Season | https://github.com/LiTianYeoh/MLBB_Tournament_Analysis/blob/94ea36800e80c9e89a2356a0b81d3eeafbd6a4f7/analysis/data/consolidated_game_data_20240505.csv
8,S8-RS-029,3,Rebellion Genflix,pick,2,Ling,https://liquipedia.net/mobilelegends/MPL/Indonesia/Season_8/Regular_Season | https://github.com/LiTianYeoh/MLBB_Tournament_Analysis/blob/94ea36800e80c9e89a2356a0b81d3eeafbd6a4f7/analysis/data/consolidated_game_data_20240505.csv
8,S8-RS-029,3,Rebellion Genflix,pick,3,Lunox,https://liquipedia.net/mobilelegends/MPL/Indonesia/Season_8/Regular_Season | https://github.com/LiTianYeoh/MLBB_Tournament_Analysis/blob/94ea36800e80c9e89a2356a0b81d3eeafbd6a4f7/analysis/data/consolidated_game_data_20240505.csv
8,S8-RS-029,3,Rebellion Genflix,pick,4,Benedetta,https://liquipedia.net/mobilelegends/MPL/Indonesia/Season_8/Regular_Season | https://github.com/LiTianYeoh/MLBB_Tournament_Analysis/blob/94ea36800e80c9e89a2356a0b81d3eeafbd6a4f7/analysis/data/consolidated_game_data_20240505.csv
8,S8-RS-029,3,Rebellion Genflix,pick,5,Kagura,https://liquipedia.net/mobilelegends/MPL/Indonesia/Season_8/Regular_Season | https://github.com/LiTianYeoh/MLBB_Tournament_Analysis/blob/94ea36800e80c9e89a2356a0b81d3eeafbd6a4f7/analysis/data/consolidated_game_data_20240505.csv
8,S8-RS-030,1,Geek Fam ID,pick,1,Kagura,https://liquipedia.net/mobilelegends/MPL/Indonesia/Season_8/Regular_Season | https://github.com/LiTianYeoh/MLBB_Tournament_Analysis/blob/94ea36800e80c9e89a2356a0b81d3eeafbd6a4f7/analysis/data/consolidated_game_data_20240505.csv
8,S8-RS-030,1,Geek Fam ID,pick,2,Ruby,https://liquipedia.net/mobilelegends/MPL/Indonesia/Season_8/Regular_Season | https://github.com/LiTianYeoh/MLBB_Tournament_Analysis/blob/94ea36800e80c9e89a2356a0b81d3eeafbd6a4f7/analysis/data/consolidated_game_data_20240505.csv
8,S8-RS-030,1,Geek Fam ID,pick,3,Uranus,https://liquipedia.net/mobilelegends/MPL/Indonesia/Season_8/Regular_Season | https://github.com/LiTianYeoh/MLBB_Tournament_Analysis/blob/94ea36800e80c9e89a2356a0b81d3eeafbd6a4f7/analysis/data/consolidated_game_data_20240505.csv
8,S8-RS-030,1,Geek Fam ID,pick,4,Bruno,https://liquipedia.net/mobilelegends/MPL/Indonesia/Season_8/Regular_Season | https://github.com/LiTianYeoh/MLBB_Tournament_Analysis/blob/94ea36800e80c9e89a2356a0b81d3eeafbd6a4f7/analysis/data/consolidated_game_data_20240505.csv
8,S8-RS-030,1,Geek Fam ID,pick,5,Tigreal,https://liquipedia.net/mobilelegends/MPL/Indonesia/Season_8/Regular_Season | https://github.com/LiTianYeoh/MLBB_Tournament_Analysis/blob/94ea36800e80c9e89a2356a0b81d3eeafbd6a4f7/analysis/data/consolidated_game_data_20240505.csv
8,S8-RS-030,1,Alter Ego,pick,1,Popol and Kupa,https://liquipedia.net/mobilelegends/MPL/Indonesia/Season_8/Regular_Season | https://github.com/LiTianYeoh/MLBB_Tournament_Analysis/blob/94ea36800e80c9e89a2356a0b81d3eeafbd6a4f7/analysis/data/consolidated_game_data_20240505.csv
8,S8-RS-030,1,Alter Ego,pick,2,Hayabusa,https://liquipedia.net/mobilelegends/MPL/Indonesia/Season_8/Regular_Season | https://github.com/LiTianYeoh/MLBB_Tournament_Analysis/blob/94ea36800e80c9e89a2356a0b81d3eeafbd6a4f7/analysis/data/consolidated_game_data_20240505.csv
8,S8-RS-030,1,Alter Ego,pick,3,Lunox,https://liquipedia.net/mobilelegends/MPL/Indonesia/Season_8/Regular_Season | https://github.com/LiTianYeoh/MLBB_Tournament_Analysis/blob/94ea36800e80c9e89a2356a0b81d3eeafbd6a4f7/analysis/data/consolidated_game_data_20240505.csv
8,S8-RS-030,1,Alter Ego,pick,4,Thamuz,https://liquipedia.net/mobilelegends/MPL/Indonesia/Season_8/Regular_Season | https://github.com/LiTianYeoh/MLBB_Tournament_Analysis/blob/94ea36800e80c9e89a2356a0b81d3eeafbd6a4f7/analysis/data/consolidated_game_data_20240505.csv
8,S8-RS-030,1,Alter Ego,pick,5,Pharsa,https://liquipedia.net/mobilelegends/MPL/Indonesia/Season_8/Regular_Season | https://github.com/LiTianYeoh/MLBB_Tournament_Analysis/blob/94ea36800e80c9e89a2356a0b81d3eeafbd6a4f7/analysis/data/consolidated_game_data_20240505.csv
8,S8-RS-030,2,Geek Fam ID,pick,1,Lylia,https://liquipedia.net/mobilelegends/MPL/Indonesia/Season_8/Regular_Season | https://github.com/LiTianYeoh/MLBB_Tournament_Analysis/blob/94ea36800e80c9e89a2356a0b81d3eeafbd6a4f7/analysis/data/consolidated_game_data_20240505.csv
8,S8-RS-030,2,Geek Fam ID,pick,2,Khaleed,https://liquipedia.net/mobilelegends/MPL/Indonesia/Season_8/Regular_Season | https://github.com/LiTianYeoh/MLBB_Tournament_Analysis/blob/94ea36800e80c9e89a2356a0b81d3eeafbd6a4f7/analysis/data/consolidated_game_data_20240505.csv
8,S8-RS-030,2,Geek Fam ID,pick,3,Esmeralda,https://liquipedia.net/mobilelegends/MPL/Indonesia/Season_8/Regular_Season | https://github.com/LiTianYeoh/MLBB_Tournament_Analysis/blob/94ea36800e80c9e89a2356a0b81d3eeafbd6a4f7/analysis/data/consolidated_game_data_20240505.csv
8,S8-RS-030,2,Geek Fam ID,pick,4,Bruno,https://liquipedia.net/mobilelegends/MPL/Indonesia/Season_8/Regular_Season | https://github.com/LiTianYeoh/MLBB_Tournament_Analysis/blob/94ea36800e80c9e89a2356a0b81d3eeafbd6a4f7/analysis/data/consolidated_game_data_20240505.csv
8,S8-RS-030,2,Geek Fam ID,pick,5,Popol and Kupa,https://liquipedia.net/mobilelegends/MPL/Indonesia/Season_8/Regular_Season | https://github.com/LiTianYeoh/MLBB_Tournament_Analysis/blob/94ea36800e80c9e89a2356a0b81d3eeafbd6a4f7/analysis/data/consolidated_game_data_20240505.csv
8,S8-RS-030,2,Alter Ego,pick,1,Baxia,https://liquipedia.net/mobilelegends/MPL/Indonesia/Season_8/Regular_Season | https://github.com/LiTianYeoh/MLBB_Tournament_Analysis/blob/94ea36800e80c9e89a2356a0b81d3eeafbd6a4f7/analysis/data/consolidated_game_data_20240505.csv
8,S8-RS-030,2,Alter Ego,pick,2,Lancelot,https://liquipedia.net/mobilelegends/MPL/Indonesia/Season_8/Regular_Season | https://github.com/LiTianYeoh/MLBB_Tournament_Analysis/blob/94ea36800e80c9e89a2356a0b81d3eeafbd6a4f7/analysis/data/consolidated_game_data_20240505.csv
8,S8-RS-030,2,Alter Ego,pick,3,Beatrix,https://liquipedia.net/mobilelegends/MPL/Indonesia/Season_8/Regular_Season | https://github.com/LiTianYeoh/MLBB_Tournament_Analysis/blob/94ea36800e80c9e89a2356a0b81d3eeafbd6a4f7/analysis/data/consolidated_game_data_20240505.csv
8,S8-RS-030,2,Alter Ego,pick,4,Phoveus,https://liquipedia.net/mobilelegends/MPL/Indonesia/Season_8/Regular_Season | https://github.com/LiTianYeoh/MLBB_Tournament_Analysis/blob/94ea36800e80c9e89a2356a0b81d3eeafbd6a4f7/analysis/data/consolidated_game_data_20240505.csv
8,S8-RS-030,2,Alter Ego,pick,5,Pharsa,https://liquipedia.net/mobilelegends/MPL/Indonesia/Season_8/Regular_Season | https://github.com/LiTianYeoh/MLBB_Tournament_Analysis/blob/94ea36800e80c9e89a2356a0b81d3eeafbd6a4f7/analysis/data/consolidated_game_data_20240505.csv
8,S8-RS-030,3,Geek Fam ID,pick,1,Pharsa,https://liquipedia.net/mobilelegends/MPL/Indonesia/Season_8/Regular_Season | https://github.com/LiTianYeoh/MLBB_Tournament_Analysis/blob/94ea36800e80c9e89a2356a0b81d3eeafbd6a4f7/analysis/data/consolidated_game_data_20240505.csv
8,S8-RS-030,3,Geek Fam ID,pick,2,Barats,https://liquipedia.net/mobilelegends/MPL/Indonesia/Season_8/Regular_Season | https://github.com/LiTianYeoh/MLBB_Tournament_Analysis/blob/94ea36800e80c9e89a2356a0b81d3eeafbd6a4f7/analysis/data/consolidated_game_data_20240505.csv
8,S8-RS-030,3,Geek Fam ID,pick,3,Beatrix,https://liquipedia.net/mobilelegends/MPL/Indonesia/Season_8/Regular_Season | https://github.com/LiTianYeoh/MLBB_Tournament_Analysis/blob/94ea36800e80c9e89a2356a0b81d3eeafbd6a4f7/analysis/data/consolidated_game_data_20240505.csv
8,S8-RS-030,3,Geek Fam ID,pick,4,Natan,https://liquipedia.net/mobilelegends/MPL/Indonesia/Season_8/Regular_Season | https://github.com/LiTianYeoh/MLBB_Tournament_Analysis/blob/94ea36800e80c9e89a2356a0b81d3eeafbd6a4f7/analysis/data/consolidated_game_data_20240505.csv
8,S8-RS-030,3,Geek Fam ID,pick,5,Tigreal,https://liquipedia.net/mobilelegends/MPL/Indonesia/Season_8/Regular_Season | https://github.com/LiTianYeoh/MLBB_Tournament_Analysis/blob/94ea36800e80c9e89a2356a0b81d3eeafbd6a4f7/analysis/data/consolidated_game_data_20240505.csv
8,S8-RS-030,3,Alter Ego,pick,1,Natalia,https://liquipedia.net/mobilelegends/MPL/Indonesia/Season_8/Regular_Season | https://github.com/LiTianYeoh/MLBB_Tournament_Analysis/blob/94ea36800e80c9e89a2356a0b81d3eeafbd6a4f7/analysis/data/consolidated_game_data_20240505.csv
8,S8-RS-030,3,Alter Ego,pick,2,Hayabusa,https://liquipedia.net/mobilelegends/MPL/Indonesia/Season_8/Regular_Season | https://github.com/LiTianYeoh/MLBB_Tournament_Analysis/blob/94ea36800e80c9e89a2356a0b81d3eeafbd6a4f7/analysis/data/consolidated_game_data_20240505.csv
8,S8-RS-030,3,Alter Ego,pick,3,Thamuz,https://liquipedia.net/mobilelegends/MPL/Indonesia/Season_8/Regular_Season | https://github.com/LiTianYeoh/MLBB_Tournament_Analysis/blob/94ea36800e80c9e89a2356a0b81d3eeafbd6a4f7/analysis/data/consolidated_game_data_20240505.csv
8,S8-RS-030,3,Alter Ego,pick,4,Phoveus,https://liquipedia.net/mobilelegends/MPL/Indonesia/Season_8/Regular_Season | https://github.com/LiTianYeoh/MLBB_Tournament_Analysis/blob/94ea36800e80c9e89a2356a0b81d3eeafbd6a4f7/analysis/data/consolidated_game_data_20240505.csv
8,S8-RS-030,3,Alter Ego,pick,5,Kagura,https://liquipedia.net/mobilelegends/MPL/Indonesia/Season_8/Regular_Season | https://github.com/LiTianYeoh/MLBB_Tournament_Analysis/blob/94ea36800e80c9e89a2356a0b81d3eeafbd6a4f7/analysis/data/consolidated_game_data_20240505.csv
8,S8-RS-031,1,ONIC Esports,pick,1,Beatrix,https://liquipedia.net/mobilelegends/MPL/Indonesia/Season_8/Regular_Season | https://github.com/LiTianYeoh/MLBB_Tournament_Analysis/blob/94ea36800e80c9e89a2356a0b81d3eeafbd6a4f7/analysis/data/consolidated_game_data_20240505.csv
8,S8-RS-031,1,ONIC Esports,pick,2,Esmeralda,https://liquipedia.net/mobilelegends/MPL/Indonesia/Season_8/Regular_Season | https://github.com/LiTianYeoh/MLBB_Tournament_Analysis/blob/94ea36800e80c9e89a2356a0b81d3eeafbd6a4f7/analysis/data/consolidated_game_data_20240505.csv
8,S8-RS-031,1,ONIC Esports,pick,3,Belerick,https://liquipedia.net/mobilelegends/MPL/Indonesia/Season_8/Regular_Season | https://github.com/LiTianYeoh/MLBB_Tournament_Analysis/blob/94ea36800e80c9e89a2356a0b81d3eeafbd6a4f7/analysis/data/consolidated_game_data_20240505.csv
8,S8-RS-031,1,ONIC Esports,pick,4,Harley,https://liquipedia.net/mobilelegends/MPL/Indonesia/Season_8/Regular_Season | https://github.com/LiTianYeoh/MLBB_Tournament_Analysis/blob/94ea36800e80c9e89a2356a0b81d3eeafbd6a4f7/analysis/data/consolidated_game_data_20240505.csv
8,S8-RS-031,1,ONIC Esports,pick,5,Chou,https://liquipedia.net/mobilelegends/MPL/Indonesia/Season_8/Regular_Season | https://github.com/LiTianYeoh/MLBB_Tournament_Analysis/blob/94ea36800e80c9e89a2356a0b81d3eeafbd6a4f7/analysis/data/consolidated_game_data_20240505.csv
8,S8-RS-031,1,AURA Fire,pick,1,Ruby,https://liquipedia.net/mobilelegends/MPL/Indonesia/Season_8/Regular_Season | https://github.com/LiTianYeoh/MLBB_Tournament_Analysis/blob/94ea36800e80c9e89a2356a0b81d3eeafbd6a4f7/analysis/data/consolidated_game_data_20240505.csv
8,S8-RS-031,1,AURA Fire,pick,2,Baxia,https://liquipedia.net/mobilelegends/MPL/Indonesia/Season_8/Regular_Season | https://github.com/LiTianYeoh/MLBB_Tournament_Analysis/blob/94ea36800e80c9e89a2356a0b81d3eeafbd6a4f7/analysis/data/consolidated_game_data_20240505.csv
8,S8-RS-031,1,AURA Fire,pick,3,Hayabusa,https://liquipedia.net/mobilelegends/MPL/Indonesia/Season_8/Regular_Season | https://github.com/LiTianYeoh/MLBB_Tournament_Analysis/blob/94ea36800e80c9e89a2356a0b81d3eeafbd6a4f7/analysis/data/consolidated_game_data_20240505.csv
8,S8-RS-031,1,AURA Fire,pick,4,Balmond,https://liquipedia.net/mobilelegends/MPL/Indonesia/Season_8/Regular_Season | https://github.com/LiTianYeoh/MLBB_Tournament_Analysis/blob/94ea36800e80c9e89a2356a0b81d3eeafbd6a4f7/analysis/data/consolidated_game_data_20240505.csv
8,S8-RS-031,1,AURA Fire,pick,5,Lylia,https://liquipedia.net/mobilelegends/MPL/Indonesia/Season_8/Regular_Season | https://github.com/LiTianYeoh/MLBB_Tournament_Analysis/blob/94ea36800e80c9e89a2356a0b81d3eeafbd6a4f7/analysis/data/consolidated_game_data_20240505.csv
8,S8-RS-031,2,ONIC Esports,pick,1,Hayabusa,https://liquipedia.net/mobilelegends/MPL/Indonesia/Season_8/Regular_Season | https://github.com/LiTianYeoh/MLBB_Tournament_Analysis/blob/94ea36800e80c9e89a2356a0b81d3eeafbd6a4f7/analysis/data/consolidated_game_data_20240505.csv
8,S8-RS-031,2,ONIC Esports,pick,2,Phoveus,https://liquipedia.net/mobilelegends/MPL/Indonesia/Season_8/Regular_Season | https://github.com/LiTianYeoh/MLBB_Tournament_Analysis/blob/94ea36800e80c9e89a2356a0b81d3eeafbd6a4f7/analysis/data/consolidated_game_data_20240505.csv
8,S8-RS-031,2,ONIC Esports,pick,3,Chou,https://liquipedia.net/mobilelegends/MPL/Indonesia/Season_8/Regular_Season | https://github.com/LiTianYeoh/MLBB_Tournament_Analysis/blob/94ea36800e80c9e89a2356a0b81d3eeafbd6a4f7/analysis/data/consolidated_game_data_20240505.csv
8,S8-RS-031,2,ONIC Esports,pick,4,Natan,https://liquipedia.net/mobilelegends/MPL/Indonesia/Season_8/Regular_Season | https://github.com/LiTianYeoh/MLBB_Tournament_Analysis/blob/94ea36800e80c9e89a2356a0b81d3eeafbd6a4f7/analysis/data/consolidated_game_data_20240505.csv
8,S8-RS-031,2,ONIC Esports,pick,5,Khufra,https://liquipedia.net/mobilelegends/MPL/Indonesia/Season_8/Regular_Season | https://github.com/LiTianYeoh/MLBB_Tournament_Analysis/blob/94ea36800e80c9e89a2356a0b81d3eeafbd6a4f7/analysis/data/consolidated_game_data_20240505.csv
8,S8-RS-031,2,AURA Fire,pick,1,Minsitthar,https://liquipedia.net/mobilelegends/MPL/Indonesia/Season_8/Regular_Season | https://github.com/LiTianYeoh/MLBB_Tournament_Analysis/blob/94ea36800e80c9e89a2356a0b81d3eeafbd6a4f7/analysis/data/consolidated_game_data_20240505.csv
8,S8-RS-031,2,AURA Fire,pick,2,Baxia,https://liquipedia.net/mobilelegends/MPL/Indonesia/Season_8/Regular_Season | https://github.com/LiTianYeoh/MLBB_Tournament_Analysis/blob/94ea36800e80c9e89a2356a0b81d3eeafbd6a4f7/analysis/data/consolidated_game_data_20240505.csv
8,S8-RS-031,2,AURA Fire,pick,3,Alice,https://liquipedia.net/mobilelegends/MPL/Indonesia/Season_8/Regular_Season | https://github.com/LiTianYeoh/MLBB_Tournament_Analysis/blob/94ea36800e80c9e89a2356a0b81d3eeafbd6a4f7/analysis/data/consolidated_game_data_20240505.csv
8,S8-RS-031,2,AURA Fire,pick,4,Balmond,https://liquipedia.net/mobilelegends/MPL/Indonesia/Season_8/Regular_Season | https://github.com/LiTianYeoh/MLBB_Tournament_Analysis/blob/94ea36800e80c9e89a2356a0b81d3eeafbd6a4f7/analysis/data/consolidated_game_data_20240505.csv
8,S8-RS-031,2,AURA Fire,pick,5,Harley,https://liquipedia.net/mobilelegends/MPL/Indonesia/Season_8/Regular_Season | https://github.com/LiTianYeoh/MLBB_Tournament_Analysis/blob/94ea36800e80c9e89a2356a0b81d3eeafbd6a4f7/analysis/data/consolidated_game_data_20240505.csv
8,S8-RS-031,3,ONIC Esports,pick,1,Hayabusa,https://liquipedia.net/mobilelegends/MPL/Indonesia/Season_8/Regular_Season | https://github.com/LiTianYeoh/MLBB_Tournament_Analysis/blob/94ea36800e80c9e89a2356a0b81d3eeafbd6a4f7/analysis/data/consolidated_game_data_20240505.csv
8,S8-RS-031,3,ONIC Esports,pick,2,Lapu-Lapu,https://liquipedia.net/mobilelegends/MPL/Indonesia/Season_8/Regular_Season | https://github.com/LiTianYeoh/MLBB_Tournament_Analysis/blob/94ea36800e80c9e89a2356a0b81d3eeafbd6a4f7/analysis/data/consolidated_game_data_20240505.csv
8,S8-RS-031,3,ONIC Esports,pick,3,Belerick,https://liquipedia.net/mobilelegends/MPL/Indonesia/Season_8/Regular_Season | https://github.com/LiTianYeoh/MLBB_Tournament_Analysis/blob/94ea36800e80c9e89a2356a0b81d3eeafbd6a4f7/analysis/data/consolidated_game_data_20240505.csv
8,S8-RS-031,3,ONIC Esports,pick,4,Harley,https://liquipedia.net/mobilelegends/MPL/Indonesia/Season_8/Regular_Season | https://github.com/LiTianYeoh/MLBB_Tournament_Analysis/blob/94ea36800e80c9e89a2356a0b81d3eeafbd6a4f7/analysis/data/consolidated_game_data_20240505.csv
8,S8-RS-031,3,ONIC Esports,pick,5,Popol and Kupa,https://liquipedia.net/mobilelegends/MPL/Indonesia/Season_8/Regular_Season | https://github.com/LiTianYeoh/MLBB_Tournament_Analysis/blob/94ea36800e80c9e89a2356a0b81d3eeafbd6a4f7/analysis/data/consolidated_game_data_20240505.csv
8,S8-RS-031,3,AURA Fire,pick,1,Kadita,https://liquipedia.net/mobilelegends/MPL/Indonesia/Season_8/Regular_Season | https://github.com/LiTianYeoh/MLBB_Tournament_Analysis/blob/94ea36800e80c9e89a2356a0b81d3eeafbd6a4f7/analysis/data/consolidated_game_data_20240505.csv
8,S8-RS-031,3,AURA Fire,pick,2,Uranus,https://liquipedia.net/mobilelegends/MPL/Indonesia/Season_8/Regular_Season | https://github.com/LiTianYeoh/MLBB_Tournament_Analysis/blob/94ea36800e80c9e89a2356a0b81d3eeafbd6a4f7/analysis/data/consolidated_game_data_20240505.csv
8,S8-RS-031,3,AURA Fire,pick,3,Chou,https://liquipedia.net/mobilelegends/MPL/Indonesia/Season_8/Regular_Season | https://github.com/LiTianYeoh/MLBB_Tournament_Analysis/blob/94ea36800e80c9e89a2356a0b81d3eeafbd6a4f7/analysis/data/consolidated_game_data_20240505.csv
8,S8-RS-031,3,AURA Fire,pick,4,Ruby,https://liquipedia.net/mobilelegends/MPL/Indonesia/Season_8/Regular_Season | https://github.com/LiTianYeoh/MLBB_Tournament_Analysis/blob/94ea36800e80c9e89a2356a0b81d3eeafbd6a4f7/analysis/data/consolidated_game_data_20240505.csv
8,S8-RS-031,3,AURA Fire,pick,5,Pharsa,https://liquipedia.net/mobilelegends/MPL/Indonesia/Season_8/Regular_Season | https://github.com/LiTianYeoh/MLBB_Tournament_Analysis/blob/94ea36800e80c9e89a2356a0b81d3eeafbd6a4f7/analysis/data/consolidated_game_data_20240505.csv
8,S8-RS-032,1,RRQ Hoshi,pick,1,Pharsa,https://liquipedia.net/mobilelegends/MPL/Indonesia/Season_8/Regular_Season | https://github.com/LiTianYeoh/MLBB_Tournament_Analysis/blob/94ea36800e80c9e89a2356a0b81d3eeafbd6a4f7/analysis/data/consolidated_game_data_20240505.csv
8,S8-RS-032,1,RRQ Hoshi,pick,2,Chou,https://liquipedia.net/mobilelegends/MPL/Indonesia/Season_8/Regular_Season | https://github.com/LiTianYeoh/MLBB_Tournament_Analysis/blob/94ea36800e80c9e89a2356a0b81d3eeafbd6a4f7/analysis/data/consolidated_game_data_20240505.csv
8,S8-RS-032,1,RRQ Hoshi,pick,3,Esmeralda,https://liquipedia.net/mobilelegends/MPL/Indonesia/Season_8/Regular_Season | https://github.com/LiTianYeoh/MLBB_Tournament_Analysis/blob/94ea36800e80c9e89a2356a0b81d3eeafbd6a4f7/analysis/data/consolidated_game_data_20240505.csv
8,S8-RS-032,1,RRQ Hoshi,pick,4,Alucard,https://liquipedia.net/mobilelegends/MPL/Indonesia/Season_8/Regular_Season | https://github.com/LiTianYeoh/MLBB_Tournament_Analysis/blob/94ea36800e80c9e89a2356a0b81d3eeafbd6a4f7/analysis/data/consolidated_game_data_20240505.csv
8,S8-RS-032,1,RRQ Hoshi,pick,5,Mathilda,https://liquipedia.net/mobilelegends/MPL/Indonesia/Season_8/Regular_Season | https://github.com/LiTianYeoh/MLBB_Tournament_Analysis/blob/94ea36800e80c9e89a2356a0b81d3eeafbd6a4f7/analysis/data/consolidated_game_data_20240505.csv
8,S8-RS-032,1,Bigetron Alpha,pick,1,Baxia,https://liquipedia.net/mobilelegends/MPL/Indonesia/Season_8/Regular_Season | https://github.com/LiTianYeoh/MLBB_Tournament_Analysis/blob/94ea36800e80c9e89a2356a0b81d3eeafbd6a4f7/analysis/data/consolidated_game_data_20240505.csv
8,S8-RS-032,1,Bigetron Alpha,pick,2,Hayabusa,https://liquipedia.net/mobilelegends/MPL/Indonesia/Season_8/Regular_Season | https://github.com/LiTianYeoh/MLBB_Tournament_Analysis/blob/94ea36800e80c9e89a2356a0b81d3eeafbd6a4f7/analysis/data/consolidated_game_data_20240505.csv
8,S8-RS-032,1,Bigetron Alpha,pick,3,Thamuz,https://liquipedia.net/mobilelegends/MPL/Indonesia/Season_8/Regular_Season | https://github.com/LiTianYeoh/MLBB_Tournament_Analysis/blob/94ea36800e80c9e89a2356a0b81d3eeafbd6a4f7/analysis/data/consolidated_game_data_20240505.csv
8,S8-RS-032,1,Bigetron Alpha,pick,4,Ruby,https://liquipedia.net/mobilelegends/MPL/Indonesia/Season_8/Regular_Season | https://github.com/LiTianYeoh/MLBB_Tournament_Analysis/blob/94ea36800e80c9e89a2356a0b81d3eeafbd6a4f7/analysis/data/consolidated_game_data_20240505.csv
8,S8-RS-032,1,Bigetron Alpha,pick,5,Cecilion,https://liquipedia.net/mobilelegends/MPL/Indonesia/Season_8/Regular_Season | https://github.com/LiTianYeoh/MLBB_Tournament_Analysis/blob/94ea36800e80c9e89a2356a0b81d3eeafbd6a4f7/analysis/data/consolidated_game_data_20240505.csv
8,S8-RS-032,2,RRQ Hoshi,pick,1,Eudora,https://liquipedia.net/mobilelegends/MPL/Indonesia/Season_8/Regular_Season | https://github.com/LiTianYeoh/MLBB_Tournament_Analysis/blob/94ea36800e80c9e89a2356a0b81d3eeafbd6a4f7/analysis/data/consolidated_game_data_20240505.csv
8,S8-RS-032,2,RRQ Hoshi,pick,2,Barats,https://liquipedia.net/mobilelegends/MPL/Indonesia/Season_8/Regular_Season | https://github.com/LiTianYeoh/MLBB_Tournament_Analysis/blob/94ea36800e80c9e89a2356a0b81d3eeafbd6a4f7/analysis/data/consolidated_game_data_20240505.csv
8,S8-RS-032,2,RRQ Hoshi,pick,3,Alice,https://liquipedia.net/mobilelegends/MPL/Indonesia/Season_8/Regular_Season | https://github.com/LiTianYeoh/MLBB_Tournament_Analysis/blob/94ea36800e80c9e89a2356a0b81d3eeafbd6a4f7/analysis/data/consolidated_game_data_20240505.csv
8,S8-RS-032,2,RRQ Hoshi,pick,4,Roger,https://liquipedia.net/mobilelegends/MPL/Indonesia/Season_8/Regular_Season | https://github.com/LiTianYeoh/MLBB_Tournament_Analysis/blob/94ea36800e80c9e89a2356a0b81d3eeafbd6a4f7/analysis/data/consolidated_game_data_20240505.csv
8,S8-RS-032,2,RRQ Hoshi,pick,5,Jawhead,https://liquipedia.net/mobilelegends/MPL/Indonesia/Season_8/Regular_Season | https://github.com/LiTianYeoh/MLBB_Tournament_Analysis/blob/94ea36800e80c9e89a2356a0b81d3eeafbd6a4f7/analysis/data/consolidated_game_data_20240505.csv
8,S8-RS-032,2,Bigetron Alpha,pick,1,Popol and Kupa,https://liquipedia.net/mobilelegends/MPL/Indonesia/Season_8/Regular_Season | https://github.com/LiTianYeoh/MLBB_Tournament_Analysis/blob/94ea36800e80c9e89a2356a0b81d3eeafbd6a4f7/analysis/data/consolidated_game_data_20240505.csv
8,S8-RS-032,2,Bigetron Alpha,pick,2,Claude,https://liquipedia.net/mobilelegends/MPL/Indonesia/Season_8/Regular_Season | https://github.com/LiTianYeoh/MLBB_Tournament_Analysis/blob/94ea36800e80c9e89a2356a0b81d3eeafbd6a4f7/analysis/data/consolidated_game_data_20240505.csv
8,S8-RS-032,2,Bigetron Alpha,pick,3,Lunox,https://liquipedia.net/mobilelegends/MPL/Indonesia/Season_8/Regular_Season | https://github.com/LiTianYeoh/MLBB_Tournament_Analysis/blob/94ea36800e80c9e89a2356a0b81d3eeafbd6a4f7/analysis/data/consolidated_game_data_20240505.csv
8,S8-RS-032,2,Bigetron Alpha,pick,4,Paquito,https://liquipedia.net/mobilelegends/MPL/Indonesia/Season_8/Regular_Season | https://github.com/LiTianYeoh/MLBB_Tournament_Analysis/blob/94ea36800e80c9e89a2356a0b81d3eeafbd6a4f7/analysis/data/consolidated_game_data_20240505.csv
8,S8-RS-032,2,Bigetron Alpha,pick,5,Kagura,https://liquipedia.net/mobilelegends/MPL/Indonesia/Season_8/Regular_Season | https://github.com/LiTianYeoh/MLBB_Tournament_Analysis/blob/94ea36800e80c9e89a2356a0b81d3eeafbd6a4f7/analysis/data/consolidated_game_data_20240505.csv
8,S8-RS-033,1,Rebellion Genflix,pick,1,Mathilda,https://liquipedia.net/mobilelegends/MPL/Indonesia/Season_8/Regular_Season | https://github.com/LiTianYeoh/MLBB_Tournament_Analysis/blob/94ea36800e80c9e89a2356a0b81d3eeafbd6a4f7/analysis/data/consolidated_game_data_20240505.csv
8,S8-RS-033,1,Rebellion Genflix,pick,2,Benedetta,https://liquipedia.net/mobilelegends/MPL/Indonesia/Season_8/Regular_Season | https://github.com/LiTianYeoh/MLBB_Tournament_Analysis/blob/94ea36800e80c9e89a2356a0b81d3eeafbd6a4f7/analysis/data/consolidated_game_data_20240505.csv
8,S8-RS-033,1,Rebellion Genflix,pick,3,Lunox,https://liquipedia.net/mobilelegends/MPL/Indonesia/Season_8/Regular_Season | https://github.com/LiTianYeoh/MLBB_Tournament_Analysis/blob/94ea36800e80c9e89a2356a0b81d3eeafbd6a4f7/analysis/data/consolidated_game_data_20240505.csv
8,S8-RS-033,1,Rebellion Genflix,pick,4,Alucard,https://liquipedia.net/mobilelegends/MPL/Indonesia/Season_8/Regular_Season | https://github.com/LiTianYeoh/MLBB_Tournament_Analysis/blob/94ea36800e80c9e89a2356a0b81d3eeafbd6a4f7/analysis/data/consolidated_game_data_20240505.csv
8,S8-RS-033,1,Rebellion Genflix,pick,5,Rafaela,https://liquipedia.net/mobilelegends/MPL/Indonesia/Season_8/Regular_Season | https://github.com/LiTianYeoh/MLBB_Tournament_Analysis/blob/94ea36800e80c9e89a2356a0b81d3eeafbd6a4f7/analysis/data/consolidated_game_data_20240505.csv
8,S8-RS-033,1,Alter Ego,pick,1,Estes,https://liquipedia.net/mobilelegends/MPL/Indonesia/Season_8/Regular_Season | https://github.com/LiTianYeoh/MLBB_Tournament_Analysis/blob/94ea36800e80c9e89a2356a0b81d3eeafbd6a4f7/analysis/data/consolidated_game_data_20240505.csv
8,S8-RS-033,1,Alter Ego,pick,2,Hayabusa,https://liquipedia.net/mobilelegends/MPL/Indonesia/Season_8/Regular_Season | https://github.com/LiTianYeoh/MLBB_Tournament_Analysis/blob/94ea36800e80c9e89a2356a0b81d3eeafbd6a4f7/analysis/data/consolidated_game_data_20240505.csv
8,S8-RS-033,1,Alter Ego,pick,3,Paquito,https://liquipedia.net/mobilelegends/MPL/Indonesia/Season_8/Regular_Season | https://github.com/LiTianYeoh/MLBB_Tournament_Analysis/blob/94ea36800e80c9e89a2356a0b81d3eeafbd6a4f7/analysis/data/consolidated_game_data_20240505.csv
8,S8-RS-033,1,Alter Ego,pick,4,Alice,https://liquipedia.net/mobilelegends/MPL/Indonesia/Season_8/Regular_Season | https://github.com/LiTianYeoh/MLBB_Tournament_Analysis/blob/94ea36800e80c9e89a2356a0b81d3eeafbd6a4f7/analysis/data/consolidated_game_data_20240505.csv
8,S8-RS-033,1,Alter Ego,pick,5,Beatrix,https://liquipedia.net/mobilelegends/MPL/Indonesia/Season_8/Regular_Season | https://github.com/LiTianYeoh/MLBB_Tournament_Analysis/blob/94ea36800e80c9e89a2356a0b81d3eeafbd6a4f7/analysis/data/consolidated_game_data_20240505.csv
8,S8-RS-033,2,Rebellion Genflix,pick,1,Lylia,https://liquipedia.net/mobilelegends/MPL/Indonesia/Season_8/Regular_Season | https://github.com/LiTianYeoh/MLBB_Tournament_Analysis/blob/94ea36800e80c9e89a2356a0b81d3eeafbd6a4f7/analysis/data/consolidated_game_data_20240505.csv
8,S8-RS-033,2,Rebellion Genflix,pick,2,Ruby,https://liquipedia.net/mobilelegends/MPL/Indonesia/Season_8/Regular_Season | https://github.com/LiTianYeoh/MLBB_Tournament_Analysis/blob/94ea36800e80c9e89a2356a0b81d3eeafbd6a4f7/analysis/data/consolidated_game_data_20240505.csv
8,S8-RS-033,2,Rebellion Genflix,pick,3,Esmeralda,https://liquipedia.net/mobilelegends/MPL/Indonesia/Season_8/Regular_Season | https://github.com/LiTianYeoh/MLBB_Tournament_Analysis/blob/94ea36800e80c9e89a2356a0b81d3eeafbd6a4f7/analysis/data/consolidated_game_data_20240505.csv
8,S8-RS-033,2,Rebellion Genflix,pick,4,Hayabusa,https://liquipedia.net/mobilelegends/MPL/Indonesia/Season_8/Regular_Season | https://github.com/LiTianYeoh/MLBB_Tournament_Analysis/blob/94ea36800e80c9e89a2356a0b81d3eeafbd6a4f7/analysis/data/consolidated_game_data_20240505.csv
8,S8-RS-033,2,Rebellion Genflix,pick,5,Martis,https://liquipedia.net/mobilelegends/MPL/Indonesia/Season_8/Regular_Season | https://github.com/LiTianYeoh/MLBB_Tournament_Analysis/blob/94ea36800e80c9e89a2356a0b81d3eeafbd6a4f7/analysis/data/consolidated_game_data_20240505.csv
8,S8-RS-033,2,Alter Ego,pick,1,Jawhead,https://liquipedia.net/mobilelegends/MPL/Indonesia/Season_8/Regular_Season | https://github.com/LiTianYeoh/MLBB_Tournament_Analysis/blob/94ea36800e80c9e89a2356a0b81d3eeafbd6a4f7/analysis/data/consolidated_game_data_20240505.csv
8,S8-RS-033,2,Alter Ego,pick,2,Roger,https://liquipedia.net/mobilelegends/MPL/Indonesia/Season_8/Regular_Season | https://github.com/LiTianYeoh/MLBB_Tournament_Analysis/blob/94ea36800e80c9e89a2356a0b81d3eeafbd6a4f7/analysis/data/consolidated_game_data_20240505.csv
8,S8-RS-033,2,Alter Ego,pick,3,Benedetta,https://liquipedia.net/mobilelegends/MPL/Indonesia/Season_8/Regular_Season | https://github.com/LiTianYeoh/MLBB_Tournament_Analysis/blob/94ea36800e80c9e89a2356a0b81d3eeafbd6a4f7/analysis/data/consolidated_game_data_20240505.csv
8,S8-RS-033,2,Alter Ego,pick,4,Thamuz,https://liquipedia.net/mobilelegends/MPL/Indonesia/Season_8/Regular_Season | https://github.com/LiTianYeoh/MLBB_Tournament_Analysis/blob/94ea36800e80c9e89a2356a0b81d3eeafbd6a4f7/analysis/data/consolidated_game_data_20240505.csv
8,S8-RS-033,2,Alter Ego,pick,5,Pharsa,https://liquipedia.net/mobilelegends/MPL/Indonesia/Season_8/Regular_Season | https://github.com/LiTianYeoh/MLBB_Tournament_Analysis/blob/94ea36800e80c9e89a2356a0b81d3eeafbd6a4f7/analysis/data/consolidated_game_data_20240505.csv
8,S8-RS-034,1,AURA Fire,pick,1,Angela,https://liquipedia.net/mobilelegends/MPL/Indonesia/Season_8/Regular_Season | https://github.com/LiTianYeoh/MLBB_Tournament_Analysis/blob/94ea36800e80c9e89a2356a0b81d3eeafbd6a4f7/analysis/data/consolidated_game_data_20240505.csv
8,S8-RS-034,1,AURA Fire,pick,2,Paquito,https://liquipedia.net/mobilelegends/MPL/Indonesia/Season_8/Regular_Season | https://github.com/LiTianYeoh/MLBB_Tournament_Analysis/blob/94ea36800e80c9e89a2356a0b81d3eeafbd6a4f7/analysis/data/consolidated_game_data_20240505.csv
8,S8-RS-034,1,AURA Fire,pick,3,Alice,https://liquipedia.net/mobilelegends/MPL/Indonesia/Season_8/Regular_Season | https://github.com/LiTianYeoh/MLBB_Tournament_Analysis/blob/94ea36800e80c9e89a2356a0b81d3eeafbd6a4f7/analysis/data/consolidated_game_data_20240505.csv
8,S8-RS-034,1,AURA Fire,pick,4,Baxia,https://liquipedia.net/mobilelegends/MPL/Indonesia/Season_8/Regular_Season | https://github.com/LiTianYeoh/MLBB_Tournament_Analysis/blob/94ea36800e80c9e89a2356a0b81d3eeafbd6a4f7/analysis/data/consolidated_game_data_20240505.csv
8,S8-RS-034,1,AURA Fire,pick,5,Mathilda,https://liquipedia.net/mobilelegends/MPL/Indonesia/Season_8/Regular_Season | https://github.com/LiTianYeoh/MLBB_Tournament_Analysis/blob/94ea36800e80c9e89a2356a0b81d3eeafbd6a4f7/analysis/data/consolidated_game_data_20240505.csv
8,S8-RS-034,1,EVOS Legends,pick,1,Rafaela,https://liquipedia.net/mobilelegends/MPL/Indonesia/Season_8/Regular_Season | https://github.com/LiTianYeoh/MLBB_Tournament_Analysis/blob/94ea36800e80c9e89a2356a0b81d3eeafbd6a4f7/analysis/data/consolidated_game_data_20240505.csv
8,S8-RS-034,1,EVOS Legends,pick,2,Granger,https://liquipedia.net/mobilelegends/MPL/Indonesia/Season_8/Regular_Season | https://github.com/LiTianYeoh/MLBB_Tournament_Analysis/blob/94ea36800e80c9e89a2356a0b81d3eeafbd6a4f7/analysis/data/consolidated_game_data_20240505.csv
8,S8-RS-034,1,EVOS Legends,pick,3,Phoveus,https://liquipedia.net/mobilelegends/MPL/Indonesia/Season_8/Regular_Season | https://github.com/LiTianYeoh/MLBB_Tournament_Analysis/blob/94ea36800e80c9e89a2356a0b81d3eeafbd6a4f7/analysis/data/consolidated_game_data_20240505.csv
8,S8-RS-034,1,EVOS Legends,pick,4,Benedetta,https://liquipedia.net/mobilelegends/MPL/Indonesia/Season_8/Regular_Season | https://github.com/LiTianYeoh/MLBB_Tournament_Analysis/blob/94ea36800e80c9e89a2356a0b81d3eeafbd6a4f7/analysis/data/consolidated_game_data_20240505.csv
8,S8-RS-034,1,EVOS Legends,pick,5,Pharsa,https://liquipedia.net/mobilelegends/MPL/Indonesia/Season_8/Regular_Season | https://github.com/LiTianYeoh/MLBB_Tournament_Analysis/blob/94ea36800e80c9e89a2356a0b81d3eeafbd6a4f7/analysis/data/consolidated_game_data_20240505.csv
8,S8-RS-034,2,AURA Fire,pick,1,Harley,https://liquipedia.net/mobilelegends/MPL/Indonesia/Season_8/Regular_Season | https://github.com/LiTianYeoh/MLBB_Tournament_Analysis/blob/94ea36800e80c9e89a2356a0b81d3eeafbd6a4f7/analysis/data/consolidated_game_data_20240505.csv
8,S8-RS-034,2,AURA Fire,pick,2,Esmeralda,https://liquipedia.net/mobilelegends/MPL/Indonesia/Season_8/Regular_Season | https://github.com/LiTianYeoh/MLBB_Tournament_Analysis/blob/94ea36800e80c9e89a2356a0b81d3eeafbd6a4f7/analysis/data/consolidated_game_data_20240505.csv
8,S8-RS-034,2,AURA Fire,pick,3,Chou,https://liquipedia.net/mobilelegends/MPL/Indonesia/Season_8/Regular_Season | https://github.com/LiTianYeoh/MLBB_Tournament_Analysis/blob/94ea36800e80c9e89a2356a0b81d3eeafbd6a4f7/analysis/data/consolidated_game_data_20240505.csv
8,S8-RS-034,2,AURA Fire,pick,4,Lancelot,https://liquipedia.net/mobilelegends/MPL/Indonesia/Season_8/Regular_Season | https://github.com/LiTianYeoh/MLBB_Tournament_Analysis/blob/94ea36800e80c9e89a2356a0b81d3eeafbd6a4f7/analysis/data/consolidated_game_data_20240505.csv
8,S8-RS-034,2,AURA Fire,pick,5,Kadita,https://liquipedia.net/mobilelegends/MPL/Indonesia/Season_8/Regular_Season | https://github.com/LiTianYeoh/MLBB_Tournament_Analysis/blob/94ea36800e80c9e89a2356a0b81d3eeafbd6a4f7/analysis/data/consolidated_game_data_20240505.csv
8,S8-RS-034,2,EVOS Legends,pick,1,Jawhead,https://liquipedia.net/mobilelegends/MPL/Indonesia/Season_8/Regular_Season | https://github.com/LiTianYeoh/MLBB_Tournament_Analysis/blob/94ea36800e80c9e89a2356a0b81d3eeafbd6a4f7/analysis/data/consolidated_game_data_20240505.csv
8,S8-RS-034,2,EVOS Legends,pick,2,Ling,https://liquipedia.net/mobilelegends/MPL/Indonesia/Season_8/Regular_Season | https://github.com/LiTianYeoh/MLBB_Tournament_Analysis/blob/94ea36800e80c9e89a2356a0b81d3eeafbd6a4f7/analysis/data/consolidated_game_data_20240505.csv
8,S8-RS-034,2,EVOS Legends,pick,3,Balmond,https://liquipedia.net/mobilelegends/MPL/Indonesia/Season_8/Regular_Season | https://github.com/LiTianYeoh/MLBB_Tournament_Analysis/blob/94ea36800e80c9e89a2356a0b81d3eeafbd6a4f7/analysis/data/consolidated_game_data_20240505.csv
8,S8-RS-034,2,EVOS Legends,pick,4,Alice,https://liquipedia.net/mobilelegends/MPL/Indonesia/Season_8/Regular_Season | https://github.com/LiTianYeoh/MLBB_Tournament_Analysis/blob/94ea36800e80c9e89a2356a0b81d3eeafbd6a4f7/analysis/data/consolidated_game_data_20240505.csv
8,S8-RS-034,2,EVOS Legends,pick,5,Kagura,https://liquipedia.net/mobilelegends/MPL/Indonesia/Season_8/Regular_Season | https://github.com/LiTianYeoh/MLBB_Tournament_Analysis/blob/94ea36800e80c9e89a2356a0b81d3eeafbd6a4f7/analysis/data/consolidated_game_data_20240505.csv
8,S8-RS-034,3,AURA Fire,pick,1,Pharsa,https://liquipedia.net/mobilelegends/MPL/Indonesia/Season_8/Regular_Season | https://github.com/LiTianYeoh/MLBB_Tournament_Analysis/blob/94ea36800e80c9e89a2356a0b81d3eeafbd6a4f7/analysis/data/consolidated_game_data_20240505.csv
8,S8-RS-034,3,AURA Fire,pick,2,Barats,https://liquipedia.net/mobilelegends/MPL/Indonesia/Season_8/Regular_Season | https://github.com/LiTianYeoh/MLBB_Tournament_Analysis/blob/94ea36800e80c9e89a2356a0b81d3eeafbd6a4f7/analysis/data/consolidated_game_data_20240505.csv
8,S8-RS-034,3,AURA Fire,pick,3,Alice,https://liquipedia.net/mobilelegends/MPL/Indonesia/Season_8/Regular_Season | https://github.com/LiTianYeoh/MLBB_Tournament_Analysis/blob/94ea36800e80c9e89a2356a0b81d3eeafbd6a4f7/analysis/data/consolidated_game_data_20240505.csv
8,S8-RS-034,3,AURA Fire,pick,4,Lancelot,https://liquipedia.net/mobilelegends/MPL/Indonesia/Season_8/Regular_Season | https://github.com/LiTianYeoh/MLBB_Tournament_Analysis/blob/94ea36800e80c9e89a2356a0b81d3eeafbd6a4f7/analysis/data/consolidated_game_data_20240505.csv
8,S8-RS-034,3,AURA Fire,pick,5,Ruby,https://liquipedia.net/mobilelegends/MPL/Indonesia/Season_8/Regular_Season | https://github.com/LiTianYeoh/MLBB_Tournament_Analysis/blob/94ea36800e80c9e89a2356a0b81d3eeafbd6a4f7/analysis/data/consolidated_game_data_20240505.csv
8,S8-RS-034,3,EVOS Legends,pick,1,Angela,https://liquipedia.net/mobilelegends/MPL/Indonesia/Season_8/Regular_Season | https://github.com/LiTianYeoh/MLBB_Tournament_Analysis/blob/94ea36800e80c9e89a2356a0b81d3eeafbd6a4f7/analysis/data/consolidated_game_data_20240505.csv
8,S8-RS-034,3,EVOS Legends,pick,2,Benedetta,https://liquipedia.net/mobilelegends/MPL/Indonesia/Season_8/Regular_Season | https://github.com/LiTianYeoh/MLBB_Tournament_Analysis/blob/94ea36800e80c9e89a2356a0b81d3eeafbd6a4f7/analysis/data/consolidated_game_data_20240505.csv
8,S8-RS-034,3,EVOS Legends,pick,3,Esmeralda,https://liquipedia.net/mobilelegends/MPL/Indonesia/Season_8/Regular_Season | https://github.com/LiTianYeoh/MLBB_Tournament_Analysis/blob/94ea36800e80c9e89a2356a0b81d3eeafbd6a4f7/analysis/data/consolidated_game_data_20240505.csv
8,S8-RS-034,3,EVOS Legends,pick,4,Paquito,https://liquipedia.net/mobilelegends/MPL/Indonesia/Season_8/Regular_Season | https://github.com/LiTianYeoh/MLBB_Tournament_Analysis/blob/94ea36800e80c9e89a2356a0b81d3eeafbd6a4f7/analysis/data/consolidated_game_data_20240505.csv
8,S8-RS-034,3,EVOS Legends,pick,5,Chang'e,https://liquipedia.net/mobilelegends/MPL/Indonesia/Season_8/Regular_Season | https://github.com/LiTianYeoh/MLBB_Tournament_Analysis/blob/94ea36800e80c9e89a2356a0b81d3eeafbd6a4f7/analysis/data/consolidated_game_data_20240505.csv
8,S8-RS-035,1,RRQ Hoshi,pick,1,Pharsa,https://liquipedia.net/mobilelegends/MPL/Indonesia/Season_8/Regular_Season | https://github.com/LiTianYeoh/MLBB_Tournament_Analysis/blob/94ea36800e80c9e89a2356a0b81d3eeafbd6a4f7/analysis/data/consolidated_game_data_20240505.csv
8,S8-RS-035,1,RRQ Hoshi,pick,2,Yu Zhong,https://liquipedia.net/mobilelegends/MPL/Indonesia/Season_8/Regular_Season | https://github.com/LiTianYeoh/MLBB_Tournament_Analysis/blob/94ea36800e80c9e89a2356a0b81d3eeafbd6a4f7/analysis/data/consolidated_game_data_20240505.csv
8,S8-RS-035,1,RRQ Hoshi,pick,3,Esmeralda,https://liquipedia.net/mobilelegends/MPL/Indonesia/Season_8/Regular_Season | https://github.com/LiTianYeoh/MLBB_Tournament_Analysis/blob/94ea36800e80c9e89a2356a0b81d3eeafbd6a4f7/analysis/data/consolidated_game_data_20240505.csv
8,S8-RS-035,1,RRQ Hoshi,pick,4,Roger,https://liquipedia.net/mobilelegends/MPL/Indonesia/Season_8/Regular_Season | https://github.com/LiTianYeoh/MLBB_Tournament_Analysis/blob/94ea36800e80c9e89a2356a0b81d3eeafbd6a4f7/analysis/data/consolidated_game_data_20240505.csv
8,S8-RS-035,1,RRQ Hoshi,pick,5,Khufra,https://liquipedia.net/mobilelegends/MPL/Indonesia/Season_8/Regular_Season | https://github.com/LiTianYeoh/MLBB_Tournament_Analysis/blob/94ea36800e80c9e89a2356a0b81d3eeafbd6a4f7/analysis/data/consolidated_game_data_20240505.csv
8,S8-RS-035,1,ONIC Esports,pick,1,Jawhead,https://liquipedia.net/mobilelegends/MPL/Indonesia/Season_8/Regular_Season | https://github.com/LiTianYeoh/MLBB_Tournament_Analysis/blob/94ea36800e80c9e89a2356a0b81d3eeafbd6a4f7/analysis/data/consolidated_game_data_20240505.csv
8,S8-RS-035,1,ONIC Esports,pick,2,Hayabusa,https://liquipedia.net/mobilelegends/MPL/Indonesia/Season_8/Regular_Season | https://github.com/LiTianYeoh/MLBB_Tournament_Analysis/blob/94ea36800e80c9e89a2356a0b81d3eeafbd6a4f7/analysis/data/consolidated_game_data_20240505.csv
8,S8-RS-035,1,ONIC Esports,pick,3,Kaja,https://liquipedia.net/mobilelegends/MPL/Indonesia/Season_8/Regular_Season | https://github.com/LiTianYeoh/MLBB_Tournament_Analysis/blob/94ea36800e80c9e89a2356a0b81d3eeafbd6a4f7/analysis/data/consolidated_game_data_20240505.csv
8,S8-RS-035,1,ONIC Esports,pick,4,Thamuz,https://liquipedia.net/mobilelegends/MPL/Indonesia/Season_8/Regular_Season | https://github.com/LiTianYeoh/MLBB_Tournament_Analysis/blob/94ea36800e80c9e89a2356a0b81d3eeafbd6a4f7/analysis/data/consolidated_game_data_20240505.csv
8,S8-RS-035,1,ONIC Esports,pick,5,Bane,https://liquipedia.net/mobilelegends/MPL/Indonesia/Season_8/Regular_Season | https://github.com/LiTianYeoh/MLBB_Tournament_Analysis/blob/94ea36800e80c9e89a2356a0b81d3eeafbd6a4f7/analysis/data/consolidated_game_data_20240505.csv
8,S8-RS-035,2,RRQ Hoshi,pick,1,Pharsa,https://liquipedia.net/mobilelegends/MPL/Indonesia/Season_8/Regular_Season | https://github.com/LiTianYeoh/MLBB_Tournament_Analysis/blob/94ea36800e80c9e89a2356a0b81d3eeafbd6a4f7/analysis/data/consolidated_game_data_20240505.csv
8,S8-RS-035,2,RRQ Hoshi,pick,2,Benedetta,https://liquipedia.net/mobilelegends/MPL/Indonesia/Season_8/Regular_Season | https://github.com/LiTianYeoh/MLBB_Tournament_Analysis/blob/94ea36800e80c9e89a2356a0b81d3eeafbd6a4f7/analysis/data/consolidated_game_data_20240505.csv
8,S8-RS-035,2,RRQ Hoshi,pick,3,Esmeralda,https://liquipedia.net/mobilelegends/MPL/Indonesia/Season_8/Regular_Season | https://github.com/LiTianYeoh/MLBB_Tournament_Analysis/blob/94ea36800e80c9e89a2356a0b81d3eeafbd6a4f7/analysis/data/consolidated_game_data_20240505.csv
8,S8-RS-035,2,RRQ Hoshi,pick,4,Roger,https://liquipedia.net/mobilelegends/MPL/Indonesia/Season_8/Regular_Season | https://github.com/LiTianYeoh/MLBB_Tournament_Analysis/blob/94ea36800e80c9e89a2356a0b81d3eeafbd6a4f7/analysis/data/consolidated_game_data_20240505.csv
8,S8-RS-035,2,RRQ Hoshi,pick,5,Popol and Kupa,https://liquipedia.net/mobilelegends/MPL/Indonesia/Season_8/Regular_Season | https://github.com/LiTianYeoh/MLBB_Tournament_Analysis/blob/94ea36800e80c9e89a2356a0b81d3eeafbd6a4f7/analysis/data/consolidated_game_data_20240505.csv
8,S8-RS-035,2,ONIC Esports,pick,1,Jawhead,https://liquipedia.net/mobilelegends/MPL/Indonesia/Season_8/Regular_Season | https://github.com/LiTianYeoh/MLBB_Tournament_Analysis/blob/94ea36800e80c9e89a2356a0b81d3eeafbd6a4f7/analysis/data/consolidated_game_data_20240505.csv
8,S8-RS-035,2,ONIC Esports,pick,2,Hayabusa,https://liquipedia.net/mobilelegends/MPL/Indonesia/Season_8/Regular_Season | https://github.com/LiTianYeoh/MLBB_Tournament_Analysis/blob/94ea36800e80c9e89a2356a0b81d3eeafbd6a4f7/analysis/data/consolidated_game_data_20240505.csv
8,S8-RS-035,2,ONIC Esports,pick,3,Thamuz,https://liquipedia.net/mobilelegends/MPL/Indonesia/Season_8/Regular_Season | https://github.com/LiTianYeoh/MLBB_Tournament_Analysis/blob/94ea36800e80c9e89a2356a0b81d3eeafbd6a4f7/analysis/data/consolidated_game_data_20240505.csv
8,S8-RS-035,2,ONIC Esports,pick,4,Lapu-Lapu,https://liquipedia.net/mobilelegends/MPL/Indonesia/Season_8/Regular_Season | https://github.com/LiTianYeoh/MLBB_Tournament_Analysis/blob/94ea36800e80c9e89a2356a0b81d3eeafbd6a4f7/analysis/data/consolidated_game_data_20240505.csv
8,S8-RS-035,2,ONIC Esports,pick,5,Eudora,https://liquipedia.net/mobilelegends/MPL/Indonesia/Season_8/Regular_Season | https://github.com/LiTianYeoh/MLBB_Tournament_Analysis/blob/94ea36800e80c9e89a2356a0b81d3eeafbd6a4f7/analysis/data/consolidated_game_data_20240505.csv
8,S8-RS-035,3,RRQ Hoshi,pick,1,Pharsa,https://liquipedia.net/mobilelegends/MPL/Indonesia/Season_8/Regular_Season | https://github.com/LiTianYeoh/MLBB_Tournament_Analysis/blob/94ea36800e80c9e89a2356a0b81d3eeafbd6a4f7/analysis/data/consolidated_game_data_20240505.csv
8,S8-RS-035,3,RRQ Hoshi,pick,2,Lapu-Lapu,https://liquipedia.net/mobilelegends/MPL/Indonesia/Season_8/Regular_Season | https://github.com/LiTianYeoh/MLBB_Tournament_Analysis/blob/94ea36800e80c9e89a2356a0b81d3eeafbd6a4f7/analysis/data/consolidated_game_data_20240505.csv
8,S8-RS-035,3,RRQ Hoshi,pick,3,Esmeralda,https://liquipedia.net/mobilelegends/MPL/Indonesia/Season_8/Regular_Season | https://github.com/LiTianYeoh/MLBB_Tournament_Analysis/blob/94ea36800e80c9e89a2356a0b81d3eeafbd6a4f7/analysis/data/consolidated_game_data_20240505.csv
8,S8-RS-035,3,RRQ Hoshi,pick,4,Lancelot,https://liquipedia.net/mobilelegends/MPL/Indonesia/Season_8/Regular_Season | https://github.com/LiTianYeoh/MLBB_Tournament_Analysis/blob/94ea36800e80c9e89a2356a0b81d3eeafbd6a4f7/analysis/data/consolidated_game_data_20240505.csv
8,S8-RS-035,3,RRQ Hoshi,pick,5,Khufra,https://liquipedia.net/mobilelegends/MPL/Indonesia/Season_8/Regular_Season | https://github.com/LiTianYeoh/MLBB_Tournament_Analysis/blob/94ea36800e80c9e89a2356a0b81d3eeafbd6a4f7/analysis/data/consolidated_game_data_20240505.csv
8,S8-RS-035,3,ONIC Esports,pick,1,Jawhead,https://liquipedia.net/mobilelegends/MPL/Indonesia/Season_8/Regular_Season | https://github.com/LiTianYeoh/MLBB_Tournament_Analysis/blob/94ea36800e80c9e89a2356a0b81d3eeafbd6a4f7/analysis/data/consolidated_game_data_20240505.csv
8,S8-RS-035,3,ONIC Esports,pick,2,Hayabusa,https://liquipedia.net/mobilelegends/MPL/Indonesia/Season_8/Regular_Season | https://github.com/LiTianYeoh/MLBB_Tournament_Analysis/blob/94ea36800e80c9e89a2356a0b81d3eeafbd6a4f7/analysis/data/consolidated_game_data_20240505.csv
8,S8-RS-035,3,ONIC Esports,pick,3,Phoveus,https://liquipedia.net/mobilelegends/MPL/Indonesia/Season_8/Regular_Season | https://github.com/LiTianYeoh/MLBB_Tournament_Analysis/blob/94ea36800e80c9e89a2356a0b81d3eeafbd6a4f7/analysis/data/consolidated_game_data_20240505.csv
8,S8-RS-035,3,ONIC Esports,pick,4,Balmond,https://liquipedia.net/mobilelegends/MPL/Indonesia/Season_8/Regular_Season | https://github.com/LiTianYeoh/MLBB_Tournament_Analysis/blob/94ea36800e80c9e89a2356a0b81d3eeafbd6a4f7/analysis/data/consolidated_game_data_20240505.csv
8,S8-RS-035,3,ONIC Esports,pick,5,Kagura,https://liquipedia.net/mobilelegends/MPL/Indonesia/Season_8/Regular_Season | https://github.com/LiTianYeoh/MLBB_Tournament_Analysis/blob/94ea36800e80c9e89a2356a0b81d3eeafbd6a4f7/analysis/data/consolidated_game_data_20240505.csv
8,S8-RS-036,1,Rebellion Genflix,pick,1,Eudora,https://liquipedia.net/mobilelegends/MPL/Indonesia/Season_8/Regular_Season | https://github.com/LiTianYeoh/MLBB_Tournament_Analysis/blob/94ea36800e80c9e89a2356a0b81d3eeafbd6a4f7/analysis/data/consolidated_game_data_20240505.csv
8,S8-RS-036,1,Rebellion Genflix,pick,2,Ruby,https://liquipedia.net/mobilelegends/MPL/Indonesia/Season_8/Regular_Season | https://github.com/LiTianYeoh/MLBB_Tournament_Analysis/blob/94ea36800e80c9e89a2356a0b81d3eeafbd6a4f7/analysis/data/consolidated_game_data_20240505.csv
8,S8-RS-036,1,Rebellion Genflix,pick,3,Sun,https://liquipedia.net/mobilelegends/MPL/Indonesia/Season_8/Regular_Season | https://github.com/LiTianYeoh/MLBB_Tournament_Analysis/blob/94ea36800e80c9e89a2356a0b81d3eeafbd6a4f7/analysis/data/consolidated_game_data_20240505.csv
8,S8-RS-036,1,Rebellion Genflix,pick,4,Roger,https://liquipedia.net/mobilelegends/MPL/Indonesia/Season_8/Regular_Season | https://github.com/LiTianYeoh/MLBB_Tournament_Analysis/blob/94ea36800e80c9e89a2356a0b81d3eeafbd6a4f7/analysis/data/consolidated_game_data_20240505.csv
8,S8-RS-036,1,Rebellion Genflix,pick,5,Jawhead,https://liquipedia.net/mobilelegends/MPL/Indonesia/Season_8/Regular_Season | https://github.com/LiTianYeoh/MLBB_Tournament_Analysis/blob/94ea36800e80c9e89a2356a0b81d3eeafbd6a4f7/analysis/data/consolidated_game_data_20240505.csv
8,S8-RS-036,1,ONIC Esports,pick,1,Chou,https://liquipedia.net/mobilelegends/MPL/Indonesia/Season_8/Regular_Season | https://github.com/LiTianYeoh/MLBB_Tournament_Analysis/blob/94ea36800e80c9e89a2356a0b81d3eeafbd6a4f7/analysis/data/consolidated_game_data_20240505.csv
8,S8-RS-036,1,ONIC Esports,pick,2,Hayabusa,https://liquipedia.net/mobilelegends/MPL/Indonesia/Season_8/Regular_Season | https://github.com/LiTianYeoh/MLBB_Tournament_Analysis/blob/94ea36800e80c9e89a2356a0b81d3eeafbd6a4f7/analysis/data/consolidated_game_data_20240505.csv
8,S8-RS-036,1,ONIC Esports,pick,3,Kaja,https://liquipedia.net/mobilelegends/MPL/Indonesia/Season_8/Regular_Season | https://github.com/LiTianYeoh/MLBB_Tournament_Analysis/blob/94ea36800e80c9e89a2356a0b81d3eeafbd6a4f7/analysis/data/consolidated_game_data_20240505.csv
8,S8-RS-036,1,ONIC Esports,pick,4,Hylos,https://liquipedia.net/mobilelegends/MPL/Indonesia/Season_8/Regular_Season | https://github.com/LiTianYeoh/MLBB_Tournament_Analysis/blob/94ea36800e80c9e89a2356a0b81d3eeafbd6a4f7/analysis/data/consolidated_game_data_20240505.csv
8,S8-RS-036,1,ONIC Esports,pick,5,Hanzo,https://liquipedia.net/mobilelegends/MPL/Indonesia/Season_8/Regular_Season | https://github.com/LiTianYeoh/MLBB_Tournament_Analysis/blob/94ea36800e80c9e89a2356a0b81d3eeafbd6a4f7/analysis/data/consolidated_game_data_20240505.csv
8,S8-RS-036,2,Rebellion Genflix,pick,1,Harley,https://liquipedia.net/mobilelegends/MPL/Indonesia/Season_8/Regular_Season | https://github.com/LiTianYeoh/MLBB_Tournament_Analysis/blob/94ea36800e80c9e89a2356a0b81d3eeafbd6a4f7/analysis/data/consolidated_game_data_20240505.csv
8,S8-RS-036,2,Rebellion Genflix,pick,2,Paquito,https://liquipedia.net/mobilelegends/MPL/Indonesia/Season_8/Regular_Season | https://github.com/LiTianYeoh/MLBB_Tournament_Analysis/blob/94ea36800e80c9e89a2356a0b81d3eeafbd6a4f7/analysis/data/consolidated_game_data_20240505.csv
8,S8-RS-036,2,Rebellion Genflix,pick,3,Sun,https://liquipedia.net/mobilelegends/MPL/Indonesia/Season_8/Regular_Season | https://github.com/LiTianYeoh/MLBB_Tournament_Analysis/blob/94ea36800e80c9e89a2356a0b81d3eeafbd6a4f7/analysis/data/consolidated_game_data_20240505.csv
8,S8-RS-036,2,Rebellion Genflix,pick,4,Lancelot,https://liquipedia.net/mobilelegends/MPL/Indonesia/Season_8/Regular_Season | https://github.com/LiTianYeoh/MLBB_Tournament_Analysis/blob/94ea36800e80c9e89a2356a0b81d3eeafbd6a4f7/analysis/data/consolidated_game_data_20240505.csv
8,S8-RS-036,2,Rebellion Genflix,pick,5,Akai,https://liquipedia.net/mobilelegends/MPL/Indonesia/Season_8/Regular_Season | https://github.com/LiTianYeoh/MLBB_Tournament_Analysis/blob/94ea36800e80c9e89a2356a0b81d3eeafbd6a4f7/analysis/data/consolidated_game_data_20240505.csv
8,S8-RS-036,2,ONIC Esports,pick,1,Jawhead,https://liquipedia.net/mobilelegends/MPL/Indonesia/Season_8/Regular_Season | https://github.com/LiTianYeoh/MLBB_Tournament_Analysis/blob/94ea36800e80c9e89a2356a0b81d3eeafbd6a4f7/analysis/data/consolidated_game_data_20240505.csv
8,S8-RS-036,2,ONIC Esports,pick,2,Natan,https://liquipedia.net/mobilelegends/MPL/Indonesia/Season_8/Regular_Season | https://github.com/LiTianYeoh/MLBB_Tournament_Analysis/blob/94ea36800e80c9e89a2356a0b81d3eeafbd6a4f7/analysis/data/consolidated_game_data_20240505.csv
8,S8-RS-036,2,ONIC Esports,pick,3,Alice,https://liquipedia.net/mobilelegends/MPL/Indonesia/Season_8/Regular_Season | https://github.com/LiTianYeoh/MLBB_Tournament_Analysis/blob/94ea36800e80c9e89a2356a0b81d3eeafbd6a4f7/analysis/data/consolidated_game_data_20240505.csv
8,S8-RS-036,2,ONIC Esports,pick,4,Esmeralda,https://liquipedia.net/mobilelegends/MPL/Indonesia/Season_8/Regular_Season | https://github.com/LiTianYeoh/MLBB_Tournament_Analysis/blob/94ea36800e80c9e89a2356a0b81d3eeafbd6a4f7/analysis/data/consolidated_game_data_20240505.csv
8,S8-RS-036,2,ONIC Esports,pick,5,Beatrix,https://liquipedia.net/mobilelegends/MPL/Indonesia/Season_8/Regular_Season | https://github.com/LiTianYeoh/MLBB_Tournament_Analysis/blob/94ea36800e80c9e89a2356a0b81d3eeafbd6a4f7/analysis/data/consolidated_game_data_20240505.csv
8,S8-RS-036,3,Rebellion Genflix,pick,1,Harley,https://liquipedia.net/mobilelegends/MPL/Indonesia/Season_8/Regular_Season | https://github.com/LiTianYeoh/MLBB_Tournament_Analysis/blob/94ea36800e80c9e89a2356a0b81d3eeafbd6a4f7/analysis/data/consolidated_game_data_20240505.csv
8,S8-RS-036,3,Rebellion Genflix,pick,2,X.Borg,https://liquipedia.net/mobilelegends/MPL/Indonesia/Season_8/Regular_Season | https://github.com/LiTianYeoh/MLBB_Tournament_Analysis/blob/94ea36800e80c9e89a2356a0b81d3eeafbd6a4f7/analysis/data/consolidated_game_data_20240505.csv
8,S8-RS-036,3,Rebellion Genflix,pick,3,Chou,https://liquipedia.net/mobilelegends/MPL/Indonesia/Season_8/Regular_Season | https://github.com/LiTianYeoh/MLBB_Tournament_Analysis/blob/94ea36800e80c9e89a2356a0b81d3eeafbd6a4f7/analysis/data/consolidated_game_data_20240505.csv
8,S8-RS-036,3,Rebellion Genflix,pick,4,Hayabusa,https://liquipedia.net/mobilelegends/MPL/Indonesia/Season_8/Regular_Season | https://github.com/LiTianYeoh/MLBB_Tournament_Analysis/blob/94ea36800e80c9e89a2356a0b81d3eeafbd6a4f7/analysis/data/consolidated_game_data_20240505.csv
8,S8-RS-036,3,Rebellion Genflix,pick,5,Grock,https://liquipedia.net/mobilelegends/MPL/Indonesia/Season_8/Regular_Season | https://github.com/LiTianYeoh/MLBB_Tournament_Analysis/blob/94ea36800e80c9e89a2356a0b81d3eeafbd6a4f7/analysis/data/consolidated_game_data_20240505.csv
8,S8-RS-036,3,ONIC Esports,pick,1,Jawhead,https://liquipedia.net/mobilelegends/MPL/Indonesia/Season_8/Regular_Season | https://github.com/LiTianYeoh/MLBB_Tournament_Analysis/blob/94ea36800e80c9e89a2356a0b81d3eeafbd6a4f7/analysis/data/consolidated_game_data_20240505.csv
8,S8-RS-036,3,ONIC Esports,pick,2,Granger,https://liquipedia.net/mobilelegends/MPL/Indonesia/Season_8/Regular_Season | https://github.com/LiTianYeoh/MLBB_Tournament_Analysis/blob/94ea36800e80c9e89a2356a0b81d3eeafbd6a4f7/analysis/data/consolidated_game_data_20240505.csv
8,S8-RS-036,3,ONIC Esports,pick,3,Saber,https://liquipedia.net/mobilelegends/MPL/Indonesia/Season_8/Regular_Season | https://github.com/LiTianYeoh/MLBB_Tournament_Analysis/blob/94ea36800e80c9e89a2356a0b81d3eeafbd6a4f7/analysis/data/consolidated_game_data_20240505.csv
8,S8-RS-036,3,ONIC Esports,pick,4,Lapu-Lapu,https://liquipedia.net/mobilelegends/MPL/Indonesia/Season_8/Regular_Season | https://github.com/LiTianYeoh/MLBB_Tournament_Analysis/blob/94ea36800e80c9e89a2356a0b81d3eeafbd6a4f7/analysis/data/consolidated_game_data_20240505.csv
8,S8-RS-036,3,ONIC Esports,pick,5,Pharsa,https://liquipedia.net/mobilelegends/MPL/Indonesia/Season_8/Regular_Season | https://github.com/LiTianYeoh/MLBB_Tournament_Analysis/blob/94ea36800e80c9e89a2356a0b81d3eeafbd6a4f7/analysis/data/consolidated_game_data_20240505.csv
8,S8-RS-037,1,Alter Ego,pick,1,Beatrix,https://liquipedia.net/mobilelegends/MPL/Indonesia/Season_8/Regular_Season | https://github.com/LiTianYeoh/MLBB_Tournament_Analysis/blob/94ea36800e80c9e89a2356a0b81d3eeafbd6a4f7/analysis/data/consolidated_game_data_20240505.csv
8,S8-RS-037,1,Alter Ego,pick,2,Phoveus,https://liquipedia.net/mobilelegends/MPL/Indonesia/Season_8/Regular_Season | https://github.com/LiTianYeoh/MLBB_Tournament_Analysis/blob/94ea36800e80c9e89a2356a0b81d3eeafbd6a4f7/analysis/data/consolidated_game_data_20240505.csv
8,S8-RS-037,1,Alter Ego,pick,3,Paquito,https://liquipedia.net/mobilelegends/MPL/Indonesia/Season_8/Regular_Season | https://github.com/LiTianYeoh/MLBB_Tournament_Analysis/blob/94ea36800e80c9e89a2356a0b81d3eeafbd6a4f7/analysis/data/consolidated_game_data_20240505.csv
8,S8-RS-037,1,Alter Ego,pick,4,Natan,https://liquipedia.net/mobilelegends/MPL/Indonesia/Season_8/Regular_Season | https://github.com/LiTianYeoh/MLBB_Tournament_Analysis/blob/94ea36800e80c9e89a2356a0b81d3eeafbd6a4f7/analysis/data/consolidated_game_data_20240505.csv
8,S8-RS-037,1,Alter Ego,pick,5,Estes,https://liquipedia.net/mobilelegends/MPL/Indonesia/Season_8/Regular_Season | https://github.com/LiTianYeoh/MLBB_Tournament_Analysis/blob/94ea36800e80c9e89a2356a0b81d3eeafbd6a4f7/analysis/data/consolidated_game_data_20240505.csv
8,S8-RS-037,1,EVOS Legends,pick,1,Mathilda,https://liquipedia.net/mobilelegends/MPL/Indonesia/Season_8/Regular_Season | https://github.com/LiTianYeoh/MLBB_Tournament_Analysis/blob/94ea36800e80c9e89a2356a0b81d3eeafbd6a4f7/analysis/data/consolidated_game_data_20240505.csv
8,S8-RS-037,1,EVOS Legends,pick,2,Barats,https://liquipedia.net/mobilelegends/MPL/Indonesia/Season_8/Regular_Season | https://github.com/LiTianYeoh/MLBB_Tournament_Analysis/blob/94ea36800e80c9e89a2356a0b81d3eeafbd6a4f7/analysis/data/consolidated_game_data_20240505.csv
8,S8-RS-037,1,EVOS Legends,pick,3,Pharsa,https://liquipedia.net/mobilelegends/MPL/Indonesia/Season_8/Regular_Season | https://github.com/LiTianYeoh/MLBB_Tournament_Analysis/blob/94ea36800e80c9e89a2356a0b81d3eeafbd6a4f7/analysis/data/consolidated_game_data_20240505.csv
8,S8-RS-037,1,EVOS Legends,pick,4,Uranus,https://liquipedia.net/mobilelegends/MPL/Indonesia/Season_8/Regular_Season | https://github.com/LiTianYeoh/MLBB_Tournament_Analysis/blob/94ea36800e80c9e89a2356a0b81d3eeafbd6a4f7/analysis/data/consolidated_game_data_20240505.csv
8,S8-RS-037,1,EVOS Legends,pick,5,Cyclops,https://liquipedia.net/mobilelegends/MPL/Indonesia/Season_8/Regular_Season | https://github.com/LiTianYeoh/MLBB_Tournament_Analysis/blob/94ea36800e80c9e89a2356a0b81d3eeafbd6a4f7/analysis/data/consolidated_game_data_20240505.csv
8,S8-RS-037,2,Alter Ego,pick,1,Mathilda,https://liquipedia.net/mobilelegends/MPL/Indonesia/Season_8/Regular_Season | https://github.com/LiTianYeoh/MLBB_Tournament_Analysis/blob/94ea36800e80c9e89a2356a0b81d3eeafbd6a4f7/analysis/data/consolidated_game_data_20240505.csv
8,S8-RS-037,2,Alter Ego,pick,2,Lapu-Lapu,https://liquipedia.net/mobilelegends/MPL/Indonesia/Season_8/Regular_Season | https://github.com/LiTianYeoh/MLBB_Tournament_Analysis/blob/94ea36800e80c9e89a2356a0b81d3eeafbd6a4f7/analysis/data/consolidated_game_data_20240505.csv
8,S8-RS-037,2,Alter Ego,pick,3,Beatrix,https://liquipedia.net/mobilelegends/MPL/Indonesia/Season_8/Regular_Season | https://github.com/LiTianYeoh/MLBB_Tournament_Analysis/blob/94ea36800e80c9e89a2356a0b81d3eeafbd6a4f7/analysis/data/consolidated_game_data_20240505.csv
8,S8-RS-037,2,Alter Ego,pick,4,Barats,https://liquipedia.net/mobilelegends/MPL/Indonesia/Season_8/Regular_Season | https://github.com/LiTianYeoh/MLBB_Tournament_Analysis/blob/94ea36800e80c9e89a2356a0b81d3eeafbd6a4f7/analysis/data/consolidated_game_data_20240505.csv
8,S8-RS-037,2,Alter Ego,pick,5,Kagura,https://liquipedia.net/mobilelegends/MPL/Indonesia/Season_8/Regular_Season | https://github.com/LiTianYeoh/MLBB_Tournament_Analysis/blob/94ea36800e80c9e89a2356a0b81d3eeafbd6a4f7/analysis/data/consolidated_game_data_20240505.csv
8,S8-RS-037,2,EVOS Legends,pick,1,Popol and Kupa,https://liquipedia.net/mobilelegends/MPL/Indonesia/Season_8/Regular_Season | https://github.com/LiTianYeoh/MLBB_Tournament_Analysis/blob/94ea36800e80c9e89a2356a0b81d3eeafbd6a4f7/analysis/data/consolidated_game_data_20240505.csv
8,S8-RS-037,2,EVOS Legends,pick,2,Harley,https://liquipedia.net/mobilelegends/MPL/Indonesia/Season_8/Regular_Season | https://github.com/LiTianYeoh/MLBB_Tournament_Analysis/blob/94ea36800e80c9e89a2356a0b81d3eeafbd6a4f7/analysis/data/consolidated_game_data_20240505.csv
8,S8-RS-037,2,EVOS Legends,pick,3,Wanwan,https://liquipedia.net/mobilelegends/MPL/Indonesia/Season_8/Regular_Season | https://github.com/LiTianYeoh/MLBB_Tournament_Analysis/blob/94ea36800e80c9e89a2356a0b81d3eeafbd6a4f7/analysis/data/consolidated_game_data_20240505.csv
8,S8-RS-037,2,EVOS Legends,pick,4,Benedetta,https://liquipedia.net/mobilelegends/MPL/Indonesia/Season_8/Regular_Season | https://github.com/LiTianYeoh/MLBB_Tournament_Analysis/blob/94ea36800e80c9e89a2356a0b81d3eeafbd6a4f7/analysis/data/consolidated_game_data_20240505.csv
8,S8-RS-037,2,EVOS Legends,pick,5,Pharsa,https://liquipedia.net/mobilelegends/MPL/Indonesia/Season_8/Regular_Season | https://github.com/LiTianYeoh/MLBB_Tournament_Analysis/blob/94ea36800e80c9e89a2356a0b81d3eeafbd6a4f7/analysis/data/consolidated_game_data_20240505.csv
8,S8-RS-038,1,RRQ Hoshi,pick,1,Beatrix,https://liquipedia.net/mobilelegends/MPL/Indonesia/Season_8/Regular_Season | https://github.com/LiTianYeoh/MLBB_Tournament_Analysis/blob/94ea36800e80c9e89a2356a0b81d3eeafbd6a4f7/analysis/data/consolidated_game_data_20240505.csv
8,S8-RS-038,1,RRQ Hoshi,pick,2,Paquito,https://liquipedia.net/mobilelegends/MPL/Indonesia/Season_8/Regular_Season | https://github.com/LiTianYeoh/MLBB_Tournament_Analysis/blob/94ea36800e80c9e89a2356a0b81d3eeafbd6a4f7/analysis/data/consolidated_game_data_20240505.csv
8,S8-RS-038,1,RRQ Hoshi,pick,3,Lunox,https://liquipedia.net/mobilelegends/MPL/Indonesia/Season_8/Regular_Season | https://github.com/LiTianYeoh/MLBB_Tournament_Analysis/blob/94ea36800e80c9e89a2356a0b81d3eeafbd6a4f7/analysis/data/consolidated_game_data_20240505.csv
8,S8-RS-038,1,RRQ Hoshi,pick,4,Hayabusa,https://liquipedia.net/mobilelegends/MPL/Indonesia/Season_8/Regular_Season | https://github.com/LiTianYeoh/MLBB_Tournament_Analysis/blob/94ea36800e80c9e89a2356a0b81d3eeafbd6a4f7/analysis/data/consolidated_game_data_20240505.csv
8,S8-RS-038,1,RRQ Hoshi,pick,5,Mathilda,https://liquipedia.net/mobilelegends/MPL/Indonesia/Season_8/Regular_Season | https://github.com/LiTianYeoh/MLBB_Tournament_Analysis/blob/94ea36800e80c9e89a2356a0b81d3eeafbd6a4f7/analysis/data/consolidated_game_data_20240505.csv
8,S8-RS-038,1,Geek Fam ID,pick,1,Valir,https://liquipedia.net/mobilelegends/MPL/Indonesia/Season_8/Regular_Season | https://github.com/LiTianYeoh/MLBB_Tournament_Analysis/blob/94ea36800e80c9e89a2356a0b81d3eeafbd6a4f7/analysis/data/consolidated_game_data_20240505.csv
8,S8-RS-038,1,Geek Fam ID,pick,2,Roger,https://liquipedia.net/mobilelegends/MPL/Indonesia/Season_8/Regular_Season | https://github.com/LiTianYeoh/MLBB_Tournament_Analysis/blob/94ea36800e80c9e89a2356a0b81d3eeafbd6a4f7/analysis/data/consolidated_game_data_20240505.csv
8,S8-RS-038,1,Geek Fam ID,pick,3,Ruby,https://liquipedia.net/mobilelegends/MPL/Indonesia/Season_8/Regular_Season | https://github.com/LiTianYeoh/MLBB_Tournament_Analysis/blob/94ea36800e80c9e89a2356a0b81d3eeafbd6a4f7/analysis/data/consolidated_game_data_20240505.csv
8,S8-RS-038,1,Geek Fam ID,pick,4,Esmeralda,https://liquipedia.net/mobilelegends/MPL/Indonesia/Season_8/Regular_Season | https://github.com/LiTianYeoh/MLBB_Tournament_Analysis/blob/94ea36800e80c9e89a2356a0b81d3eeafbd6a4f7/analysis/data/consolidated_game_data_20240505.csv
8,S8-RS-038,1,Geek Fam ID,pick,5,Pharsa,https://liquipedia.net/mobilelegends/MPL/Indonesia/Season_8/Regular_Season | https://github.com/LiTianYeoh/MLBB_Tournament_Analysis/blob/94ea36800e80c9e89a2356a0b81d3eeafbd6a4f7/analysis/data/consolidated_game_data_20240505.csv
8,S8-RS-038,2,RRQ Hoshi,pick,1,Pharsa,https://liquipedia.net/mobilelegends/MPL/Indonesia/Season_8/Regular_Season | https://github.com/LiTianYeoh/MLBB_Tournament_Analysis/blob/94ea36800e80c9e89a2356a0b81d3eeafbd6a4f7/analysis/data/consolidated_game_data_20240505.csv
8,S8-RS-038,2,RRQ Hoshi,pick,2,Gloo,https://liquipedia.net/mobilelegends/MPL/Indonesia/Season_8/Regular_Season | https://github.com/LiTianYeoh/MLBB_Tournament_Analysis/blob/94ea36800e80c9e89a2356a0b81d3eeafbd6a4f7/analysis/data/consolidated_game_data_20240505.csv
8,S8-RS-038,2,RRQ Hoshi,pick,3,Esmeralda,https://liquipedia.net/mobilelegends/MPL/Indonesia/Season_8/Regular_Season | https://github.com/LiTianYeoh/MLBB_Tournament_Analysis/blob/94ea36800e80c9e89a2356a0b81d3eeafbd6a4f7/analysis/data/consolidated_game_data_20240505.csv
8,S8-RS-038,2,RRQ Hoshi,pick,4,Granger,https://liquipedia.net/mobilelegends/MPL/Indonesia/Season_8/Regular_Season | https://github.com/LiTianYeoh/MLBB_Tournament_Analysis/blob/94ea36800e80c9e89a2356a0b81d3eeafbd6a4f7/analysis/data/consolidated_game_data_20240505.csv
8,S8-RS-038,2,RRQ Hoshi,pick,5,Jawhead,https://liquipedia.net/mobilelegends/MPL/Indonesia/Season_8/Regular_Season | https://github.com/LiTianYeoh/MLBB_Tournament_Analysis/blob/94ea36800e80c9e89a2356a0b81d3eeafbd6a4f7/analysis/data/consolidated_game_data_20240505.csv
8,S8-RS-038,2,Geek Fam ID,pick,1,Tigreal,https://liquipedia.net/mobilelegends/MPL/Indonesia/Season_8/Regular_Season | https://github.com/LiTianYeoh/MLBB_Tournament_Analysis/blob/94ea36800e80c9e89a2356a0b81d3eeafbd6a4f7/analysis/data/consolidated_game_data_20240505.csv
8,S8-RS-038,2,Geek Fam ID,pick,2,Bruno,https://liquipedia.net/mobilelegends/MPL/Indonesia/Season_8/Regular_Season | https://github.com/LiTianYeoh/MLBB_Tournament_Analysis/blob/94ea36800e80c9e89a2356a0b81d3eeafbd6a4f7/analysis/data/consolidated_game_data_20240505.csv
8,S8-RS-038,2,Geek Fam ID,pick,3,Paquito,https://liquipedia.net/mobilelegends/MPL/Indonesia/Season_8/Regular_Season | https://github.com/LiTianYeoh/MLBB_Tournament_Analysis/blob/94ea36800e80c9e89a2356a0b81d3eeafbd6a4f7/analysis/data/consolidated_game_data_20240505.csv
8,S8-RS-038,2,Geek Fam ID,pick,4,Thamuz,https://liquipedia.net/mobilelegends/MPL/Indonesia/Season_8/Regular_Season | https://github.com/LiTianYeoh/MLBB_Tournament_Analysis/blob/94ea36800e80c9e89a2356a0b81d3eeafbd6a4f7/analysis/data/consolidated_game_data_20240505.csv
8,S8-RS-038,2,Geek Fam ID,pick,5,Kagura,https://liquipedia.net/mobilelegends/MPL/Indonesia/Season_8/Regular_Season | https://github.com/LiTianYeoh/MLBB_Tournament_Analysis/blob/94ea36800e80c9e89a2356a0b81d3eeafbd6a4f7/analysis/data/consolidated_game_data_20240505.csv
8,S8-RS-039,1,AURA Fire,pick,1,Lylia,https://liquipedia.net/mobilelegends/MPL/Indonesia/Season_8/Regular_Season | https://github.com/LiTianYeoh/MLBB_Tournament_Analysis/blob/94ea36800e80c9e89a2356a0b81d3eeafbd6a4f7/analysis/data/consolidated_game_data_20240505.csv
8,S8-RS-039,1,AURA Fire,pick,2,Paquito,https://liquipedia.net/mobilelegends/MPL/Indonesia/Season_8/Regular_Season | https://github.com/LiTianYeoh/MLBB_Tournament_Analysis/blob/94ea36800e80c9e89a2356a0b81d3eeafbd6a4f7/analysis/data/consolidated_game_data_20240505.csv
8,S8-RS-039,1,AURA Fire,pick,3,Yu Zhong,https://liquipedia.net/mobilelegends/MPL/Indonesia/Season_8/Regular_Season | https://github.com/LiTianYeoh/MLBB_Tournament_Analysis/blob/94ea36800e80c9e89a2356a0b81d3eeafbd6a4f7/analysis/data/consolidated_game_data_20240505.csv
8,S8-RS-039,1,AURA Fire,pick,4,Hayabusa,https://liquipedia.net/mobilelegends/MPL/Indonesia/Season_8/Regular_Season | https://github.com/LiTianYeoh/MLBB_Tournament_Analysis/blob/94ea36800e80c9e89a2356a0b81d3eeafbd6a4f7/analysis/data/consolidated_game_data_20240505.csv
8,S8-RS-039,1,AURA Fire,pick,5,Chou,https://liquipedia.net/mobilelegends/MPL/Indonesia/Season_8/Regular_Season | https://github.com/LiTianYeoh/MLBB_Tournament_Analysis/blob/94ea36800e80c9e89a2356a0b81d3eeafbd6a4f7/analysis/data/consolidated_game_data_20240505.csv
8,S8-RS-039,1,Bigetron Alpha,pick,1,Rafaela,https://liquipedia.net/mobilelegends/MPL/Indonesia/Season_8/Regular_Season | https://github.com/LiTianYeoh/MLBB_Tournament_Analysis/blob/94ea36800e80c9e89a2356a0b81d3eeafbd6a4f7/analysis/data/consolidated_game_data_20240505.csv
8,S8-RS-039,1,Bigetron Alpha,pick,2,Ling,https://liquipedia.net/mobilelegends/MPL/Indonesia/Season_8/Regular_Season | https://github.com/LiTianYeoh/MLBB_Tournament_Analysis/blob/94ea36800e80c9e89a2356a0b81d3eeafbd6a4f7/analysis/data/consolidated_game_data_20240505.csv
8,S8-RS-039,1,Bigetron Alpha,pick,3,Aldous,https://liquipedia.net/mobilelegends/MPL/Indonesia/Season_8/Regular_Season | https://github.com/LiTianYeoh/MLBB_Tournament_Analysis/blob/94ea36800e80c9e89a2356a0b81d3eeafbd6a4f7/analysis/data/consolidated_game_data_20240505.csv
8,S8-RS-039,1,Bigetron Alpha,pick,4,Barats,https://liquipedia.net/mobilelegends/MPL/Indonesia/Season_8/Regular_Season | https://github.com/LiTianYeoh/MLBB_Tournament_Analysis/blob/94ea36800e80c9e89a2356a0b81d3eeafbd6a4f7/analysis/data/consolidated_game_data_20240505.csv
8,S8-RS-039,1,Bigetron Alpha,pick,5,Harley,https://liquipedia.net/mobilelegends/MPL/Indonesia/Season_8/Regular_Season | https://github.com/LiTianYeoh/MLBB_Tournament_Analysis/blob/94ea36800e80c9e89a2356a0b81d3eeafbd6a4f7/analysis/data/consolidated_game_data_20240505.csv
8,S8-RS-039,2,AURA Fire,pick,1,Kagura,https://liquipedia.net/mobilelegends/MPL/Indonesia/Season_8/Regular_Season | https://github.com/LiTianYeoh/MLBB_Tournament_Analysis/blob/94ea36800e80c9e89a2356a0b81d3eeafbd6a4f7/analysis/data/consolidated_game_data_20240505.csv
8,S8-RS-039,2,AURA Fire,pick,2,Barats,https://liquipedia.net/mobilelegends/MPL/Indonesia/Season_8/Regular_Season | https://github.com/LiTianYeoh/MLBB_Tournament_Analysis/blob/94ea36800e80c9e89a2356a0b81d3eeafbd6a4f7/analysis/data/consolidated_game_data_20240505.csv
8,S8-RS-039,2,AURA Fire,pick,3,Freya,https://liquipedia.net/mobilelegends/MPL/Indonesia/Season_8/Regular_Season | https://github.com/LiTianYeoh/MLBB_Tournament_Analysis/blob/94ea36800e80c9e89a2356a0b81d3eeafbd6a4f7/analysis/data/consolidated_game_data_20240505.csv
8,S8-RS-039,2,AURA Fire,pick,4,Ling,https://liquipedia.net/mobilelegends/MPL/Indonesia/Season_8/Regular_Season | https://github.com/LiTianYeoh/MLBB_Tournament_Analysis/blob/94ea36800e80c9e89a2356a0b81d3eeafbd6a4f7/analysis/data/consolidated_game_data_20240505.csv
8,S8-RS-039,2,AURA Fire,pick,5,Popol and Kupa,https://liquipedia.net/mobilelegends/MPL/Indonesia/Season_8/Regular_Season | https://github.com/LiTianYeoh/MLBB_Tournament_Analysis/blob/94ea36800e80c9e89a2356a0b81d3eeafbd6a4f7/analysis/data/consolidated_game_data_20240505.csv
8,S8-RS-039,2,Bigetron Alpha,pick,1,Popol and Kupa,https://liquipedia.net/mobilelegends/MPL/Indonesia/Season_8/Regular_Season | https://github.com/LiTianYeoh/MLBB_Tournament_Analysis/blob/94ea36800e80c9e89a2356a0b81d3eeafbd6a4f7/analysis/data/consolidated_game_data_20240505.csv
8,S8-RS-039,2,Bigetron Alpha,pick,2,Lancelot,https://liquipedia.net/mobilelegends/MPL/Indonesia/Season_8/Regular_Season | https://github.com/LiTianYeoh/MLBB_Tournament_Analysis/blob/94ea36800e80c9e89a2356a0b81d3eeafbd6a4f7/analysis/data/consolidated_game_data_20240505.csv
8,S8-RS-039,2,Bigetron Alpha,pick,3,Yu Zhong,https://liquipedia.net/mobilelegends/MPL/Indonesia/Season_8/Regular_Season | https://github.com/LiTianYeoh/MLBB_Tournament_Analysis/blob/94ea36800e80c9e89a2356a0b81d3eeafbd6a4f7/analysis/data/consolidated_game_data_20240505.csv
8,S8-RS-039,2,Bigetron Alpha,pick,4,Paquito,https://liquipedia.net/mobilelegends/MPL/Indonesia/Season_8/Regular_Season | https://github.com/LiTianYeoh/MLBB_Tournament_Analysis/blob/94ea36800e80c9e89a2356a0b81d3eeafbd6a4f7/analysis/data/consolidated_game_data_20240505.csv
8,S8-RS-039,2,Bigetron Alpha,pick,5,Lylia,https://liquipedia.net/mobilelegends/MPL/Indonesia/Season_8/Regular_Season | https://github.com/LiTianYeoh/MLBB_Tournament_Analysis/blob/94ea36800e80c9e89a2356a0b81d3eeafbd6a4f7/analysis/data/consolidated_game_data_20240505.csv
8,S8-RS-040,1,EVOS Legends,pick,1,Eudora,https://liquipedia.net/mobilelegends/MPL/Indonesia/Season_8/Regular_Season | https://github.com/LiTianYeoh/MLBB_Tournament_Analysis/blob/94ea36800e80c9e89a2356a0b81d3eeafbd6a4f7/analysis/data/consolidated_game_data_20240505.csv
8,S8-RS-040,1,EVOS Legends,pick,2,Alice,https://liquipedia.net/mobilelegends/MPL/Indonesia/Season_8/Regular_Season | https://github.com/LiTianYeoh/MLBB_Tournament_Analysis/blob/94ea36800e80c9e89a2356a0b81d3eeafbd6a4f7/analysis/data/consolidated_game_data_20240505.csv
8,S8-RS-040,1,EVOS Legends,pick,3,Esmeralda,https://liquipedia.net/mobilelegends/MPL/Indonesia/Season_8/Regular_Season | https://github.com/LiTianYeoh/MLBB_Tournament_Analysis/blob/94ea36800e80c9e89a2356a0b81d3eeafbd6a4f7/analysis/data/consolidated_game_data_20240505.csv
8,S8-RS-040,1,EVOS Legends,pick,4,Benedetta,https://liquipedia.net/mobilelegends/MPL/Indonesia/Season_8/Regular_Season | https://github.com/LiTianYeoh/MLBB_Tournament_Analysis/blob/94ea36800e80c9e89a2356a0b81d3eeafbd6a4f7/analysis/data/consolidated_game_data_20240505.csv
8,S8-RS-040,1,EVOS Legends,pick,5,Angela,https://liquipedia.net/mobilelegends/MPL/Indonesia/Season_8/Regular_Season | https://github.com/LiTianYeoh/MLBB_Tournament_Analysis/blob/94ea36800e80c9e89a2356a0b81d3eeafbd6a4f7/analysis/data/consolidated_game_data_20240505.csv
8,S8-RS-040,1,Rebellion Genflix,pick,1,Chou,https://liquipedia.net/mobilelegends/MPL/Indonesia/Season_8/Regular_Season | https://github.com/LiTianYeoh/MLBB_Tournament_Analysis/blob/94ea36800e80c9e89a2356a0b81d3eeafbd6a4f7/analysis/data/consolidated_game_data_20240505.csv
8,S8-RS-040,1,Rebellion Genflix,pick,2,Ling,https://liquipedia.net/mobilelegends/MPL/Indonesia/Season_8/Regular_Season | https://github.com/LiTianYeoh/MLBB_Tournament_Analysis/blob/94ea36800e80c9e89a2356a0b81d3eeafbd6a4f7/analysis/data/consolidated_game_data_20240505.csv
8,S8-RS-040,1,Rebellion Genflix,pick,3,Sun,https://liquipedia.net/mobilelegends/MPL/Indonesia/Season_8/Regular_Season | https://github.com/LiTianYeoh/MLBB_Tournament_Analysis/blob/94ea36800e80c9e89a2356a0b81d3eeafbd6a4f7/analysis/data/consolidated_game_data_20240505.csv
8,S8-RS-040,1,Rebellion Genflix,pick,4,Lapu-Lapu,https://liquipedia.net/mobilelegends/MPL/Indonesia/Season_8/Regular_Season | https://github.com/LiTianYeoh/MLBB_Tournament_Analysis/blob/94ea36800e80c9e89a2356a0b81d3eeafbd6a4f7/analysis/data/consolidated_game_data_20240505.csv
8,S8-RS-040,1,Rebellion Genflix,pick,5,Kagura,https://liquipedia.net/mobilelegends/MPL/Indonesia/Season_8/Regular_Season | https://github.com/LiTianYeoh/MLBB_Tournament_Analysis/blob/94ea36800e80c9e89a2356a0b81d3eeafbd6a4f7/analysis/data/consolidated_game_data_20240505.csv
8,S8-RS-040,2,EVOS Legends,pick,1,Kagura,https://liquipedia.net/mobilelegends/MPL/Indonesia/Season_8/Regular_Season | https://github.com/LiTianYeoh/MLBB_Tournament_Analysis/blob/94ea36800e80c9e89a2356a0b81d3eeafbd6a4f7/analysis/data/consolidated_game_data_20240505.csv
8,S8-RS-040,2,EVOS Legends,pick,2,Chou,https://liquipedia.net/mobilelegends/MPL/Indonesia/Season_8/Regular_Season | https://github.com/LiTianYeoh/MLBB_Tournament_Analysis/blob/94ea36800e80c9e89a2356a0b81d3eeafbd6a4f7/analysis/data/consolidated_game_data_20240505.csv
8,S8-RS-040,2,EVOS Legends,pick,3,Esmeralda,https://liquipedia.net/mobilelegends/MPL/Indonesia/Season_8/Regular_Season | https://github.com/LiTianYeoh/MLBB_Tournament_Analysis/blob/94ea36800e80c9e89a2356a0b81d3eeafbd6a4f7/analysis/data/consolidated_game_data_20240505.csv
8,S8-RS-040,2,EVOS Legends,pick,4,Hayabusa,https://liquipedia.net/mobilelegends/MPL/Indonesia/Season_8/Regular_Season | https://github.com/LiTianYeoh/MLBB_Tournament_Analysis/blob/94ea36800e80c9e89a2356a0b81d3eeafbd6a4f7/analysis/data/consolidated_game_data_20240505.csv
8,S8-RS-040,2,EVOS Legends,pick,5,Angela,https://liquipedia.net/mobilelegends/MPL/Indonesia/Season_8/Regular_Season | https://github.com/LiTianYeoh/MLBB_Tournament_Analysis/blob/94ea36800e80c9e89a2356a0b81d3eeafbd6a4f7/analysis/data/consolidated_game_data_20240505.csv
8,S8-RS-040,2,Rebellion Genflix,pick,1,Silvanna,https://liquipedia.net/mobilelegends/MPL/Indonesia/Season_8/Regular_Season | https://github.com/LiTianYeoh/MLBB_Tournament_Analysis/blob/94ea36800e80c9e89a2356a0b81d3eeafbd6a4f7/analysis/data/consolidated_game_data_20240505.csv
8,S8-RS-040,2,Rebellion Genflix,pick,2,Roger,https://liquipedia.net/mobilelegends/MPL/Indonesia/Season_8/Regular_Season | https://github.com/LiTianYeoh/MLBB_Tournament_Analysis/blob/94ea36800e80c9e89a2356a0b81d3eeafbd6a4f7/analysis/data/consolidated_game_data_20240505.csv
8,S8-RS-040,2,Rebellion Genflix,pick,3,Pharsa,https://liquipedia.net/mobilelegends/MPL/Indonesia/Season_8/Regular_Season | https://github.com/LiTianYeoh/MLBB_Tournament_Analysis/blob/94ea36800e80c9e89a2356a0b81d3eeafbd6a4f7/analysis/data/consolidated_game_data_20240505.csv
8,S8-RS-040,2,Rebellion Genflix,pick,4,Thamuz,https://liquipedia.net/mobilelegends/MPL/Indonesia/Season_8/Regular_Season | https://github.com/LiTianYeoh/MLBB_Tournament_Analysis/blob/94ea36800e80c9e89a2356a0b81d3eeafbd6a4f7/analysis/data/consolidated_game_data_20240505.csv
8,S8-RS-040,2,Rebellion Genflix,pick,5,Beatrix,https://liquipedia.net/mobilelegends/MPL/Indonesia/Season_8/Regular_Season | https://github.com/LiTianYeoh/MLBB_Tournament_Analysis/blob/94ea36800e80c9e89a2356a0b81d3eeafbd6a4f7/analysis/data/consolidated_game_data_20240505.csv
8,S8-RS-041,1,Bigetron Alpha,pick,1,Harley,https://liquipedia.net/mobilelegends/MPL/Indonesia/Season_8/Regular_Season | https://github.com/LiTianYeoh/MLBB_Tournament_Analysis/blob/94ea36800e80c9e89a2356a0b81d3eeafbd6a4f7/analysis/data/consolidated_game_data_20240505.csv
8,S8-RS-041,1,Bigetron Alpha,pick,2,Esmeralda,https://liquipedia.net/mobilelegends/MPL/Indonesia/Season_8/Regular_Season | https://github.com/LiTianYeoh/MLBB_Tournament_Analysis/blob/94ea36800e80c9e89a2356a0b81d3eeafbd6a4f7/analysis/data/consolidated_game_data_20240505.csv
8,S8-RS-041,1,Bigetron Alpha,pick,3,Aldous,https://liquipedia.net/mobilelegends/MPL/Indonesia/Season_8/Regular_Season | https://github.com/LiTianYeoh/MLBB_Tournament_Analysis/blob/94ea36800e80c9e89a2356a0b81d3eeafbd6a4f7/analysis/data/consolidated_game_data_20240505.csv
8,S8-RS-041,1,Bigetron Alpha,pick,4,Ling,https://liquipedia.net/mobilelegends/MPL/Indonesia/Season_8/Regular_Season | https://github.com/LiTianYeoh/MLBB_Tournament_Analysis/blob/94ea36800e80c9e89a2356a0b81d3eeafbd6a4f7/analysis/data/consolidated_game_data_20240505.csv
8,S8-RS-041,1,Bigetron Alpha,pick,5,Ruby,https://liquipedia.net/mobilelegends/MPL/Indonesia/Season_8/Regular_Season | https://github.com/LiTianYeoh/MLBB_Tournament_Analysis/blob/94ea36800e80c9e89a2356a0b81d3eeafbd6a4f7/analysis/data/consolidated_game_data_20240505.csv
8,S8-RS-041,1,Geek Fam ID,pick,1,Akai,https://liquipedia.net/mobilelegends/MPL/Indonesia/Season_8/Regular_Season | https://github.com/LiTianYeoh/MLBB_Tournament_Analysis/blob/94ea36800e80c9e89a2356a0b81d3eeafbd6a4f7/analysis/data/consolidated_game_data_20240505.csv
8,S8-RS-041,1,Geek Fam ID,pick,2,Balmond,https://liquipedia.net/mobilelegends/MPL/Indonesia/Season_8/Regular_Season | https://github.com/LiTianYeoh/MLBB_Tournament_Analysis/blob/94ea36800e80c9e89a2356a0b81d3eeafbd6a4f7/analysis/data/consolidated_game_data_20240505.csv
8,S8-RS-041,1,Geek Fam ID,pick,3,Beatrix,https://liquipedia.net/mobilelegends/MPL/Indonesia/Season_8/Regular_Season | https://github.com/LiTianYeoh/MLBB_Tournament_Analysis/blob/94ea36800e80c9e89a2356a0b81d3eeafbd6a4f7/analysis/data/consolidated_game_data_20240505.csv
8,S8-RS-041,1,Geek Fam ID,pick,4,Gloo,https://liquipedia.net/mobilelegends/MPL/Indonesia/Season_8/Regular_Season | https://github.com/LiTianYeoh/MLBB_Tournament_Analysis/blob/94ea36800e80c9e89a2356a0b81d3eeafbd6a4f7/analysis/data/consolidated_game_data_20240505.csv
8,S8-RS-041,1,Geek Fam ID,pick,5,Pharsa,https://liquipedia.net/mobilelegends/MPL/Indonesia/Season_8/Regular_Season | https://github.com/LiTianYeoh/MLBB_Tournament_Analysis/blob/94ea36800e80c9e89a2356a0b81d3eeafbd6a4f7/analysis/data/consolidated_game_data_20240505.csv
8,S8-RS-041,2,Bigetron Alpha,pick,1,Pharsa,https://liquipedia.net/mobilelegends/MPL/Indonesia/Season_8/Regular_Season | https://github.com/LiTianYeoh/MLBB_Tournament_Analysis/blob/94ea36800e80c9e89a2356a0b81d3eeafbd6a4f7/analysis/data/consolidated_game_data_20240505.csv
8,S8-RS-041,2,Bigetron Alpha,pick,2,Uranus,https://liquipedia.net/mobilelegends/MPL/Indonesia/Season_8/Regular_Season | https://github.com/LiTianYeoh/MLBB_Tournament_Analysis/blob/94ea36800e80c9e89a2356a0b81d3eeafbd6a4f7/analysis/data/consolidated_game_data_20240505.csv
8,S8-RS-041,2,Bigetron Alpha,pick,3,Chou,https://liquipedia.net/mobilelegends/MPL/Indonesia/Season_8/Regular_Season | https://github.com/LiTianYeoh/MLBB_Tournament_Analysis/blob/94ea36800e80c9e89a2356a0b81d3eeafbd6a4f7/analysis/data/consolidated_game_data_20240505.csv
8,S8-RS-041,2,Bigetron Alpha,pick,4,Ling,https://liquipedia.net/mobilelegends/MPL/Indonesia/Season_8/Regular_Season | https://github.com/LiTianYeoh/MLBB_Tournament_Analysis/blob/94ea36800e80c9e89a2356a0b81d3eeafbd6a4f7/analysis/data/consolidated_game_data_20240505.csv
8,S8-RS-041,2,Bigetron Alpha,pick,5,Jawhead,https://liquipedia.net/mobilelegends/MPL/Indonesia/Season_8/Regular_Season | https://github.com/LiTianYeoh/MLBB_Tournament_Analysis/blob/94ea36800e80c9e89a2356a0b81d3eeafbd6a4f7/analysis/data/consolidated_game_data_20240505.csv
8,S8-RS-041,2,Geek Fam ID,pick,1,Tigreal,https://liquipedia.net/mobilelegends/MPL/Indonesia/Season_8/Regular_Season | https://github.com/LiTianYeoh/MLBB_Tournament_Analysis/blob/94ea36800e80c9e89a2356a0b81d3eeafbd6a4f7/analysis/data/consolidated_game_data_20240505.csv
8,S8-RS-041,2,Geek Fam ID,pick,2,Harley,https://liquipedia.net/mobilelegends/MPL/Indonesia/Season_8/Regular_Season | https://github.com/LiTianYeoh/MLBB_Tournament_Analysis/blob/94ea36800e80c9e89a2356a0b81d3eeafbd6a4f7/analysis/data/consolidated_game_data_20240505.csv
8,S8-RS-041,2,Geek Fam ID,pick,3,Beatrix,https://liquipedia.net/mobilelegends/MPL/Indonesia/Season_8/Regular_Season | https://github.com/LiTianYeoh/MLBB_Tournament_Analysis/blob/94ea36800e80c9e89a2356a0b81d3eeafbd6a4f7/analysis/data/consolidated_game_data_20240505.csv
8,S8-RS-041,2,Geek Fam ID,pick,4,Barats,https://liquipedia.net/mobilelegends/MPL/Indonesia/Season_8/Regular_Season | https://github.com/LiTianYeoh/MLBB_Tournament_Analysis/blob/94ea36800e80c9e89a2356a0b81d3eeafbd6a4f7/analysis/data/consolidated_game_data_20240505.csv
8,S8-RS-041,2,Geek Fam ID,pick,5,Hayabusa,https://liquipedia.net/mobilelegends/MPL/Indonesia/Season_8/Regular_Season | https://github.com/LiTianYeoh/MLBB_Tournament_Analysis/blob/94ea36800e80c9e89a2356a0b81d3eeafbd6a4f7/analysis/data/consolidated_game_data_20240505.csv
8,S8-RS-042,1,RRQ Hoshi,pick,1,Beatrix,https://liquipedia.net/mobilelegends/MPL/Indonesia/Season_8/Regular_Season | https://github.com/LiTianYeoh/MLBB_Tournament_Analysis/blob/94ea36800e80c9e89a2356a0b81d3eeafbd6a4f7/analysis/data/consolidated_game_data_20240505.csv
8,S8-RS-042,1,RRQ Hoshi,pick,2,Thamuz,https://liquipedia.net/mobilelegends/MPL/Indonesia/Season_8/Regular_Season | https://github.com/LiTianYeoh/MLBB_Tournament_Analysis/blob/94ea36800e80c9e89a2356a0b81d3eeafbd6a4f7/analysis/data/consolidated_game_data_20240505.csv
8,S8-RS-042,1,RRQ Hoshi,pick,3,Alice,https://liquipedia.net/mobilelegends/MPL/Indonesia/Season_8/Regular_Season | https://github.com/LiTianYeoh/MLBB_Tournament_Analysis/blob/94ea36800e80c9e89a2356a0b81d3eeafbd6a4f7/analysis/data/consolidated_game_data_20240505.csv
8,S8-RS-042,1,RRQ Hoshi,pick,4,Paquito,https://liquipedia.net/mobilelegends/MPL/Indonesia/Season_8/Regular_Season | https://github.com/LiTianYeoh/MLBB_Tournament_Analysis/blob/94ea36800e80c9e89a2356a0b81d3eeafbd6a4f7/analysis/data/consolidated_game_data_20240505.csv
8,S8-RS-042,1,RRQ Hoshi,pick,5,Rafaela,https://liquipedia.net/mobilelegends/MPL/Indonesia/Season_8/Regular_Season | https://github.com/LiTianYeoh/MLBB_Tournament_Analysis/blob/94ea36800e80c9e89a2356a0b81d3eeafbd6a4f7/analysis/data/consolidated_game_data_20240505.csv
8,S8-RS-042,1,AURA Fire,pick,1,Kadita,https://liquipedia.net/mobilelegends/MPL/Indonesia/Season_8/Regular_Season | https://github.com/LiTianYeoh/MLBB_Tournament_Analysis/blob/94ea36800e80c9e89a2356a0b81d3eeafbd6a4f7/analysis/data/consolidated_game_data_20240505.csv
8,S8-RS-042,1,AURA Fire,pick,2,Aulus,https://liquipedia.net/mobilelegends/MPL/Indonesia/Season_8/Regular_Season | https://github.com/LiTianYeoh/MLBB_Tournament_Analysis/blob/94ea36800e80c9e89a2356a0b81d3eeafbd6a4f7/analysis/data/consolidated_game_data_20240505.csv
8,S8-RS-042,1,AURA Fire,pick,3,Esmeralda,https://liquipedia.net/mobilelegends/MPL/Indonesia/Season_8/Regular_Season | https://github.com/LiTianYeoh/MLBB_Tournament_Analysis/blob/94ea36800e80c9e89a2356a0b81d3eeafbd6a4f7/analysis/data/consolidated_game_data_20240505.csv
8,S8-RS-042,1,AURA Fire,pick,4,Lapu-Lapu,https://liquipedia.net/mobilelegends/MPL/Indonesia/Season_8/Regular_Season | https://github.com/LiTianYeoh/MLBB_Tournament_Analysis/blob/94ea36800e80c9e89a2356a0b81d3eeafbd6a4f7/analysis/data/consolidated_game_data_20240505.csv
8,S8-RS-042,1,AURA Fire,pick,5,Lylia,https://liquipedia.net/mobilelegends/MPL/Indonesia/Season_8/Regular_Season | https://github.com/LiTianYeoh/MLBB_Tournament_Analysis/blob/94ea36800e80c9e89a2356a0b81d3eeafbd6a4f7/analysis/data/consolidated_game_data_20240505.csv
8,S8-RS-042,2,RRQ Hoshi,pick,1,Lylia,https://liquipedia.net/mobilelegends/MPL/Indonesia/Season_8/Regular_Season | https://github.com/LiTianYeoh/MLBB_Tournament_Analysis/blob/94ea36800e80c9e89a2356a0b81d3eeafbd6a4f7/analysis/data/consolidated_game_data_20240505.csv
8,S8-RS-042,2,RRQ Hoshi,pick,2,Chou,https://liquipedia.net/mobilelegends/MPL/Indonesia/Season_8/Regular_Season | https://github.com/LiTianYeoh/MLBB_Tournament_Analysis/blob/94ea36800e80c9e89a2356a0b81d3eeafbd6a4f7/analysis/data/consolidated_game_data_20240505.csv
8,S8-RS-042,2,RRQ Hoshi,pick,3,Esmeralda,https://liquipedia.net/mobilelegends/MPL/Indonesia/Season_8/Regular_Season | https://github.com/LiTianYeoh/MLBB_Tournament_Analysis/blob/94ea36800e80c9e89a2356a0b81d3eeafbd6a4f7/analysis/data/consolidated_game_data_20240505.csv
8,S8-RS-042,2,RRQ Hoshi,pick,4,Hayabusa,https://liquipedia.net/mobilelegends/MPL/Indonesia/Season_8/Regular_Season | https://github.com/LiTianYeoh/MLBB_Tournament_Analysis/blob/94ea36800e80c9e89a2356a0b81d3eeafbd6a4f7/analysis/data/consolidated_game_data_20240505.csv
8,S8-RS-042,2,RRQ Hoshi,pick,5,Hylos,https://liquipedia.net/mobilelegends/MPL/Indonesia/Season_8/Regular_Season | https://github.com/LiTianYeoh/MLBB_Tournament_Analysis/blob/94ea36800e80c9e89a2356a0b81d3eeafbd6a4f7/analysis/data/consolidated_game_data_20240505.csv
8,S8-RS-042,2,AURA Fire,pick,1,Ruby,https://liquipedia.net/mobilelegends/MPL/Indonesia/Season_8/Regular_Season | https://github.com/LiTianYeoh/MLBB_Tournament_Analysis/blob/94ea36800e80c9e89a2356a0b81d3eeafbd6a4f7/analysis/data/consolidated_game_data_20240505.csv
8,S8-RS-042,2,AURA Fire,pick,2,Baxia,https://liquipedia.net/mobilelegends/MPL/Indonesia/Season_8/Regular_Season | https://github.com/LiTianYeoh/MLBB_Tournament_Analysis/blob/94ea36800e80c9e89a2356a0b81d3eeafbd6a4f7/analysis/data/consolidated_game_data_20240505.csv
8,S8-RS-042,2,AURA Fire,pick,3,Alice,https://liquipedia.net/mobilelegends/MPL/Indonesia/Season_8/Regular_Season | https://github.com/LiTianYeoh/MLBB_Tournament_Analysis/blob/94ea36800e80c9e89a2356a0b81d3eeafbd6a4f7/analysis/data/consolidated_game_data_20240505.csv
8,S8-RS-042,2,AURA Fire,pick,4,Paquito,https://liquipedia.net/mobilelegends/MPL/Indonesia/Season_8/Regular_Season | https://github.com/LiTianYeoh/MLBB_Tournament_Analysis/blob/94ea36800e80c9e89a2356a0b81d3eeafbd6a4f7/analysis/data/consolidated_game_data_20240505.csv
8,S8-RS-042,2,AURA Fire,pick,5,Harley,https://liquipedia.net/mobilelegends/MPL/Indonesia/Season_8/Regular_Season | https://github.com/LiTianYeoh/MLBB_Tournament_Analysis/blob/94ea36800e80c9e89a2356a0b81d3eeafbd6a4f7/analysis/data/consolidated_game_data_20240505.csv
8,S8-RS-042,3,RRQ Hoshi,pick,1,Pharsa,https://liquipedia.net/mobilelegends/MPL/Indonesia/Season_8/Regular_Season | https://github.com/LiTianYeoh/MLBB_Tournament_Analysis/blob/94ea36800e80c9e89a2356a0b81d3eeafbd6a4f7/analysis/data/consolidated_game_data_20240505.csv
8,S8-RS-042,3,RRQ Hoshi,pick,2,Paquito,https://liquipedia.net/mobilelegends/MPL/Indonesia/Season_8/Regular_Season | https://github.com/LiTianYeoh/MLBB_Tournament_Analysis/blob/94ea36800e80c9e89a2356a0b81d3eeafbd6a4f7/analysis/data/consolidated_game_data_20240505.csv
8,S8-RS-042,3,RRQ Hoshi,pick,3,Alice,https://liquipedia.net/mobilelegends/MPL/Indonesia/Season_8/Regular_Season | https://github.com/LiTianYeoh/MLBB_Tournament_Analysis/blob/94ea36800e80c9e89a2356a0b81d3eeafbd6a4f7/analysis/data/consolidated_game_data_20240505.csv
8,S8-RS-042,3,RRQ Hoshi,pick,4,Granger,https://liquipedia.net/mobilelegends/MPL/Indonesia/Season_8/Regular_Season | https://github.com/LiTianYeoh/MLBB_Tournament_Analysis/blob/94ea36800e80c9e89a2356a0b81d3eeafbd6a4f7/analysis/data/consolidated_game_data_20240505.csv
8,S8-RS-042,3,RRQ Hoshi,pick,5,Baxia,https://liquipedia.net/mobilelegends/MPL/Indonesia/Season_8/Regular_Season | https://github.com/LiTianYeoh/MLBB_Tournament_Analysis/blob/94ea36800e80c9e89a2356a0b81d3eeafbd6a4f7/analysis/data/consolidated_game_data_20240505.csv
8,S8-RS-042,3,AURA Fire,pick,1,Angela,https://liquipedia.net/mobilelegends/MPL/Indonesia/Season_8/Regular_Season | https://github.com/LiTianYeoh/MLBB_Tournament_Analysis/blob/94ea36800e80c9e89a2356a0b81d3eeafbd6a4f7/analysis/data/consolidated_game_data_20240505.csv
8,S8-RS-042,3,AURA Fire,pick,2,Uranus,https://liquipedia.net/mobilelegends/MPL/Indonesia/Season_8/Regular_Season | https://github.com/LiTianYeoh/MLBB_Tournament_Analysis/blob/94ea36800e80c9e89a2356a0b81d3eeafbd6a4f7/analysis/data/consolidated_game_data_20240505.csv
8,S8-RS-042,3,AURA Fire,pick,3,Hayabusa,https://liquipedia.net/mobilelegends/MPL/Indonesia/Season_8/Regular_Season | https://github.com/LiTianYeoh/MLBB_Tournament_Analysis/blob/94ea36800e80c9e89a2356a0b81d3eeafbd6a4f7/analysis/data/consolidated_game_data_20240505.csv
8,S8-RS-042,3,AURA Fire,pick,4,Esmeralda,https://liquipedia.net/mobilelegends/MPL/Indonesia/Season_8/Regular_Season | https://github.com/LiTianYeoh/MLBB_Tournament_Analysis/blob/94ea36800e80c9e89a2356a0b81d3eeafbd6a4f7/analysis/data/consolidated_game_data_20240505.csv
8,S8-RS-042,3,AURA Fire,pick,5,Lylia,https://liquipedia.net/mobilelegends/MPL/Indonesia/Season_8/Regular_Season | https://github.com/LiTianYeoh/MLBB_Tournament_Analysis/blob/94ea36800e80c9e89a2356a0b81d3eeafbd6a4f7/analysis/data/consolidated_game_data_20240505.csv
8,S8-RS-043,1,Alter Ego,pick,1,Yve,https://liquipedia.net/mobilelegends/MPL/Indonesia/Season_8/Regular_Season | https://github.com/LiTianYeoh/MLBB_Tournament_Analysis/blob/94ea36800e80c9e89a2356a0b81d3eeafbd6a4f7/analysis/data/consolidated_game_data_20240505.csv
8,S8-RS-043,1,Alter Ego,pick,2,X.Borg,https://liquipedia.net/mobilelegends/MPL/Indonesia/Season_8/Regular_Season | https://github.com/LiTianYeoh/MLBB_Tournament_Analysis/blob/94ea36800e80c9e89a2356a0b81d3eeafbd6a4f7/analysis/data/consolidated_game_data_20240505.csv
8,S8-RS-043,1,Alter Ego,pick,3,Esmeralda,https://liquipedia.net/mobilelegends/MPL/Indonesia/Season_8/Regular_Season | https://github.com/LiTianYeoh/MLBB_Tournament_Analysis/blob/94ea36800e80c9e89a2356a0b81d3eeafbd6a4f7/analysis/data/consolidated_game_data_20240505.csv
8,S8-RS-043,1,Alter Ego,pick,4,Benedetta,https://liquipedia.net/mobilelegends/MPL/Indonesia/Season_8/Regular_Season | https://github.com/LiTianYeoh/MLBB_Tournament_Analysis/blob/94ea36800e80c9e89a2356a0b81d3eeafbd6a4f7/analysis/data/consolidated_game_data_20240505.csv
8,S8-RS-043,1,Alter Ego,pick,5,Angela,https://liquipedia.net/mobilelegends/MPL/Indonesia/Season_8/Regular_Season | https://github.com/LiTianYeoh/MLBB_Tournament_Analysis/blob/94ea36800e80c9e89a2356a0b81d3eeafbd6a4f7/analysis/data/consolidated_game_data_20240505.csv
8,S8-RS-043,1,Bigetron Alpha,pick,1,Rafaela,https://liquipedia.net/mobilelegends/MPL/Indonesia/Season_8/Regular_Season | https://github.com/LiTianYeoh/MLBB_Tournament_Analysis/blob/94ea36800e80c9e89a2356a0b81d3eeafbd6a4f7/analysis/data/consolidated_game_data_20240505.csv
8,S8-RS-043,1,Bigetron Alpha,pick,2,Aulus,https://liquipedia.net/mobilelegends/MPL/Indonesia/Season_8/Regular_Season | https://github.com/LiTianYeoh/MLBB_Tournament_Analysis/blob/94ea36800e80c9e89a2356a0b81d3eeafbd6a4f7/analysis/data/consolidated_game_data_20240505.csv
8,S8-RS-043,1,Bigetron Alpha,pick,3,Claude,https://liquipedia.net/mobilelegends/MPL/Indonesia/Season_8/Regular_Season | https://github.com/LiTianYeoh/MLBB_Tournament_Analysis/blob/94ea36800e80c9e89a2356a0b81d3eeafbd6a4f7/analysis/data/consolidated_game_data_20240505.csv
8,S8-RS-043,1,Bigetron Alpha,pick,4,Baxia,https://liquipedia.net/mobilelegends/MPL/Indonesia/Season_8/Regular_Season | https://github.com/LiTianYeoh/MLBB_Tournament_Analysis/blob/94ea36800e80c9e89a2356a0b81d3eeafbd6a4f7/analysis/data/consolidated_game_data_20240505.csv
8,S8-RS-043,1,Bigetron Alpha,pick,5,Chang'e,https://liquipedia.net/mobilelegends/MPL/Indonesia/Season_8/Regular_Season | https://github.com/LiTianYeoh/MLBB_Tournament_Analysis/blob/94ea36800e80c9e89a2356a0b81d3eeafbd6a4f7/analysis/data/consolidated_game_data_20240505.csv
8,S8-RS-043,2,Alter Ego,pick,1,Claude,https://liquipedia.net/mobilelegends/MPL/Indonesia/Season_8/Regular_Season | https://github.com/LiTianYeoh/MLBB_Tournament_Analysis/blob/94ea36800e80c9e89a2356a0b81d3eeafbd6a4f7/analysis/data/consolidated_game_data_20240505.csv
8,S8-RS-043,2,Alter Ego,pick,2,Alice,https://liquipedia.net/mobilelegends/MPL/Indonesia/Season_8/Regular_Season | https://github.com/LiTianYeoh/MLBB_Tournament_Analysis/blob/94ea36800e80c9e89a2356a0b81d3eeafbd6a4f7/analysis/data/consolidated_game_data_20240505.csv
8,S8-RS-043,2,Alter Ego,pick,3,Lunox,https://liquipedia.net/mobilelegends/MPL/Indonesia/Season_8/Regular_Season | https://github.com/LiTianYeoh/MLBB_Tournament_Analysis/blob/94ea36800e80c9e89a2356a0b81d3eeafbd6a4f7/analysis/data/consolidated_game_data_20240505.csv
8,S8-RS-043,2,Alter Ego,pick,4,X.Borg,https://liquipedia.net/mobilelegends/MPL/Indonesia/Season_8/Regular_Season | https://github.com/LiTianYeoh/MLBB_Tournament_Analysis/blob/94ea36800e80c9e89a2356a0b81d3eeafbd6a4f7/analysis/data/consolidated_game_data_20240505.csv
8,S8-RS-043,2,Alter Ego,pick,5,Jawhead,https://liquipedia.net/mobilelegends/MPL/Indonesia/Season_8/Regular_Season | https://github.com/LiTianYeoh/MLBB_Tournament_Analysis/blob/94ea36800e80c9e89a2356a0b81d3eeafbd6a4f7/analysis/data/consolidated_game_data_20240505.csv
8,S8-RS-043,2,Bigetron Alpha,pick,1,Natalia,https://liquipedia.net/mobilelegends/MPL/Indonesia/Season_8/Regular_Season | https://github.com/LiTianYeoh/MLBB_Tournament_Analysis/blob/94ea36800e80c9e89a2356a0b81d3eeafbd6a4f7/analysis/data/consolidated_game_data_20240505.csv
8,S8-RS-043,2,Bigetron Alpha,pick,2,Baxia,https://liquipedia.net/mobilelegends/MPL/Indonesia/Season_8/Regular_Season | https://github.com/LiTianYeoh/MLBB_Tournament_Analysis/blob/94ea36800e80c9e89a2356a0b81d3eeafbd6a4f7/analysis/data/consolidated_game_data_20240505.csv
8,S8-RS-043,2,Bigetron Alpha,pick,3,Kimmy,https://liquipedia.net/mobilelegends/MPL/Indonesia/Season_8/Regular_Season | https://github.com/LiTianYeoh/MLBB_Tournament_Analysis/blob/94ea36800e80c9e89a2356a0b81d3eeafbd6a4f7/analysis/data/consolidated_game_data_20240505.csv
8,S8-RS-043,2,Bigetron Alpha,pick,4,Thamuz,https://liquipedia.net/mobilelegends/MPL/Indonesia/Season_8/Regular_Season | https://github.com/LiTianYeoh/MLBB_Tournament_Analysis/blob/94ea36800e80c9e89a2356a0b81d3eeafbd6a4f7/analysis/data/consolidated_game_data_20240505.csv
8,S8-RS-043,2,Bigetron Alpha,pick,5,Grock,https://liquipedia.net/mobilelegends/MPL/Indonesia/Season_8/Regular_Season | https://github.com/LiTianYeoh/MLBB_Tournament_Analysis/blob/94ea36800e80c9e89a2356a0b81d3eeafbd6a4f7/analysis/data/consolidated_game_data_20240505.csv
8,S8-RS-044,1,Geek Fam ID,pick,1,Pharsa,https://liquipedia.net/mobilelegends/MPL/Indonesia/Season_8/Regular_Season | https://github.com/LiTianYeoh/MLBB_Tournament_Analysis/blob/94ea36800e80c9e89a2356a0b81d3eeafbd6a4f7/analysis/data/consolidated_game_data_20240505.csv
8,S8-RS-044,1,Geek Fam ID,pick,2,Gloo,https://liquipedia.net/mobilelegends/MPL/Indonesia/Season_8/Regular_Season | https://github.com/LiTianYeoh/MLBB_Tournament_Analysis/blob/94ea36800e80c9e89a2356a0b81d3eeafbd6a4f7/analysis/data/consolidated_game_data_20240505.csv
8,S8-RS-044,1,Geek Fam ID,pick,3,Paquito,https://liquipedia.net/mobilelegends/MPL/Indonesia/Season_8/Regular_Season | https://github.com/LiTianYeoh/MLBB_Tournament_Analysis/blob/94ea36800e80c9e89a2356a0b81d3eeafbd6a4f7/analysis/data/consolidated_game_data_20240505.csv
8,S8-RS-044,1,Geek Fam ID,pick,4,Aulus,https://liquipedia.net/mobilelegends/MPL/Indonesia/Season_8/Regular_Season | https://github.com/LiTianYeoh/MLBB_Tournament_Analysis/blob/94ea36800e80c9e89a2356a0b81d3eeafbd6a4f7/analysis/data/consolidated_game_data_20240505.csv
8,S8-RS-044,1,Geek Fam ID,pick,5,Estes,https://liquipedia.net/mobilelegends/MPL/Indonesia/Season_8/Regular_Season | https://github.com/LiTianYeoh/MLBB_Tournament_Analysis/blob/94ea36800e80c9e89a2356a0b81d3eeafbd6a4f7/analysis/data/consolidated_game_data_20240505.csv
8,S8-RS-044,1,AURA Fire,pick,1,Chou,https://liquipedia.net/mobilelegends/MPL/Indonesia/Season_8/Regular_Season | https://github.com/LiTianYeoh/MLBB_Tournament_Analysis/blob/94ea36800e80c9e89a2356a0b81d3eeafbd6a4f7/analysis/data/consolidated_game_data_20240505.csv
8,S8-RS-044,1,AURA Fire,pick,2,Karina,https://liquipedia.net/mobilelegends/MPL/Indonesia/Season_8/Regular_Season | https://github.com/LiTianYeoh/MLBB_Tournament_Analysis/blob/94ea36800e80c9e89a2356a0b81d3eeafbd6a4f7/analysis/data/consolidated_game_data_20240505.csv
8,S8-RS-044,1,AURA Fire,pick,3,Benedetta,https://liquipedia.net/mobilelegends/MPL/Indonesia/Season_8/Regular_Season | https://github.com/LiTianYeoh/MLBB_Tournament_Analysis/blob/94ea36800e80c9e89a2356a0b81d3eeafbd6a4f7/analysis/data/consolidated_game_data_20240505.csv
8,S8-RS-044,1,AURA Fire,pick,4,Phoveus,https://liquipedia.net/mobilelegends/MPL/Indonesia/Season_8/Regular_Season | https://github.com/LiTianYeoh/MLBB_Tournament_Analysis/blob/94ea36800e80c9e89a2356a0b81d3eeafbd6a4f7/analysis/data/consolidated_game_data_20240505.csv
8,S8-RS-044,1,AURA Fire,pick,5,Yve,https://liquipedia.net/mobilelegends/MPL/Indonesia/Season_8/Regular_Season | https://github.com/LiTianYeoh/MLBB_Tournament_Analysis/blob/94ea36800e80c9e89a2356a0b81d3eeafbd6a4f7/analysis/data/consolidated_game_data_20240505.csv
8,S8-RS-044,2,Geek Fam ID,pick,1,Pharsa,https://liquipedia.net/mobilelegends/MPL/Indonesia/Season_8/Regular_Season | https://github.com/LiTianYeoh/MLBB_Tournament_Analysis/blob/94ea36800e80c9e89a2356a0b81d3eeafbd6a4f7/analysis/data/consolidated_game_data_20240505.csv
8,S8-RS-044,2,Geek Fam ID,pick,2,Lapu-Lapu,https://liquipedia.net/mobilelegends/MPL/Indonesia/Season_8/Regular_Season | https://github.com/LiTianYeoh/MLBB_Tournament_Analysis/blob/94ea36800e80c9e89a2356a0b81d3eeafbd6a4f7/analysis/data/consolidated_game_data_20240505.csv
8,S8-RS-044,2,Geek Fam ID,pick,3,Benedetta,https://liquipedia.net/mobilelegends/MPL/Indonesia/Season_8/Regular_Season | https://github.com/LiTianYeoh/MLBB_Tournament_Analysis/blob/94ea36800e80c9e89a2356a0b81d3eeafbd6a4f7/analysis/data/consolidated_game_data_20240505.csv
8,S8-RS-044,2,Geek Fam ID,pick,4,Karrie,https://liquipedia.net/mobilelegends/MPL/Indonesia/Season_8/Regular_Season | https://github.com/LiTianYeoh/MLBB_Tournament_Analysis/blob/94ea36800e80c9e89a2356a0b81d3eeafbd6a4f7/analysis/data/consolidated_game_data_20240505.csv
8,S8-RS-044,2,Geek Fam ID,pick,5,Akai,https://liquipedia.net/mobilelegends/MPL/Indonesia/Season_8/Regular_Season | https://github.com/LiTianYeoh/MLBB_Tournament_Analysis/blob/94ea36800e80c9e89a2356a0b81d3eeafbd6a4f7/analysis/data/consolidated_game_data_20240505.csv
8,S8-RS-044,2,AURA Fire,pick,1,Kadita,https://liquipedia.net/mobilelegends/MPL/Indonesia/Season_8/Regular_Season | https://github.com/LiTianYeoh/MLBB_Tournament_Analysis/blob/94ea36800e80c9e89a2356a0b81d3eeafbd6a4f7/analysis/data/consolidated_game_data_20240505.csv
8,S8-RS-044,2,AURA Fire,pick,2,Baxia,https://liquipedia.net/mobilelegends/MPL/Indonesia/Season_8/Regular_Season | https://github.com/LiTianYeoh/MLBB_Tournament_Analysis/blob/94ea36800e80c9e89a2356a0b81d3eeafbd6a4f7/analysis/data/consolidated_game_data_20240505.csv
8,S8-RS-044,2,AURA Fire,pick,3,Uranus,https://liquipedia.net/mobilelegends/MPL/Indonesia/Season_8/Regular_Season | https://github.com/LiTianYeoh/MLBB_Tournament_Analysis/blob/94ea36800e80c9e89a2356a0b81d3eeafbd6a4f7/analysis/data/consolidated_game_data_20240505.csv
8,S8-RS-044,2,AURA Fire,pick,4,X.Borg,https://liquipedia.net/mobilelegends/MPL/Indonesia/Season_8/Regular_Season | https://github.com/LiTianYeoh/MLBB_Tournament_Analysis/blob/94ea36800e80c9e89a2356a0b81d3eeafbd6a4f7/analysis/data/consolidated_game_data_20240505.csv
8,S8-RS-044,2,AURA Fire,pick,5,Mathilda,https://liquipedia.net/mobilelegends/MPL/Indonesia/Season_8/Regular_Season | https://github.com/LiTianYeoh/MLBB_Tournament_Analysis/blob/94ea36800e80c9e89a2356a0b81d3eeafbd6a4f7/analysis/data/consolidated_game_data_20240505.csv
8,S8-RS-045,1,Bigetron Alpha,pick,1,Gloo,https://liquipedia.net/mobilelegends/MPL/Indonesia/Season_8/Regular_Season | https://github.com/LiTianYeoh/MLBB_Tournament_Analysis/blob/94ea36800e80c9e89a2356a0b81d3eeafbd6a4f7/analysis/data/consolidated_game_data_20240505.csv
8,S8-RS-045,1,Bigetron Alpha,pick,2,Thamuz,https://liquipedia.net/mobilelegends/MPL/Indonesia/Season_8/Regular_Season | https://github.com/LiTianYeoh/MLBB_Tournament_Analysis/blob/94ea36800e80c9e89a2356a0b81d3eeafbd6a4f7/analysis/data/consolidated_game_data_20240505.csv
8,S8-RS-045,1,Bigetron Alpha,pick,3,Kimmy,https://liquipedia.net/mobilelegends/MPL/Indonesia/Season_8/Regular_Season | https://github.com/LiTianYeoh/MLBB_Tournament_Analysis/blob/94ea36800e80c9e89a2356a0b81d3eeafbd6a4f7/analysis/data/consolidated_game_data_20240505.csv
8,S8-RS-045,1,Bigetron Alpha,pick,4,Aulus,https://liquipedia.net/mobilelegends/MPL/Indonesia/Season_8/Regular_Season | https://github.com/LiTianYeoh/MLBB_Tournament_Analysis/blob/94ea36800e80c9e89a2356a0b81d3eeafbd6a4f7/analysis/data/consolidated_game_data_20240505.csv
8,S8-RS-045,1,Bigetron Alpha,pick,5,Kaja,https://liquipedia.net/mobilelegends/MPL/Indonesia/Season_8/Regular_Season | https://github.com/LiTianYeoh/MLBB_Tournament_Analysis/blob/94ea36800e80c9e89a2356a0b81d3eeafbd6a4f7/analysis/data/consolidated_game_data_20240505.csv
8,S8-RS-045,1,ONIC Esports,pick,1,Rafaela,https://liquipedia.net/mobilelegends/MPL/Indonesia/Season_8/Regular_Season | https://github.com/LiTianYeoh/MLBB_Tournament_Analysis/blob/94ea36800e80c9e89a2356a0b81d3eeafbd6a4f7/analysis/data/consolidated_game_data_20240505.csv
8,S8-RS-045,1,ONIC Esports,pick,2,Natan,https://liquipedia.net/mobilelegends/MPL/Indonesia/Season_8/Regular_Season | https://github.com/LiTianYeoh/MLBB_Tournament_Analysis/blob/94ea36800e80c9e89a2356a0b81d3eeafbd6a4f7/analysis/data/consolidated_game_data_20240505.csv
8,S8-RS-045,1,ONIC Esports,pick,3,Roger,https://liquipedia.net/mobilelegends/MPL/Indonesia/Season_8/Regular_Season | https://github.com/LiTianYeoh/MLBB_Tournament_Analysis/blob/94ea36800e80c9e89a2356a0b81d3eeafbd6a4f7/analysis/data/consolidated_game_data_20240505.csv
8,S8-RS-045,1,ONIC Esports,pick,4,Uranus,https://liquipedia.net/mobilelegends/MPL/Indonesia/Season_8/Regular_Season | https://github.com/LiTianYeoh/MLBB_Tournament_Analysis/blob/94ea36800e80c9e89a2356a0b81d3eeafbd6a4f7/analysis/data/consolidated_game_data_20240505.csv
8,S8-RS-045,1,ONIC Esports,pick,5,Valir,https://liquipedia.net/mobilelegends/MPL/Indonesia/Season_8/Regular_Season | https://github.com/LiTianYeoh/MLBB_Tournament_Analysis/blob/94ea36800e80c9e89a2356a0b81d3eeafbd6a4f7/analysis/data/consolidated_game_data_20240505.csv
8,S8-RS-045,2,Bigetron Alpha,pick,1,Grock,https://liquipedia.net/mobilelegends/MPL/Indonesia/Season_8/Regular_Season | https://github.com/LiTianYeoh/MLBB_Tournament_Analysis/blob/94ea36800e80c9e89a2356a0b81d3eeafbd6a4f7/analysis/data/consolidated_game_data_20240505.csv
8,S8-RS-045,2,Bigetron Alpha,pick,2,Barats,https://liquipedia.net/mobilelegends/MPL/Indonesia/Season_8/Regular_Season | https://github.com/LiTianYeoh/MLBB_Tournament_Analysis/blob/94ea36800e80c9e89a2356a0b81d3eeafbd6a4f7/analysis/data/consolidated_game_data_20240505.csv
8,S8-RS-045,2,Bigetron Alpha,pick,3,Karrie,https://liquipedia.net/mobilelegends/MPL/Indonesia/Season_8/Regular_Season | https://github.com/LiTianYeoh/MLBB_Tournament_Analysis/blob/94ea36800e80c9e89a2356a0b81d3eeafbd6a4f7/analysis/data/consolidated_game_data_20240505.csv
8,S8-RS-045,2,Bigetron Alpha,pick,4,Baxia,https://liquipedia.net/mobilelegends/MPL/Indonesia/Season_8/Regular_Season | https://github.com/LiTianYeoh/MLBB_Tournament_Analysis/blob/94ea36800e80c9e89a2356a0b81d3eeafbd6a4f7/analysis/data/consolidated_game_data_20240505.csv
8,S8-RS-045,2,Bigetron Alpha,pick,5,Yve,https://liquipedia.net/mobilelegends/MPL/Indonesia/Season_8/Regular_Season | https://github.com/LiTianYeoh/MLBB_Tournament_Analysis/blob/94ea36800e80c9e89a2356a0b81d3eeafbd6a4f7/analysis/data/consolidated_game_data_20240505.csv
8,S8-RS-045,2,ONIC Esports,pick,1,Jawhead,https://liquipedia.net/mobilelegends/MPL/Indonesia/Season_8/Regular_Season | https://github.com/LiTianYeoh/MLBB_Tournament_Analysis/blob/94ea36800e80c9e89a2356a0b81d3eeafbd6a4f7/analysis/data/consolidated_game_data_20240505.csv
8,S8-RS-045,2,ONIC Esports,pick,2,Aulus,https://liquipedia.net/mobilelegends/MPL/Indonesia/Season_8/Regular_Season | https://github.com/LiTianYeoh/MLBB_Tournament_Analysis/blob/94ea36800e80c9e89a2356a0b81d3eeafbd6a4f7/analysis/data/consolidated_game_data_20240505.csv
8,S8-RS-045,2,ONIC Esports,pick,3,Harith,https://liquipedia.net/mobilelegends/MPL/Indonesia/Season_8/Regular_Season | https://github.com/LiTianYeoh/MLBB_Tournament_Analysis/blob/94ea36800e80c9e89a2356a0b81d3eeafbd6a4f7/analysis/data/consolidated_game_data_20240505.csv
8,S8-RS-045,2,ONIC Esports,pick,4,Balmond,https://liquipedia.net/mobilelegends/MPL/Indonesia/Season_8/Regular_Season | https://github.com/LiTianYeoh/MLBB_Tournament_Analysis/blob/94ea36800e80c9e89a2356a0b81d3eeafbd6a4f7/analysis/data/consolidated_game_data_20240505.csv
8,S8-RS-045,2,ONIC Esports,pick,5,Natan,https://liquipedia.net/mobilelegends/MPL/Indonesia/Season_8/Regular_Season | https://github.com/LiTianYeoh/MLBB_Tournament_Analysis/blob/94ea36800e80c9e89a2356a0b81d3eeafbd6a4f7/analysis/data/consolidated_game_data_20240505.csv
8,S8-RS-045,3,Bigetron Alpha,pick,1,Gloo,https://liquipedia.net/mobilelegends/MPL/Indonesia/Season_8/Regular_Season | https://github.com/LiTianYeoh/MLBB_Tournament_Analysis/blob/94ea36800e80c9e89a2356a0b81d3eeafbd6a4f7/analysis/data/consolidated_game_data_20240505.csv
8,S8-RS-045,3,Bigetron Alpha,pick,2,Paquito,https://liquipedia.net/mobilelegends/MPL/Indonesia/Season_8/Regular_Season | https://github.com/LiTianYeoh/MLBB_Tournament_Analysis/blob/94ea36800e80c9e89a2356a0b81d3eeafbd6a4f7/analysis/data/consolidated_game_data_20240505.csv
8,S8-RS-045,3,Bigetron Alpha,pick,3,Natan,https://liquipedia.net/mobilelegends/MPL/Indonesia/Season_8/Regular_Season | https://github.com/LiTianYeoh/MLBB_Tournament_Analysis/blob/94ea36800e80c9e89a2356a0b81d3eeafbd6a4f7/analysis/data/consolidated_game_data_20240505.csv
8,S8-RS-045,3,Bigetron Alpha,pick,4,Karina,https://liquipedia.net/mobilelegends/MPL/Indonesia/Season_8/Regular_Season | https://github.com/LiTianYeoh/MLBB_Tournament_Analysis/blob/94ea36800e80c9e89a2356a0b81d3eeafbd6a4f7/analysis/data/consolidated_game_data_20240505.csv
8,S8-RS-045,3,Bigetron Alpha,pick,5,Rafaela,https://liquipedia.net/mobilelegends/MPL/Indonesia/Season_8/Regular_Season | https://github.com/LiTianYeoh/MLBB_Tournament_Analysis/blob/94ea36800e80c9e89a2356a0b81d3eeafbd6a4f7/analysis/data/consolidated_game_data_20240505.csv
8,S8-RS-045,3,ONIC Esports,pick,1,Selena,https://liquipedia.net/mobilelegends/MPL/Indonesia/Season_8/Regular_Season | https://github.com/LiTianYeoh/MLBB_Tournament_Analysis/blob/94ea36800e80c9e89a2356a0b81d3eeafbd6a4f7/analysis/data/consolidated_game_data_20240505.csv
8,S8-RS-045,3,ONIC Esports,pick,2,Harley,https://liquipedia.net/mobilelegends/MPL/Indonesia/Season_8/Regular_Season | https://github.com/LiTianYeoh/MLBB_Tournament_Analysis/blob/94ea36800e80c9e89a2356a0b81d3eeafbd6a4f7/analysis/data/consolidated_game_data_20240505.csv
8,S8-RS-045,3,ONIC Esports,pick,3,Popol and Kupa,https://liquipedia.net/mobilelegends/MPL/Indonesia/Season_8/Regular_Season | https://github.com/LiTianYeoh/MLBB_Tournament_Analysis/blob/94ea36800e80c9e89a2356a0b81d3eeafbd6a4f7/analysis/data/consolidated_game_data_20240505.csv
8,S8-RS-045,3,ONIC Esports,pick,4,Lapu-Lapu,https://liquipedia.net/mobilelegends/MPL/Indonesia/Season_8/Regular_Season | https://github.com/LiTianYeoh/MLBB_Tournament_Analysis/blob/94ea36800e80c9e89a2356a0b81d3eeafbd6a4f7/analysis/data/consolidated_game_data_20240505.csv
8,S8-RS-045,3,ONIC Esports,pick,5,Kaja,https://liquipedia.net/mobilelegends/MPL/Indonesia/Season_8/Regular_Season | https://github.com/LiTianYeoh/MLBB_Tournament_Analysis/blob/94ea36800e80c9e89a2356a0b81d3eeafbd6a4f7/analysis/data/consolidated_game_data_20240505.csv
8,S8-RS-046,1,EVOS Legends,pick,1,Yve,https://liquipedia.net/mobilelegends/MPL/Indonesia/Season_8/Regular_Season | https://github.com/LiTianYeoh/MLBB_Tournament_Analysis/blob/94ea36800e80c9e89a2356a0b81d3eeafbd6a4f7/analysis/data/consolidated_game_data_20240505.csv
8,S8-RS-046,1,EVOS Legends,pick,2,Gloo,https://liquipedia.net/mobilelegends/MPL/Indonesia/Season_8/Regular_Season | https://github.com/LiTianYeoh/MLBB_Tournament_Analysis/blob/94ea36800e80c9e89a2356a0b81d3eeafbd6a4f7/analysis/data/consolidated_game_data_20240505.csv
8,S8-RS-046,1,EVOS Legends,pick,3,X.Borg,https://liquipedia.net/mobilelegends/MPL/Indonesia/Season_8/Regular_Season | https://github.com/LiTianYeoh/MLBB_Tournament_Analysis/blob/94ea36800e80c9e89a2356a0b81d3eeafbd6a4f7/analysis/data/consolidated_game_data_20240505.csv
8,S8-RS-046,1,EVOS Legends,pick,4,Paquito,https://liquipedia.net/mobilelegends/MPL/Indonesia/Season_8/Regular_Season | https://github.com/LiTianYeoh/MLBB_Tournament_Analysis/blob/94ea36800e80c9e89a2356a0b81d3eeafbd6a4f7/analysis/data/consolidated_game_data_20240505.csv
8,S8-RS-046,1,EVOS Legends,pick,5,Mathilda,https://liquipedia.net/mobilelegends/MPL/Indonesia/Season_8/Regular_Season | https://github.com/LiTianYeoh/MLBB_Tournament_Analysis/blob/94ea36800e80c9e89a2356a0b81d3eeafbd6a4f7/analysis/data/consolidated_game_data_20240505.csv
8,S8-RS-046,1,Geek Fam ID,pick,1,Khufra,https://liquipedia.net/mobilelegends/MPL/Indonesia/Season_8/Regular_Season | https://github.com/LiTianYeoh/MLBB_Tournament_Analysis/blob/94ea36800e80c9e89a2356a0b81d3eeafbd6a4f7/analysis/data/consolidated_game_data_20240505.csv
8,S8-RS-046,1,Geek Fam ID,pick,2,Harley,https://liquipedia.net/mobilelegends/MPL/Indonesia/Season_8/Regular_Season | https://github.com/LiTianYeoh/MLBB_Tournament_Analysis/blob/94ea36800e80c9e89a2356a0b81d3eeafbd6a4f7/analysis/data/consolidated_game_data_20240505.csv
8,S8-RS-046,1,Geek Fam ID,pick,3,Argus,https://liquipedia.net/mobilelegends/MPL/Indonesia/Season_8/Regular_Season | https://github.com/LiTianYeoh/MLBB_Tournament_Analysis/blob/94ea36800e80c9e89a2356a0b81d3eeafbd6a4f7/analysis/data/consolidated_game_data_20240505.csv
8,S8-RS-046,1,Geek Fam ID,pick,4,Phoveus,https://liquipedia.net/mobilelegends/MPL/Indonesia/Season_8/Regular_Season | https://github.com/LiTianYeoh/MLBB_Tournament_Analysis/blob/94ea36800e80c9e89a2356a0b81d3eeafbd6a4f7/analysis/data/consolidated_game_data_20240505.csv
8,S8-RS-046,1,Geek Fam ID,pick,5,Popol and Kupa,https://liquipedia.net/mobilelegends/MPL/Indonesia/Season_8/Regular_Season | https://github.com/LiTianYeoh/MLBB_Tournament_Analysis/blob/94ea36800e80c9e89a2356a0b81d3eeafbd6a4f7/analysis/data/consolidated_game_data_20240505.csv
8,S8-RS-046,2,EVOS Legends,pick,1,Yve,https://liquipedia.net/mobilelegends/MPL/Indonesia/Season_8/Regular_Season | https://github.com/LiTianYeoh/MLBB_Tournament_Analysis/blob/94ea36800e80c9e89a2356a0b81d3eeafbd6a4f7/analysis/data/consolidated_game_data_20240505.csv
8,S8-RS-046,2,EVOS Legends,pick,2,Barats,https://liquipedia.net/mobilelegends/MPL/Indonesia/Season_8/Regular_Season | https://github.com/LiTianYeoh/MLBB_Tournament_Analysis/blob/94ea36800e80c9e89a2356a0b81d3eeafbd6a4f7/analysis/data/consolidated_game_data_20240505.csv
8,S8-RS-046,2,EVOS Legends,pick,3,Lunox,https://liquipedia.net/mobilelegends/MPL/Indonesia/Season_8/Regular_Season | https://github.com/LiTianYeoh/MLBB_Tournament_Analysis/blob/94ea36800e80c9e89a2356a0b81d3eeafbd6a4f7/analysis/data/consolidated_game_data_20240505.csv
8,S8-RS-046,2,EVOS Legends,pick,4,Karina,https://liquipedia.net/mobilelegends/MPL/Indonesia/Season_8/Regular_Season | https://github.com/LiTianYeoh/MLBB_Tournament_Analysis/blob/94ea36800e80c9e89a2356a0b81d3eeafbd6a4f7/analysis/data/consolidated_game_data_20240505.csv
8,S8-RS-046,2,EVOS Legends,pick,5,Mathilda,https://liquipedia.net/mobilelegends/MPL/Indonesia/Season_8/Regular_Season | https://github.com/LiTianYeoh/MLBB_Tournament_Analysis/blob/94ea36800e80c9e89a2356a0b81d3eeafbd6a4f7/analysis/data/consolidated_game_data_20240505.csv
8,S8-RS-046,2,Geek Fam ID,pick,1,Angela,https://liquipedia.net/mobilelegends/MPL/Indonesia/Season_8/Regular_Season | https://github.com/LiTianYeoh/MLBB_Tournament_Analysis/blob/94ea36800e80c9e89a2356a0b81d3eeafbd6a4f7/analysis/data/consolidated_game_data_20240505.csv
8,S8-RS-046,2,Geek Fam ID,pick,2,Ling,https://liquipedia.net/mobilelegends/MPL/Indonesia/Season_8/Regular_Season | https://github.com/LiTianYeoh/MLBB_Tournament_Analysis/blob/94ea36800e80c9e89a2356a0b81d3eeafbd6a4f7/analysis/data/consolidated_game_data_20240505.csv
8,S8-RS-046,2,Geek Fam ID,pick,3,Clint,https://liquipedia.net/mobilelegends/MPL/Indonesia/Season_8/Regular_Season | https://github.com/LiTianYeoh/MLBB_Tournament_Analysis/blob/94ea36800e80c9e89a2356a0b81d3eeafbd6a4f7/analysis/data/consolidated_game_data_20240505.csv
8,S8-RS-046,2,Geek Fam ID,pick,4,Esmeralda,https://liquipedia.net/mobilelegends/MPL/Indonesia/Season_8/Regular_Season | https://github.com/LiTianYeoh/MLBB_Tournament_Analysis/blob/94ea36800e80c9e89a2356a0b81d3eeafbd6a4f7/analysis/data/consolidated_game_data_20240505.csv
8,S8-RS-046,2,Geek Fam ID,pick,5,Saber,https://liquipedia.net/mobilelegends/MPL/Indonesia/Season_8/Regular_Season | https://github.com/LiTianYeoh/MLBB_Tournament_Analysis/blob/94ea36800e80c9e89a2356a0b81d3eeafbd6a4f7/analysis/data/consolidated_game_data_20240505.csv
8,S8-RS-047,1,RRQ Hoshi,pick,1,Yve,https://liquipedia.net/mobilelegends/MPL/Indonesia/Season_8/Regular_Season | https://github.com/LiTianYeoh/MLBB_Tournament_Analysis/blob/94ea36800e80c9e89a2356a0b81d3eeafbd6a4f7/analysis/data/consolidated_game_data_20240505.csv
8,S8-RS-047,1,RRQ Hoshi,pick,2,Khaleed,https://liquipedia.net/mobilelegends/MPL/Indonesia/Season_8/Regular_Season | https://github.com/LiTianYeoh/MLBB_Tournament_Analysis/blob/94ea36800e80c9e89a2356a0b81d3eeafbd6a4f7/analysis/data/consolidated_game_data_20240505.csv
8,S8-RS-047,1,RRQ Hoshi,pick,3,Lunox,https://liquipedia.net/mobilelegends/MPL/Indonesia/Season_8/Regular_Season | https://github.com/LiTianYeoh/MLBB_Tournament_Analysis/blob/94ea36800e80c9e89a2356a0b81d3eeafbd6a4f7/analysis/data/consolidated_game_data_20240505.csv
8,S8-RS-047,1,RRQ Hoshi,pick,4,Granger,https://liquipedia.net/mobilelegends/MPL/Indonesia/Season_8/Regular_Season | https://github.com/LiTianYeoh/MLBB_Tournament_Analysis/blob/94ea36800e80c9e89a2356a0b81d3eeafbd6a4f7/analysis/data/consolidated_game_data_20240505.csv
8,S8-RS-047,1,RRQ Hoshi,pick,5,Jawhead,https://liquipedia.net/mobilelegends/MPL/Indonesia/Season_8/Regular_Season | https://github.com/LiTianYeoh/MLBB_Tournament_Analysis/blob/94ea36800e80c9e89a2356a0b81d3eeafbd6a4f7/analysis/data/consolidated_game_data_20240505.csv
8,S8-RS-047,1,Alter Ego,pick,1,Baxia,https://liquipedia.net/mobilelegends/MPL/Indonesia/Season_8/Regular_Season | https://github.com/LiTianYeoh/MLBB_Tournament_Analysis/blob/94ea36800e80c9e89a2356a0b81d3eeafbd6a4f7/analysis/data/consolidated_game_data_20240505.csv
8,S8-RS-047,1,Alter Ego,pick,2,Harley,https://liquipedia.net/mobilelegends/MPL/Indonesia/Season_8/Regular_Season | https://github.com/LiTianYeoh/MLBB_Tournament_Analysis/blob/94ea36800e80c9e89a2356a0b81d3eeafbd6a4f7/analysis/data/consolidated_game_data_20240505.csv
8,S8-RS-047,1,Alter Ego,pick,3,Yu Zhong,https://liquipedia.net/mobilelegends/MPL/Indonesia/Season_8/Regular_Season | https://github.com/LiTianYeoh/MLBB_Tournament_Analysis/blob/94ea36800e80c9e89a2356a0b81d3eeafbd6a4f7/analysis/data/consolidated_game_data_20240505.csv
8,S8-RS-047,1,Alter Ego,pick,4,Thamuz,https://liquipedia.net/mobilelegends/MPL/Indonesia/Season_8/Regular_Season | https://github.com/LiTianYeoh/MLBB_Tournament_Analysis/blob/94ea36800e80c9e89a2356a0b81d3eeafbd6a4f7/analysis/data/consolidated_game_data_20240505.csv
8,S8-RS-047,1,Alter Ego,pick,5,Natan,https://liquipedia.net/mobilelegends/MPL/Indonesia/Season_8/Regular_Season | https://github.com/LiTianYeoh/MLBB_Tournament_Analysis/blob/94ea36800e80c9e89a2356a0b81d3eeafbd6a4f7/analysis/data/consolidated_game_data_20240505.csv
8,S8-RS-047,2,RRQ Hoshi,pick,1,Yve,https://liquipedia.net/mobilelegends/MPL/Indonesia/Season_8/Regular_Season | https://github.com/LiTianYeoh/MLBB_Tournament_Analysis/blob/94ea36800e80c9e89a2356a0b81d3eeafbd6a4f7/analysis/data/consolidated_game_data_20240505.csv
8,S8-RS-047,2,RRQ Hoshi,pick,2,Benedetta,https://liquipedia.net/mobilelegends/MPL/Indonesia/Season_8/Regular_Season | https://github.com/LiTianYeoh/MLBB_Tournament_Analysis/blob/94ea36800e80c9e89a2356a0b81d3eeafbd6a4f7/analysis/data/consolidated_game_data_20240505.csv
8,S8-RS-047,2,RRQ Hoshi,pick,3,Esmeralda,https://liquipedia.net/mobilelegends/MPL/Indonesia/Season_8/Regular_Season | https://github.com/LiTianYeoh/MLBB_Tournament_Analysis/blob/94ea36800e80c9e89a2356a0b81d3eeafbd6a4f7/analysis/data/consolidated_game_data_20240505.csv
8,S8-RS-047,2,RRQ Hoshi,pick,4,Granger,https://liquipedia.net/mobilelegends/MPL/Indonesia/Season_8/Regular_Season | https://github.com/LiTianYeoh/MLBB_Tournament_Analysis/blob/94ea36800e80c9e89a2356a0b81d3eeafbd6a4f7/analysis/data/consolidated_game_data_20240505.csv
8,S8-RS-047,2,RRQ Hoshi,pick,5,Rafaela,https://liquipedia.net/mobilelegends/MPL/Indonesia/Season_8/Regular_Season | https://github.com/LiTianYeoh/MLBB_Tournament_Analysis/blob/94ea36800e80c9e89a2356a0b81d3eeafbd6a4f7/analysis/data/consolidated_game_data_20240505.csv
8,S8-RS-047,2,Alter Ego,pick,1,Jawhead,https://liquipedia.net/mobilelegends/MPL/Indonesia/Season_8/Regular_Season | https://github.com/LiTianYeoh/MLBB_Tournament_Analysis/blob/94ea36800e80c9e89a2356a0b81d3eeafbd6a4f7/analysis/data/consolidated_game_data_20240505.csv
8,S8-RS-047,2,Alter Ego,pick,2,Yi Sun-Shin,https://liquipedia.net/mobilelegends/MPL/Indonesia/Season_8/Regular_Season | https://github.com/LiTianYeoh/MLBB_Tournament_Analysis/blob/94ea36800e80c9e89a2356a0b81d3eeafbd6a4f7/analysis/data/consolidated_game_data_20240505.csv
8,S8-RS-047,2,Alter Ego,pick,3,Lunox,https://liquipedia.net/mobilelegends/MPL/Indonesia/Season_8/Regular_Season | https://github.com/LiTianYeoh/MLBB_Tournament_Analysis/blob/94ea36800e80c9e89a2356a0b81d3eeafbd6a4f7/analysis/data/consolidated_game_data_20240505.csv
8,S8-RS-047,2,Alter Ego,pick,4,Ruby,https://liquipedia.net/mobilelegends/MPL/Indonesia/Season_8/Regular_Season | https://github.com/LiTianYeoh/MLBB_Tournament_Analysis/blob/94ea36800e80c9e89a2356a0b81d3eeafbd6a4f7/analysis/data/consolidated_game_data_20240505.csv
8,S8-RS-047,2,Alter Ego,pick,5,Harley,https://liquipedia.net/mobilelegends/MPL/Indonesia/Season_8/Regular_Season | https://github.com/LiTianYeoh/MLBB_Tournament_Analysis/blob/94ea36800e80c9e89a2356a0b81d3eeafbd6a4f7/analysis/data/consolidated_game_data_20240505.csv
8,S8-RS-048,1,Rebellion Genflix,pick,1,Chang'e,https://liquipedia.net/mobilelegends/MPL/Indonesia/Season_8/Regular_Season | https://github.com/LiTianYeoh/MLBB_Tournament_Analysis/blob/94ea36800e80c9e89a2356a0b81d3eeafbd6a4f7/analysis/data/consolidated_game_data_20240505.csv
8,S8-RS-048,1,Rebellion Genflix,pick,2,Esmeralda,https://liquipedia.net/mobilelegends/MPL/Indonesia/Season_8/Regular_Season | https://github.com/LiTianYeoh/MLBB_Tournament_Analysis/blob/94ea36800e80c9e89a2356a0b81d3eeafbd6a4f7/analysis/data/consolidated_game_data_20240505.csv
8,S8-RS-048,1,Rebellion Genflix,pick,3,Brody,https://liquipedia.net/mobilelegends/MPL/Indonesia/Season_8/Regular_Season | https://github.com/LiTianYeoh/MLBB_Tournament_Analysis/blob/94ea36800e80c9e89a2356a0b81d3eeafbd6a4f7/analysis/data/consolidated_game_data_20240505.csv
8,S8-RS-048,1,Rebellion Genflix,pick,4,Aulus,https://liquipedia.net/mobilelegends/MPL/Indonesia/Season_8/Regular_Season | https://github.com/LiTianYeoh/MLBB_Tournament_Analysis/blob/94ea36800e80c9e89a2356a0b81d3eeafbd6a4f7/analysis/data/consolidated_game_data_20240505.csv
8,S8-RS-048,1,Rebellion Genflix,pick,5,Jawhead,https://liquipedia.net/mobilelegends/MPL/Indonesia/Season_8/Regular_Season | https://github.com/LiTianYeoh/MLBB_Tournament_Analysis/blob/94ea36800e80c9e89a2356a0b81d3eeafbd6a4f7/analysis/data/consolidated_game_data_20240505.csv
8,S8-RS-048,1,RRQ Hoshi,pick,1,Rafaela,https://liquipedia.net/mobilelegends/MPL/Indonesia/Season_8/Regular_Season | https://github.com/LiTianYeoh/MLBB_Tournament_Analysis/blob/94ea36800e80c9e89a2356a0b81d3eeafbd6a4f7/analysis/data/consolidated_game_data_20240505.csv
8,S8-RS-048,1,RRQ Hoshi,pick,2,Yi Sun-Shin,https://liquipedia.net/mobilelegends/MPL/Indonesia/Season_8/Regular_Season | https://github.com/LiTianYeoh/MLBB_Tournament_Analysis/blob/94ea36800e80c9e89a2356a0b81d3eeafbd6a4f7/analysis/data/consolidated_game_data_20240505.csv
8,S8-RS-048,1,RRQ Hoshi,pick,3,Alice,https://liquipedia.net/mobilelegends/MPL/Indonesia/Season_8/Regular_Season | https://github.com/LiTianYeoh/MLBB_Tournament_Analysis/blob/94ea36800e80c9e89a2356a0b81d3eeafbd6a4f7/analysis/data/consolidated_game_data_20240505.csv
8,S8-RS-048,1,RRQ Hoshi,pick,4,Paquito,https://liquipedia.net/mobilelegends/MPL/Indonesia/Season_8/Regular_Season | https://github.com/LiTianYeoh/MLBB_Tournament_Analysis/blob/94ea36800e80c9e89a2356a0b81d3eeafbd6a4f7/analysis/data/consolidated_game_data_20240505.csv
8,S8-RS-048,1,RRQ Hoshi,pick,5,Lylia,https://liquipedia.net/mobilelegends/MPL/Indonesia/Season_8/Regular_Season | https://github.com/LiTianYeoh/MLBB_Tournament_Analysis/blob/94ea36800e80c9e89a2356a0b81d3eeafbd6a4f7/analysis/data/consolidated_game_data_20240505.csv
8,S8-RS-048,2,Rebellion Genflix,pick,1,Grock,https://liquipedia.net/mobilelegends/MPL/Indonesia/Season_8/Regular_Season | https://github.com/LiTianYeoh/MLBB_Tournament_Analysis/blob/94ea36800e80c9e89a2356a0b81d3eeafbd6a4f7/analysis/data/consolidated_game_data_20240505.csv
8,S8-RS-048,2,Rebellion Genflix,pick,2,Gloo,https://liquipedia.net/mobilelegends/MPL/Indonesia/Season_8/Regular_Season | https://github.com/LiTianYeoh/MLBB_Tournament_Analysis/blob/94ea36800e80c9e89a2356a0b81d3eeafbd6a4f7/analysis/data/consolidated_game_data_20240505.csv
8,S8-RS-048,2,Rebellion Genflix,pick,3,Brody,https://liquipedia.net/mobilelegends/MPL/Indonesia/Season_8/Regular_Season | https://github.com/LiTianYeoh/MLBB_Tournament_Analysis/blob/94ea36800e80c9e89a2356a0b81d3eeafbd6a4f7/analysis/data/consolidated_game_data_20240505.csv
8,S8-RS-048,2,Rebellion Genflix,pick,4,Benedetta,https://liquipedia.net/mobilelegends/MPL/Indonesia/Season_8/Regular_Season | https://github.com/LiTianYeoh/MLBB_Tournament_Analysis/blob/94ea36800e80c9e89a2356a0b81d3eeafbd6a4f7/analysis/data/consolidated_game_data_20240505.csv
8,S8-RS-048,2,Rebellion Genflix,pick,5,Pharsa,https://liquipedia.net/mobilelegends/MPL/Indonesia/Season_8/Regular_Season | https://github.com/LiTianYeoh/MLBB_Tournament_Analysis/blob/94ea36800e80c9e89a2356a0b81d3eeafbd6a4f7/analysis/data/consolidated_game_data_20240505.csv
8,S8-RS-048,2,RRQ Hoshi,pick,1,Ruby,https://liquipedia.net/mobilelegends/MPL/Indonesia/Season_8/Regular_Season | https://github.com/LiTianYeoh/MLBB_Tournament_Analysis/blob/94ea36800e80c9e89a2356a0b81d3eeafbd6a4f7/analysis/data/consolidated_game_data_20240505.csv
8,S8-RS-048,2,RRQ Hoshi,pick,2,Granger,https://liquipedia.net/mobilelegends/MPL/Indonesia/Season_8/Regular_Season | https://github.com/LiTianYeoh/MLBB_Tournament_Analysis/blob/94ea36800e80c9e89a2356a0b81d3eeafbd6a4f7/analysis/data/consolidated_game_data_20240505.csv
8,S8-RS-048,2,RRQ Hoshi,pick,3,Esmeralda,https://liquipedia.net/mobilelegends/MPL/Indonesia/Season_8/Regular_Season | https://github.com/LiTianYeoh/MLBB_Tournament_Analysis/blob/94ea36800e80c9e89a2356a0b81d3eeafbd6a4f7/analysis/data/consolidated_game_data_20240505.csv
8,S8-RS-048,2,RRQ Hoshi,pick,4,Paquito,https://liquipedia.net/mobilelegends/MPL/Indonesia/Season_8/Regular_Season | https://github.com/LiTianYeoh/MLBB_Tournament_Analysis/blob/94ea36800e80c9e89a2356a0b81d3eeafbd6a4f7/analysis/data/consolidated_game_data_20240505.csv
8,S8-RS-048,2,RRQ Hoshi,pick,5,Yve,https://liquipedia.net/mobilelegends/MPL/Indonesia/Season_8/Regular_Season | https://github.com/LiTianYeoh/MLBB_Tournament_Analysis/blob/94ea36800e80c9e89a2356a0b81d3eeafbd6a4f7/analysis/data/consolidated_game_data_20240505.csv
8,S8-RS-049,1,ONIC Esports,pick,1,Pharsa,https://liquipedia.net/mobilelegends/MPL/Indonesia/Season_8/Regular_Season | https://github.com/LiTianYeoh/MLBB_Tournament_Analysis/blob/94ea36800e80c9e89a2356a0b81d3eeafbd6a4f7/analysis/data/consolidated_game_data_20240505.csv
8,S8-RS-049,1,ONIC Esports,pick,2,Esmeralda,https://liquipedia.net/mobilelegends/MPL/Indonesia/Season_8/Regular_Season | https://github.com/LiTianYeoh/MLBB_Tournament_Analysis/blob/94ea36800e80c9e89a2356a0b81d3eeafbd6a4f7/analysis/data/consolidated_game_data_20240505.csv
8,S8-RS-049,1,ONIC Esports,pick,3,Kaja,https://liquipedia.net/mobilelegends/MPL/Indonesia/Season_8/Regular_Season | https://github.com/LiTianYeoh/MLBB_Tournament_Analysis/blob/94ea36800e80c9e89a2356a0b81d3eeafbd6a4f7/analysis/data/consolidated_game_data_20240505.csv
8,S8-RS-049,1,ONIC Esports,pick,4,Fanny,https://liquipedia.net/mobilelegends/MPL/Indonesia/Season_8/Regular_Season | https://github.com/LiTianYeoh/MLBB_Tournament_Analysis/blob/94ea36800e80c9e89a2356a0b81d3eeafbd6a4f7/analysis/data/consolidated_game_data_20240505.csv
8,S8-RS-049,1,ONIC Esports,pick,5,Ruby,https://liquipedia.net/mobilelegends/MPL/Indonesia/Season_8/Regular_Season | https://github.com/LiTianYeoh/MLBB_Tournament_Analysis/blob/94ea36800e80c9e89a2356a0b81d3eeafbd6a4f7/analysis/data/consolidated_game_data_20240505.csv
8,S8-RS-049,1,EVOS Legends,pick,1,Angela,https://liquipedia.net/mobilelegends/MPL/Indonesia/Season_8/Regular_Season | https://github.com/LiTianYeoh/MLBB_Tournament_Analysis/blob/94ea36800e80c9e89a2356a0b81d3eeafbd6a4f7/analysis/data/consolidated_game_data_20240505.csv
8,S8-RS-049,1,EVOS Legends,pick,2,Benedetta,https://liquipedia.net/mobilelegends/MPL/Indonesia/Season_8/Regular_Season | https://github.com/LiTianYeoh/MLBB_Tournament_Analysis/blob/94ea36800e80c9e89a2356a0b81d3eeafbd6a4f7/analysis/data/consolidated_game_data_20240505.csv
8,S8-RS-049,1,EVOS Legends,pick,3,Wanwan,https://liquipedia.net/mobilelegends/MPL/Indonesia/Season_8/Regular_Season | https://github.com/LiTianYeoh/MLBB_Tournament_Analysis/blob/94ea36800e80c9e89a2356a0b81d3eeafbd6a4f7/analysis/data/consolidated_game_data_20240505.csv
8,S8-RS-049,1,EVOS Legends,pick,4,Gloo,https://liquipedia.net/mobilelegends/MPL/Indonesia/Season_8/Regular_Season | https://github.com/LiTianYeoh/MLBB_Tournament_Analysis/blob/94ea36800e80c9e89a2356a0b81d3eeafbd6a4f7/analysis/data/consolidated_game_data_20240505.csv
8,S8-RS-049,1,EVOS Legends,pick,5,Yve,https://liquipedia.net/mobilelegends/MPL/Indonesia/Season_8/Regular_Season | https://github.com/LiTianYeoh/MLBB_Tournament_Analysis/blob/94ea36800e80c9e89a2356a0b81d3eeafbd6a4f7/analysis/data/consolidated_game_data_20240505.csv
8,S8-RS-049,2,ONIC Esports,pick,1,Kimmy,https://liquipedia.net/mobilelegends/MPL/Indonesia/Season_8/Regular_Season | https://github.com/LiTianYeoh/MLBB_Tournament_Analysis/blob/94ea36800e80c9e89a2356a0b81d3eeafbd6a4f7/analysis/data/consolidated_game_data_20240505.csv
8,S8-RS-049,2,ONIC Esports,pick,2,Lapu-Lapu,https://liquipedia.net/mobilelegends/MPL/Indonesia/Season_8/Regular_Season | https://github.com/LiTianYeoh/MLBB_Tournament_Analysis/blob/94ea36800e80c9e89a2356a0b81d3eeafbd6a4f7/analysis/data/consolidated_game_data_20240505.csv
8,S8-RS-049,2,ONIC Esports,pick,3,Benedetta,https://liquipedia.net/mobilelegends/MPL/Indonesia/Season_8/Regular_Season | https://github.com/LiTianYeoh/MLBB_Tournament_Analysis/blob/94ea36800e80c9e89a2356a0b81d3eeafbd6a4f7/analysis/data/consolidated_game_data_20240505.csv
8,S8-RS-049,2,ONIC Esports,pick,4,Yi Sun-Shin,https://liquipedia.net/mobilelegends/MPL/Indonesia/Season_8/Regular_Season | https://github.com/LiTianYeoh/MLBB_Tournament_Analysis/blob/94ea36800e80c9e89a2356a0b81d3eeafbd6a4f7/analysis/data/consolidated_game_data_20240505.csv
8,S8-RS-049,2,ONIC Esports,pick,5,Mathilda,https://liquipedia.net/mobilelegends/MPL/Indonesia/Season_8/Regular_Season | https://github.com/LiTianYeoh/MLBB_Tournament_Analysis/blob/94ea36800e80c9e89a2356a0b81d3eeafbd6a4f7/analysis/data/consolidated_game_data_20240505.csv
8,S8-RS-049,2,EVOS Legends,pick,1,Valir,https://liquipedia.net/mobilelegends/MPL/Indonesia/Season_8/Regular_Season | https://github.com/LiTianYeoh/MLBB_Tournament_Analysis/blob/94ea36800e80c9e89a2356a0b81d3eeafbd6a4f7/analysis/data/consolidated_game_data_20240505.csv
8,S8-RS-049,2,EVOS Legends,pick,2,Paquito,https://liquipedia.net/mobilelegends/MPL/Indonesia/Season_8/Regular_Season | https://github.com/LiTianYeoh/MLBB_Tournament_Analysis/blob/94ea36800e80c9e89a2356a0b81d3eeafbd6a4f7/analysis/data/consolidated_game_data_20240505.csv
8,S8-RS-049,2,EVOS Legends,pick,3,Brody,https://liquipedia.net/mobilelegends/MPL/Indonesia/Season_8/Regular_Season | https://github.com/LiTianYeoh/MLBB_Tournament_Analysis/blob/94ea36800e80c9e89a2356a0b81d3eeafbd6a4f7/analysis/data/consolidated_game_data_20240505.csv
8,S8-RS-049,2,EVOS Legends,pick,4,Esmeralda,https://liquipedia.net/mobilelegends/MPL/Indonesia/Season_8/Regular_Season | https://github.com/LiTianYeoh/MLBB_Tournament_Analysis/blob/94ea36800e80c9e89a2356a0b81d3eeafbd6a4f7/analysis/data/consolidated_game_data_20240505.csv
8,S8-RS-049,2,EVOS Legends,pick,5,Selena,https://liquipedia.net/mobilelegends/MPL/Indonesia/Season_8/Regular_Season | https://github.com/LiTianYeoh/MLBB_Tournament_Analysis/blob/94ea36800e80c9e89a2356a0b81d3eeafbd6a4f7/analysis/data/consolidated_game_data_20240505.csv
8,S8-RS-050,1,Alter Ego,pick,1,Kagura,https://liquipedia.net/mobilelegends/MPL/Indonesia/Season_8/Regular_Season | https://github.com/LiTianYeoh/MLBB_Tournament_Analysis/blob/94ea36800e80c9e89a2356a0b81d3eeafbd6a4f7/analysis/data/consolidated_game_data_20240505.csv
8,S8-RS-050,1,Alter Ego,pick,2,Paquito,https://liquipedia.net/mobilelegends/MPL/Indonesia/Season_8/Regular_Season | https://github.com/LiTianYeoh/MLBB_Tournament_Analysis/blob/94ea36800e80c9e89a2356a0b81d3eeafbd6a4f7/analysis/data/consolidated_game_data_20240505.csv
8,S8-RS-050,1,Alter Ego,pick,3,Natan,https://liquipedia.net/mobilelegends/MPL/Indonesia/Season_8/Regular_Season | https://github.com/LiTianYeoh/MLBB_Tournament_Analysis/blob/94ea36800e80c9e89a2356a0b81d3eeafbd6a4f7/analysis/data/consolidated_game_data_20240505.csv
8,S8-RS-050,1,Alter Ego,pick,4,Hayabusa,https://liquipedia.net/mobilelegends/MPL/Indonesia/Season_8/Regular_Season | https://github.com/LiTianYeoh/MLBB_Tournament_Analysis/blob/94ea36800e80c9e89a2356a0b81d3eeafbd6a4f7/analysis/data/consolidated_game_data_20240505.csv
8,S8-RS-050,1,Alter Ego,pick,5,Estes,https://liquipedia.net/mobilelegends/MPL/Indonesia/Season_8/Regular_Season | https://github.com/LiTianYeoh/MLBB_Tournament_Analysis/blob/94ea36800e80c9e89a2356a0b81d3eeafbd6a4f7/analysis/data/consolidated_game_data_20240505.csv
8,S8-RS-050,1,AURA Fire,pick,1,Ruby,https://liquipedia.net/mobilelegends/MPL/Indonesia/Season_8/Regular_Season | https://github.com/LiTianYeoh/MLBB_Tournament_Analysis/blob/94ea36800e80c9e89a2356a0b81d3eeafbd6a4f7/analysis/data/consolidated_game_data_20240505.csv
8,S8-RS-050,1,AURA Fire,pick,2,Karina,https://liquipedia.net/mobilelegends/MPL/Indonesia/Season_8/Regular_Season | https://github.com/LiTianYeoh/MLBB_Tournament_Analysis/blob/94ea36800e80c9e89a2356a0b81d3eeafbd6a4f7/analysis/data/consolidated_game_data_20240505.csv
8,S8-RS-050,1,AURA Fire,pick,3,Yu Zhong,https://liquipedia.net/mobilelegends/MPL/Indonesia/Season_8/Regular_Season | https://github.com/LiTianYeoh/MLBB_Tournament_Analysis/blob/94ea36800e80c9e89a2356a0b81d3eeafbd6a4f7/analysis/data/consolidated_game_data_20240505.csv
8,S8-RS-050,1,AURA Fire,pick,4,Phoveus,https://liquipedia.net/mobilelegends/MPL/Indonesia/Season_8/Regular_Season | https://github.com/LiTianYeoh/MLBB_Tournament_Analysis/blob/94ea36800e80c9e89a2356a0b81d3eeafbd6a4f7/analysis/data/consolidated_game_data_20240505.csv
8,S8-RS-050,1,AURA Fire,pick,5,Pharsa,https://liquipedia.net/mobilelegends/MPL/Indonesia/Season_8/Regular_Season | https://github.com/LiTianYeoh/MLBB_Tournament_Analysis/blob/94ea36800e80c9e89a2356a0b81d3eeafbd6a4f7/analysis/data/consolidated_game_data_20240505.csv
8,S8-RS-050,2,Alter Ego,pick,1,Kagura,https://liquipedia.net/mobilelegends/MPL/Indonesia/Season_8/Regular_Season | https://github.com/LiTianYeoh/MLBB_Tournament_Analysis/blob/94ea36800e80c9e89a2356a0b81d3eeafbd6a4f7/analysis/data/consolidated_game_data_20240505.csv
8,S8-RS-050,2,Alter Ego,pick,2,Phoveus,https://liquipedia.net/mobilelegends/MPL/Indonesia/Season_8/Regular_Season | https://github.com/LiTianYeoh/MLBB_Tournament_Analysis/blob/94ea36800e80c9e89a2356a0b81d3eeafbd6a4f7/analysis/data/consolidated_game_data_20240505.csv
8,S8-RS-050,2,Alter Ego,pick,3,Yu Zhong,https://liquipedia.net/mobilelegends/MPL/Indonesia/Season_8/Regular_Season | https://github.com/LiTianYeoh/MLBB_Tournament_Analysis/blob/94ea36800e80c9e89a2356a0b81d3eeafbd6a4f7/analysis/data/consolidated_game_data_20240505.csv
8,S8-RS-050,2,Alter Ego,pick,4,Hayabusa,https://liquipedia.net/mobilelegends/MPL/Indonesia/Season_8/Regular_Season | https://github.com/LiTianYeoh/MLBB_Tournament_Analysis/blob/94ea36800e80c9e89a2356a0b81d3eeafbd6a4f7/analysis/data/consolidated_game_data_20240505.csv
8,S8-RS-050,2,Alter Ego,pick,5,Jawhead,https://liquipedia.net/mobilelegends/MPL/Indonesia/Season_8/Regular_Season | https://github.com/LiTianYeoh/MLBB_Tournament_Analysis/blob/94ea36800e80c9e89a2356a0b81d3eeafbd6a4f7/analysis/data/consolidated_game_data_20240505.csv
8,S8-RS-050,2,AURA Fire,pick,1,Tigreal,https://liquipedia.net/mobilelegends/MPL/Indonesia/Season_8/Regular_Season | https://github.com/LiTianYeoh/MLBB_Tournament_Analysis/blob/94ea36800e80c9e89a2356a0b81d3eeafbd6a4f7/analysis/data/consolidated_game_data_20240505.csv
8,S8-RS-050,2,AURA Fire,pick,2,Minotaur,https://liquipedia.net/mobilelegends/MPL/Indonesia/Season_8/Regular_Season | https://github.com/LiTianYeoh/MLBB_Tournament_Analysis/blob/94ea36800e80c9e89a2356a0b81d3eeafbd6a4f7/analysis/data/consolidated_game_data_20240505.csv
8,S8-RS-050,2,AURA Fire,pick,3,Benedetta,https://liquipedia.net/mobilelegends/MPL/Indonesia/Season_8/Regular_Season | https://github.com/LiTianYeoh/MLBB_Tournament_Analysis/blob/94ea36800e80c9e89a2356a0b81d3eeafbd6a4f7/analysis/data/consolidated_game_data_20240505.csv
8,S8-RS-050,2,AURA Fire,pick,4,Esmeralda,https://liquipedia.net/mobilelegends/MPL/Indonesia/Season_8/Regular_Season | https://github.com/LiTianYeoh/MLBB_Tournament_Analysis/blob/94ea36800e80c9e89a2356a0b81d3eeafbd6a4f7/analysis/data/consolidated_game_data_20240505.csv
8,S8-RS-050,2,AURA Fire,pick,5,Pharsa,https://liquipedia.net/mobilelegends/MPL/Indonesia/Season_8/Regular_Season | https://github.com/LiTianYeoh/MLBB_Tournament_Analysis/blob/94ea36800e80c9e89a2356a0b81d3eeafbd6a4f7/analysis/data/consolidated_game_data_20240505.csv
8,S8-RS-050,3,Alter Ego,pick,1,Pharsa,https://liquipedia.net/mobilelegends/MPL/Indonesia/Season_8/Regular_Season | https://github.com/LiTianYeoh/MLBB_Tournament_Analysis/blob/94ea36800e80c9e89a2356a0b81d3eeafbd6a4f7/analysis/data/consolidated_game_data_20240505.csv
8,S8-RS-050,3,Alter Ego,pick,2,Barats,https://liquipedia.net/mobilelegends/MPL/Indonesia/Season_8/Regular_Season | https://github.com/LiTianYeoh/MLBB_Tournament_Analysis/blob/94ea36800e80c9e89a2356a0b81d3eeafbd6a4f7/analysis/data/consolidated_game_data_20240505.csv
8,S8-RS-050,3,Alter Ego,pick,3,Paquito,https://liquipedia.net/mobilelegends/MPL/Indonesia/Season_8/Regular_Season | https://github.com/LiTianYeoh/MLBB_Tournament_Analysis/blob/94ea36800e80c9e89a2356a0b81d3eeafbd6a4f7/analysis/data/consolidated_game_data_20240505.csv
8,S8-RS-050,3,Alter Ego,pick,4,Granger,https://liquipedia.net/mobilelegends/MPL/Indonesia/Season_8/Regular_Season | https://github.com/LiTianYeoh/MLBB_Tournament_Analysis/blob/94ea36800e80c9e89a2356a0b81d3eeafbd6a4f7/analysis/data/consolidated_game_data_20240505.csv
8,S8-RS-050,3,Alter Ego,pick,5,Khufra,https://liquipedia.net/mobilelegends/MPL/Indonesia/Season_8/Regular_Season | https://github.com/LiTianYeoh/MLBB_Tournament_Analysis/blob/94ea36800e80c9e89a2356a0b81d3eeafbd6a4f7/analysis/data/consolidated_game_data_20240505.csv
8,S8-RS-050,3,AURA Fire,pick,1,Baxia,https://liquipedia.net/mobilelegends/MPL/Indonesia/Season_8/Regular_Season | https://github.com/LiTianYeoh/MLBB_Tournament_Analysis/blob/94ea36800e80c9e89a2356a0b81d3eeafbd6a4f7/analysis/data/consolidated_game_data_20240505.csv
8,S8-RS-050,3,AURA Fire,pick,2,Karina,https://liquipedia.net/mobilelegends/MPL/Indonesia/Season_8/Regular_Season | https://github.com/LiTianYeoh/MLBB_Tournament_Analysis/blob/94ea36800e80c9e89a2356a0b81d3eeafbd6a4f7/analysis/data/consolidated_game_data_20240505.csv
8,S8-RS-050,3,AURA Fire,pick,3,Phoveus,https://liquipedia.net/mobilelegends/MPL/Indonesia/Season_8/Regular_Season | https://github.com/LiTianYeoh/MLBB_Tournament_Analysis/blob/94ea36800e80c9e89a2356a0b81d3eeafbd6a4f7/analysis/data/consolidated_game_data_20240505.csv
8,S8-RS-050,3,AURA Fire,pick,4,Lapu-Lapu,https://liquipedia.net/mobilelegends/MPL/Indonesia/Season_8/Regular_Season | https://github.com/LiTianYeoh/MLBB_Tournament_Analysis/blob/94ea36800e80c9e89a2356a0b81d3eeafbd6a4f7/analysis/data/consolidated_game_data_20240505.csv
8,S8-RS-050,3,AURA Fire,pick,5,Lylia,https://liquipedia.net/mobilelegends/MPL/Indonesia/Season_8/Regular_Season | https://github.com/LiTianYeoh/MLBB_Tournament_Analysis/blob/94ea36800e80c9e89a2356a0b81d3eeafbd6a4f7/analysis/data/consolidated_game_data_20240505.csv
8,S8-RS-051,1,EVOS Legends,pick,1,Mathilda,https://liquipedia.net/mobilelegends/MPL/Indonesia/Season_8/Regular_Season | https://github.com/LiTianYeoh/MLBB_Tournament_Analysis/blob/94ea36800e80c9e89a2356a0b81d3eeafbd6a4f7/analysis/data/consolidated_game_data_20240505.csv
8,S8-RS-051,1,EVOS Legends,pick,2,Paquito,https://liquipedia.net/mobilelegends/MPL/Indonesia/Season_8/Regular_Season | https://github.com/LiTianYeoh/MLBB_Tournament_Analysis/blob/94ea36800e80c9e89a2356a0b81d3eeafbd6a4f7/analysis/data/consolidated_game_data_20240505.csv
8,S8-RS-051,1,EVOS Legends,pick,3,Phoveus,https://liquipedia.net/mobilelegends/MPL/Indonesia/Season_8/Regular_Season | https://github.com/LiTianYeoh/MLBB_Tournament_Analysis/blob/94ea36800e80c9e89a2356a0b81d3eeafbd6a4f7/analysis/data/consolidated_game_data_20240505.csv
8,S8-RS-051,1,EVOS Legends,pick,4,Granger,https://liquipedia.net/mobilelegends/MPL/Indonesia/Season_8/Regular_Season | https://github.com/LiTianYeoh/MLBB_Tournament_Analysis/blob/94ea36800e80c9e89a2356a0b81d3eeafbd6a4f7/analysis/data/consolidated_game_data_20240505.csv
8,S8-RS-051,1,EVOS Legends,pick,5,Angela,https://liquipedia.net/mobilelegends/MPL/Indonesia/Season_8/Regular_Season | https://github.com/LiTianYeoh/MLBB_Tournament_Analysis/blob/94ea36800e80c9e89a2356a0b81d3eeafbd6a4f7/analysis/data/consolidated_game_data_20240505.csv
8,S8-RS-051,1,Bigetron Alpha,pick,1,Kaja,https://liquipedia.net/mobilelegends/MPL/Indonesia/Season_8/Regular_Season | https://github.com/LiTianYeoh/MLBB_Tournament_Analysis/blob/94ea36800e80c9e89a2356a0b81d3eeafbd6a4f7/analysis/data/consolidated_game_data_20240505.csv
8,S8-RS-051,1,Bigetron Alpha,pick,2,Baxia,https://liquipedia.net/mobilelegends/MPL/Indonesia/Season_8/Regular_Season | https://github.com/LiTianYeoh/MLBB_Tournament_Analysis/blob/94ea36800e80c9e89a2356a0b81d3eeafbd6a4f7/analysis/data/consolidated_game_data_20240505.csv
8,S8-RS-051,1,Bigetron Alpha,pick,3,Claude,https://liquipedia.net/mobilelegends/MPL/Indonesia/Season_8/Regular_Season | https://github.com/LiTianYeoh/MLBB_Tournament_Analysis/blob/94ea36800e80c9e89a2356a0b81d3eeafbd6a4f7/analysis/data/consolidated_game_data_20240505.csv
8,S8-RS-051,1,Bigetron Alpha,pick,4,Minsitthar,https://liquipedia.net/mobilelegends/MPL/Indonesia/Season_8/Regular_Season | https://github.com/LiTianYeoh/MLBB_Tournament_Analysis/blob/94ea36800e80c9e89a2356a0b81d3eeafbd6a4f7/analysis/data/consolidated_game_data_20240505.csv
8,S8-RS-051,1,Bigetron Alpha,pick,5,Yve,https://liquipedia.net/mobilelegends/MPL/Indonesia/Season_8/Regular_Season | https://github.com/LiTianYeoh/MLBB_Tournament_Analysis/blob/94ea36800e80c9e89a2356a0b81d3eeafbd6a4f7/analysis/data/consolidated_game_data_20240505.csv
8,S8-RS-051,2,EVOS Legends,pick,1,Pharsa,https://liquipedia.net/mobilelegends/MPL/Indonesia/Season_8/Regular_Season | https://github.com/LiTianYeoh/MLBB_Tournament_Analysis/blob/94ea36800e80c9e89a2356a0b81d3eeafbd6a4f7/analysis/data/consolidated_game_data_20240505.csv
8,S8-RS-051,2,EVOS Legends,pick,2,Benedetta,https://liquipedia.net/mobilelegends/MPL/Indonesia/Season_8/Regular_Season | https://github.com/LiTianYeoh/MLBB_Tournament_Analysis/blob/94ea36800e80c9e89a2356a0b81d3eeafbd6a4f7/analysis/data/consolidated_game_data_20240505.csv
8,S8-RS-051,2,EVOS Legends,pick,3,Esmeralda,https://liquipedia.net/mobilelegends/MPL/Indonesia/Season_8/Regular_Season | https://github.com/LiTianYeoh/MLBB_Tournament_Analysis/blob/94ea36800e80c9e89a2356a0b81d3eeafbd6a4f7/analysis/data/consolidated_game_data_20240505.csv
8,S8-RS-051,2,EVOS Legends,pick,4,Yi Sun-Shin,https://liquipedia.net/mobilelegends/MPL/Indonesia/Season_8/Regular_Season | https://github.com/LiTianYeoh/MLBB_Tournament_Analysis/blob/94ea36800e80c9e89a2356a0b81d3eeafbd6a4f7/analysis/data/consolidated_game_data_20240505.csv
8,S8-RS-051,2,EVOS Legends,pick,5,Martis,https://liquipedia.net/mobilelegends/MPL/Indonesia/Season_8/Regular_Season | https://github.com/LiTianYeoh/MLBB_Tournament_Analysis/blob/94ea36800e80c9e89a2356a0b81d3eeafbd6a4f7/analysis/data/consolidated_game_data_20240505.csv
8,S8-RS-051,2,Bigetron Alpha,pick,1,Jawhead,https://liquipedia.net/mobilelegends/MPL/Indonesia/Season_8/Regular_Season | https://github.com/LiTianYeoh/MLBB_Tournament_Analysis/blob/94ea36800e80c9e89a2356a0b81d3eeafbd6a4f7/analysis/data/consolidated_game_data_20240505.csv
8,S8-RS-051,2,Bigetron Alpha,pick,2,Balmond,https://liquipedia.net/mobilelegends/MPL/Indonesia/Season_8/Regular_Season | https://github.com/LiTianYeoh/MLBB_Tournament_Analysis/blob/94ea36800e80c9e89a2356a0b81d3eeafbd6a4f7/analysis/data/consolidated_game_data_20240505.csv
8,S8-RS-051,2,Bigetron Alpha,pick,3,Kimmy,https://liquipedia.net/mobilelegends/MPL/Indonesia/Season_8/Regular_Season | https://github.com/LiTianYeoh/MLBB_Tournament_Analysis/blob/94ea36800e80c9e89a2356a0b81d3eeafbd6a4f7/analysis/data/consolidated_game_data_20240505.csv
8,S8-RS-051,2,Bigetron Alpha,pick,4,Baxia,https://liquipedia.net/mobilelegends/MPL/Indonesia/Season_8/Regular_Season | https://github.com/LiTianYeoh/MLBB_Tournament_Analysis/blob/94ea36800e80c9e89a2356a0b81d3eeafbd6a4f7/analysis/data/consolidated_game_data_20240505.csv
8,S8-RS-051,2,Bigetron Alpha,pick,5,Yve,https://liquipedia.net/mobilelegends/MPL/Indonesia/Season_8/Regular_Season | https://github.com/LiTianYeoh/MLBB_Tournament_Analysis/blob/94ea36800e80c9e89a2356a0b81d3eeafbd6a4f7/analysis/data/consolidated_game_data_20240505.csv
8,S8-RS-052,1,ONIC Esports,pick,1,Lapu-Lapu,https://liquipedia.net/mobilelegends/MPL/Indonesia/Season_8/Regular_Season | https://github.com/LiTianYeoh/MLBB_Tournament_Analysis/blob/94ea36800e80c9e89a2356a0b81d3eeafbd6a4f7/analysis/data/consolidated_game_data_20240505.csv
8,S8-RS-052,1,ONIC Esports,pick,2,X.Borg,https://liquipedia.net/mobilelegends/MPL/Indonesia/Season_8/Regular_Season | https://github.com/LiTianYeoh/MLBB_Tournament_Analysis/blob/94ea36800e80c9e89a2356a0b81d3eeafbd6a4f7/analysis/data/consolidated_game_data_20240505.csv
8,S8-RS-052,1,ONIC Esports,pick,3,Karina,https://liquipedia.net/mobilelegends/MPL/Indonesia/Season_8/Regular_Season | https://github.com/LiTianYeoh/MLBB_Tournament_Analysis/blob/94ea36800e80c9e89a2356a0b81d3eeafbd6a4f7/analysis/data/consolidated_game_data_20240505.csv
8,S8-RS-052,1,ONIC Esports,pick,4,Claude,https://liquipedia.net/mobilelegends/MPL/Indonesia/Season_8/Regular_Season | https://github.com/LiTianYeoh/MLBB_Tournament_Analysis/blob/94ea36800e80c9e89a2356a0b81d3eeafbd6a4f7/analysis/data/consolidated_game_data_20240505.csv
8,S8-RS-052,1,ONIC Esports,pick,5,Mathilda,https://liquipedia.net/mobilelegends/MPL/Indonesia/Season_8/Regular_Season | https://github.com/LiTianYeoh/MLBB_Tournament_Analysis/blob/94ea36800e80c9e89a2356a0b81d3eeafbd6a4f7/analysis/data/consolidated_game_data_20240505.csv
8,S8-RS-052,1,Geek Fam ID,pick,1,Jawhead,https://liquipedia.net/mobilelegends/MPL/Indonesia/Season_8/Regular_Season | https://github.com/LiTianYeoh/MLBB_Tournament_Analysis/blob/94ea36800e80c9e89a2356a0b81d3eeafbd6a4f7/analysis/data/consolidated_game_data_20240505.csv
8,S8-RS-052,1,Geek Fam ID,pick,2,Yi Sun-Shin,https://liquipedia.net/mobilelegends/MPL/Indonesia/Season_8/Regular_Season | https://github.com/LiTianYeoh/MLBB_Tournament_Analysis/blob/94ea36800e80c9e89a2356a0b81d3eeafbd6a4f7/analysis/data/consolidated_game_data_20240505.csv
8,S8-RS-052,1,Geek Fam ID,pick,3,Pharsa,https://liquipedia.net/mobilelegends/MPL/Indonesia/Season_8/Regular_Season | https://github.com/LiTianYeoh/MLBB_Tournament_Analysis/blob/94ea36800e80c9e89a2356a0b81d3eeafbd6a4f7/analysis/data/consolidated_game_data_20240505.csv
8,S8-RS-052,1,Geek Fam ID,pick,4,Benedetta,https://liquipedia.net/mobilelegends/MPL/Indonesia/Season_8/Regular_Season | https://github.com/LiTianYeoh/MLBB_Tournament_Analysis/blob/94ea36800e80c9e89a2356a0b81d3eeafbd6a4f7/analysis/data/consolidated_game_data_20240505.csv
8,S8-RS-052,1,Geek Fam ID,pick,5,Yve,https://liquipedia.net/mobilelegends/MPL/Indonesia/Season_8/Regular_Season | https://github.com/LiTianYeoh/MLBB_Tournament_Analysis/blob/94ea36800e80c9e89a2356a0b81d3eeafbd6a4f7/analysis/data/consolidated_game_data_20240505.csv
8,S8-RS-052,2,ONIC Esports,pick,1,Gloo,https://liquipedia.net/mobilelegends/MPL/Indonesia/Season_8/Regular_Season | https://github.com/LiTianYeoh/MLBB_Tournament_Analysis/blob/94ea36800e80c9e89a2356a0b81d3eeafbd6a4f7/analysis/data/consolidated_game_data_20240505.csv
8,S8-RS-052,2,ONIC Esports,pick,2,Lapu-Lapu,https://liquipedia.net/mobilelegends/MPL/Indonesia/Season_8/Regular_Season | https://github.com/LiTianYeoh/MLBB_Tournament_Analysis/blob/94ea36800e80c9e89a2356a0b81d3eeafbd6a4f7/analysis/data/consolidated_game_data_20240505.csv
8,S8-RS-052,2,ONIC Esports,pick,3,Benedetta,https://liquipedia.net/mobilelegends/MPL/Indonesia/Season_8/Regular_Season | https://github.com/LiTianYeoh/MLBB_Tournament_Analysis/blob/94ea36800e80c9e89a2356a0b81d3eeafbd6a4f7/analysis/data/consolidated_game_data_20240505.csv
8,S8-RS-052,2,ONIC Esports,pick,4,Kimmy,https://liquipedia.net/mobilelegends/MPL/Indonesia/Season_8/Regular_Season | https://github.com/LiTianYeoh/MLBB_Tournament_Analysis/blob/94ea36800e80c9e89a2356a0b81d3eeafbd6a4f7/analysis/data/consolidated_game_data_20240505.csv
8,S8-RS-052,2,ONIC Esports,pick,5,Selena,https://liquipedia.net/mobilelegends/MPL/Indonesia/Season_8/Regular_Season | https://github.com/LiTianYeoh/MLBB_Tournament_Analysis/blob/94ea36800e80c9e89a2356a0b81d3eeafbd6a4f7/analysis/data/consolidated_game_data_20240505.csv
8,S8-RS-052,2,Geek Fam ID,pick,1,Rafaela,https://liquipedia.net/mobilelegends/MPL/Indonesia/Season_8/Regular_Season | https://github.com/LiTianYeoh/MLBB_Tournament_Analysis/blob/94ea36800e80c9e89a2356a0b81d3eeafbd6a4f7/analysis/data/consolidated_game_data_20240505.csv
8,S8-RS-052,2,Geek Fam ID,pick,2,Zilong,https://liquipedia.net/mobilelegends/MPL/Indonesia/Season_8/Regular_Season | https://github.com/LiTianYeoh/MLBB_Tournament_Analysis/blob/94ea36800e80c9e89a2356a0b81d3eeafbd6a4f7/analysis/data/consolidated_game_data_20240505.csv
8,S8-RS-052,2,Geek Fam ID,pick,3,Brody,https://liquipedia.net/mobilelegends/MPL/Indonesia/Season_8/Regular_Season | https://github.com/LiTianYeoh/MLBB_Tournament_Analysis/blob/94ea36800e80c9e89a2356a0b81d3eeafbd6a4f7/analysis/data/consolidated_game_data_20240505.csv
8,S8-RS-052,2,Geek Fam ID,pick,4,Paquito,https://liquipedia.net/mobilelegends/MPL/Indonesia/Season_8/Regular_Season | https://github.com/LiTianYeoh/MLBB_Tournament_Analysis/blob/94ea36800e80c9e89a2356a0b81d3eeafbd6a4f7/analysis/data/consolidated_game_data_20240505.csv
8,S8-RS-052,2,Geek Fam ID,pick,5,Silvanna,https://liquipedia.net/mobilelegends/MPL/Indonesia/Season_8/Regular_Season | https://github.com/LiTianYeoh/MLBB_Tournament_Analysis/blob/94ea36800e80c9e89a2356a0b81d3eeafbd6a4f7/analysis/data/consolidated_game_data_20240505.csv
8,S8-RS-053,1,AURA Fire,pick,1,Lylia,https://liquipedia.net/mobilelegends/MPL/Indonesia/Season_8/Regular_Season | https://github.com/LiTianYeoh/MLBB_Tournament_Analysis/blob/94ea36800e80c9e89a2356a0b81d3eeafbd6a4f7/analysis/data/consolidated_game_data_20240505.csv
8,S8-RS-053,1,AURA Fire,pick,2,X.Borg,https://liquipedia.net/mobilelegends/MPL/Indonesia/Season_8/Regular_Season | https://github.com/LiTianYeoh/MLBB_Tournament_Analysis/blob/94ea36800e80c9e89a2356a0b81d3eeafbd6a4f7/analysis/data/consolidated_game_data_20240505.csv
8,S8-RS-053,1,AURA Fire,pick,3,Benedetta,https://liquipedia.net/mobilelegends/MPL/Indonesia/Season_8/Regular_Season | https://github.com/LiTianYeoh/MLBB_Tournament_Analysis/blob/94ea36800e80c9e89a2356a0b81d3eeafbd6a4f7/analysis/data/consolidated_game_data_20240505.csv
8,S8-RS-053,1,AURA Fire,pick,4,Baxia,https://liquipedia.net/mobilelegends/MPL/Indonesia/Season_8/Regular_Season | https://github.com/LiTianYeoh/MLBB_Tournament_Analysis/blob/94ea36800e80c9e89a2356a0b81d3eeafbd6a4f7/analysis/data/consolidated_game_data_20240505.csv
8,S8-RS-053,1,AURA Fire,pick,5,Kadita,https://liquipedia.net/mobilelegends/MPL/Indonesia/Season_8/Regular_Season | https://github.com/LiTianYeoh/MLBB_Tournament_Analysis/blob/94ea36800e80c9e89a2356a0b81d3eeafbd6a4f7/analysis/data/consolidated_game_data_20240505.csv
8,S8-RS-053,1,Rebellion Genflix,pick,1,Estes,https://liquipedia.net/mobilelegends/MPL/Indonesia/Season_8/Regular_Season | https://github.com/LiTianYeoh/MLBB_Tournament_Analysis/blob/94ea36800e80c9e89a2356a0b81d3eeafbd6a4f7/analysis/data/consolidated_game_data_20240505.csv
8,S8-RS-053,1,Rebellion Genflix,pick,2,Lancelot,https://liquipedia.net/mobilelegends/MPL/Indonesia/Season_8/Regular_Season | https://github.com/LiTianYeoh/MLBB_Tournament_Analysis/blob/94ea36800e80c9e89a2356a0b81d3eeafbd6a4f7/analysis/data/consolidated_game_data_20240505.csv
8,S8-RS-053,1,Rebellion Genflix,pick,3,Brody,https://liquipedia.net/mobilelegends/MPL/Indonesia/Season_8/Regular_Season | https://github.com/LiTianYeoh/MLBB_Tournament_Analysis/blob/94ea36800e80c9e89a2356a0b81d3eeafbd6a4f7/analysis/data/consolidated_game_data_20240505.csv
8,S8-RS-053,1,Rebellion Genflix,pick,4,Barats,https://liquipedia.net/mobilelegends/MPL/Indonesia/Season_8/Regular_Season | https://github.com/LiTianYeoh/MLBB_Tournament_Analysis/blob/94ea36800e80c9e89a2356a0b81d3eeafbd6a4f7/analysis/data/consolidated_game_data_20240505.csv
8,S8-RS-053,1,Rebellion Genflix,pick,5,Yve,https://liquipedia.net/mobilelegends/MPL/Indonesia/Season_8/Regular_Season | https://github.com/LiTianYeoh/MLBB_Tournament_Analysis/blob/94ea36800e80c9e89a2356a0b81d3eeafbd6a4f7/analysis/data/consolidated_game_data_20240505.csv
8,S8-RS-053,2,AURA Fire,pick,1,Yve,https://liquipedia.net/mobilelegends/MPL/Indonesia/Season_8/Regular_Season | https://github.com/LiTianYeoh/MLBB_Tournament_Analysis/blob/94ea36800e80c9e89a2356a0b81d3eeafbd6a4f7/analysis/data/consolidated_game_data_20240505.csv
8,S8-RS-053,2,AURA Fire,pick,2,Yu Zhong,https://liquipedia.net/mobilelegends/MPL/Indonesia/Season_8/Regular_Season | https://github.com/LiTianYeoh/MLBB_Tournament_Analysis/blob/94ea36800e80c9e89a2356a0b81d3eeafbd6a4f7/analysis/data/consolidated_game_data_20240505.csv
8,S8-RS-053,2,AURA Fire,pick,3,Paquito,https://liquipedia.net/mobilelegends/MPL/Indonesia/Season_8/Regular_Season | https://github.com/LiTianYeoh/MLBB_Tournament_Analysis/blob/94ea36800e80c9e89a2356a0b81d3eeafbd6a4f7/analysis/data/consolidated_game_data_20240505.csv
8,S8-RS-053,2,AURA Fire,pick,4,Uranus,https://liquipedia.net/mobilelegends/MPL/Indonesia/Season_8/Regular_Season | https://github.com/LiTianYeoh/MLBB_Tournament_Analysis/blob/94ea36800e80c9e89a2356a0b81d3eeafbd6a4f7/analysis/data/consolidated_game_data_20240505.csv
8,S8-RS-053,2,AURA Fire,pick,5,Kadita,https://liquipedia.net/mobilelegends/MPL/Indonesia/Season_8/Regular_Season | https://github.com/LiTianYeoh/MLBB_Tournament_Analysis/blob/94ea36800e80c9e89a2356a0b81d3eeafbd6a4f7/analysis/data/consolidated_game_data_20240505.csv
8,S8-RS-053,2,Rebellion Genflix,pick,1,Rafaela,https://liquipedia.net/mobilelegends/MPL/Indonesia/Season_8/Regular_Season | https://github.com/LiTianYeoh/MLBB_Tournament_Analysis/blob/94ea36800e80c9e89a2356a0b81d3eeafbd6a4f7/analysis/data/consolidated_game_data_20240505.csv
8,S8-RS-053,2,Rebellion Genflix,pick,2,Barats,https://liquipedia.net/mobilelegends/MPL/Indonesia/Season_8/Regular_Season | https://github.com/LiTianYeoh/MLBB_Tournament_Analysis/blob/94ea36800e80c9e89a2356a0b81d3eeafbd6a4f7/analysis/data/consolidated_game_data_20240505.csv
8,S8-RS-053,2,Rebellion Genflix,pick,3,Natan,https://liquipedia.net/mobilelegends/MPL/Indonesia/Season_8/Regular_Season | https://github.com/LiTianYeoh/MLBB_Tournament_Analysis/blob/94ea36800e80c9e89a2356a0b81d3eeafbd6a4f7/analysis/data/consolidated_game_data_20240505.csv
8,S8-RS-053,2,Rebellion Genflix,pick,4,Phoveus,https://liquipedia.net/mobilelegends/MPL/Indonesia/Season_8/Regular_Season | https://github.com/LiTianYeoh/MLBB_Tournament_Analysis/blob/94ea36800e80c9e89a2356a0b81d3eeafbd6a4f7/analysis/data/consolidated_game_data_20240505.csv
8,S8-RS-053,2,Rebellion Genflix,pick,5,Lapu-Lapu,https://liquipedia.net/mobilelegends/MPL/Indonesia/Season_8/Regular_Season | https://github.com/LiTianYeoh/MLBB_Tournament_Analysis/blob/94ea36800e80c9e89a2356a0b81d3eeafbd6a4f7/analysis/data/consolidated_game_data_20240505.csv
8,S8-RS-054,1,EVOS Legends,pick,1,Lylia,https://liquipedia.net/mobilelegends/MPL/Indonesia/Season_8/Regular_Season | https://github.com/LiTianYeoh/MLBB_Tournament_Analysis/blob/94ea36800e80c9e89a2356a0b81d3eeafbd6a4f7/analysis/data/consolidated_game_data_20240505.csv
8,S8-RS-054,1,EVOS Legends,pick,2,Esmeralda,https://liquipedia.net/mobilelegends/MPL/Indonesia/Season_8/Regular_Season | https://github.com/LiTianYeoh/MLBB_Tournament_Analysis/blob/94ea36800e80c9e89a2356a0b81d3eeafbd6a4f7/analysis/data/consolidated_game_data_20240505.csv
8,S8-RS-054,1,EVOS Legends,pick,3,Popol and Kupa,https://liquipedia.net/mobilelegends/MPL/Indonesia/Season_8/Regular_Season | https://github.com/LiTianYeoh/MLBB_Tournament_Analysis/blob/94ea36800e80c9e89a2356a0b81d3eeafbd6a4f7/analysis/data/consolidated_game_data_20240505.csv
8,S8-RS-054,1,EVOS Legends,pick,4,Hayabusa,https://liquipedia.net/mobilelegends/MPL/Indonesia/Season_8/Regular_Season | https://github.com/LiTianYeoh/MLBB_Tournament_Analysis/blob/94ea36800e80c9e89a2356a0b81d3eeafbd6a4f7/analysis/data/consolidated_game_data_20240505.csv
8,S8-RS-054,1,EVOS Legends,pick,5,Jawhead,https://liquipedia.net/mobilelegends/MPL/Indonesia/Season_8/Regular_Season | https://github.com/LiTianYeoh/MLBB_Tournament_Analysis/blob/94ea36800e80c9e89a2356a0b81d3eeafbd6a4f7/analysis/data/consolidated_game_data_20240505.csv
8,S8-RS-054,1,RRQ Hoshi,pick,1,Mathilda,https://liquipedia.net/mobilelegends/MPL/Indonesia/Season_8/Regular_Season | https://github.com/LiTianYeoh/MLBB_Tournament_Analysis/blob/94ea36800e80c9e89a2356a0b81d3eeafbd6a4f7/analysis/data/consolidated_game_data_20240505.csv
8,S8-RS-054,1,RRQ Hoshi,pick,2,Granger,https://liquipedia.net/mobilelegends/MPL/Indonesia/Season_8/Regular_Season | https://github.com/LiTianYeoh/MLBB_Tournament_Analysis/blob/94ea36800e80c9e89a2356a0b81d3eeafbd6a4f7/analysis/data/consolidated_game_data_20240505.csv
8,S8-RS-054,1,RRQ Hoshi,pick,3,Paquito,https://liquipedia.net/mobilelegends/MPL/Indonesia/Season_8/Regular_Season | https://github.com/LiTianYeoh/MLBB_Tournament_Analysis/blob/94ea36800e80c9e89a2356a0b81d3eeafbd6a4f7/analysis/data/consolidated_game_data_20240505.csv
8,S8-RS-054,1,RRQ Hoshi,pick,4,Gloo,https://liquipedia.net/mobilelegends/MPL/Indonesia/Season_8/Regular_Season | https://github.com/LiTianYeoh/MLBB_Tournament_Analysis/blob/94ea36800e80c9e89a2356a0b81d3eeafbd6a4f7/analysis/data/consolidated_game_data_20240505.csv
8,S8-RS-054,1,RRQ Hoshi,pick,5,Lunox,https://liquipedia.net/mobilelegends/MPL/Indonesia/Season_8/Regular_Season | https://github.com/LiTianYeoh/MLBB_Tournament_Analysis/blob/94ea36800e80c9e89a2356a0b81d3eeafbd6a4f7/analysis/data/consolidated_game_data_20240505.csv
8,S8-RS-054,2,EVOS Legends,pick,1,Yve,https://liquipedia.net/mobilelegends/MPL/Indonesia/Season_8/Regular_Season | https://github.com/LiTianYeoh/MLBB_Tournament_Analysis/blob/94ea36800e80c9e89a2356a0b81d3eeafbd6a4f7/analysis/data/consolidated_game_data_20240505.csv
8,S8-RS-054,2,EVOS Legends,pick,2,Uranus,https://liquipedia.net/mobilelegends/MPL/Indonesia/Season_8/Regular_Season | https://github.com/LiTianYeoh/MLBB_Tournament_Analysis/blob/94ea36800e80c9e89a2356a0b81d3eeafbd6a4f7/analysis/data/consolidated_game_data_20240505.csv
8,S8-RS-054,2,EVOS Legends,pick,3,Claude,https://liquipedia.net/mobilelegends/MPL/Indonesia/Season_8/Regular_Season | https://github.com/LiTianYeoh/MLBB_Tournament_Analysis/blob/94ea36800e80c9e89a2356a0b81d3eeafbd6a4f7/analysis/data/consolidated_game_data_20240505.csv
8,S8-RS-054,2,EVOS Legends,pick,4,Karina,https://liquipedia.net/mobilelegends/MPL/Indonesia/Season_8/Regular_Season | https://github.com/LiTianYeoh/MLBB_Tournament_Analysis/blob/94ea36800e80c9e89a2356a0b81d3eeafbd6a4f7/analysis/data/consolidated_game_data_20240505.csv
8,S8-RS-054,2,EVOS Legends,pick,5,Jawhead,https://liquipedia.net/mobilelegends/MPL/Indonesia/Season_8/Regular_Season | https://github.com/LiTianYeoh/MLBB_Tournament_Analysis/blob/94ea36800e80c9e89a2356a0b81d3eeafbd6a4f7/analysis/data/consolidated_game_data_20240505.csv
8,S8-RS-054,2,RRQ Hoshi,pick,1,Khufra,https://liquipedia.net/mobilelegends/MPL/Indonesia/Season_8/Regular_Season | https://github.com/LiTianYeoh/MLBB_Tournament_Analysis/blob/94ea36800e80c9e89a2356a0b81d3eeafbd6a4f7/analysis/data/consolidated_game_data_20240505.csv
8,S8-RS-054,2,RRQ Hoshi,pick,2,Lancelot,https://liquipedia.net/mobilelegends/MPL/Indonesia/Season_8/Regular_Season | https://github.com/LiTianYeoh/MLBB_Tournament_Analysis/blob/94ea36800e80c9e89a2356a0b81d3eeafbd6a4f7/analysis/data/consolidated_game_data_20240505.csv
8,S8-RS-054,2,RRQ Hoshi,pick,3,Esmeralda,https://liquipedia.net/mobilelegends/MPL/Indonesia/Season_8/Regular_Season | https://github.com/LiTianYeoh/MLBB_Tournament_Analysis/blob/94ea36800e80c9e89a2356a0b81d3eeafbd6a4f7/analysis/data/consolidated_game_data_20240505.csv
8,S8-RS-054,2,RRQ Hoshi,pick,4,Paquito,https://liquipedia.net/mobilelegends/MPL/Indonesia/Season_8/Regular_Season | https://github.com/LiTianYeoh/MLBB_Tournament_Analysis/blob/94ea36800e80c9e89a2356a0b81d3eeafbd6a4f7/analysis/data/consolidated_game_data_20240505.csv
8,S8-RS-054,2,RRQ Hoshi,pick,5,Kagura,https://liquipedia.net/mobilelegends/MPL/Indonesia/Season_8/Regular_Season | https://github.com/LiTianYeoh/MLBB_Tournament_Analysis/blob/94ea36800e80c9e89a2356a0b81d3eeafbd6a4f7/analysis/data/consolidated_game_data_20240505.csv
8,S8-RS-055,1,Rebellion Genflix,pick,1,Yve,https://liquipedia.net/mobilelegends/MPL/Indonesia/Season_8/Regular_Season | https://github.com/LiTianYeoh/MLBB_Tournament_Analysis/blob/94ea36800e80c9e89a2356a0b81d3eeafbd6a4f7/analysis/data/consolidated_game_data_20240505.csv
8,S8-RS-055,1,Rebellion Genflix,pick,2,X.Borg,https://liquipedia.net/mobilelegends/MPL/Indonesia/Season_8/Regular_Season | https://github.com/LiTianYeoh/MLBB_Tournament_Analysis/blob/94ea36800e80c9e89a2356a0b81d3eeafbd6a4f7/analysis/data/consolidated_game_data_20240505.csv
8,S8-RS-055,1,Rebellion Genflix,pick,3,Natan,https://liquipedia.net/mobilelegends/MPL/Indonesia/Season_8/Regular_Season | https://github.com/LiTianYeoh/MLBB_Tournament_Analysis/blob/94ea36800e80c9e89a2356a0b81d3eeafbd6a4f7/analysis/data/consolidated_game_data_20240505.csv
8,S8-RS-055,1,Rebellion Genflix,pick,4,Barats,https://liquipedia.net/mobilelegends/MPL/Indonesia/Season_8/Regular_Season | https://github.com/LiTianYeoh/MLBB_Tournament_Analysis/blob/94ea36800e80c9e89a2356a0b81d3eeafbd6a4f7/analysis/data/consolidated_game_data_20240505.csv
8,S8-RS-055,1,Rebellion Genflix,pick,5,Selena,https://liquipedia.net/mobilelegends/MPL/Indonesia/Season_8/Regular_Season | https://github.com/LiTianYeoh/MLBB_Tournament_Analysis/blob/94ea36800e80c9e89a2356a0b81d3eeafbd6a4f7/analysis/data/consolidated_game_data_20240505.csv
8,S8-RS-055,1,Geek Fam ID,pick,1,Jawhead,https://liquipedia.net/mobilelegends/MPL/Indonesia/Season_8/Regular_Season | https://github.com/LiTianYeoh/MLBB_Tournament_Analysis/blob/94ea36800e80c9e89a2356a0b81d3eeafbd6a4f7/analysis/data/consolidated_game_data_20240505.csv
8,S8-RS-055,1,Geek Fam ID,pick,2,Yi Sun-Shin,https://liquipedia.net/mobilelegends/MPL/Indonesia/Season_8/Regular_Season | https://github.com/LiTianYeoh/MLBB_Tournament_Analysis/blob/94ea36800e80c9e89a2356a0b81d3eeafbd6a4f7/analysis/data/consolidated_game_data_20240505.csv
8,S8-RS-055,1,Geek Fam ID,pick,3,Brody,https://liquipedia.net/mobilelegends/MPL/Indonesia/Season_8/Regular_Season | https://github.com/LiTianYeoh/MLBB_Tournament_Analysis/blob/94ea36800e80c9e89a2356a0b81d3eeafbd6a4f7/analysis/data/consolidated_game_data_20240505.csv
8,S8-RS-055,1,Geek Fam ID,pick,4,Benedetta,https://liquipedia.net/mobilelegends/MPL/Indonesia/Season_8/Regular_Season | https://github.com/LiTianYeoh/MLBB_Tournament_Analysis/blob/94ea36800e80c9e89a2356a0b81d3eeafbd6a4f7/analysis/data/consolidated_game_data_20240505.csv
8,S8-RS-055,1,Geek Fam ID,pick,5,Pharsa,https://liquipedia.net/mobilelegends/MPL/Indonesia/Season_8/Regular_Season | https://github.com/LiTianYeoh/MLBB_Tournament_Analysis/blob/94ea36800e80c9e89a2356a0b81d3eeafbd6a4f7/analysis/data/consolidated_game_data_20240505.csv
8,S8-RS-055,2,Rebellion Genflix,pick,1,Barats,https://liquipedia.net/mobilelegends/MPL/Indonesia/Season_8/Regular_Season | https://github.com/LiTianYeoh/MLBB_Tournament_Analysis/blob/94ea36800e80c9e89a2356a0b81d3eeafbd6a4f7/analysis/data/consolidated_game_data_20240505.csv
8,S8-RS-055,2,Rebellion Genflix,pick,2,X.Borg,https://liquipedia.net/mobilelegends/MPL/Indonesia/Season_8/Regular_Season | https://github.com/LiTianYeoh/MLBB_Tournament_Analysis/blob/94ea36800e80c9e89a2356a0b81d3eeafbd6a4f7/analysis/data/consolidated_game_data_20240505.csv
8,S8-RS-055,2,Rebellion Genflix,pick,3,Natan,https://liquipedia.net/mobilelegends/MPL/Indonesia/Season_8/Regular_Season | https://github.com/LiTianYeoh/MLBB_Tournament_Analysis/blob/94ea36800e80c9e89a2356a0b81d3eeafbd6a4f7/analysis/data/consolidated_game_data_20240505.csv
8,S8-RS-055,2,Rebellion Genflix,pick,4,Ling,https://liquipedia.net/mobilelegends/MPL/Indonesia/Season_8/Regular_Season | https://github.com/LiTianYeoh/MLBB_Tournament_Analysis/blob/94ea36800e80c9e89a2356a0b81d3eeafbd6a4f7/analysis/data/consolidated_game_data_20240505.csv
8,S8-RS-055,2,Rebellion Genflix,pick,5,Nana,https://liquipedia.net/mobilelegends/MPL/Indonesia/Season_8/Regular_Season | https://github.com/LiTianYeoh/MLBB_Tournament_Analysis/blob/94ea36800e80c9e89a2356a0b81d3eeafbd6a4f7/analysis/data/consolidated_game_data_20240505.csv
8,S8-RS-055,2,Geek Fam ID,pick,1,Akai,https://liquipedia.net/mobilelegends/MPL/Indonesia/Season_8/Regular_Season | https://github.com/LiTianYeoh/MLBB_Tournament_Analysis/blob/94ea36800e80c9e89a2356a0b81d3eeafbd6a4f7/analysis/data/consolidated_game_data_20240505.csv
8,S8-RS-055,2,Geek Fam ID,pick,2,Balmond,https://liquipedia.net/mobilelegends/MPL/Indonesia/Season_8/Regular_Season | https://github.com/LiTianYeoh/MLBB_Tournament_Analysis/blob/94ea36800e80c9e89a2356a0b81d3eeafbd6a4f7/analysis/data/consolidated_game_data_20240505.csv
8,S8-RS-055,2,Geek Fam ID,pick,3,Pharsa,https://liquipedia.net/mobilelegends/MPL/Indonesia/Season_8/Regular_Season | https://github.com/LiTianYeoh/MLBB_Tournament_Analysis/blob/94ea36800e80c9e89a2356a0b81d3eeafbd6a4f7/analysis/data/consolidated_game_data_20240505.csv
8,S8-RS-055,2,Geek Fam ID,pick,4,Leomord,https://liquipedia.net/mobilelegends/MPL/Indonesia/Season_8/Regular_Season | https://github.com/LiTianYeoh/MLBB_Tournament_Analysis/blob/94ea36800e80c9e89a2356a0b81d3eeafbd6a4f7/analysis/data/consolidated_game_data_20240505.csv
8,S8-RS-055,2,Geek Fam ID,pick,5,Yve,https://liquipedia.net/mobilelegends/MPL/Indonesia/Season_8/Regular_Season | https://github.com/LiTianYeoh/MLBB_Tournament_Analysis/blob/94ea36800e80c9e89a2356a0b81d3eeafbd6a4f7/analysis/data/consolidated_game_data_20240505.csv
8,S8-RS-055,3,Rebellion Genflix,pick,1,Lylia,https://liquipedia.net/mobilelegends/MPL/Indonesia/Season_8/Regular_Season | https://github.com/LiTianYeoh/MLBB_Tournament_Analysis/blob/94ea36800e80c9e89a2356a0b81d3eeafbd6a4f7/analysis/data/consolidated_game_data_20240505.csv
8,S8-RS-055,3,Rebellion Genflix,pick,2,Barats,https://liquipedia.net/mobilelegends/MPL/Indonesia/Season_8/Regular_Season | https://github.com/LiTianYeoh/MLBB_Tournament_Analysis/blob/94ea36800e80c9e89a2356a0b81d3eeafbd6a4f7/analysis/data/consolidated_game_data_20240505.csv
8,S8-RS-055,3,Rebellion Genflix,pick,3,Esmeralda,https://liquipedia.net/mobilelegends/MPL/Indonesia/Season_8/Regular_Season | https://github.com/LiTianYeoh/MLBB_Tournament_Analysis/blob/94ea36800e80c9e89a2356a0b81d3eeafbd6a4f7/analysis/data/consolidated_game_data_20240505.csv
8,S8-RS-055,3,Rebellion Genflix,pick,4,Lancelot,https://liquipedia.net/mobilelegends/MPL/Indonesia/Season_8/Regular_Season | https://github.com/LiTianYeoh/MLBB_Tournament_Analysis/blob/94ea36800e80c9e89a2356a0b81d3eeafbd6a4f7/analysis/data/consolidated_game_data_20240505.csv
8,S8-RS-055,3,Rebellion Genflix,pick,5,Baxia,https://liquipedia.net/mobilelegends/MPL/Indonesia/Season_8/Regular_Season | https://github.com/LiTianYeoh/MLBB_Tournament_Analysis/blob/94ea36800e80c9e89a2356a0b81d3eeafbd6a4f7/analysis/data/consolidated_game_data_20240505.csv
8,S8-RS-055,3,Geek Fam ID,pick,1,Valir,https://liquipedia.net/mobilelegends/MPL/Indonesia/Season_8/Regular_Season | https://github.com/LiTianYeoh/MLBB_Tournament_Analysis/blob/94ea36800e80c9e89a2356a0b81d3eeafbd6a4f7/analysis/data/consolidated_game_data_20240505.csv
8,S8-RS-055,3,Geek Fam ID,pick,2,Natan,https://liquipedia.net/mobilelegends/MPL/Indonesia/Season_8/Regular_Season | https://github.com/LiTianYeoh/MLBB_Tournament_Analysis/blob/94ea36800e80c9e89a2356a0b81d3eeafbd6a4f7/analysis/data/consolidated_game_data_20240505.csv
8,S8-RS-055,3,Geek Fam ID,pick,3,Phoveus,https://liquipedia.net/mobilelegends/MPL/Indonesia/Season_8/Regular_Season | https://github.com/LiTianYeoh/MLBB_Tournament_Analysis/blob/94ea36800e80c9e89a2356a0b81d3eeafbd6a4f7/analysis/data/consolidated_game_data_20240505.csv
8,S8-RS-055,3,Geek Fam ID,pick,4,Yu Zhong,https://liquipedia.net/mobilelegends/MPL/Indonesia/Season_8/Regular_Season | https://github.com/LiTianYeoh/MLBB_Tournament_Analysis/blob/94ea36800e80c9e89a2356a0b81d3eeafbd6a4f7/analysis/data/consolidated_game_data_20240505.csv
8,S8-RS-055,3,Geek Fam ID,pick,5,Pharsa,https://liquipedia.net/mobilelegends/MPL/Indonesia/Season_8/Regular_Season | https://github.com/LiTianYeoh/MLBB_Tournament_Analysis/blob/94ea36800e80c9e89a2356a0b81d3eeafbd6a4f7/analysis/data/consolidated_game_data_20240505.csv
8,S8-RS-056,1,ONIC Esports,pick,1,Lunox,https://liquipedia.net/mobilelegends/MPL/Indonesia/Season_8/Regular_Season | https://github.com/LiTianYeoh/MLBB_Tournament_Analysis/blob/94ea36800e80c9e89a2356a0b81d3eeafbd6a4f7/analysis/data/consolidated_game_data_20240505.csv
8,S8-RS-056,1,ONIC Esports,pick,2,Benedetta,https://liquipedia.net/mobilelegends/MPL/Indonesia/Season_8/Regular_Season | https://github.com/LiTianYeoh/MLBB_Tournament_Analysis/blob/94ea36800e80c9e89a2356a0b81d3eeafbd6a4f7/analysis/data/consolidated_game_data_20240505.csv
8,S8-RS-056,1,ONIC Esports,pick,3,Popol and Kupa,https://liquipedia.net/mobilelegends/MPL/Indonesia/Season_8/Regular_Season | https://github.com/LiTianYeoh/MLBB_Tournament_Analysis/blob/94ea36800e80c9e89a2356a0b81d3eeafbd6a4f7/analysis/data/consolidated_game_data_20240505.csv
8,S8-RS-056,1,ONIC Esports,pick,4,Hayabusa,https://liquipedia.net/mobilelegends/MPL/Indonesia/Season_8/Regular_Season | https://github.com/LiTianYeoh/MLBB_Tournament_Analysis/blob/94ea36800e80c9e89a2356a0b81d3eeafbd6a4f7/analysis/data/consolidated_game_data_20240505.csv
8,S8-RS-056,1,ONIC Esports,pick,5,Jawhead,https://liquipedia.net/mobilelegends/MPL/Indonesia/Season_8/Regular_Season | https://github.com/LiTianYeoh/MLBB_Tournament_Analysis/blob/94ea36800e80c9e89a2356a0b81d3eeafbd6a4f7/analysis/data/consolidated_game_data_20240505.csv
8,S8-RS-056,1,Alter Ego,pick,1,Baxia,https://liquipedia.net/mobilelegends/MPL/Indonesia/Season_8/Regular_Season | https://github.com/LiTianYeoh/MLBB_Tournament_Analysis/blob/94ea36800e80c9e89a2356a0b81d3eeafbd6a4f7/analysis/data/consolidated_game_data_20240505.csv
8,S8-RS-056,1,Alter Ego,pick,2,Balmond,https://liquipedia.net/mobilelegends/MPL/Indonesia/Season_8/Regular_Season | https://github.com/LiTianYeoh/MLBB_Tournament_Analysis/blob/94ea36800e80c9e89a2356a0b81d3eeafbd6a4f7/analysis/data/consolidated_game_data_20240505.csv
8,S8-RS-056,1,Alter Ego,pick,3,Harith,https://liquipedia.net/mobilelegends/MPL/Indonesia/Season_8/Regular_Season | https://github.com/LiTianYeoh/MLBB_Tournament_Analysis/blob/94ea36800e80c9e89a2356a0b81d3eeafbd6a4f7/analysis/data/consolidated_game_data_20240505.csv
8,S8-RS-056,1,Alter Ego,pick,4,Paquito,https://liquipedia.net/mobilelegends/MPL/Indonesia/Season_8/Regular_Season | https://github.com/LiTianYeoh/MLBB_Tournament_Analysis/blob/94ea36800e80c9e89a2356a0b81d3eeafbd6a4f7/analysis/data/consolidated_game_data_20240505.csv
8,S8-RS-056,1,Alter Ego,pick,5,Chou,https://liquipedia.net/mobilelegends/MPL/Indonesia/Season_8/Regular_Season | https://github.com/LiTianYeoh/MLBB_Tournament_Analysis/blob/94ea36800e80c9e89a2356a0b81d3eeafbd6a4f7/analysis/data/consolidated_game_data_20240505.csv
8,S8-RS-056,2,ONIC Esports,pick,1,Lunox,https://liquipedia.net/mobilelegends/MPL/Indonesia/Season_8/Regular_Season | https://github.com/LiTianYeoh/MLBB_Tournament_Analysis/blob/94ea36800e80c9e89a2356a0b81d3eeafbd6a4f7/analysis/data/consolidated_game_data_20240505.csv
8,S8-RS-056,2,ONIC Esports,pick,2,Esmeralda,https://liquipedia.net/mobilelegends/MPL/Indonesia/Season_8/Regular_Season | https://github.com/LiTianYeoh/MLBB_Tournament_Analysis/blob/94ea36800e80c9e89a2356a0b81d3eeafbd6a4f7/analysis/data/consolidated_game_data_20240505.csv
8,S8-RS-056,2,ONIC Esports,pick,3,Bruno,https://liquipedia.net/mobilelegends/MPL/Indonesia/Season_8/Regular_Season | https://github.com/LiTianYeoh/MLBB_Tournament_Analysis/blob/94ea36800e80c9e89a2356a0b81d3eeafbd6a4f7/analysis/data/consolidated_game_data_20240505.csv
8,S8-RS-056,2,ONIC Esports,pick,4,Hayabusa,https://liquipedia.net/mobilelegends/MPL/Indonesia/Season_8/Regular_Season | https://github.com/LiTianYeoh/MLBB_Tournament_Analysis/blob/94ea36800e80c9e89a2356a0b81d3eeafbd6a4f7/analysis/data/consolidated_game_data_20240505.csv
8,S8-RS-056,2,ONIC Esports,pick,5,Rafaela,https://liquipedia.net/mobilelegends/MPL/Indonesia/Season_8/Regular_Season | https://github.com/LiTianYeoh/MLBB_Tournament_Analysis/blob/94ea36800e80c9e89a2356a0b81d3eeafbd6a4f7/analysis/data/consolidated_game_data_20240505.csv
8,S8-RS-056,2,Alter Ego,pick,1,Ruby,https://liquipedia.net/mobilelegends/MPL/Indonesia/Season_8/Regular_Season | https://github.com/LiTianYeoh/MLBB_Tournament_Analysis/blob/94ea36800e80c9e89a2356a0b81d3eeafbd6a4f7/analysis/data/consolidated_game_data_20240505.csv
8,S8-RS-056,2,Alter Ego,pick,2,Yi Sun-Shin,https://liquipedia.net/mobilelegends/MPL/Indonesia/Season_8/Regular_Season | https://github.com/LiTianYeoh/MLBB_Tournament_Analysis/blob/94ea36800e80c9e89a2356a0b81d3eeafbd6a4f7/analysis/data/consolidated_game_data_20240505.csv
8,S8-RS-056,2,Alter Ego,pick,3,Benedetta,https://liquipedia.net/mobilelegends/MPL/Indonesia/Season_8/Regular_Season | https://github.com/LiTianYeoh/MLBB_Tournament_Analysis/blob/94ea36800e80c9e89a2356a0b81d3eeafbd6a4f7/analysis/data/consolidated_game_data_20240505.csv
8,S8-RS-056,2,Alter Ego,pick,4,Paquito,https://liquipedia.net/mobilelegends/MPL/Indonesia/Season_8/Regular_Season | https://github.com/LiTianYeoh/MLBB_Tournament_Analysis/blob/94ea36800e80c9e89a2356a0b81d3eeafbd6a4f7/analysis/data/consolidated_game_data_20240505.csv
8,S8-RS-056,2,Alter Ego,pick,5,Kagura,https://liquipedia.net/mobilelegends/MPL/Indonesia/Season_8/Regular_Season | https://github.com/LiTianYeoh/MLBB_Tournament_Analysis/blob/94ea36800e80c9e89a2356a0b81d3eeafbd6a4f7/analysis/data/consolidated_game_data_20240505.csv
8,S8-PO-001,1,Alter Ego,ban,1,Selena,https://liquipedia.net/mobilelegends/MPL/Indonesia/Season_8/Playoffs | https://github.com/LiTianYeoh/MLBB_Tournament_Analysis/blob/94ea36800e80c9e89a2356a0b81d3eeafbd6a4f7/analysis/data/consolidated_game_data_20240505.csv
8,S8-PO-001,1,Alter Ego,ban,2,Baxia,https://liquipedia.net/mobilelegends/MPL/Indonesia/Season_8/Playoffs | https://github.com/LiTianYeoh/MLBB_Tournament_Analysis/blob/94ea36800e80c9e89a2356a0b81d3eeafbd6a4f7/analysis/data/consolidated_game_data_20240505.csv
8,S8-PO-001,1,Alter Ego,ban,3,Jawhead,https://liquipedia.net/mobilelegends/MPL/Indonesia/Season_8/Playoffs | https://github.com/LiTianYeoh/MLBB_Tournament_Analysis/blob/94ea36800e80c9e89a2356a0b81d3eeafbd6a4f7/analysis/data/consolidated_game_data_20240505.csv
8,S8-PO-001,1,Alter Ego,ban,4,Phoveus,https://liquipedia.net/mobilelegends/MPL/Indonesia/Season_8/Playoffs | https://github.com/LiTianYeoh/MLBB_Tournament_Analysis/blob/94ea36800e80c9e89a2356a0b81d3eeafbd6a4f7/analysis/data/consolidated_game_data_20240505.csv
8,S8-PO-001,1,Alter Ego,ban,5,Chang'e,https://liquipedia.net/mobilelegends/MPL/Indonesia/Season_8/Playoffs | https://github.com/LiTianYeoh/MLBB_Tournament_Analysis/blob/94ea36800e80c9e89a2356a0b81d3eeafbd6a4f7/analysis/data/consolidated_game_data_20240505.csv
8,S8-PO-001,1,Alter Ego,pick,1,Balmond,https://liquipedia.net/mobilelegends/MPL/Indonesia/Season_8/Playoffs | https://github.com/LiTianYeoh/MLBB_Tournament_Analysis/blob/94ea36800e80c9e89a2356a0b81d3eeafbd6a4f7/analysis/data/consolidated_game_data_20240505.csv
8,S8-PO-001,1,Alter Ego,pick,2,Roger,https://liquipedia.net/mobilelegends/MPL/Indonesia/Season_8/Playoffs | https://github.com/LiTianYeoh/MLBB_Tournament_Analysis/blob/94ea36800e80c9e89a2356a0b81d3eeafbd6a4f7/analysis/data/consolidated_game_data_20240505.csv
8,S8-PO-001,1,Alter Ego,pick,3,Alice,https://liquipedia.net/mobilelegends/MPL/Indonesia/Season_8/Playoffs | https://github.com/LiTianYeoh/MLBB_Tournament_Analysis/blob/94ea36800e80c9e89a2356a0b81d3eeafbd6a4f7/analysis/data/consolidated_game_data_20240505.csv
8,S8-PO-001,1,Alter Ego,pick,4,Khufra,https://liquipedia.net/mobilelegends/MPL/Indonesia/Season_8/Playoffs | https://github.com/LiTianYeoh/MLBB_Tournament_Analysis/blob/94ea36800e80c9e89a2356a0b81d3eeafbd6a4f7/analysis/data/consolidated_game_data_20240505.csv
8,S8-PO-001,1,Alter Ego,pick,5,Yve,https://liquipedia.net/mobilelegends/MPL/Indonesia/Season_8/Playoffs | https://github.com/LiTianYeoh/MLBB_Tournament_Analysis/blob/94ea36800e80c9e89a2356a0b81d3eeafbd6a4f7/analysis/data/consolidated_game_data_20240505.csv
8,S8-PO-001,1,Bigetron Alpha,ban,1,Benedetta,https://liquipedia.net/mobilelegends/MPL/Indonesia/Season_8/Playoffs | https://github.com/LiTianYeoh/MLBB_Tournament_Analysis/blob/94ea36800e80c9e89a2356a0b81d3eeafbd6a4f7/analysis/data/consolidated_game_data_20240505.csv
8,S8-PO-001,1,Bigetron Alpha,ban,2,Yu Zhong,https://liquipedia.net/mobilelegends/MPL/Indonesia/Season_8/Playoffs | https://github.com/LiTianYeoh/MLBB_Tournament_Analysis/blob/94ea36800e80c9e89a2356a0b81d3eeafbd6a4f7/analysis/data/consolidated_game_data_20240505.csv
8,S8-PO-001,1,Bigetron Alpha,ban,3,Pharsa,https://liquipedia.net/mobilelegends/MPL/Indonesia/Season_8/Playoffs | https://github.com/LiTianYeoh/MLBB_Tournament_Analysis/blob/94ea36800e80c9e89a2356a0b81d3eeafbd6a4f7/analysis/data/consolidated_game_data_20240505.csv
8,S8-PO-001,1,Bigetron Alpha,ban,4,Hayabusa,https://liquipedia.net/mobilelegends/MPL/Indonesia/Season_8/Playoffs | https://github.com/LiTianYeoh/MLBB_Tournament_Analysis/blob/94ea36800e80c9e89a2356a0b81d3eeafbd6a4f7/analysis/data/consolidated_game_data_20240505.csv
8,S8-PO-001,1,Bigetron Alpha,ban,5,Ling,https://liquipedia.net/mobilelegends/MPL/Indonesia/Season_8/Playoffs | https://github.com/LiTianYeoh/MLBB_Tournament_Analysis/blob/94ea36800e80c9e89a2356a0b81d3eeafbd6a4f7/analysis/data/consolidated_game_data_20240505.csv
8,S8-PO-001,1,Bigetron Alpha,pick,1,Lylia,https://liquipedia.net/mobilelegends/MPL/Indonesia/Season_8/Playoffs | https://github.com/LiTianYeoh/MLBB_Tournament_Analysis/blob/94ea36800e80c9e89a2356a0b81d3eeafbd6a4f7/analysis/data/consolidated_game_data_20240505.csv
8,S8-PO-001,1,Bigetron Alpha,pick,2,Mathilda,https://liquipedia.net/mobilelegends/MPL/Indonesia/Season_8/Playoffs | https://github.com/LiTianYeoh/MLBB_Tournament_Analysis/blob/94ea36800e80c9e89a2356a0b81d3eeafbd6a4f7/analysis/data/consolidated_game_data_20240505.csv
8,S8-PO-001,1,Bigetron Alpha,pick,3,Paquito,https://liquipedia.net/mobilelegends/MPL/Indonesia/Season_8/Playoffs | https://github.com/LiTianYeoh/MLBB_Tournament_Analysis/blob/94ea36800e80c9e89a2356a0b81d3eeafbd6a4f7/analysis/data/consolidated_game_data_20240505.csv
8,S8-PO-001,1,Bigetron Alpha,pick,4,Barats,https://liquipedia.net/mobilelegends/MPL/Indonesia/Season_8/Playoffs | https://github.com/LiTianYeoh/MLBB_Tournament_Analysis/blob/94ea36800e80c9e89a2356a0b81d3eeafbd6a4f7/analysis/data/consolidated_game_data_20240505.csv
8,S8-PO-001,1,Bigetron Alpha,pick,5,Natan,https://liquipedia.net/mobilelegends/MPL/Indonesia/Season_8/Playoffs | https://github.com/LiTianYeoh/MLBB_Tournament_Analysis/blob/94ea36800e80c9e89a2356a0b81d3eeafbd6a4f7/analysis/data/consolidated_game_data_20240505.csv
8,S8-PO-001,2,Alter Ego,ban,1,Yve,https://liquipedia.net/mobilelegends/MPL/Indonesia/Season_8/Playoffs | https://github.com/LiTianYeoh/MLBB_Tournament_Analysis/blob/94ea36800e80c9e89a2356a0b81d3eeafbd6a4f7/analysis/data/consolidated_game_data_20240505.csv
8,S8-PO-001,2,Alter Ego,ban,2,Selena,https://liquipedia.net/mobilelegends/MPL/Indonesia/Season_8/Playoffs | https://github.com/LiTianYeoh/MLBB_Tournament_Analysis/blob/94ea36800e80c9e89a2356a0b81d3eeafbd6a4f7/analysis/data/consolidated_game_data_20240505.csv
8,S8-PO-001,2,Alter Ego,ban,3,Baxia,https://liquipedia.net/mobilelegends/MPL/Indonesia/Season_8/Playoffs | https://github.com/LiTianYeoh/MLBB_Tournament_Analysis/blob/94ea36800e80c9e89a2356a0b81d3eeafbd6a4f7/analysis/data/consolidated_game_data_20240505.csv
8,S8-PO-001,2,Alter Ego,ban,4,Lylia,https://liquipedia.net/mobilelegends/MPL/Indonesia/Season_8/Playoffs | https://github.com/LiTianYeoh/MLBB_Tournament_Analysis/blob/94ea36800e80c9e89a2356a0b81d3eeafbd6a4f7/analysis/data/consolidated_game_data_20240505.csv
8,S8-PO-001,2,Alter Ego,ban,5,Esmeralda,https://liquipedia.net/mobilelegends/MPL/Indonesia/Season_8/Playoffs | https://github.com/LiTianYeoh/MLBB_Tournament_Analysis/blob/94ea36800e80c9e89a2356a0b81d3eeafbd6a4f7/analysis/data/consolidated_game_data_20240505.csv
8,S8-PO-001,2,Alter Ego,pick,1,Phoveus,https://liquipedia.net/mobilelegends/MPL/Indonesia/Season_8/Playoffs | https://github.com/LiTianYeoh/MLBB_Tournament_Analysis/blob/94ea36800e80c9e89a2356a0b81d3eeafbd6a4f7/analysis/data/consolidated_game_data_20240505.csv
8,S8-PO-001,2,Alter Ego,pick,2,Yu Zhong,https://liquipedia.net/mobilelegends/MPL/Indonesia/Season_8/Playoffs | https://github.com/LiTianYeoh/MLBB_Tournament_Analysis/blob/94ea36800e80c9e89a2356a0b81d3eeafbd6a4f7/analysis/data/consolidated_game_data_20240505.csv
8,S8-PO-001,2,Alter Ego,pick,3,Jawhead,https://liquipedia.net/mobilelegends/MPL/Indonesia/Season_8/Playoffs | https://github.com/LiTianYeoh/MLBB_Tournament_Analysis/blob/94ea36800e80c9e89a2356a0b81d3eeafbd6a4f7/analysis/data/consolidated_game_data_20240505.csv
8,S8-PO-001,2,Alter Ego,pick,4,Granger,https://liquipedia.net/mobilelegends/MPL/Indonesia/Season_8/Playoffs | https://github.com/LiTianYeoh/MLBB_Tournament_Analysis/blob/94ea36800e80c9e89a2356a0b81d3eeafbd6a4f7/analysis/data/consolidated_game_data_20240505.csv
8,S8-PO-001,2,Alter Ego,pick,5,Mathilda,https://liquipedia.net/mobilelegends/MPL/Indonesia/Season_8/Playoffs | https://github.com/LiTianYeoh/MLBB_Tournament_Analysis/blob/94ea36800e80c9e89a2356a0b81d3eeafbd6a4f7/analysis/data/consolidated_game_data_20240505.csv
8,S8-PO-001,2,Bigetron Alpha,ban,1,Benedetta,https://liquipedia.net/mobilelegends/MPL/Indonesia/Season_8/Playoffs | https://github.com/LiTianYeoh/MLBB_Tournament_Analysis/blob/94ea36800e80c9e89a2356a0b81d3eeafbd6a4f7/analysis/data/consolidated_game_data_20240505.csv
8,S8-PO-001,2,Bigetron Alpha,ban,2,Yi Sun-Shin,https://liquipedia.net/mobilelegends/MPL/Indonesia/Season_8/Playoffs | https://github.com/LiTianYeoh/MLBB_Tournament_Analysis/blob/94ea36800e80c9e89a2356a0b81d3eeafbd6a4f7/analysis/data/consolidated_game_data_20240505.csv
8,S8-PO-001,2,Bigetron Alpha,ban,3,Pharsa,https://liquipedia.net/mobilelegends/MPL/Indonesia/Season_8/Playoffs | https://github.com/LiTianYeoh/MLBB_Tournament_Analysis/blob/94ea36800e80c9e89a2356a0b81d3eeafbd6a4f7/analysis/data/consolidated_game_data_20240505.csv
8,S8-PO-001,2,Bigetron Alpha,ban,4,Hayabusa,https://liquipedia.net/mobilelegends/MPL/Indonesia/Season_8/Playoffs | https://github.com/LiTianYeoh/MLBB_Tournament_Analysis/blob/94ea36800e80c9e89a2356a0b81d3eeafbd6a4f7/analysis/data/consolidated_game_data_20240505.csv
8,S8-PO-001,2,Bigetron Alpha,ban,5,Ling,https://liquipedia.net/mobilelegends/MPL/Indonesia/Season_8/Playoffs | https://github.com/LiTianYeoh/MLBB_Tournament_Analysis/blob/94ea36800e80c9e89a2356a0b81d3eeafbd6a4f7/analysis/data/consolidated_game_data_20240505.csv
8,S8-PO-001,2,Bigetron Alpha,pick,1,Lunox,https://liquipedia.net/mobilelegends/MPL/Indonesia/Season_8/Playoffs | https://github.com/LiTianYeoh/MLBB_Tournament_Analysis/blob/94ea36800e80c9e89a2356a0b81d3eeafbd6a4f7/analysis/data/consolidated_game_data_20240505.csv
8,S8-PO-001,2,Bigetron Alpha,pick,2,Rafaela,https://liquipedia.net/mobilelegends/MPL/Indonesia/Season_8/Playoffs | https://github.com/LiTianYeoh/MLBB_Tournament_Analysis/blob/94ea36800e80c9e89a2356a0b81d3eeafbd6a4f7/analysis/data/consolidated_game_data_20240505.csv
8,S8-PO-001,2,Bigetron Alpha,pick,3,Paquito,https://liquipedia.net/mobilelegends/MPL/Indonesia/Season_8/Playoffs | https://github.com/LiTianYeoh/MLBB_Tournament_Analysis/blob/94ea36800e80c9e89a2356a0b81d3eeafbd6a4f7/analysis/data/consolidated_game_data_20240505.csv
8,S8-PO-001,2,Bigetron Alpha,pick,4,Barats,https://liquipedia.net/mobilelegends/MPL/Indonesia/Season_8/Playoffs | https://github.com/LiTianYeoh/MLBB_Tournament_Analysis/blob/94ea36800e80c9e89a2356a0b81d3eeafbd6a4f7/analysis/data/consolidated_game_data_20240505.csv
8,S8-PO-001,2,Bigetron Alpha,pick,5,Natan,https://liquipedia.net/mobilelegends/MPL/Indonesia/Season_8/Playoffs | https://github.com/LiTianYeoh/MLBB_Tournament_Analysis/blob/94ea36800e80c9e89a2356a0b81d3eeafbd6a4f7/analysis/data/consolidated_game_data_20240505.csv
8,S8-PO-001,3,Alter Ego,ban,1,Selena,https://liquipedia.net/mobilelegends/MPL/Indonesia/Season_8/Playoffs | https://github.com/LiTianYeoh/MLBB_Tournament_Analysis/blob/94ea36800e80c9e89a2356a0b81d3eeafbd6a4f7/analysis/data/consolidated_game_data_20240505.csv
8,S8-PO-001,3,Alter Ego,ban,2,Baxia,https://liquipedia.net/mobilelegends/MPL/Indonesia/Season_8/Playoffs | https://github.com/LiTianYeoh/MLBB_Tournament_Analysis/blob/94ea36800e80c9e89a2356a0b81d3eeafbd6a4f7/analysis/data/consolidated_game_data_20240505.csv
8,S8-PO-001,3,Alter Ego,ban,3,Esmeralda,https://liquipedia.net/mobilelegends/MPL/Indonesia/Season_8/Playoffs | https://github.com/LiTianYeoh/MLBB_Tournament_Analysis/blob/94ea36800e80c9e89a2356a0b81d3eeafbd6a4f7/analysis/data/consolidated_game_data_20240505.csv
8,S8-PO-001,3,Alter Ego,ban,4,Lylia,https://liquipedia.net/mobilelegends/MPL/Indonesia/Season_8/Playoffs | https://github.com/LiTianYeoh/MLBB_Tournament_Analysis/blob/94ea36800e80c9e89a2356a0b81d3eeafbd6a4f7/analysis/data/consolidated_game_data_20240505.csv
8,S8-PO-001,3,Alter Ego,ban,5,Claude,https://liquipedia.net/mobilelegends/MPL/Indonesia/Season_8/Playoffs | https://github.com/LiTianYeoh/MLBB_Tournament_Analysis/blob/94ea36800e80c9e89a2356a0b81d3eeafbd6a4f7/analysis/data/consolidated_game_data_20240505.csv
8,S8-PO-001,3,Alter Ego,pick,1,Yve,https://liquipedia.net/mobilelegends/MPL/Indonesia/Season_8/Playoffs | https://github.com/LiTianYeoh/MLBB_Tournament_Analysis/blob/94ea36800e80c9e89a2356a0b81d3eeafbd6a4f7/analysis/data/consolidated_game_data_20240505.csv
8,S8-PO-001,3,Alter Ego,pick,2,Chou,https://liquipedia.net/mobilelegends/MPL/Indonesia/Season_8/Playoffs | https://github.com/LiTianYeoh/MLBB_Tournament_Analysis/blob/94ea36800e80c9e89a2356a0b81d3eeafbd6a4f7/analysis/data/consolidated_game_data_20240505.csv
8,S8-PO-001,3,Alter Ego,pick,3,Karina,https://liquipedia.net/mobilelegends/MPL/Indonesia/Season_8/Playoffs | https://github.com/LiTianYeoh/MLBB_Tournament_Analysis/blob/94ea36800e80c9e89a2356a0b81d3eeafbd6a4f7/analysis/data/consolidated_game_data_20240505.csv
8,S8-PO-001,3,Alter Ego,pick,4,Phoveus,https://liquipedia.net/mobilelegends/MPL/Indonesia/Season_8/Playoffs | https://github.com/LiTianYeoh/MLBB_Tournament_Analysis/blob/94ea36800e80c9e89a2356a0b81d3eeafbd6a4f7/analysis/data/consolidated_game_data_20240505.csv
8,S8-PO-001,3,Alter Ego,pick,5,Benedetta,https://liquipedia.net/mobilelegends/MPL/Indonesia/Season_8/Playoffs | https://github.com/LiTianYeoh/MLBB_Tournament_Analysis/blob/94ea36800e80c9e89a2356a0b81d3eeafbd6a4f7/analysis/data/consolidated_game_data_20240505.csv
8,S8-PO-001,3,Bigetron Alpha,ban,1,Rafaela,https://liquipedia.net/mobilelegends/MPL/Indonesia/Season_8/Playoffs | https://github.com/LiTianYeoh/MLBB_Tournament_Analysis/blob/94ea36800e80c9e89a2356a0b81d3eeafbd6a4f7/analysis/data/consolidated_game_data_20240505.csv
8,S8-PO-001,3,Bigetron Alpha,ban,2,Natalia,https://liquipedia.net/mobilelegends/MPL/Indonesia/Season_8/Playoffs | https://github.com/LiTianYeoh/MLBB_Tournament_Analysis/blob/94ea36800e80c9e89a2356a0b81d3eeafbd6a4f7/analysis/data/consolidated_game_data_20240505.csv
8,S8-PO-001,3,Bigetron Alpha,ban,3,Mathilda,https://liquipedia.net/mobilelegends/MPL/Indonesia/Season_8/Playoffs | https://github.com/LiTianYeoh/MLBB_Tournament_Analysis/blob/94ea36800e80c9e89a2356a0b81d3eeafbd6a4f7/analysis/data/consolidated_game_data_20240505.csv
8,S8-PO-001,3,Bigetron Alpha,ban,4,Hayabusa,https://liquipedia.net/mobilelegends/MPL/Indonesia/Season_8/Playoffs | https://github.com/LiTianYeoh/MLBB_Tournament_Analysis/blob/94ea36800e80c9e89a2356a0b81d3eeafbd6a4f7/analysis/data/consolidated_game_data_20240505.csv
8,S8-PO-001,3,Bigetron Alpha,ban,5,Ling,https://liquipedia.net/mobilelegends/MPL/Indonesia/Season_8/Playoffs | https://github.com/LiTianYeoh/MLBB_Tournament_Analysis/blob/94ea36800e80c9e89a2356a0b81d3eeafbd6a4f7/analysis/data/consolidated_game_data_20240505.csv
8,S8-PO-001,3,Bigetron Alpha,pick,1,Karrie,https://liquipedia.net/mobilelegends/MPL/Indonesia/Season_8/Playoffs | https://github.com/LiTianYeoh/MLBB_Tournament_Analysis/blob/94ea36800e80c9e89a2356a0b81d3eeafbd6a4f7/analysis/data/consolidated_game_data_20240505.csv
8,S8-PO-001,3,Bigetron Alpha,pick,2,Pharsa,https://liquipedia.net/mobilelegends/MPL/Indonesia/Season_8/Playoffs | https://github.com/LiTianYeoh/MLBB_Tournament_Analysis/blob/94ea36800e80c9e89a2356a0b81d3eeafbd6a4f7/analysis/data/consolidated_game_data_20240505.csv
8,S8-PO-001,3,Bigetron Alpha,pick,3,Minsitthar,https://liquipedia.net/mobilelegends/MPL/Indonesia/Season_8/Playoffs | https://github.com/LiTianYeoh/MLBB_Tournament_Analysis/blob/94ea36800e80c9e89a2356a0b81d3eeafbd6a4f7/analysis/data/consolidated_game_data_20240505.csv
8,S8-PO-001,3,Bigetron Alpha,pick,4,Paquito,https://liquipedia.net/mobilelegends/MPL/Indonesia/Season_8/Playoffs | https://github.com/LiTianYeoh/MLBB_Tournament_Analysis/blob/94ea36800e80c9e89a2356a0b81d3eeafbd6a4f7/analysis/data/consolidated_game_data_20240505.csv
8,S8-PO-001,3,Bigetron Alpha,pick,5,Jawhead,https://liquipedia.net/mobilelegends/MPL/Indonesia/Season_8/Playoffs | https://github.com/LiTianYeoh/MLBB_Tournament_Analysis/blob/94ea36800e80c9e89a2356a0b81d3eeafbd6a4f7/analysis/data/consolidated_game_data_20240505.csv
8,S8-PO-001,4,Alter Ego,ban,1,Yve,https://liquipedia.net/mobilelegends/MPL/Indonesia/Season_8/Playoffs | https://github.com/LiTianYeoh/MLBB_Tournament_Analysis/blob/94ea36800e80c9e89a2356a0b81d3eeafbd6a4f7/analysis/data/consolidated_game_data_20240505.csv
8,S8-PO-001,4,Alter Ego,ban,2,Selena,https://liquipedia.net/mobilelegends/MPL/Indonesia/Season_8/Playoffs | https://github.com/LiTianYeoh/MLBB_Tournament_Analysis/blob/94ea36800e80c9e89a2356a0b81d3eeafbd6a4f7/analysis/data/consolidated_game_data_20240505.csv
8,S8-PO-001,4,Alter Ego,ban,3,Baxia,https://liquipedia.net/mobilelegends/MPL/Indonesia/Season_8/Playoffs | https://github.com/LiTianYeoh/MLBB_Tournament_Analysis/blob/94ea36800e80c9e89a2356a0b81d3eeafbd6a4f7/analysis/data/consolidated_game_data_20240505.csv
8,S8-PO-001,4,Alter Ego,ban,4,Barats,https://liquipedia.net/mobilelegends/MPL/Indonesia/Season_8/Playoffs | https://github.com/LiTianYeoh/MLBB_Tournament_Analysis/blob/94ea36800e80c9e89a2356a0b81d3eeafbd6a4f7/analysis/data/consolidated_game_data_20240505.csv
8,S8-PO-001,4,Alter Ego,ban,5,Karina,https://liquipedia.net/mobilelegends/MPL/Indonesia/Season_8/Playoffs | https://github.com/LiTianYeoh/MLBB_Tournament_Analysis/blob/94ea36800e80c9e89a2356a0b81d3eeafbd6a4f7/analysis/data/consolidated_game_data_20240505.csv
8,S8-PO-001,4,Alter Ego,pick,1,Jawhead,https://liquipedia.net/mobilelegends/MPL/Indonesia/Season_8/Playoffs | https://github.com/LiTianYeoh/MLBB_Tournament_Analysis/blob/94ea36800e80c9e89a2356a0b81d3eeafbd6a4f7/analysis/data/consolidated_game_data_20240505.csv
8,S8-PO-001,4,Alter Ego,pick,2,Harley,https://liquipedia.net/mobilelegends/MPL/Indonesia/Season_8/Playoffs | https://github.com/LiTianYeoh/MLBB_Tournament_Analysis/blob/94ea36800e80c9e89a2356a0b81d3eeafbd6a4f7/analysis/data/consolidated_game_data_20240505.csv
8,S8-PO-001,4,Alter Ego,pick,3,Pharsa,https://liquipedia.net/mobilelegends/MPL/Indonesia/Season_8/Playoffs | https://github.com/LiTianYeoh/MLBB_Tournament_Analysis/blob/94ea36800e80c9e89a2356a0b81d3eeafbd6a4f7/analysis/data/consolidated_game_data_20240505.csv
8,S8-PO-001,4,Alter Ego,pick,4,Paquito,https://liquipedia.net/mobilelegends/MPL/Indonesia/Season_8/Playoffs | https://github.com/LiTianYeoh/MLBB_Tournament_Analysis/blob/94ea36800e80c9e89a2356a0b81d3eeafbd6a4f7/analysis/data/consolidated_game_data_20240505.csv
8,S8-PO-001,4,Alter Ego,pick,5,Chou,https://liquipedia.net/mobilelegends/MPL/Indonesia/Season_8/Playoffs | https://github.com/LiTianYeoh/MLBB_Tournament_Analysis/blob/94ea36800e80c9e89a2356a0b81d3eeafbd6a4f7/analysis/data/consolidated_game_data_20240505.csv
8,S8-PO-001,4,Bigetron Alpha,ban,1,Yu Zhong,https://liquipedia.net/mobilelegends/MPL/Indonesia/Season_8/Playoffs | https://github.com/LiTianYeoh/MLBB_Tournament_Analysis/blob/94ea36800e80c9e89a2356a0b81d3eeafbd6a4f7/analysis/data/consolidated_game_data_20240505.csv
8,S8-PO-001,4,Bigetron Alpha,ban,2,Benedetta,https://liquipedia.net/mobilelegends/MPL/Indonesia/Season_8/Playoffs | https://github.com/LiTianYeoh/MLBB_Tournament_Analysis/blob/94ea36800e80c9e89a2356a0b81d3eeafbd6a4f7/analysis/data/consolidated_game_data_20240505.csv
8,S8-PO-001,4,Bigetron Alpha,ban,3,Phoveus,https://liquipedia.net/mobilelegends/MPL/Indonesia/Season_8/Playoffs | https://github.com/LiTianYeoh/MLBB_Tournament_Analysis/blob/94ea36800e80c9e89a2356a0b81d3eeafbd6a4f7/analysis/data/consolidated_game_data_20240505.csv
8,S8-PO-001,4,Bigetron Alpha,ban,4,Hayabusa,https://liquipedia.net/mobilelegends/MPL/Indonesia/Season_8/Playoffs | https://github.com/LiTianYeoh/MLBB_Tournament_Analysis/blob/94ea36800e80c9e89a2356a0b81d3eeafbd6a4f7/analysis/data/consolidated_game_data_20240505.csv
8,S8-PO-001,4,Bigetron Alpha,ban,5,Ling,https://liquipedia.net/mobilelegends/MPL/Indonesia/Season_8/Playoffs | https://github.com/LiTianYeoh/MLBB_Tournament_Analysis/blob/94ea36800e80c9e89a2356a0b81d3eeafbd6a4f7/analysis/data/consolidated_game_data_20240505.csv
8,S8-PO-001,4,Bigetron Alpha,pick,1,Balmond,https://liquipedia.net/mobilelegends/MPL/Indonesia/Season_8/Playoffs | https://github.com/LiTianYeoh/MLBB_Tournament_Analysis/blob/94ea36800e80c9e89a2356a0b81d3eeafbd6a4f7/analysis/data/consolidated_game_data_20240505.csv
8,S8-PO-001,4,Bigetron Alpha,pick,2,Lylia,https://liquipedia.net/mobilelegends/MPL/Indonesia/Season_8/Playoffs | https://github.com/LiTianYeoh/MLBB_Tournament_Analysis/blob/94ea36800e80c9e89a2356a0b81d3eeafbd6a4f7/analysis/data/consolidated_game_data_20240505.csv
8,S8-PO-001,4,Bigetron Alpha,pick,3,Claude,https://liquipedia.net/mobilelegends/MPL/Indonesia/Season_8/Playoffs | https://github.com/LiTianYeoh/MLBB_Tournament_Analysis/blob/94ea36800e80c9e89a2356a0b81d3eeafbd6a4f7/analysis/data/consolidated_game_data_20240505.csv
8,S8-PO-001,4,Bigetron Alpha,pick,4,Esmeralda,https://liquipedia.net/mobilelegends/MPL/Indonesia/Season_8/Playoffs | https://github.com/LiTianYeoh/MLBB_Tournament_Analysis/blob/94ea36800e80c9e89a2356a0b81d3eeafbd6a4f7/analysis/data/consolidated_game_data_20240505.csv
8,S8-PO-001,4,Bigetron Alpha,pick,5,Mathilda,https://liquipedia.net/mobilelegends/MPL/Indonesia/Season_8/Playoffs | https://github.com/LiTianYeoh/MLBB_Tournament_Analysis/blob/94ea36800e80c9e89a2356a0b81d3eeafbd6a4f7/analysis/data/consolidated_game_data_20240505.csv
8,S8-PO-002,1,EVOS Legends,ban,1,Pharsa,https://liquipedia.net/mobilelegends/MPL/Indonesia/Season_8/Playoffs | https://github.com/LiTianYeoh/MLBB_Tournament_Analysis/blob/94ea36800e80c9e89a2356a0b81d3eeafbd6a4f7/analysis/data/consolidated_game_data_20240505.csv
8,S8-PO-002,1,EVOS Legends,ban,2,Kadita,https://liquipedia.net/mobilelegends/MPL/Indonesia/Season_8/Playoffs | https://github.com/LiTianYeoh/MLBB_Tournament_Analysis/blob/94ea36800e80c9e89a2356a0b81d3eeafbd6a4f7/analysis/data/consolidated_game_data_20240505.csv
8,S8-PO-002,1,EVOS Legends,ban,3,Yve,https://liquipedia.net/mobilelegends/MPL/Indonesia/Season_8/Playoffs | https://github.com/LiTianYeoh/MLBB_Tournament_Analysis/blob/94ea36800e80c9e89a2356a0b81d3eeafbd6a4f7/analysis/data/consolidated_game_data_20240505.csv
8,S8-PO-002,1,EVOS Legends,ban,4,Tigreal,https://liquipedia.net/mobilelegends/MPL/Indonesia/Season_8/Playoffs | https://github.com/LiTianYeoh/MLBB_Tournament_Analysis/blob/94ea36800e80c9e89a2356a0b81d3eeafbd6a4f7/analysis/data/consolidated_game_data_20240505.csv
8,S8-PO-002,1,EVOS Legends,ban,5,Alice,https://liquipedia.net/mobilelegends/MPL/Indonesia/Season_8/Playoffs | https://github.com/LiTianYeoh/MLBB_Tournament_Analysis/blob/94ea36800e80c9e89a2356a0b81d3eeafbd6a4f7/analysis/data/consolidated_game_data_20240505.csv
8,S8-PO-002,1,EVOS Legends,pick,1,Ruby,https://liquipedia.net/mobilelegends/MPL/Indonesia/Season_8/Playoffs | https://github.com/LiTianYeoh/MLBB_Tournament_Analysis/blob/94ea36800e80c9e89a2356a0b81d3eeafbd6a4f7/analysis/data/consolidated_game_data_20240505.csv
8,S8-PO-002,1,EVOS Legends,pick,2,Mathilda,https://liquipedia.net/mobilelegends/MPL/Indonesia/Season_8/Playoffs | https://github.com/LiTianYeoh/MLBB_Tournament_Analysis/blob/94ea36800e80c9e89a2356a0b81d3eeafbd6a4f7/analysis/data/consolidated_game_data_20240505.csv
8,S8-PO-002,1,EVOS Legends,pick,3,Lylia,https://liquipedia.net/mobilelegends/MPL/Indonesia/Season_8/Playoffs | https://github.com/LiTianYeoh/MLBB_Tournament_Analysis/blob/94ea36800e80c9e89a2356a0b81d3eeafbd6a4f7/analysis/data/consolidated_game_data_20240505.csv
8,S8-PO-002,1,EVOS Legends,pick,4,Ling,https://liquipedia.net/mobilelegends/MPL/Indonesia/Season_8/Playoffs | https://github.com/LiTianYeoh/MLBB_Tournament_Analysis/blob/94ea36800e80c9e89a2356a0b81d3eeafbd6a4f7/analysis/data/consolidated_game_data_20240505.csv
8,S8-PO-002,1,EVOS Legends,pick,5,X.Borg,https://liquipedia.net/mobilelegends/MPL/Indonesia/Season_8/Playoffs | https://github.com/LiTianYeoh/MLBB_Tournament_Analysis/blob/94ea36800e80c9e89a2356a0b81d3eeafbd6a4f7/analysis/data/consolidated_game_data_20240505.csv
8,S8-PO-002,1,AURA Fire,ban,1,Yu Zhong,https://liquipedia.net/mobilelegends/MPL/Indonesia/Season_8/Playoffs | https://github.com/LiTianYeoh/MLBB_Tournament_Analysis/blob/94ea36800e80c9e89a2356a0b81d3eeafbd6a4f7/analysis/data/consolidated_game_data_20240505.csv
8,S8-PO-002,1,AURA Fire,ban,2,Brody,https://liquipedia.net/mobilelegends/MPL/Indonesia/Season_8/Playoffs | https://github.com/LiTianYeoh/MLBB_Tournament_Analysis/blob/94ea36800e80c9e89a2356a0b81d3eeafbd6a4f7/analysis/data/consolidated_game_data_20240505.csv
8,S8-PO-002,1,AURA Fire,ban,3,Wanwan,https://liquipedia.net/mobilelegends/MPL/Indonesia/Season_8/Playoffs | https://github.com/LiTianYeoh/MLBB_Tournament_Analysis/blob/94ea36800e80c9e89a2356a0b81d3eeafbd6a4f7/analysis/data/consolidated_game_data_20240505.csv
8,S8-PO-002,1,AURA Fire,ban,4,Jawhead,https://liquipedia.net/mobilelegends/MPL/Indonesia/Season_8/Playoffs | https://github.com/LiTianYeoh/MLBB_Tournament_Analysis/blob/94ea36800e80c9e89a2356a0b81d3eeafbd6a4f7/analysis/data/consolidated_game_data_20240505.csv
8,S8-PO-002,1,AURA Fire,ban,5,Hayabusa,https://liquipedia.net/mobilelegends/MPL/Indonesia/Season_8/Playoffs | https://github.com/LiTianYeoh/MLBB_Tournament_Analysis/blob/94ea36800e80c9e89a2356a0b81d3eeafbd6a4f7/analysis/data/consolidated_game_data_20240505.csv
8,S8-PO-002,1,AURA Fire,pick,1,Khufra,https://liquipedia.net/mobilelegends/MPL/Indonesia/Season_8/Playoffs | https://github.com/LiTianYeoh/MLBB_Tournament_Analysis/blob/94ea36800e80c9e89a2356a0b81d3eeafbd6a4f7/analysis/data/consolidated_game_data_20240505.csv
8,S8-PO-002,1,AURA Fire,pick,2,Natan,https://liquipedia.net/mobilelegends/MPL/Indonesia/Season_8/Playoffs | https://github.com/LiTianYeoh/MLBB_Tournament_Analysis/blob/94ea36800e80c9e89a2356a0b81d3eeafbd6a4f7/analysis/data/consolidated_game_data_20240505.csv
8,S8-PO-002,1,AURA Fire,pick,3,Harley,https://liquipedia.net/mobilelegends/MPL/Indonesia/Season_8/Playoffs | https://github.com/LiTianYeoh/MLBB_Tournament_Analysis/blob/94ea36800e80c9e89a2356a0b81d3eeafbd6a4f7/analysis/data/consolidated_game_data_20240505.csv
8,S8-PO-002,1,AURA Fire,pick,4,Paquito,https://liquipedia.net/mobilelegends/MPL/Indonesia/Season_8/Playoffs | https://github.com/LiTianYeoh/MLBB_Tournament_Analysis/blob/94ea36800e80c9e89a2356a0b81d3eeafbd6a4f7/analysis/data/consolidated_game_data_20240505.csv
8,S8-PO-002,1,AURA Fire,pick,5,Karina,https://liquipedia.net/mobilelegends/MPL/Indonesia/Season_8/Playoffs | https://github.com/LiTianYeoh/MLBB_Tournament_Analysis/blob/94ea36800e80c9e89a2356a0b81d3eeafbd6a4f7/analysis/data/consolidated_game_data_20240505.csv
8,S8-PO-002,2,EVOS Legends,ban,1,Kadita,https://liquipedia.net/mobilelegends/MPL/Indonesia/Season_8/Playoffs | https://github.com/LiTianYeoh/MLBB_Tournament_Analysis/blob/94ea36800e80c9e89a2356a0b81d3eeafbd6a4f7/analysis/data/consolidated_game_data_20240505.csv
8,S8-PO-002,2,EVOS Legends,ban,2,Yve,https://liquipedia.net/mobilelegends/MPL/Indonesia/Season_8/Playoffs | https://github.com/LiTianYeoh/MLBB_Tournament_Analysis/blob/94ea36800e80c9e89a2356a0b81d3eeafbd6a4f7/analysis/data/consolidated_game_data_20240505.csv
8,S8-PO-002,2,EVOS Legends,ban,3,X.Borg,https://liquipedia.net/mobilelegends/MPL/Indonesia/Season_8/Playoffs | https://github.com/LiTianYeoh/MLBB_Tournament_Analysis/blob/94ea36800e80c9e89a2356a0b81d3eeafbd6a4f7/analysis/data/consolidated_game_data_20240505.csv
8,S8-PO-002,2,EVOS Legends,ban,4,Lunox,https://liquipedia.net/mobilelegends/MPL/Indonesia/Season_8/Playoffs | https://github.com/LiTianYeoh/MLBB_Tournament_Analysis/blob/94ea36800e80c9e89a2356a0b81d3eeafbd6a4f7/analysis/data/consolidated_game_data_20240505.csv
8,S8-PO-002,2,EVOS Legends,ban,5,Lancelot,https://liquipedia.net/mobilelegends/MPL/Indonesia/Season_8/Playoffs | https://github.com/LiTianYeoh/MLBB_Tournament_Analysis/blob/94ea36800e80c9e89a2356a0b81d3eeafbd6a4f7/analysis/data/consolidated_game_data_20240505.csv
8,S8-PO-002,2,EVOS Legends,pick,1,Esmeralda,https://liquipedia.net/mobilelegends/MPL/Indonesia/Season_8/Playoffs | https://github.com/LiTianYeoh/MLBB_Tournament_Analysis/blob/94ea36800e80c9e89a2356a0b81d3eeafbd6a4f7/analysis/data/consolidated_game_data_20240505.csv
8,S8-PO-002,2,EVOS Legends,pick,2,Angela,https://liquipedia.net/mobilelegends/MPL/Indonesia/Season_8/Playoffs | https://github.com/LiTianYeoh/MLBB_Tournament_Analysis/blob/94ea36800e80c9e89a2356a0b81d3eeafbd6a4f7/analysis/data/consolidated_game_data_20240505.csv
8,S8-PO-002,2,EVOS Legends,pick,3,Claude,https://liquipedia.net/mobilelegends/MPL/Indonesia/Season_8/Playoffs | https://github.com/LiTianYeoh/MLBB_Tournament_Analysis/blob/94ea36800e80c9e89a2356a0b81d3eeafbd6a4f7/analysis/data/consolidated_game_data_20240505.csv
8,S8-PO-002,2,EVOS Legends,pick,4,Karina,https://liquipedia.net/mobilelegends/MPL/Indonesia/Season_8/Playoffs | https://github.com/LiTianYeoh/MLBB_Tournament_Analysis/blob/94ea36800e80c9e89a2356a0b81d3eeafbd6a4f7/analysis/data/consolidated_game_data_20240505.csv
8,S8-PO-002,2,EVOS Legends,pick,5,Barats,https://liquipedia.net/mobilelegends/MPL/Indonesia/Season_8/Playoffs | https://github.com/LiTianYeoh/MLBB_Tournament_Analysis/blob/94ea36800e80c9e89a2356a0b81d3eeafbd6a4f7/analysis/data/consolidated_game_data_20240505.csv
8,S8-PO-002,2,AURA Fire,ban,1,Ruby,https://liquipedia.net/mobilelegends/MPL/Indonesia/Season_8/Playoffs | https://github.com/LiTianYeoh/MLBB_Tournament_Analysis/blob/94ea36800e80c9e89a2356a0b81d3eeafbd6a4f7/analysis/data/consolidated_game_data_20240505.csv
8,S8-PO-002,2,AURA Fire,ban,2,Brody,https://liquipedia.net/mobilelegends/MPL/Indonesia/Season_8/Playoffs | https://github.com/LiTianYeoh/MLBB_Tournament_Analysis/blob/94ea36800e80c9e89a2356a0b81d3eeafbd6a4f7/analysis/data/consolidated_game_data_20240505.csv
8,S8-PO-002,2,AURA Fire,ban,3,Wanwan,https://liquipedia.net/mobilelegends/MPL/Indonesia/Season_8/Playoffs | https://github.com/LiTianYeoh/MLBB_Tournament_Analysis/blob/94ea36800e80c9e89a2356a0b81d3eeafbd6a4f7/analysis/data/consolidated_game_data_20240505.csv
8,S8-PO-002,2,AURA Fire,ban,4,Jawhead,https://liquipedia.net/mobilelegends/MPL/Indonesia/Season_8/Playoffs | https://github.com/LiTianYeoh/MLBB_Tournament_Analysis/blob/94ea36800e80c9e89a2356a0b81d3eeafbd6a4f7/analysis/data/consolidated_game_data_20240505.csv
8,S8-PO-002,2,AURA Fire,ban,5,Hayabusa,https://liquipedia.net/mobilelegends/MPL/Indonesia/Season_8/Playoffs | https://github.com/LiTianYeoh/MLBB_Tournament_Analysis/blob/94ea36800e80c9e89a2356a0b81d3eeafbd6a4f7/analysis/data/consolidated_game_data_20240505.csv
8,S8-PO-002,2,AURA Fire,pick,1,Paquito,https://liquipedia.net/mobilelegends/MPL/Indonesia/Season_8/Playoffs | https://github.com/LiTianYeoh/MLBB_Tournament_Analysis/blob/94ea36800e80c9e89a2356a0b81d3eeafbd6a4f7/analysis/data/consolidated_game_data_20240505.csv
8,S8-PO-002,2,AURA Fire,pick,2,Yu Zhong,https://liquipedia.net/mobilelegends/MPL/Indonesia/Season_8/Playoffs | https://github.com/LiTianYeoh/MLBB_Tournament_Analysis/blob/94ea36800e80c9e89a2356a0b81d3eeafbd6a4f7/analysis/data/consolidated_game_data_20240505.csv
8,S8-PO-002,2,AURA Fire,pick,3,Pharsa,https://liquipedia.net/mobilelegends/MPL/Indonesia/Season_8/Playoffs | https://github.com/LiTianYeoh/MLBB_Tournament_Analysis/blob/94ea36800e80c9e89a2356a0b81d3eeafbd6a4f7/analysis/data/consolidated_game_data_20240505.csv
8,S8-PO-002,2,AURA Fire,pick,4,Thamuz,https://liquipedia.net/mobilelegends/MPL/Indonesia/Season_8/Playoffs | https://github.com/LiTianYeoh/MLBB_Tournament_Analysis/blob/94ea36800e80c9e89a2356a0b81d3eeafbd6a4f7/analysis/data/consolidated_game_data_20240505.csv
8,S8-PO-002,2,AURA Fire,pick,5,Mathilda,https://liquipedia.net/mobilelegends/MPL/Indonesia/Season_8/Playoffs | https://github.com/LiTianYeoh/MLBB_Tournament_Analysis/blob/94ea36800e80c9e89a2356a0b81d3eeafbd6a4f7/analysis/data/consolidated_game_data_20240505.csv
8,S8-PO-002,3,EVOS Legends,ban,1,Kadita,https://liquipedia.net/mobilelegends/MPL/Indonesia/Season_8/Playoffs | https://github.com/LiTianYeoh/MLBB_Tournament_Analysis/blob/94ea36800e80c9e89a2356a0b81d3eeafbd6a4f7/analysis/data/consolidated_game_data_20240505.csv
8,S8-PO-002,3,EVOS Legends,ban,2,Karina,https://liquipedia.net/mobilelegends/MPL/Indonesia/Season_8/Playoffs | https://github.com/LiTianYeoh/MLBB_Tournament_Analysis/blob/94ea36800e80c9e89a2356a0b81d3eeafbd6a4f7/analysis/data/consolidated_game_data_20240505.csv
8,S8-PO-002,3,EVOS Legends,ban,3,X.Borg,https://liquipedia.net/mobilelegends/MPL/Indonesia/Season_8/Playoffs | https://github.com/LiTianYeoh/MLBB_Tournament_Analysis/blob/94ea36800e80c9e89a2356a0b81d3eeafbd6a4f7/analysis/data/consolidated_game_data_20240505.csv
8,S8-PO-002,3,EVOS Legends,ban,4,Jawhead,https://liquipedia.net/mobilelegends/MPL/Indonesia/Season_8/Playoffs | https://github.com/LiTianYeoh/MLBB_Tournament_Analysis/blob/94ea36800e80c9e89a2356a0b81d3eeafbd6a4f7/analysis/data/consolidated_game_data_20240505.csv
8,S8-PO-002,3,EVOS Legends,ban,5,Ling,https://liquipedia.net/mobilelegends/MPL/Indonesia/Season_8/Playoffs | https://github.com/LiTianYeoh/MLBB_Tournament_Analysis/blob/94ea36800e80c9e89a2356a0b81d3eeafbd6a4f7/analysis/data/consolidated_game_data_20240505.csv
8,S8-PO-002,3,EVOS Legends,pick,1,Phoveus,https://liquipedia.net/mobilelegends/MPL/Indonesia/Season_8/Playoffs | https://github.com/LiTianYeoh/MLBB_Tournament_Analysis/blob/94ea36800e80c9e89a2356a0b81d3eeafbd6a4f7/analysis/data/consolidated_game_data_20240505.csv
8,S8-PO-002,3,EVOS Legends,pick,2,Angela,https://liquipedia.net/mobilelegends/MPL/Indonesia/Season_8/Playoffs | https://github.com/LiTianYeoh/MLBB_Tournament_Analysis/blob/94ea36800e80c9e89a2356a0b81d3eeafbd6a4f7/analysis/data/consolidated_game_data_20240505.csv
8,S8-PO-002,3,EVOS Legends,pick,3,Claude,https://liquipedia.net/mobilelegends/MPL/Indonesia/Season_8/Playoffs | https://github.com/LiTianYeoh/MLBB_Tournament_Analysis/blob/94ea36800e80c9e89a2356a0b81d3eeafbd6a4f7/analysis/data/consolidated_game_data_20240505.csv
8,S8-PO-002,3,EVOS Legends,pick,4,Balmond,https://liquipedia.net/mobilelegends/MPL/Indonesia/Season_8/Playoffs | https://github.com/LiTianYeoh/MLBB_Tournament_Analysis/blob/94ea36800e80c9e89a2356a0b81d3eeafbd6a4f7/analysis/data/consolidated_game_data_20240505.csv
8,S8-PO-002,3,EVOS Legends,pick,5,Yu Zhong,https://liquipedia.net/mobilelegends/MPL/Indonesia/Season_8/Playoffs | https://github.com/LiTianYeoh/MLBB_Tournament_Analysis/blob/94ea36800e80c9e89a2356a0b81d3eeafbd6a4f7/analysis/data/consolidated_game_data_20240505.csv
8,S8-PO-002,3,AURA Fire,ban,1,Yu Zhong,https://liquipedia.net/mobilelegends/MPL/Indonesia/Season_8/Playoffs | https://github.com/LiTianYeoh/MLBB_Tournament_Analysis/blob/94ea36800e80c9e89a2356a0b81d3eeafbd6a4f7/analysis/data/consolidated_game_data_20240505.csv
8,S8-PO-002,3,AURA Fire,ban,2,Claude,https://liquipedia.net/mobilelegends/MPL/Indonesia/Season_8/Playoffs | https://github.com/LiTianYeoh/MLBB_Tournament_Analysis/blob/94ea36800e80c9e89a2356a0b81d3eeafbd6a4f7/analysis/data/consolidated_game_data_20240505.csv
8,S8-PO-002,3,AURA Fire,ban,3,Hayabusa,https://liquipedia.net/mobilelegends/MPL/Indonesia/Season_8/Playoffs | https://github.com/LiTianYeoh/MLBB_Tournament_Analysis/blob/94ea36800e80c9e89a2356a0b81d3eeafbd6a4f7/analysis/data/consolidated_game_data_20240505.csv
8,S8-PO-002,3,AURA Fire,ban,4,Angela,https://liquipedia.net/mobilelegends/MPL/Indonesia/Season_8/Playoffs | https://github.com/LiTianYeoh/MLBB_Tournament_Analysis/blob/94ea36800e80c9e89a2356a0b81d3eeafbd6a4f7/analysis/data/consolidated_game_data_20240505.csv
8,S8-PO-002,3,AURA Fire,ban,5,Wanwan,https://liquipedia.net/mobilelegends/MPL/Indonesia/Season_8/Playoffs | https://github.com/LiTianYeoh/MLBB_Tournament_Analysis/blob/94ea36800e80c9e89a2356a0b81d3eeafbd6a4f7/analysis/data/consolidated_game_data_20240505.csv
8,S8-PO-002,3,AURA Fire,pick,1,Benedetta,https://liquipedia.net/mobilelegends/MPL/Indonesia/Season_8/Playoffs | https://github.com/LiTianYeoh/MLBB_Tournament_Analysis/blob/94ea36800e80c9e89a2356a0b81d3eeafbd6a4f7/analysis/data/consolidated_game_data_20240505.csv
8,S8-PO-002,3,AURA Fire,pick,2,Lancelot,https://liquipedia.net/mobilelegends/MPL/Indonesia/Season_8/Playoffs | https://github.com/LiTianYeoh/MLBB_Tournament_Analysis/blob/94ea36800e80c9e89a2356a0b81d3eeafbd6a4f7/analysis/data/consolidated_game_data_20240505.csv
8,S8-PO-002,3,AURA Fire,pick,3,Ruby,https://liquipedia.net/mobilelegends/MPL/Indonesia/Season_8/Playoffs | https://github.com/LiTianYeoh/MLBB_Tournament_Analysis/blob/94ea36800e80c9e89a2356a0b81d3eeafbd6a4f7/analysis/data/consolidated_game_data_20240505.csv
8,S8-PO-002,3,AURA Fire,pick,4,Yve,https://liquipedia.net/mobilelegends/MPL/Indonesia/Season_8/Playoffs | https://github.com/LiTianYeoh/MLBB_Tournament_Analysis/blob/94ea36800e80c9e89a2356a0b81d3eeafbd6a4f7/analysis/data/consolidated_game_data_20240505.csv
8,S8-PO-002,3,AURA Fire,pick,5,Paquito,https://liquipedia.net/mobilelegends/MPL/Indonesia/Season_8/Playoffs | https://github.com/LiTianYeoh/MLBB_Tournament_Analysis/blob/94ea36800e80c9e89a2356a0b81d3eeafbd6a4f7/analysis/data/consolidated_game_data_20240505.csv
8,S8-PO-002,4,EVOS Legends,ban,1,Kadita,https://liquipedia.net/mobilelegends/MPL/Indonesia/Season_8/Playoffs | https://github.com/LiTianYeoh/MLBB_Tournament_Analysis/blob/94ea36800e80c9e89a2356a0b81d3eeafbd6a4f7/analysis/data/consolidated_game_data_20240505.csv
8,S8-PO-002,4,EVOS Legends,ban,2,Karina,https://liquipedia.net/mobilelegends/MPL/Indonesia/Season_8/Playoffs | https://github.com/LiTianYeoh/MLBB_Tournament_Analysis/blob/94ea36800e80c9e89a2356a0b81d3eeafbd6a4f7/analysis/data/consolidated_game_data_20240505.csv
8,S8-PO-002,4,EVOS Legends,ban,3,X.Borg,https://liquipedia.net/mobilelegends/MPL/Indonesia/Season_8/Playoffs | https://github.com/LiTianYeoh/MLBB_Tournament_Analysis/blob/94ea36800e80c9e89a2356a0b81d3eeafbd6a4f7/analysis/data/consolidated_game_data_20240505.csv
8,S8-PO-002,4,EVOS Legends,ban,4,Jawhead,https://liquipedia.net/mobilelegends/MPL/Indonesia/Season_8/Playoffs | https://github.com/LiTianYeoh/MLBB_Tournament_Analysis/blob/94ea36800e80c9e89a2356a0b81d3eeafbd6a4f7/analysis/data/consolidated_game_data_20240505.csv
8,S8-PO-002,4,EVOS Legends,ban,5,Ling,https://liquipedia.net/mobilelegends/MPL/Indonesia/Season_8/Playoffs | https://github.com/LiTianYeoh/MLBB_Tournament_Analysis/blob/94ea36800e80c9e89a2356a0b81d3eeafbd6a4f7/analysis/data/consolidated_game_data_20240505.csv
8,S8-PO-002,4,EVOS Legends,pick,1,Yi Sun-Shin,https://liquipedia.net/mobilelegends/MPL/Indonesia/Season_8/Playoffs | https://github.com/LiTianYeoh/MLBB_Tournament_Analysis/blob/94ea36800e80c9e89a2356a0b81d3eeafbd6a4f7/analysis/data/consolidated_game_data_20240505.csv
8,S8-PO-002,4,EVOS Legends,pick,2,Mathilda,https://liquipedia.net/mobilelegends/MPL/Indonesia/Season_8/Playoffs | https://github.com/LiTianYeoh/MLBB_Tournament_Analysis/blob/94ea36800e80c9e89a2356a0b81d3eeafbd6a4f7/analysis/data/consolidated_game_data_20240505.csv
8,S8-PO-002,4,EVOS Legends,pick,3,Pharsa,https://liquipedia.net/mobilelegends/MPL/Indonesia/Season_8/Playoffs | https://github.com/LiTianYeoh/MLBB_Tournament_Analysis/blob/94ea36800e80c9e89a2356a0b81d3eeafbd6a4f7/analysis/data/consolidated_game_data_20240505.csv
8,S8-PO-002,4,EVOS Legends,pick,4,Balmond,https://liquipedia.net/mobilelegends/MPL/Indonesia/Season_8/Playoffs | https://github.com/LiTianYeoh/MLBB_Tournament_Analysis/blob/94ea36800e80c9e89a2356a0b81d3eeafbd6a4f7/analysis/data/consolidated_game_data_20240505.csv
8,S8-PO-002,4,EVOS Legends,pick,5,Barats,https://liquipedia.net/mobilelegends/MPL/Indonesia/Season_8/Playoffs | https://github.com/LiTianYeoh/MLBB_Tournament_Analysis/blob/94ea36800e80c9e89a2356a0b81d3eeafbd6a4f7/analysis/data/consolidated_game_data_20240505.csv
8,S8-PO-002,4,AURA Fire,ban,1,Yu Zhong,https://liquipedia.net/mobilelegends/MPL/Indonesia/Season_8/Playoffs | https://github.com/LiTianYeoh/MLBB_Tournament_Analysis/blob/94ea36800e80c9e89a2356a0b81d3eeafbd6a4f7/analysis/data/consolidated_game_data_20240505.csv
8,S8-PO-002,4,AURA Fire,ban,2,Claude,https://liquipedia.net/mobilelegends/MPL/Indonesia/Season_8/Playoffs | https://github.com/LiTianYeoh/MLBB_Tournament_Analysis/blob/94ea36800e80c9e89a2356a0b81d3eeafbd6a4f7/analysis/data/consolidated_game_data_20240505.csv
8,S8-PO-002,4,AURA Fire,ban,3,Hayabusa,https://liquipedia.net/mobilelegends/MPL/Indonesia/Season_8/Playoffs | https://github.com/LiTianYeoh/MLBB_Tournament_Analysis/blob/94ea36800e80c9e89a2356a0b81d3eeafbd6a4f7/analysis/data/consolidated_game_data_20240505.csv
8,S8-PO-002,4,AURA Fire,ban,4,Angela,https://liquipedia.net/mobilelegends/MPL/Indonesia/Season_8/Playoffs | https://github.com/LiTianYeoh/MLBB_Tournament_Analysis/blob/94ea36800e80c9e89a2356a0b81d3eeafbd6a4f7/analysis/data/consolidated_game_data_20240505.csv
8,S8-PO-002,4,AURA Fire,ban,5,Wanwan,https://liquipedia.net/mobilelegends/MPL/Indonesia/Season_8/Playoffs | https://github.com/LiTianYeoh/MLBB_Tournament_Analysis/blob/94ea36800e80c9e89a2356a0b81d3eeafbd6a4f7/analysis/data/consolidated_game_data_20240505.csv
8,S8-PO-002,4,AURA Fire,pick,1,Uranus,https://liquipedia.net/mobilelegends/MPL/Indonesia/Season_8/Playoffs | https://github.com/LiTianYeoh/MLBB_Tournament_Analysis/blob/94ea36800e80c9e89a2356a0b81d3eeafbd6a4f7/analysis/data/consolidated_game_data_20240505.csv
8,S8-PO-002,4,AURA Fire,pick,2,Khufra,https://liquipedia.net/mobilelegends/MPL/Indonesia/Season_8/Playoffs | https://github.com/LiTianYeoh/MLBB_Tournament_Analysis/blob/94ea36800e80c9e89a2356a0b81d3eeafbd6a4f7/analysis/data/consolidated_game_data_20240505.csv
8,S8-PO-002,4,AURA Fire,pick,3,Natan,https://liquipedia.net/mobilelegends/MPL/Indonesia/Season_8/Playoffs | https://github.com/LiTianYeoh/MLBB_Tournament_Analysis/blob/94ea36800e80c9e89a2356a0b81d3eeafbd6a4f7/analysis/data/consolidated_game_data_20240505.csv
8,S8-PO-002,4,AURA Fire,pick,4,Paquito,https://liquipedia.net/mobilelegends/MPL/Indonesia/Season_8/Playoffs | https://github.com/LiTianYeoh/MLBB_Tournament_Analysis/blob/94ea36800e80c9e89a2356a0b81d3eeafbd6a4f7/analysis/data/consolidated_game_data_20240505.csv
8,S8-PO-002,4,AURA Fire,pick,5,Yve,https://liquipedia.net/mobilelegends/MPL/Indonesia/Season_8/Playoffs | https://github.com/LiTianYeoh/MLBB_Tournament_Analysis/blob/94ea36800e80c9e89a2356a0b81d3eeafbd6a4f7/analysis/data/consolidated_game_data_20240505.csv
8,S8-PO-002,5,EVOS Legends,ban,1,Kadita,https://liquipedia.net/mobilelegends/MPL/Indonesia/Season_8/Playoffs | https://github.com/LiTianYeoh/MLBB_Tournament_Analysis/blob/94ea36800e80c9e89a2356a0b81d3eeafbd6a4f7/analysis/data/consolidated_game_data_20240505.csv
8,S8-PO-002,5,EVOS Legends,ban,2,X.Borg,https://liquipedia.net/mobilelegends/MPL/Indonesia/Season_8/Playoffs | https://github.com/LiTianYeoh/MLBB_Tournament_Analysis/blob/94ea36800e80c9e89a2356a0b81d3eeafbd6a4f7/analysis/data/consolidated_game_data_20240505.csv
8,S8-PO-002,5,EVOS Legends,ban,3,Paquito,https://liquipedia.net/mobilelegends/MPL/Indonesia/Season_8/Playoffs | https://github.com/LiTianYeoh/MLBB_Tournament_Analysis/blob/94ea36800e80c9e89a2356a0b81d3eeafbd6a4f7/analysis/data/consolidated_game_data_20240505.csv
8,S8-PO-002,5,EVOS Legends,ban,4,Lunox,https://liquipedia.net/mobilelegends/MPL/Indonesia/Season_8/Playoffs | https://github.com/LiTianYeoh/MLBB_Tournament_Analysis/blob/94ea36800e80c9e89a2356a0b81d3eeafbd6a4f7/analysis/data/consolidated_game_data_20240505.csv
8,S8-PO-002,5,EVOS Legends,ban,5,Alice,https://liquipedia.net/mobilelegends/MPL/Indonesia/Season_8/Playoffs | https://github.com/LiTianYeoh/MLBB_Tournament_Analysis/blob/94ea36800e80c9e89a2356a0b81d3eeafbd6a4f7/analysis/data/consolidated_game_data_20240505.csv
8,S8-PO-002,5,EVOS Legends,pick,1,Floryn,https://liquipedia.net/mobilelegends/MPL/Indonesia/Season_8/Playoffs | https://github.com/LiTianYeoh/MLBB_Tournament_Analysis/blob/94ea36800e80c9e89a2356a0b81d3eeafbd6a4f7/analysis/data/consolidated_game_data_20240505.csv
8,S8-PO-002,5,EVOS Legends,pick,2,Pharsa,https://liquipedia.net/mobilelegends/MPL/Indonesia/Season_8/Playoffs | https://github.com/LiTianYeoh/MLBB_Tournament_Analysis/blob/94ea36800e80c9e89a2356a0b81d3eeafbd6a4f7/analysis/data/consolidated_game_data_20240505.csv
8,S8-PO-002,5,EVOS Legends,pick,3,Karina,https://liquipedia.net/mobilelegends/MPL/Indonesia/Season_8/Playoffs | https://github.com/LiTianYeoh/MLBB_Tournament_Analysis/blob/94ea36800e80c9e89a2356a0b81d3eeafbd6a4f7/analysis/data/consolidated_game_data_20240505.csv
8,S8-PO-002,5,EVOS Legends,pick,4,Yu Zhong,https://liquipedia.net/mobilelegends/MPL/Indonesia/Season_8/Playoffs | https://github.com/LiTianYeoh/MLBB_Tournament_Analysis/blob/94ea36800e80c9e89a2356a0b81d3eeafbd6a4f7/analysis/data/consolidated_game_data_20240505.csv
8,S8-PO-002,5,EVOS Legends,pick,5,Natan,https://liquipedia.net/mobilelegends/MPL/Indonesia/Season_8/Playoffs | https://github.com/LiTianYeoh/MLBB_Tournament_Analysis/blob/94ea36800e80c9e89a2356a0b81d3eeafbd6a4f7/analysis/data/consolidated_game_data_20240505.csv
8,S8-PO-002,5,AURA Fire,ban,1,Popol and Kupa,https://liquipedia.net/mobilelegends/MPL/Indonesia/Season_8/Playoffs | https://github.com/LiTianYeoh/MLBB_Tournament_Analysis/blob/94ea36800e80c9e89a2356a0b81d3eeafbd6a4f7/analysis/data/consolidated_game_data_20240505.csv
8,S8-PO-002,5,AURA Fire,ban,2,Rafaela,https://liquipedia.net/mobilelegends/MPL/Indonesia/Season_8/Playoffs | https://github.com/LiTianYeoh/MLBB_Tournament_Analysis/blob/94ea36800e80c9e89a2356a0b81d3eeafbd6a4f7/analysis/data/consolidated_game_data_20240505.csv
8,S8-PO-002,5,AURA Fire,ban,3,Jawhead,https://liquipedia.net/mobilelegends/MPL/Indonesia/Season_8/Playoffs | https://github.com/LiTianYeoh/MLBB_Tournament_Analysis/blob/94ea36800e80c9e89a2356a0b81d3eeafbd6a4f7/analysis/data/consolidated_game_data_20240505.csv
8,S8-PO-002,5,AURA Fire,ban,4,Wanwan,https://liquipedia.net/mobilelegends/MPL/Indonesia/Season_8/Playoffs | https://github.com/LiTianYeoh/MLBB_Tournament_Analysis/blob/94ea36800e80c9e89a2356a0b81d3eeafbd6a4f7/analysis/data/consolidated_game_data_20240505.csv
8,S8-PO-002,5,AURA Fire,ban,5,Angela,https://liquipedia.net/mobilelegends/MPL/Indonesia/Season_8/Playoffs | https://github.com/LiTianYeoh/MLBB_Tournament_Analysis/blob/94ea36800e80c9e89a2356a0b81d3eeafbd6a4f7/analysis/data/consolidated_game_data_20240505.csv
8,S8-PO-002,5,AURA Fire,pick,1,Esmeralda,https://liquipedia.net/mobilelegends/MPL/Indonesia/Season_8/Playoffs | https://github.com/LiTianYeoh/MLBB_Tournament_Analysis/blob/94ea36800e80c9e89a2356a0b81d3eeafbd6a4f7/analysis/data/consolidated_game_data_20240505.csv
8,S8-PO-002,5,AURA Fire,pick,2,Lapu-Lapu,https://liquipedia.net/mobilelegends/MPL/Indonesia/Season_8/Playoffs | https://github.com/LiTianYeoh/MLBB_Tournament_Analysis/blob/94ea36800e80c9e89a2356a0b81d3eeafbd6a4f7/analysis/data/consolidated_game_data_20240505.csv
8,S8-PO-002,5,AURA Fire,pick,3,Hayabusa,https://liquipedia.net/mobilelegends/MPL/Indonesia/Season_8/Playoffs | https://github.com/LiTianYeoh/MLBB_Tournament_Analysis/blob/94ea36800e80c9e89a2356a0b81d3eeafbd6a4f7/analysis/data/consolidated_game_data_20240505.csv
8,S8-PO-002,5,AURA Fire,pick,4,Mathilda,https://liquipedia.net/mobilelegends/MPL/Indonesia/Season_8/Playoffs | https://github.com/LiTianYeoh/MLBB_Tournament_Analysis/blob/94ea36800e80c9e89a2356a0b81d3eeafbd6a4f7/analysis/data/consolidated_game_data_20240505.csv
8,S8-PO-002,5,AURA Fire,pick,5,Yve,https://liquipedia.net/mobilelegends/MPL/Indonesia/Season_8/Playoffs | https://github.com/LiTianYeoh/MLBB_Tournament_Analysis/blob/94ea36800e80c9e89a2356a0b81d3eeafbd6a4f7/analysis/data/consolidated_game_data_20240505.csv
8,S8-PO-003,1,RRQ Hoshi,ban,1,Jawhead,https://liquipedia.net/mobilelegends/MPL/Indonesia/Season_8/Playoffs | https://github.com/LiTianYeoh/MLBB_Tournament_Analysis/blob/94ea36800e80c9e89a2356a0b81d3eeafbd6a4f7/analysis/data/consolidated_game_data_20240505.csv
8,S8-PO-003,1,RRQ Hoshi,ban,2,Phoveus,https://liquipedia.net/mobilelegends/MPL/Indonesia/Season_8/Playoffs | https://github.com/LiTianYeoh/MLBB_Tournament_Analysis/blob/94ea36800e80c9e89a2356a0b81d3eeafbd6a4f7/analysis/data/consolidated_game_data_20240505.csv
8,S8-PO-003,1,RRQ Hoshi,ban,3,Pharsa,https://liquipedia.net/mobilelegends/MPL/Indonesia/Season_8/Playoffs | https://github.com/LiTianYeoh/MLBB_Tournament_Analysis/blob/94ea36800e80c9e89a2356a0b81d3eeafbd6a4f7/analysis/data/consolidated_game_data_20240505.csv
8,S8-PO-003,1,RRQ Hoshi,ban,4,Karina,https://liquipedia.net/mobilelegends/MPL/Indonesia/Season_8/Playoffs | https://github.com/LiTianYeoh/MLBB_Tournament_Analysis/blob/94ea36800e80c9e89a2356a0b81d3eeafbd6a4f7/analysis/data/consolidated_game_data_20240505.csv
8,S8-PO-003,1,RRQ Hoshi,ban,5,Yu Zhong,https://liquipedia.net/mobilelegends/MPL/Indonesia/Season_8/Playoffs | https://github.com/LiTianYeoh/MLBB_Tournament_Analysis/blob/94ea36800e80c9e89a2356a0b81d3eeafbd6a4f7/analysis/data/consolidated_game_data_20240505.csv
8,S8-PO-003,1,RRQ Hoshi,pick,1,Benedetta,https://liquipedia.net/mobilelegends/MPL/Indonesia/Season_8/Playoffs | https://github.com/LiTianYeoh/MLBB_Tournament_Analysis/blob/94ea36800e80c9e89a2356a0b81d3eeafbd6a4f7/analysis/data/consolidated_game_data_20240505.csv
8,S8-PO-003,1,RRQ Hoshi,pick,2,Lunox,https://liquipedia.net/mobilelegends/MPL/Indonesia/Season_8/Playoffs | https://github.com/LiTianYeoh/MLBB_Tournament_Analysis/blob/94ea36800e80c9e89a2356a0b81d3eeafbd6a4f7/analysis/data/consolidated_game_data_20240505.csv
8,S8-PO-003,1,RRQ Hoshi,pick,3,Paquito,https://liquipedia.net/mobilelegends/MPL/Indonesia/Season_8/Playoffs | https://github.com/LiTianYeoh/MLBB_Tournament_Analysis/blob/94ea36800e80c9e89a2356a0b81d3eeafbd6a4f7/analysis/data/consolidated_game_data_20240505.csv
8,S8-PO-003,1,RRQ Hoshi,pick,4,Hylos,https://liquipedia.net/mobilelegends/MPL/Indonesia/Season_8/Playoffs | https://github.com/LiTianYeoh/MLBB_Tournament_Analysis/blob/94ea36800e80c9e89a2356a0b81d3eeafbd6a4f7/analysis/data/consolidated_game_data_20240505.csv
8,S8-PO-003,1,RRQ Hoshi,pick,5,Aldous,https://liquipedia.net/mobilelegends/MPL/Indonesia/Season_8/Playoffs | https://github.com/LiTianYeoh/MLBB_Tournament_Analysis/blob/94ea36800e80c9e89a2356a0b81d3eeafbd6a4f7/analysis/data/consolidated_game_data_20240505.csv
8,S8-PO-003,1,Alter Ego,ban,1,Khufra,https://liquipedia.net/mobilelegends/MPL/Indonesia/Season_8/Playoffs | https://github.com/LiTianYeoh/MLBB_Tournament_Analysis/blob/94ea36800e80c9e89a2356a0b81d3eeafbd6a4f7/analysis/data/consolidated_game_data_20240505.csv
8,S8-PO-003,1,Alter Ego,ban,2,Rafaela,https://liquipedia.net/mobilelegends/MPL/Indonesia/Season_8/Playoffs | https://github.com/LiTianYeoh/MLBB_Tournament_Analysis/blob/94ea36800e80c9e89a2356a0b81d3eeafbd6a4f7/analysis/data/consolidated_game_data_20240505.csv
8,S8-PO-003,1,Alter Ego,ban,3,Yve,https://liquipedia.net/mobilelegends/MPL/Indonesia/Season_8/Playoffs | https://github.com/LiTianYeoh/MLBB_Tournament_Analysis/blob/94ea36800e80c9e89a2356a0b81d3eeafbd6a4f7/analysis/data/consolidated_game_data_20240505.csv
8,S8-PO-003,1,Alter Ego,ban,4,Ling,https://liquipedia.net/mobilelegends/MPL/Indonesia/Season_8/Playoffs | https://github.com/LiTianYeoh/MLBB_Tournament_Analysis/blob/94ea36800e80c9e89a2356a0b81d3eeafbd6a4f7/analysis/data/consolidated_game_data_20240505.csv
8,S8-PO-003,1,Alter Ego,ban,5,Hayabusa,https://liquipedia.net/mobilelegends/MPL/Indonesia/Season_8/Playoffs | https://github.com/LiTianYeoh/MLBB_Tournament_Analysis/blob/94ea36800e80c9e89a2356a0b81d3eeafbd6a4f7/analysis/data/consolidated_game_data_20240505.csv
8,S8-PO-003,1,Alter Ego,pick,1,Mathilda,https://liquipedia.net/mobilelegends/MPL/Indonesia/Season_8/Playoffs | https://github.com/LiTianYeoh/MLBB_Tournament_Analysis/blob/94ea36800e80c9e89a2356a0b81d3eeafbd6a4f7/analysis/data/consolidated_game_data_20240505.csv
8,S8-PO-003,1,Alter Ego,pick,2,Roger,https://liquipedia.net/mobilelegends/MPL/Indonesia/Season_8/Playoffs | https://github.com/LiTianYeoh/MLBB_Tournament_Analysis/blob/94ea36800e80c9e89a2356a0b81d3eeafbd6a4f7/analysis/data/consolidated_game_data_20240505.csv
8,S8-PO-003,1,Alter Ego,pick,3,Esmeralda,https://liquipedia.net/mobilelegends/MPL/Indonesia/Season_8/Playoffs | https://github.com/LiTianYeoh/MLBB_Tournament_Analysis/blob/94ea36800e80c9e89a2356a0b81d3eeafbd6a4f7/analysis/data/consolidated_game_data_20240505.csv
8,S8-PO-003,1,Alter Ego,pick,4,Natan,https://liquipedia.net/mobilelegends/MPL/Indonesia/Season_8/Playoffs | https://github.com/LiTianYeoh/MLBB_Tournament_Analysis/blob/94ea36800e80c9e89a2356a0b81d3eeafbd6a4f7/analysis/data/consolidated_game_data_20240505.csv
8,S8-PO-003,1,Alter Ego,pick,5,Natalia,https://liquipedia.net/mobilelegends/MPL/Indonesia/Season_8/Playoffs | https://github.com/LiTianYeoh/MLBB_Tournament_Analysis/blob/94ea36800e80c9e89a2356a0b81d3eeafbd6a4f7/analysis/data/consolidated_game_data_20240505.csv
8,S8-PO-003,2,RRQ Hoshi,ban,1,Jawhead,https://liquipedia.net/mobilelegends/MPL/Indonesia/Season_8/Playoffs | https://github.com/LiTianYeoh/MLBB_Tournament_Analysis/blob/94ea36800e80c9e89a2356a0b81d3eeafbd6a4f7/analysis/data/consolidated_game_data_20240505.csv
8,S8-PO-003,2,RRQ Hoshi,ban,2,Phoveus,https://liquipedia.net/mobilelegends/MPL/Indonesia/Season_8/Playoffs | https://github.com/LiTianYeoh/MLBB_Tournament_Analysis/blob/94ea36800e80c9e89a2356a0b81d3eeafbd6a4f7/analysis/data/consolidated_game_data_20240505.csv
8,S8-PO-003,2,RRQ Hoshi,ban,3,Pharsa,https://liquipedia.net/mobilelegends/MPL/Indonesia/Season_8/Playoffs | https://github.com/LiTianYeoh/MLBB_Tournament_Analysis/blob/94ea36800e80c9e89a2356a0b81d3eeafbd6a4f7/analysis/data/consolidated_game_data_20240505.csv
8,S8-PO-003,2,RRQ Hoshi,ban,4,Karina,https://liquipedia.net/mobilelegends/MPL/Indonesia/Season_8/Playoffs | https://github.com/LiTianYeoh/MLBB_Tournament_Analysis/blob/94ea36800e80c9e89a2356a0b81d3eeafbd6a4f7/analysis/data/consolidated_game_data_20240505.csv
8,S8-PO-003,2,RRQ Hoshi,ban,5,Yu Zhong,https://liquipedia.net/mobilelegends/MPL/Indonesia/Season_8/Playoffs | https://github.com/LiTianYeoh/MLBB_Tournament_Analysis/blob/94ea36800e80c9e89a2356a0b81d3eeafbd6a4f7/analysis/data/consolidated_game_data_20240505.csv
8,S8-PO-003,2,RRQ Hoshi,pick,1,X.Borg,https://liquipedia.net/mobilelegends/MPL/Indonesia/Season_8/Playoffs | https://github.com/LiTianYeoh/MLBB_Tournament_Analysis/blob/94ea36800e80c9e89a2356a0b81d3eeafbd6a4f7/analysis/data/consolidated_game_data_20240505.csv
8,S8-PO-003,2,RRQ Hoshi,pick,2,Yve,https://liquipedia.net/mobilelegends/MPL/Indonesia/Season_8/Playoffs | https://github.com/LiTianYeoh/MLBB_Tournament_Analysis/blob/94ea36800e80c9e89a2356a0b81d3eeafbd6a4f7/analysis/data/consolidated_game_data_20240505.csv
8,S8-PO-003,2,RRQ Hoshi,pick,3,Benedetta,https://liquipedia.net/mobilelegends/MPL/Indonesia/Season_8/Playoffs | https://github.com/LiTianYeoh/MLBB_Tournament_Analysis/blob/94ea36800e80c9e89a2356a0b81d3eeafbd6a4f7/analysis/data/consolidated_game_data_20240505.csv
8,S8-PO-003,2,RRQ Hoshi,pick,4,Ruby,https://liquipedia.net/mobilelegends/MPL/Indonesia/Season_8/Playoffs | https://github.com/LiTianYeoh/MLBB_Tournament_Analysis/blob/94ea36800e80c9e89a2356a0b81d3eeafbd6a4f7/analysis/data/consolidated_game_data_20240505.csv
8,S8-PO-003,2,RRQ Hoshi,pick,5,Brody,https://liquipedia.net/mobilelegends/MPL/Indonesia/Season_8/Playoffs | https://github.com/LiTianYeoh/MLBB_Tournament_Analysis/blob/94ea36800e80c9e89a2356a0b81d3eeafbd6a4f7/analysis/data/consolidated_game_data_20240505.csv
8,S8-PO-003,2,Alter Ego,ban,1,Lunox,https://liquipedia.net/mobilelegends/MPL/Indonesia/Season_8/Playoffs | https://github.com/LiTianYeoh/MLBB_Tournament_Analysis/blob/94ea36800e80c9e89a2356a0b81d3eeafbd6a4f7/analysis/data/consolidated_game_data_20240505.csv
8,S8-PO-003,2,Alter Ego,ban,2,Roger,https://liquipedia.net/mobilelegends/MPL/Indonesia/Season_8/Playoffs | https://github.com/LiTianYeoh/MLBB_Tournament_Analysis/blob/94ea36800e80c9e89a2356a0b81d3eeafbd6a4f7/analysis/data/consolidated_game_data_20240505.csv
8,S8-PO-003,2,Alter Ego,ban,3,Esmeralda,https://liquipedia.net/mobilelegends/MPL/Indonesia/Season_8/Playoffs | https://github.com/LiTianYeoh/MLBB_Tournament_Analysis/blob/94ea36800e80c9e89a2356a0b81d3eeafbd6a4f7/analysis/data/consolidated_game_data_20240505.csv
8,S8-PO-003,2,Alter Ego,ban,4,Ling,https://liquipedia.net/mobilelegends/MPL/Indonesia/Season_8/Playoffs | https://github.com/LiTianYeoh/MLBB_Tournament_Analysis/blob/94ea36800e80c9e89a2356a0b81d3eeafbd6a4f7/analysis/data/consolidated_game_data_20240505.csv
8,S8-PO-003,2,Alter Ego,ban,5,Hayabusa,https://liquipedia.net/mobilelegends/MPL/Indonesia/Season_8/Playoffs | https://github.com/LiTianYeoh/MLBB_Tournament_Analysis/blob/94ea36800e80c9e89a2356a0b81d3eeafbd6a4f7/analysis/data/consolidated_game_data_20240505.csv
8,S8-PO-003,2,Alter Ego,pick,1,Mathilda,https://liquipedia.net/mobilelegends/MPL/Indonesia/Season_8/Playoffs | https://github.com/LiTianYeoh/MLBB_Tournament_Analysis/blob/94ea36800e80c9e89a2356a0b81d3eeafbd6a4f7/analysis/data/consolidated_game_data_20240505.csv
8,S8-PO-003,2,Alter Ego,pick,2,Granger,https://liquipedia.net/mobilelegends/MPL/Indonesia/Season_8/Playoffs | https://github.com/LiTianYeoh/MLBB_Tournament_Analysis/blob/94ea36800e80c9e89a2356a0b81d3eeafbd6a4f7/analysis/data/consolidated_game_data_20240505.csv
8,S8-PO-003,2,Alter Ego,pick,3,Paquito,https://liquipedia.net/mobilelegends/MPL/Indonesia/Season_8/Playoffs | https://github.com/LiTianYeoh/MLBB_Tournament_Analysis/blob/94ea36800e80c9e89a2356a0b81d3eeafbd6a4f7/analysis/data/consolidated_game_data_20240505.csv
8,S8-PO-003,2,Alter Ego,pick,4,Alice,https://liquipedia.net/mobilelegends/MPL/Indonesia/Season_8/Playoffs | https://github.com/LiTianYeoh/MLBB_Tournament_Analysis/blob/94ea36800e80c9e89a2356a0b81d3eeafbd6a4f7/analysis/data/consolidated_game_data_20240505.csv
8,S8-PO-003,2,Alter Ego,pick,5,Khufra,https://liquipedia.net/mobilelegends/MPL/Indonesia/Season_8/Playoffs | https://github.com/LiTianYeoh/MLBB_Tournament_Analysis/blob/94ea36800e80c9e89a2356a0b81d3eeafbd6a4f7/analysis/data/consolidated_game_data_20240505.csv
8,S8-PO-003,3,RRQ Hoshi,ban,1,Hayabusa,https://liquipedia.net/mobilelegends/MPL/Indonesia/Season_8/Playoffs | https://github.com/LiTianYeoh/MLBB_Tournament_Analysis/blob/94ea36800e80c9e89a2356a0b81d3eeafbd6a4f7/analysis/data/consolidated_game_data_20240505.csv
8,S8-PO-003,3,RRQ Hoshi,ban,2,Phoveus,https://liquipedia.net/mobilelegends/MPL/Indonesia/Season_8/Playoffs | https://github.com/LiTianYeoh/MLBB_Tournament_Analysis/blob/94ea36800e80c9e89a2356a0b81d3eeafbd6a4f7/analysis/data/consolidated_game_data_20240505.csv
8,S8-PO-003,3,RRQ Hoshi,ban,3,Pharsa,https://liquipedia.net/mobilelegends/MPL/Indonesia/Season_8/Playoffs | https://github.com/LiTianYeoh/MLBB_Tournament_Analysis/blob/94ea36800e80c9e89a2356a0b81d3eeafbd6a4f7/analysis/data/consolidated_game_data_20240505.csv
8,S8-PO-003,3,RRQ Hoshi,ban,4,Baxia,https://liquipedia.net/mobilelegends/MPL/Indonesia/Season_8/Playoffs | https://github.com/LiTianYeoh/MLBB_Tournament_Analysis/blob/94ea36800e80c9e89a2356a0b81d3eeafbd6a4f7/analysis/data/consolidated_game_data_20240505.csv
8,S8-PO-003,3,RRQ Hoshi,ban,5,Chou,https://liquipedia.net/mobilelegends/MPL/Indonesia/Season_8/Playoffs | https://github.com/LiTianYeoh/MLBB_Tournament_Analysis/blob/94ea36800e80c9e89a2356a0b81d3eeafbd6a4f7/analysis/data/consolidated_game_data_20240505.csv
8,S8-PO-003,3,RRQ Hoshi,pick,1,Esmeralda,https://liquipedia.net/mobilelegends/MPL/Indonesia/Season_8/Playoffs | https://github.com/LiTianYeoh/MLBB_Tournament_Analysis/blob/94ea36800e80c9e89a2356a0b81d3eeafbd6a4f7/analysis/data/consolidated_game_data_20240505.csv
8,S8-PO-003,3,RRQ Hoshi,pick,2,Pharsa,https://liquipedia.net/mobilelegends/MPL/Indonesia/Season_8/Playoffs | https://github.com/LiTianYeoh/MLBB_Tournament_Analysis/blob/94ea36800e80c9e89a2356a0b81d3eeafbd6a4f7/analysis/data/consolidated_game_data_20240505.csv
8,S8-PO-003,3,RRQ Hoshi,pick,3,Alucard,https://liquipedia.net/mobilelegends/MPL/Indonesia/Season_8/Playoffs | https://github.com/LiTianYeoh/MLBB_Tournament_Analysis/blob/94ea36800e80c9e89a2356a0b81d3eeafbd6a4f7/analysis/data/consolidated_game_data_20240505.csv
8,S8-PO-003,3,RRQ Hoshi,pick,4,Khufra,https://liquipedia.net/mobilelegends/MPL/Indonesia/Season_8/Playoffs | https://github.com/LiTianYeoh/MLBB_Tournament_Analysis/blob/94ea36800e80c9e89a2356a0b81d3eeafbd6a4f7/analysis/data/consolidated_game_data_20240505.csv
8,S8-PO-003,3,RRQ Hoshi,pick,5,Aldous,https://liquipedia.net/mobilelegends/MPL/Indonesia/Season_8/Playoffs | https://github.com/LiTianYeoh/MLBB_Tournament_Analysis/blob/94ea36800e80c9e89a2356a0b81d3eeafbd6a4f7/analysis/data/consolidated_game_data_20240505.csv
8,S8-PO-003,3,Alter Ego,ban,1,Lancelot,https://liquipedia.net/mobilelegends/MPL/Indonesia/Season_8/Playoffs | https://github.com/LiTianYeoh/MLBB_Tournament_Analysis/blob/94ea36800e80c9e89a2356a0b81d3eeafbd6a4f7/analysis/data/consolidated_game_data_20240505.csv
8,S8-PO-003,3,Alter Ego,ban,2,Ruby,https://liquipedia.net/mobilelegends/MPL/Indonesia/Season_8/Playoffs | https://github.com/LiTianYeoh/MLBB_Tournament_Analysis/blob/94ea36800e80c9e89a2356a0b81d3eeafbd6a4f7/analysis/data/consolidated_game_data_20240505.csv
8,S8-PO-003,3,Alter Ego,ban,3,Mathilda,https://liquipedia.net/mobilelegends/MPL/Indonesia/Season_8/Playoffs | https://github.com/LiTianYeoh/MLBB_Tournament_Analysis/blob/94ea36800e80c9e89a2356a0b81d3eeafbd6a4f7/analysis/data/consolidated_game_data_20240505.csv
8,S8-PO-003,3,Alter Ego,ban,4,Paquito,https://liquipedia.net/mobilelegends/MPL/Indonesia/Season_8/Playoffs | https://github.com/LiTianYeoh/MLBB_Tournament_Analysis/blob/94ea36800e80c9e89a2356a0b81d3eeafbd6a4f7/analysis/data/consolidated_game_data_20240505.csv
8,S8-PO-003,3,Alter Ego,ban,5,Jawhead,https://liquipedia.net/mobilelegends/MPL/Indonesia/Season_8/Playoffs | https://github.com/LiTianYeoh/MLBB_Tournament_Analysis/blob/94ea36800e80c9e89a2356a0b81d3eeafbd6a4f7/analysis/data/consolidated_game_data_20240505.csv
8,S8-PO-003,3,Alter Ego,pick,1,Lylia,https://liquipedia.net/mobilelegends/MPL/Indonesia/Season_8/Playoffs | https://github.com/LiTianYeoh/MLBB_Tournament_Analysis/blob/94ea36800e80c9e89a2356a0b81d3eeafbd6a4f7/analysis/data/consolidated_game_data_20240505.csv
8,S8-PO-003,3,Alter Ego,pick,2,Ling,https://liquipedia.net/mobilelegends/MPL/Indonesia/Season_8/Playoffs | https://github.com/LiTianYeoh/MLBB_Tournament_Analysis/blob/94ea36800e80c9e89a2356a0b81d3eeafbd6a4f7/analysis/data/consolidated_game_data_20240505.csv
8,S8-PO-003,3,Alter Ego,pick,3,Thamuz,https://liquipedia.net/mobilelegends/MPL/Indonesia/Season_8/Playoffs | https://github.com/LiTianYeoh/MLBB_Tournament_Analysis/blob/94ea36800e80c9e89a2356a0b81d3eeafbd6a4f7/analysis/data/consolidated_game_data_20240505.csv
8,S8-PO-003,3,Alter Ego,pick,4,Benedetta,https://liquipedia.net/mobilelegends/MPL/Indonesia/Season_8/Playoffs | https://github.com/LiTianYeoh/MLBB_Tournament_Analysis/blob/94ea36800e80c9e89a2356a0b81d3eeafbd6a4f7/analysis/data/consolidated_game_data_20240505.csv
8,S8-PO-003,3,Alter Ego,pick,5,Selena,https://liquipedia.net/mobilelegends/MPL/Indonesia/Season_8/Playoffs | https://github.com/LiTianYeoh/MLBB_Tournament_Analysis/blob/94ea36800e80c9e89a2356a0b81d3eeafbd6a4f7/analysis/data/consolidated_game_data_20240505.csv
8,S8-PO-004,1,ONIC Esports,ban,1,Hayabusa,https://liquipedia.net/mobilelegends/MPL/Indonesia/Season_8/Playoffs | https://github.com/LiTianYeoh/MLBB_Tournament_Analysis/blob/94ea36800e80c9e89a2356a0b81d3eeafbd6a4f7/analysis/data/consolidated_game_data_20240505.csv
8,S8-PO-004,1,ONIC Esports,ban,2,Pharsa,https://liquipedia.net/mobilelegends/MPL/Indonesia/Season_8/Playoffs | https://github.com/LiTianYeoh/MLBB_Tournament_Analysis/blob/94ea36800e80c9e89a2356a0b81d3eeafbd6a4f7/analysis/data/consolidated_game_data_20240505.csv
8,S8-PO-004,1,ONIC Esports,ban,3,Mathilda,https://liquipedia.net/mobilelegends/MPL/Indonesia/Season_8/Playoffs | https://github.com/LiTianYeoh/MLBB_Tournament_Analysis/blob/94ea36800e80c9e89a2356a0b81d3eeafbd6a4f7/analysis/data/consolidated_game_data_20240505.csv
8,S8-PO-004,1,ONIC Esports,ban,4,Ruby,https://liquipedia.net/mobilelegends/MPL/Indonesia/Season_8/Playoffs | https://github.com/LiTianYeoh/MLBB_Tournament_Analysis/blob/94ea36800e80c9e89a2356a0b81d3eeafbd6a4f7/analysis/data/consolidated_game_data_20240505.csv
8,S8-PO-004,1,ONIC Esports,ban,5,Yu Zhong,https://liquipedia.net/mobilelegends/MPL/Indonesia/Season_8/Playoffs | https://github.com/LiTianYeoh/MLBB_Tournament_Analysis/blob/94ea36800e80c9e89a2356a0b81d3eeafbd6a4f7/analysis/data/consolidated_game_data_20240505.csv
8,S8-PO-004,1,ONIC Esports,pick,1,Balmond,https://liquipedia.net/mobilelegends/MPL/Indonesia/Season_8/Playoffs | https://github.com/LiTianYeoh/MLBB_Tournament_Analysis/blob/94ea36800e80c9e89a2356a0b81d3eeafbd6a4f7/analysis/data/consolidated_game_data_20240505.csv
8,S8-PO-004,1,ONIC Esports,pick,2,Natan,https://liquipedia.net/mobilelegends/MPL/Indonesia/Season_8/Playoffs | https://github.com/LiTianYeoh/MLBB_Tournament_Analysis/blob/94ea36800e80c9e89a2356a0b81d3eeafbd6a4f7/analysis/data/consolidated_game_data_20240505.csv
8,S8-PO-004,1,ONIC Esports,pick,3,Kaja,https://liquipedia.net/mobilelegends/MPL/Indonesia/Season_8/Playoffs | https://github.com/LiTianYeoh/MLBB_Tournament_Analysis/blob/94ea36800e80c9e89a2356a0b81d3eeafbd6a4f7/analysis/data/consolidated_game_data_20240505.csv
8,S8-PO-004,1,ONIC Esports,pick,4,Lunox,https://liquipedia.net/mobilelegends/MPL/Indonesia/Season_8/Playoffs | https://github.com/LiTianYeoh/MLBB_Tournament_Analysis/blob/94ea36800e80c9e89a2356a0b81d3eeafbd6a4f7/analysis/data/consolidated_game_data_20240505.csv
8,S8-PO-004,1,ONIC Esports,pick,5,Bane,https://liquipedia.net/mobilelegends/MPL/Indonesia/Season_8/Playoffs | https://github.com/LiTianYeoh/MLBB_Tournament_Analysis/blob/94ea36800e80c9e89a2356a0b81d3eeafbd6a4f7/analysis/data/consolidated_game_data_20240505.csv
8,S8-PO-004,1,EVOS Legends,ban,1,Fanny,https://liquipedia.net/mobilelegends/MPL/Indonesia/Season_8/Playoffs | https://github.com/LiTianYeoh/MLBB_Tournament_Analysis/blob/94ea36800e80c9e89a2356a0b81d3eeafbd6a4f7/analysis/data/consolidated_game_data_20240505.csv
8,S8-PO-004,1,EVOS Legends,ban,2,X.Borg,https://liquipedia.net/mobilelegends/MPL/Indonesia/Season_8/Playoffs | https://github.com/LiTianYeoh/MLBB_Tournament_Analysis/blob/94ea36800e80c9e89a2356a0b81d3eeafbd6a4f7/analysis/data/consolidated_game_data_20240505.csv
8,S8-PO-004,1,EVOS Legends,ban,3,Paquito,https://liquipedia.net/mobilelegends/MPL/Indonesia/Season_8/Playoffs | https://github.com/LiTianYeoh/MLBB_Tournament_Analysis/blob/94ea36800e80c9e89a2356a0b81d3eeafbd6a4f7/analysis/data/consolidated_game_data_20240505.csv
8,S8-PO-004,1,EVOS Legends,ban,4,Selena,https://liquipedia.net/mobilelegends/MPL/Indonesia/Season_8/Playoffs | https://github.com/LiTianYeoh/MLBB_Tournament_Analysis/blob/94ea36800e80c9e89a2356a0b81d3eeafbd6a4f7/analysis/data/consolidated_game_data_20240505.csv
8,S8-PO-004,1,EVOS Legends,ban,5,Jawhead,https://liquipedia.net/mobilelegends/MPL/Indonesia/Season_8/Playoffs | https://github.com/LiTianYeoh/MLBB_Tournament_Analysis/blob/94ea36800e80c9e89a2356a0b81d3eeafbd6a4f7/analysis/data/consolidated_game_data_20240505.csv
8,S8-PO-004,1,EVOS Legends,pick,1,Lapu-Lapu,https://liquipedia.net/mobilelegends/MPL/Indonesia/Season_8/Playoffs | https://github.com/LiTianYeoh/MLBB_Tournament_Analysis/blob/94ea36800e80c9e89a2356a0b81d3eeafbd6a4f7/analysis/data/consolidated_game_data_20240505.csv
8,S8-PO-004,1,EVOS Legends,pick,2,Karina,https://liquipedia.net/mobilelegends/MPL/Indonesia/Season_8/Playoffs | https://github.com/LiTianYeoh/MLBB_Tournament_Analysis/blob/94ea36800e80c9e89a2356a0b81d3eeafbd6a4f7/analysis/data/consolidated_game_data_20240505.csv
8,S8-PO-004,1,EVOS Legends,pick,3,Aldous,https://liquipedia.net/mobilelegends/MPL/Indonesia/Season_8/Playoffs | https://github.com/LiTianYeoh/MLBB_Tournament_Analysis/blob/94ea36800e80c9e89a2356a0b81d3eeafbd6a4f7/analysis/data/consolidated_game_data_20240505.csv
8,S8-PO-004,1,EVOS Legends,pick,4,Yve,https://liquipedia.net/mobilelegends/MPL/Indonesia/Season_8/Playoffs | https://github.com/LiTianYeoh/MLBB_Tournament_Analysis/blob/94ea36800e80c9e89a2356a0b81d3eeafbd6a4f7/analysis/data/consolidated_game_data_20240505.csv
8,S8-PO-004,1,EVOS Legends,pick,5,Angela,https://liquipedia.net/mobilelegends/MPL/Indonesia/Season_8/Playoffs | https://github.com/LiTianYeoh/MLBB_Tournament_Analysis/blob/94ea36800e80c9e89a2356a0b81d3eeafbd6a4f7/analysis/data/consolidated_game_data_20240505.csv
8,S8-PO-004,2,ONIC Esports,ban,1,Hayabusa,https://liquipedia.net/mobilelegends/MPL/Indonesia/Season_8/Playoffs | https://github.com/LiTianYeoh/MLBB_Tournament_Analysis/blob/94ea36800e80c9e89a2356a0b81d3eeafbd6a4f7/analysis/data/consolidated_game_data_20240505.csv
8,S8-PO-004,2,ONIC Esports,ban,2,Pharsa,https://liquipedia.net/mobilelegends/MPL/Indonesia/Season_8/Playoffs | https://github.com/LiTianYeoh/MLBB_Tournament_Analysis/blob/94ea36800e80c9e89a2356a0b81d3eeafbd6a4f7/analysis/data/consolidated_game_data_20240505.csv
8,S8-PO-004,2,ONIC Esports,ban,3,Yve,https://liquipedia.net/mobilelegends/MPL/Indonesia/Season_8/Playoffs | https://github.com/LiTianYeoh/MLBB_Tournament_Analysis/blob/94ea36800e80c9e89a2356a0b81d3eeafbd6a4f7/analysis/data/consolidated_game_data_20240505.csv
8,S8-PO-004,2,ONIC Esports,ban,4,Karina,https://liquipedia.net/mobilelegends/MPL/Indonesia/Season_8/Playoffs | https://github.com/LiTianYeoh/MLBB_Tournament_Analysis/blob/94ea36800e80c9e89a2356a0b81d3eeafbd6a4f7/analysis/data/consolidated_game_data_20240505.csv
8,S8-PO-004,2,ONIC Esports,ban,5,Aldous,https://liquipedia.net/mobilelegends/MPL/Indonesia/Season_8/Playoffs | https://github.com/LiTianYeoh/MLBB_Tournament_Analysis/blob/94ea36800e80c9e89a2356a0b81d3eeafbd6a4f7/analysis/data/consolidated_game_data_20240505.csv
8,S8-PO-004,2,ONIC Esports,pick,1,Natan,https://liquipedia.net/mobilelegends/MPL/Indonesia/Season_8/Playoffs | https://github.com/LiTianYeoh/MLBB_Tournament_Analysis/blob/94ea36800e80c9e89a2356a0b81d3eeafbd6a4f7/analysis/data/consolidated_game_data_20240505.csv
8,S8-PO-004,2,ONIC Esports,pick,2,Lancelot,https://liquipedia.net/mobilelegends/MPL/Indonesia/Season_8/Playoffs | https://github.com/LiTianYeoh/MLBB_Tournament_Analysis/blob/94ea36800e80c9e89a2356a0b81d3eeafbd6a4f7/analysis/data/consolidated_game_data_20240505.csv
8,S8-PO-004,2,ONIC Esports,pick,3,Yu Zhong,https://liquipedia.net/mobilelegends/MPL/Indonesia/Season_8/Playoffs | https://github.com/LiTianYeoh/MLBB_Tournament_Analysis/blob/94ea36800e80c9e89a2356a0b81d3eeafbd6a4f7/analysis/data/consolidated_game_data_20240505.csv
8,S8-PO-004,2,ONIC Esports,pick,4,Lylia,https://liquipedia.net/mobilelegends/MPL/Indonesia/Season_8/Playoffs | https://github.com/LiTianYeoh/MLBB_Tournament_Analysis/blob/94ea36800e80c9e89a2356a0b81d3eeafbd6a4f7/analysis/data/consolidated_game_data_20240505.csv
8,S8-PO-004,2,ONIC Esports,pick,5,Mathilda,https://liquipedia.net/mobilelegends/MPL/Indonesia/Season_8/Playoffs | https://github.com/LiTianYeoh/MLBB_Tournament_Analysis/blob/94ea36800e80c9e89a2356a0b81d3eeafbd6a4f7/analysis/data/consolidated_game_data_20240505.csv
8,S8-PO-004,2,EVOS Legends,ban,1,Yi Sun-Shin,https://liquipedia.net/mobilelegends/MPL/Indonesia/Season_8/Playoffs | https://github.com/LiTianYeoh/MLBB_Tournament_Analysis/blob/94ea36800e80c9e89a2356a0b81d3eeafbd6a4f7/analysis/data/consolidated_game_data_20240505.csv
8,S8-PO-004,2,EVOS Legends,ban,2,Fanny,https://liquipedia.net/mobilelegends/MPL/Indonesia/Season_8/Playoffs | https://github.com/LiTianYeoh/MLBB_Tournament_Analysis/blob/94ea36800e80c9e89a2356a0b81d3eeafbd6a4f7/analysis/data/consolidated_game_data_20240505.csv
8,S8-PO-004,2,EVOS Legends,ban,3,Kaja,https://liquipedia.net/mobilelegends/MPL/Indonesia/Season_8/Playoffs | https://github.com/LiTianYeoh/MLBB_Tournament_Analysis/blob/94ea36800e80c9e89a2356a0b81d3eeafbd6a4f7/analysis/data/consolidated_game_data_20240505.csv
8,S8-PO-004,2,EVOS Legends,ban,4,Selena,https://liquipedia.net/mobilelegends/MPL/Indonesia/Season_8/Playoffs | https://github.com/LiTianYeoh/MLBB_Tournament_Analysis/blob/94ea36800e80c9e89a2356a0b81d3eeafbd6a4f7/analysis/data/consolidated_game_data_20240505.csv
8,S8-PO-004,2,EVOS Legends,ban,5,Jawhead,https://liquipedia.net/mobilelegends/MPL/Indonesia/Season_8/Playoffs | https://github.com/LiTianYeoh/MLBB_Tournament_Analysis/blob/94ea36800e80c9e89a2356a0b81d3eeafbd6a4f7/analysis/data/consolidated_game_data_20240505.csv
8,S8-PO-004,2,EVOS Legends,pick,1,Ruby,https://liquipedia.net/mobilelegends/MPL/Indonesia/Season_8/Playoffs | https://github.com/LiTianYeoh/MLBB_Tournament_Analysis/blob/94ea36800e80c9e89a2356a0b81d3eeafbd6a4f7/analysis/data/consolidated_game_data_20240505.csv
8,S8-PO-004,2,EVOS Legends,pick,2,Paquito,https://liquipedia.net/mobilelegends/MPL/Indonesia/Season_8/Playoffs | https://github.com/LiTianYeoh/MLBB_Tournament_Analysis/blob/94ea36800e80c9e89a2356a0b81d3eeafbd6a4f7/analysis/data/consolidated_game_data_20240505.csv
8,S8-PO-004,2,EVOS Legends,pick,3,Claude,https://liquipedia.net/mobilelegends/MPL/Indonesia/Season_8/Playoffs | https://github.com/LiTianYeoh/MLBB_Tournament_Analysis/blob/94ea36800e80c9e89a2356a0b81d3eeafbd6a4f7/analysis/data/consolidated_game_data_20240505.csv
8,S8-PO-004,2,EVOS Legends,pick,4,Lunox,https://liquipedia.net/mobilelegends/MPL/Indonesia/Season_8/Playoffs | https://github.com/LiTianYeoh/MLBB_Tournament_Analysis/blob/94ea36800e80c9e89a2356a0b81d3eeafbd6a4f7/analysis/data/consolidated_game_data_20240505.csv
8,S8-PO-004,2,EVOS Legends,pick,5,Angela,https://liquipedia.net/mobilelegends/MPL/Indonesia/Season_8/Playoffs | https://github.com/LiTianYeoh/MLBB_Tournament_Analysis/blob/94ea36800e80c9e89a2356a0b81d3eeafbd6a4f7/analysis/data/consolidated_game_data_20240505.csv
8,S8-PO-004,3,ONIC Esports,ban,1,Pharsa,https://liquipedia.net/mobilelegends/MPL/Indonesia/Season_8/Playoffs | https://github.com/LiTianYeoh/MLBB_Tournament_Analysis/blob/94ea36800e80c9e89a2356a0b81d3eeafbd6a4f7/analysis/data/consolidated_game_data_20240505.csv
8,S8-PO-004,3,ONIC Esports,ban,2,Yve,https://liquipedia.net/mobilelegends/MPL/Indonesia/Season_8/Playoffs | https://github.com/LiTianYeoh/MLBB_Tournament_Analysis/blob/94ea36800e80c9e89a2356a0b81d3eeafbd6a4f7/analysis/data/consolidated_game_data_20240505.csv
8,S8-PO-004,3,ONIC Esports,ban,3,Mathilda,https://liquipedia.net/mobilelegends/MPL/Indonesia/Season_8/Playoffs | https://github.com/LiTianYeoh/MLBB_Tournament_Analysis/blob/94ea36800e80c9e89a2356a0b81d3eeafbd6a4f7/analysis/data/consolidated_game_data_20240505.csv
8,S8-PO-004,3,ONIC Esports,ban,4,Angela,https://liquipedia.net/mobilelegends/MPL/Indonesia/Season_8/Playoffs | https://github.com/LiTianYeoh/MLBB_Tournament_Analysis/blob/94ea36800e80c9e89a2356a0b81d3eeafbd6a4f7/analysis/data/consolidated_game_data_20240505.csv
8,S8-PO-004,3,ONIC Esports,ban,5,Esmeralda,https://liquipedia.net/mobilelegends/MPL/Indonesia/Season_8/Playoffs | https://github.com/LiTianYeoh/MLBB_Tournament_Analysis/blob/94ea36800e80c9e89a2356a0b81d3eeafbd6a4f7/analysis/data/consolidated_game_data_20240505.csv
8,S8-PO-004,3,ONIC Esports,pick,1,Natan,https://liquipedia.net/mobilelegends/MPL/Indonesia/Season_8/Playoffs | https://github.com/LiTianYeoh/MLBB_Tournament_Analysis/blob/94ea36800e80c9e89a2356a0b81d3eeafbd6a4f7/analysis/data/consolidated_game_data_20240505.csv
8,S8-PO-004,3,ONIC Esports,pick,2,Paquito,https://liquipedia.net/mobilelegends/MPL/Indonesia/Season_8/Playoffs | https://github.com/LiTianYeoh/MLBB_Tournament_Analysis/blob/94ea36800e80c9e89a2356a0b81d3eeafbd6a4f7/analysis/data/consolidated_game_data_20240505.csv
8,S8-PO-004,3,ONIC Esports,pick,3,Lapu-Lapu,https://liquipedia.net/mobilelegends/MPL/Indonesia/Season_8/Playoffs | https://github.com/LiTianYeoh/MLBB_Tournament_Analysis/blob/94ea36800e80c9e89a2356a0b81d3eeafbd6a4f7/analysis/data/consolidated_game_data_20240505.csv
8,S8-PO-004,3,ONIC Esports,pick,4,Lunox,https://liquipedia.net/mobilelegends/MPL/Indonesia/Season_8/Playoffs | https://github.com/LiTianYeoh/MLBB_Tournament_Analysis/blob/94ea36800e80c9e89a2356a0b81d3eeafbd6a4f7/analysis/data/consolidated_game_data_20240505.csv
8,S8-PO-004,3,ONIC Esports,pick,5,Grock,https://liquipedia.net/mobilelegends/MPL/Indonesia/Season_8/Playoffs | https://github.com/LiTianYeoh/MLBB_Tournament_Analysis/blob/94ea36800e80c9e89a2356a0b81d3eeafbd6a4f7/analysis/data/consolidated_game_data_20240505.csv
8,S8-PO-004,3,EVOS Legends,ban,1,Kaja,https://liquipedia.net/mobilelegends/MPL/Indonesia/Season_8/Playoffs | https://github.com/LiTianYeoh/MLBB_Tournament_Analysis/blob/94ea36800e80c9e89a2356a0b81d3eeafbd6a4f7/analysis/data/consolidated_game_data_20240505.csv
8,S8-PO-004,3,EVOS Legends,ban,2,Khufra,https://liquipedia.net/mobilelegends/MPL/Indonesia/Season_8/Playoffs | https://github.com/LiTianYeoh/MLBB_Tournament_Analysis/blob/94ea36800e80c9e89a2356a0b81d3eeafbd6a4f7/analysis/data/consolidated_game_data_20240505.csv
8,S8-PO-004,3,EVOS Legends,ban,3,Fanny,https://liquipedia.net/mobilelegends/MPL/Indonesia/Season_8/Playoffs | https://github.com/LiTianYeoh/MLBB_Tournament_Analysis/blob/94ea36800e80c9e89a2356a0b81d3eeafbd6a4f7/analysis/data/consolidated_game_data_20240505.csv
8,S8-PO-004,3,EVOS Legends,ban,4,Hayabusa,https://liquipedia.net/mobilelegends/MPL/Indonesia/Season_8/Playoffs | https://github.com/LiTianYeoh/MLBB_Tournament_Analysis/blob/94ea36800e80c9e89a2356a0b81d3eeafbd6a4f7/analysis/data/consolidated_game_data_20240505.csv
8,S8-PO-004,3,EVOS Legends,ban,5,Jawhead,https://liquipedia.net/mobilelegends/MPL/Indonesia/Season_8/Playoffs | https://github.com/LiTianYeoh/MLBB_Tournament_Analysis/blob/94ea36800e80c9e89a2356a0b81d3eeafbd6a4f7/analysis/data/consolidated_game_data_20240505.csv
8,S8-PO-004,3,EVOS Legends,pick,1,Selena,https://liquipedia.net/mobilelegends/MPL/Indonesia/Season_8/Playoffs | https://github.com/LiTianYeoh/MLBB_Tournament_Analysis/blob/94ea36800e80c9e89a2356a0b81d3eeafbd6a4f7/analysis/data/consolidated_game_data_20240505.csv
8,S8-PO-004,3,EVOS Legends,pick,2,Barats,https://liquipedia.net/mobilelegends/MPL/Indonesia/Season_8/Playoffs | https://github.com/LiTianYeoh/MLBB_Tournament_Analysis/blob/94ea36800e80c9e89a2356a0b81d3eeafbd6a4f7/analysis/data/consolidated_game_data_20240505.csv
8,S8-PO-004,3,EVOS Legends,pick,3,Karina,https://liquipedia.net/mobilelegends/MPL/Indonesia/Season_8/Playoffs | https://github.com/LiTianYeoh/MLBB_Tournament_Analysis/blob/94ea36800e80c9e89a2356a0b81d3eeafbd6a4f7/analysis/data/consolidated_game_data_20240505.csv
8,S8-PO-004,3,EVOS Legends,pick,4,Lylia,https://liquipedia.net/mobilelegends/MPL/Indonesia/Season_8/Playoffs | https://github.com/LiTianYeoh/MLBB_Tournament_Analysis/blob/94ea36800e80c9e89a2356a0b81d3eeafbd6a4f7/analysis/data/consolidated_game_data_20240505.csv
8,S8-PO-004,3,EVOS Legends,pick,5,Claude,https://liquipedia.net/mobilelegends/MPL/Indonesia/Season_8/Playoffs | https://github.com/LiTianYeoh/MLBB_Tournament_Analysis/blob/94ea36800e80c9e89a2356a0b81d3eeafbd6a4f7/analysis/data/consolidated_game_data_20240505.csv
8,S8-PO-005,1,Alter Ego,ban,1,Hayabusa,https://liquipedia.net/mobilelegends/MPL/Indonesia/Season_8/Playoffs | https://github.com/LiTianYeoh/MLBB_Tournament_Analysis/blob/94ea36800e80c9e89a2356a0b81d3eeafbd6a4f7/analysis/data/consolidated_game_data_20240505.csv
8,S8-PO-005,1,Alter Ego,ban,2,Angela,https://liquipedia.net/mobilelegends/MPL/Indonesia/Season_8/Playoffs | https://github.com/LiTianYeoh/MLBB_Tournament_Analysis/blob/94ea36800e80c9e89a2356a0b81d3eeafbd6a4f7/analysis/data/consolidated_game_data_20240505.csv
8,S8-PO-005,1,Alter Ego,ban,3,Wanwan,https://liquipedia.net/mobilelegends/MPL/Indonesia/Season_8/Playoffs | https://github.com/LiTianYeoh/MLBB_Tournament_Analysis/blob/94ea36800e80c9e89a2356a0b81d3eeafbd6a4f7/analysis/data/consolidated_game_data_20240505.csv
8,S8-PO-005,1,Alter Ego,ban,4,X.Borg,https://liquipedia.net/mobilelegends/MPL/Indonesia/Season_8/Playoffs | https://github.com/LiTianYeoh/MLBB_Tournament_Analysis/blob/94ea36800e80c9e89a2356a0b81d3eeafbd6a4f7/analysis/data/consolidated_game_data_20240505.csv
8,S8-PO-005,1,Alter Ego,ban,5,Yu Zhong,https://liquipedia.net/mobilelegends/MPL/Indonesia/Season_8/Playoffs | https://github.com/LiTianYeoh/MLBB_Tournament_Analysis/blob/94ea36800e80c9e89a2356a0b81d3eeafbd6a4f7/analysis/data/consolidated_game_data_20240505.csv
8,S8-PO-005,1,Alter Ego,pick,1,Karina,https://liquipedia.net/mobilelegends/MPL/Indonesia/Season_8/Playoffs | https://github.com/LiTianYeoh/MLBB_Tournament_Analysis/blob/94ea36800e80c9e89a2356a0b81d3eeafbd6a4f7/analysis/data/consolidated_game_data_20240505.csv
8,S8-PO-005,1,Alter Ego,pick,2,Lapu-Lapu,https://liquipedia.net/mobilelegends/MPL/Indonesia/Season_8/Playoffs | https://github.com/LiTianYeoh/MLBB_Tournament_Analysis/blob/94ea36800e80c9e89a2356a0b81d3eeafbd6a4f7/analysis/data/consolidated_game_data_20240505.csv
8,S8-PO-005,1,Alter Ego,pick,3,Yve,https://liquipedia.net/mobilelegends/MPL/Indonesia/Season_8/Playoffs | https://github.com/LiTianYeoh/MLBB_Tournament_Analysis/blob/94ea36800e80c9e89a2356a0b81d3eeafbd6a4f7/analysis/data/consolidated_game_data_20240505.csv
8,S8-PO-005,1,Alter Ego,pick,4,Brody,https://liquipedia.net/mobilelegends/MPL/Indonesia/Season_8/Playoffs | https://github.com/LiTianYeoh/MLBB_Tournament_Analysis/blob/94ea36800e80c9e89a2356a0b81d3eeafbd6a4f7/analysis/data/consolidated_game_data_20240505.csv
8,S8-PO-005,1,Alter Ego,pick,5,Mathilda,https://liquipedia.net/mobilelegends/MPL/Indonesia/Season_8/Playoffs | https://github.com/LiTianYeoh/MLBB_Tournament_Analysis/blob/94ea36800e80c9e89a2356a0b81d3eeafbd6a4f7/analysis/data/consolidated_game_data_20240505.csv
8,S8-PO-005,1,EVOS Legends,ban,1,Esmeralda,https://liquipedia.net/mobilelegends/MPL/Indonesia/Season_8/Playoffs | https://github.com/LiTianYeoh/MLBB_Tournament_Analysis/blob/94ea36800e80c9e89a2356a0b81d3eeafbd6a4f7/analysis/data/consolidated_game_data_20240505.csv
8,S8-PO-005,1,EVOS Legends,ban,2,Barats,https://liquipedia.net/mobilelegends/MPL/Indonesia/Season_8/Playoffs | https://github.com/LiTianYeoh/MLBB_Tournament_Analysis/blob/94ea36800e80c9e89a2356a0b81d3eeafbd6a4f7/analysis/data/consolidated_game_data_20240505.csv
8,S8-PO-005,1,EVOS Legends,ban,3,Ling,https://liquipedia.net/mobilelegends/MPL/Indonesia/Season_8/Playoffs | https://github.com/LiTianYeoh/MLBB_Tournament_Analysis/blob/94ea36800e80c9e89a2356a0b81d3eeafbd6a4f7/analysis/data/consolidated_game_data_20240505.csv
8,S8-PO-005,1,EVOS Legends,ban,4,Phoveus,https://liquipedia.net/mobilelegends/MPL/Indonesia/Season_8/Playoffs | https://github.com/LiTianYeoh/MLBB_Tournament_Analysis/blob/94ea36800e80c9e89a2356a0b81d3eeafbd6a4f7/analysis/data/consolidated_game_data_20240505.csv
8,S8-PO-005,1,EVOS Legends,ban,5,Pharsa,https://liquipedia.net/mobilelegends/MPL/Indonesia/Season_8/Playoffs | https://github.com/LiTianYeoh/MLBB_Tournament_Analysis/blob/94ea36800e80c9e89a2356a0b81d3eeafbd6a4f7/analysis/data/consolidated_game_data_20240505.csv
8,S8-PO-005,1,EVOS Legends,pick,1,Paquito,https://liquipedia.net/mobilelegends/MPL/Indonesia/Season_8/Playoffs | https://github.com/LiTianYeoh/MLBB_Tournament_Analysis/blob/94ea36800e80c9e89a2356a0b81d3eeafbd6a4f7/analysis/data/consolidated_game_data_20240505.csv
8,S8-PO-005,1,EVOS Legends,pick,2,Lancelot,https://liquipedia.net/mobilelegends/MPL/Indonesia/Season_8/Playoffs | https://github.com/LiTianYeoh/MLBB_Tournament_Analysis/blob/94ea36800e80c9e89a2356a0b81d3eeafbd6a4f7/analysis/data/consolidated_game_data_20240505.csv
8,S8-PO-005,1,EVOS Legends,pick,3,Natan,https://liquipedia.net/mobilelegends/MPL/Indonesia/Season_8/Playoffs | https://github.com/LiTianYeoh/MLBB_Tournament_Analysis/blob/94ea36800e80c9e89a2356a0b81d3eeafbd6a4f7/analysis/data/consolidated_game_data_20240505.csv
8,S8-PO-005,1,EVOS Legends,pick,4,Lunox,https://liquipedia.net/mobilelegends/MPL/Indonesia/Season_8/Playoffs | https://github.com/LiTianYeoh/MLBB_Tournament_Analysis/blob/94ea36800e80c9e89a2356a0b81d3eeafbd6a4f7/analysis/data/consolidated_game_data_20240505.csv
8,S8-PO-005,1,EVOS Legends,pick,5,Jawhead,https://liquipedia.net/mobilelegends/MPL/Indonesia/Season_8/Playoffs | https://github.com/LiTianYeoh/MLBB_Tournament_Analysis/blob/94ea36800e80c9e89a2356a0b81d3eeafbd6a4f7/analysis/data/consolidated_game_data_20240505.csv
8,S8-PO-005,2,Alter Ego,ban,1,Hayabusa,https://liquipedia.net/mobilelegends/MPL/Indonesia/Season_8/Playoffs | https://github.com/LiTianYeoh/MLBB_Tournament_Analysis/blob/94ea36800e80c9e89a2356a0b81d3eeafbd6a4f7/analysis/data/consolidated_game_data_20240505.csv
8,S8-PO-005,2,Alter Ego,ban,2,Angela,https://liquipedia.net/mobilelegends/MPL/Indonesia/Season_8/Playoffs | https://github.com/LiTianYeoh/MLBB_Tournament_Analysis/blob/94ea36800e80c9e89a2356a0b81d3eeafbd6a4f7/analysis/data/consolidated_game_data_20240505.csv
8,S8-PO-005,2,Alter Ego,ban,3,Yve,https://liquipedia.net/mobilelegends/MPL/Indonesia/Season_8/Playoffs | https://github.com/LiTianYeoh/MLBB_Tournament_Analysis/blob/94ea36800e80c9e89a2356a0b81d3eeafbd6a4f7/analysis/data/consolidated_game_data_20240505.csv
8,S8-PO-005,2,Alter Ego,ban,4,Wanwan,https://liquipedia.net/mobilelegends/MPL/Indonesia/Season_8/Playoffs | https://github.com/LiTianYeoh/MLBB_Tournament_Analysis/blob/94ea36800e80c9e89a2356a0b81d3eeafbd6a4f7/analysis/data/consolidated_game_data_20240505.csv
8,S8-PO-005,2,Alter Ego,ban,5,Yu Zhong,https://liquipedia.net/mobilelegends/MPL/Indonesia/Season_8/Playoffs | https://github.com/LiTianYeoh/MLBB_Tournament_Analysis/blob/94ea36800e80c9e89a2356a0b81d3eeafbd6a4f7/analysis/data/consolidated_game_data_20240505.csv
8,S8-PO-005,2,Alter Ego,pick,1,Paquito,https://liquipedia.net/mobilelegends/MPL/Indonesia/Season_8/Playoffs | https://github.com/LiTianYeoh/MLBB_Tournament_Analysis/blob/94ea36800e80c9e89a2356a0b81d3eeafbd6a4f7/analysis/data/consolidated_game_data_20240505.csv
8,S8-PO-005,2,Alter Ego,pick,2,X.Borg,https://liquipedia.net/mobilelegends/MPL/Indonesia/Season_8/Playoffs | https://github.com/LiTianYeoh/MLBB_Tournament_Analysis/blob/94ea36800e80c9e89a2356a0b81d3eeafbd6a4f7/analysis/data/consolidated_game_data_20240505.csv
8,S8-PO-005,2,Alter Ego,pick,3,Luo Yi,https://liquipedia.net/mobilelegends/MPL/Indonesia/Season_8/Playoffs | https://github.com/LiTianYeoh/MLBB_Tournament_Analysis/blob/94ea36800e80c9e89a2356a0b81d3eeafbd6a4f7/analysis/data/consolidated_game_data_20240505.csv
8,S8-PO-005,2,Alter Ego,pick,4,Popol and Kupa,https://liquipedia.net/mobilelegends/MPL/Indonesia/Season_8/Playoffs | https://github.com/LiTianYeoh/MLBB_Tournament_Analysis/blob/94ea36800e80c9e89a2356a0b81d3eeafbd6a4f7/analysis/data/consolidated_game_data_20240505.csv
8,S8-PO-005,2,Alter Ego,pick,5,Baxia,https://liquipedia.net/mobilelegends/MPL/Indonesia/Season_8/Playoffs | https://github.com/LiTianYeoh/MLBB_Tournament_Analysis/blob/94ea36800e80c9e89a2356a0b81d3eeafbd6a4f7/analysis/data/consolidated_game_data_20240505.csv
8,S8-PO-005,2,EVOS Legends,ban,1,Esmeralda,https://liquipedia.net/mobilelegends/MPL/Indonesia/Season_8/Playoffs | https://github.com/LiTianYeoh/MLBB_Tournament_Analysis/blob/94ea36800e80c9e89a2356a0b81d3eeafbd6a4f7/analysis/data/consolidated_game_data_20240505.csv
8,S8-PO-005,2,EVOS Legends,ban,2,Jawhead,https://liquipedia.net/mobilelegends/MPL/Indonesia/Season_8/Playoffs | https://github.com/LiTianYeoh/MLBB_Tournament_Analysis/blob/94ea36800e80c9e89a2356a0b81d3eeafbd6a4f7/analysis/data/consolidated_game_data_20240505.csv
8,S8-PO-005,2,EVOS Legends,ban,3,Phoveus,https://liquipedia.net/mobilelegends/MPL/Indonesia/Season_8/Playoffs | https://github.com/LiTianYeoh/MLBB_Tournament_Analysis/blob/94ea36800e80c9e89a2356a0b81d3eeafbd6a4f7/analysis/data/consolidated_game_data_20240505.csv
8,S8-PO-005,2,EVOS Legends,ban,4,Mathilda,https://liquipedia.net/mobilelegends/MPL/Indonesia/Season_8/Playoffs | https://github.com/LiTianYeoh/MLBB_Tournament_Analysis/blob/94ea36800e80c9e89a2356a0b81d3eeafbd6a4f7/analysis/data/consolidated_game_data_20240505.csv
8,S8-PO-005,2,EVOS Legends,ban,5,Pharsa,https://liquipedia.net/mobilelegends/MPL/Indonesia/Season_8/Playoffs | https://github.com/LiTianYeoh/MLBB_Tournament_Analysis/blob/94ea36800e80c9e89a2356a0b81d3eeafbd6a4f7/analysis/data/consolidated_game_data_20240505.csv
8,S8-PO-005,2,EVOS Legends,pick,1,Lapu-Lapu,https://liquipedia.net/mobilelegends/MPL/Indonesia/Season_8/Playoffs | https://github.com/LiTianYeoh/MLBB_Tournament_Analysis/blob/94ea36800e80c9e89a2356a0b81d3eeafbd6a4f7/analysis/data/consolidated_game_data_20240505.csv
8,S8-PO-005,2,EVOS Legends,pick,2,Karina,https://liquipedia.net/mobilelegends/MPL/Indonesia/Season_8/Playoffs | https://github.com/LiTianYeoh/MLBB_Tournament_Analysis/blob/94ea36800e80c9e89a2356a0b81d3eeafbd6a4f7/analysis/data/consolidated_game_data_20240505.csv
8,S8-PO-005,2,EVOS Legends,pick,3,Natan,https://liquipedia.net/mobilelegends/MPL/Indonesia/Season_8/Playoffs | https://github.com/LiTianYeoh/MLBB_Tournament_Analysis/blob/94ea36800e80c9e89a2356a0b81d3eeafbd6a4f7/analysis/data/consolidated_game_data_20240505.csv
8,S8-PO-005,2,EVOS Legends,pick,4,Harith,https://liquipedia.net/mobilelegends/MPL/Indonesia/Season_8/Playoffs | https://github.com/LiTianYeoh/MLBB_Tournament_Analysis/blob/94ea36800e80c9e89a2356a0b81d3eeafbd6a4f7/analysis/data/consolidated_game_data_20240505.csv
8,S8-PO-005,2,EVOS Legends,pick,5,Rafaela,https://liquipedia.net/mobilelegends/MPL/Indonesia/Season_8/Playoffs | https://github.com/LiTianYeoh/MLBB_Tournament_Analysis/blob/94ea36800e80c9e89a2356a0b81d3eeafbd6a4f7/analysis/data/consolidated_game_data_20240505.csv
8,S8-PO-005,3,Alter Ego,ban,1,Angela,https://liquipedia.net/mobilelegends/MPL/Indonesia/Season_8/Playoffs | https://github.com/LiTianYeoh/MLBB_Tournament_Analysis/blob/94ea36800e80c9e89a2356a0b81d3eeafbd6a4f7/analysis/data/consolidated_game_data_20240505.csv
8,S8-PO-005,3,Alter Ego,ban,2,Wanwan,https://liquipedia.net/mobilelegends/MPL/Indonesia/Season_8/Playoffs | https://github.com/LiTianYeoh/MLBB_Tournament_Analysis/blob/94ea36800e80c9e89a2356a0b81d3eeafbd6a4f7/analysis/data/consolidated_game_data_20240505.csv
8,S8-PO-005,3,Alter Ego,ban,3,Karina,https://liquipedia.net/mobilelegends/MPL/Indonesia/Season_8/Playoffs | https://github.com/LiTianYeoh/MLBB_Tournament_Analysis/blob/94ea36800e80c9e89a2356a0b81d3eeafbd6a4f7/analysis/data/consolidated_game_data_20240505.csv
8,S8-PO-005,3,Alter Ego,ban,4,Benedetta,https://liquipedia.net/mobilelegends/MPL/Indonesia/Season_8/Playoffs | https://github.com/LiTianYeoh/MLBB_Tournament_Analysis/blob/94ea36800e80c9e89a2356a0b81d3eeafbd6a4f7/analysis/data/consolidated_game_data_20240505.csv
8,S8-PO-005,3,Alter Ego,ban,5,Barats,https://liquipedia.net/mobilelegends/MPL/Indonesia/Season_8/Playoffs | https://github.com/LiTianYeoh/MLBB_Tournament_Analysis/blob/94ea36800e80c9e89a2356a0b81d3eeafbd6a4f7/analysis/data/consolidated_game_data_20240505.csv
8,S8-PO-005,3,Alter Ego,pick,1,Paquito,https://liquipedia.net/mobilelegends/MPL/Indonesia/Season_8/Playoffs | https://github.com/LiTianYeoh/MLBB_Tournament_Analysis/blob/94ea36800e80c9e89a2356a0b81d3eeafbd6a4f7/analysis/data/consolidated_game_data_20240505.csv
8,S8-PO-005,3,Alter Ego,pick,2,Alice,https://liquipedia.net/mobilelegends/MPL/Indonesia/Season_8/Playoffs | https://github.com/LiTianYeoh/MLBB_Tournament_Analysis/blob/94ea36800e80c9e89a2356a0b81d3eeafbd6a4f7/analysis/data/consolidated_game_data_20240505.csv
8,S8-PO-005,3,Alter Ego,pick,3,Mathilda,https://liquipedia.net/mobilelegends/MPL/Indonesia/Season_8/Playoffs | https://github.com/LiTianYeoh/MLBB_Tournament_Analysis/blob/94ea36800e80c9e89a2356a0b81d3eeafbd6a4f7/analysis/data/consolidated_game_data_20240505.csv
8,S8-PO-005,3,Alter Ego,pick,4,Claude,https://liquipedia.net/mobilelegends/MPL/Indonesia/Season_8/Playoffs | https://github.com/LiTianYeoh/MLBB_Tournament_Analysis/blob/94ea36800e80c9e89a2356a0b81d3eeafbd6a4f7/analysis/data/consolidated_game_data_20240505.csv
8,S8-PO-005,3,Alter Ego,pick,5,Jawhead,https://liquipedia.net/mobilelegends/MPL/Indonesia/Season_8/Playoffs | https://github.com/LiTianYeoh/MLBB_Tournament_Analysis/blob/94ea36800e80c9e89a2356a0b81d3eeafbd6a4f7/analysis/data/consolidated_game_data_20240505.csv
8,S8-PO-005,3,EVOS Legends,ban,1,Aldous,https://liquipedia.net/mobilelegends/MPL/Indonesia/Season_8/Playoffs | https://github.com/LiTianYeoh/MLBB_Tournament_Analysis/blob/94ea36800e80c9e89a2356a0b81d3eeafbd6a4f7/analysis/data/consolidated_game_data_20240505.csv
8,S8-PO-005,3,EVOS Legends,ban,2,Ling,https://liquipedia.net/mobilelegends/MPL/Indonesia/Season_8/Playoffs | https://github.com/LiTianYeoh/MLBB_Tournament_Analysis/blob/94ea36800e80c9e89a2356a0b81d3eeafbd6a4f7/analysis/data/consolidated_game_data_20240505.csv
8,S8-PO-005,3,EVOS Legends,ban,3,Hayabusa,https://liquipedia.net/mobilelegends/MPL/Indonesia/Season_8/Playoffs | https://github.com/LiTianYeoh/MLBB_Tournament_Analysis/blob/94ea36800e80c9e89a2356a0b81d3eeafbd6a4f7/analysis/data/consolidated_game_data_20240505.csv
8,S8-PO-005,3,EVOS Legends,ban,4,Yve,https://liquipedia.net/mobilelegends/MPL/Indonesia/Season_8/Playoffs | https://github.com/LiTianYeoh/MLBB_Tournament_Analysis/blob/94ea36800e80c9e89a2356a0b81d3eeafbd6a4f7/analysis/data/consolidated_game_data_20240505.csv
8,S8-PO-005,3,EVOS Legends,ban,5,Pharsa,https://liquipedia.net/mobilelegends/MPL/Indonesia/Season_8/Playoffs | https://github.com/LiTianYeoh/MLBB_Tournament_Analysis/blob/94ea36800e80c9e89a2356a0b81d3eeafbd6a4f7/analysis/data/consolidated_game_data_20240505.csv
8,S8-PO-005,3,EVOS Legends,pick,1,Esmeralda,https://liquipedia.net/mobilelegends/MPL/Indonesia/Season_8/Playoffs | https://github.com/LiTianYeoh/MLBB_Tournament_Analysis/blob/94ea36800e80c9e89a2356a0b81d3eeafbd6a4f7/analysis/data/consolidated_game_data_20240505.csv
8,S8-PO-005,3,EVOS Legends,pick,2,Yi Sun-Shin,https://liquipedia.net/mobilelegends/MPL/Indonesia/Season_8/Playoffs | https://github.com/LiTianYeoh/MLBB_Tournament_Analysis/blob/94ea36800e80c9e89a2356a0b81d3eeafbd6a4f7/analysis/data/consolidated_game_data_20240505.csv
8,S8-PO-005,3,EVOS Legends,pick,3,Natan,https://liquipedia.net/mobilelegends/MPL/Indonesia/Season_8/Playoffs | https://github.com/LiTianYeoh/MLBB_Tournament_Analysis/blob/94ea36800e80c9e89a2356a0b81d3eeafbd6a4f7/analysis/data/consolidated_game_data_20240505.csv
8,S8-PO-005,3,EVOS Legends,pick,4,Ruby,https://liquipedia.net/mobilelegends/MPL/Indonesia/Season_8/Playoffs | https://github.com/LiTianYeoh/MLBB_Tournament_Analysis/blob/94ea36800e80c9e89a2356a0b81d3eeafbd6a4f7/analysis/data/consolidated_game_data_20240505.csv
8,S8-PO-005,3,EVOS Legends,pick,5,Rafaela,https://liquipedia.net/mobilelegends/MPL/Indonesia/Season_8/Playoffs | https://github.com/LiTianYeoh/MLBB_Tournament_Analysis/blob/94ea36800e80c9e89a2356a0b81d3eeafbd6a4f7/analysis/data/consolidated_game_data_20240505.csv
8,S8-PO-005,4,Alter Ego,ban,1,Wanwan,https://liquipedia.net/mobilelegends/MPL/Indonesia/Season_8/Playoffs | https://github.com/LiTianYeoh/MLBB_Tournament_Analysis/blob/94ea36800e80c9e89a2356a0b81d3eeafbd6a4f7/analysis/data/consolidated_game_data_20240505.csv
8,S8-PO-005,4,Alter Ego,ban,2,Angela,https://liquipedia.net/mobilelegends/MPL/Indonesia/Season_8/Playoffs | https://github.com/LiTianYeoh/MLBB_Tournament_Analysis/blob/94ea36800e80c9e89a2356a0b81d3eeafbd6a4f7/analysis/data/consolidated_game_data_20240505.csv
8,S8-PO-005,4,Alter Ego,ban,3,Phoveus,https://liquipedia.net/mobilelegends/MPL/Indonesia/Season_8/Playoffs | https://github.com/LiTianYeoh/MLBB_Tournament_Analysis/blob/94ea36800e80c9e89a2356a0b81d3eeafbd6a4f7/analysis/data/consolidated_game_data_20240505.csv
8,S8-PO-005,4,Alter Ego,ban,4,Claude,https://liquipedia.net/mobilelegends/MPL/Indonesia/Season_8/Playoffs | https://github.com/LiTianYeoh/MLBB_Tournament_Analysis/blob/94ea36800e80c9e89a2356a0b81d3eeafbd6a4f7/analysis/data/consolidated_game_data_20240505.csv
8,S8-PO-005,4,Alter Ego,ban,5,Natan,https://liquipedia.net/mobilelegends/MPL/Indonesia/Season_8/Playoffs | https://github.com/LiTianYeoh/MLBB_Tournament_Analysis/blob/94ea36800e80c9e89a2356a0b81d3eeafbd6a4f7/analysis/data/consolidated_game_data_20240505.csv
8,S8-PO-005,4,Alter Ego,pick,1,Balmond,https://liquipedia.net/mobilelegends/MPL/Indonesia/Season_8/Playoffs | https://github.com/LiTianYeoh/MLBB_Tournament_Analysis/blob/94ea36800e80c9e89a2356a0b81d3eeafbd6a4f7/analysis/data/consolidated_game_data_20240505.csv
8,S8-PO-005,4,Alter Ego,pick,2,Lylia,https://liquipedia.net/mobilelegends/MPL/Indonesia/Season_8/Playoffs | https://github.com/LiTianYeoh/MLBB_Tournament_Analysis/blob/94ea36800e80c9e89a2356a0b81d3eeafbd6a4f7/analysis/data/consolidated_game_data_20240505.csv
8,S8-PO-005,4,Alter Ego,pick,3,Mathilda,https://liquipedia.net/mobilelegends/MPL/Indonesia/Season_8/Playoffs | https://github.com/LiTianYeoh/MLBB_Tournament_Analysis/blob/94ea36800e80c9e89a2356a0b81d3eeafbd6a4f7/analysis/data/consolidated_game_data_20240505.csv
8,S8-PO-005,4,Alter Ego,pick,4,Karina,https://liquipedia.net/mobilelegends/MPL/Indonesia/Season_8/Playoffs | https://github.com/LiTianYeoh/MLBB_Tournament_Analysis/blob/94ea36800e80c9e89a2356a0b81d3eeafbd6a4f7/analysis/data/consolidated_game_data_20240505.csv
8,S8-PO-005,4,Alter Ego,pick,5,Benedetta,https://liquipedia.net/mobilelegends/MPL/Indonesia/Season_8/Playoffs | https://github.com/LiTianYeoh/MLBB_Tournament_Analysis/blob/94ea36800e80c9e89a2356a0b81d3eeafbd6a4f7/analysis/data/consolidated_game_data_20240505.csv
8,S8-PO-005,4,EVOS Legends,ban,1,Kagura,https://liquipedia.net/mobilelegends/MPL/Indonesia/Season_8/Playoffs | https://github.com/LiTianYeoh/MLBB_Tournament_Analysis/blob/94ea36800e80c9e89a2356a0b81d3eeafbd6a4f7/analysis/data/consolidated_game_data_20240505.csv
8,S8-PO-005,4,EVOS Legends,ban,2,Luo Yi,https://liquipedia.net/mobilelegends/MPL/Indonesia/Season_8/Playoffs | https://github.com/LiTianYeoh/MLBB_Tournament_Analysis/blob/94ea36800e80c9e89a2356a0b81d3eeafbd6a4f7/analysis/data/consolidated_game_data_20240505.csv
8,S8-PO-005,4,EVOS Legends,ban,3,Hayabusa,https://liquipedia.net/mobilelegends/MPL/Indonesia/Season_8/Playoffs | https://github.com/LiTianYeoh/MLBB_Tournament_Analysis/blob/94ea36800e80c9e89a2356a0b81d3eeafbd6a4f7/analysis/data/consolidated_game_data_20240505.csv
8,S8-PO-005,4,EVOS Legends,ban,4,Yve,https://liquipedia.net/mobilelegends/MPL/Indonesia/Season_8/Playoffs | https://github.com/LiTianYeoh/MLBB_Tournament_Analysis/blob/94ea36800e80c9e89a2356a0b81d3eeafbd6a4f7/analysis/data/consolidated_game_data_20240505.csv
8,S8-PO-005,4,EVOS Legends,ban,5,Pharsa,https://liquipedia.net/mobilelegends/MPL/Indonesia/Season_8/Playoffs | https://github.com/LiTianYeoh/MLBB_Tournament_Analysis/blob/94ea36800e80c9e89a2356a0b81d3eeafbd6a4f7/analysis/data/consolidated_game_data_20240505.csv
8,S8-PO-005,4,EVOS Legends,pick,1,Paquito,https://liquipedia.net/mobilelegends/MPL/Indonesia/Season_8/Playoffs | https://github.com/LiTianYeoh/MLBB_Tournament_Analysis/blob/94ea36800e80c9e89a2356a0b81d3eeafbd6a4f7/analysis/data/consolidated_game_data_20240505.csv
8,S8-PO-005,4,EVOS Legends,pick,2,Barats,https://liquipedia.net/mobilelegends/MPL/Indonesia/Season_8/Playoffs | https://github.com/LiTianYeoh/MLBB_Tournament_Analysis/blob/94ea36800e80c9e89a2356a0b81d3eeafbd6a4f7/analysis/data/consolidated_game_data_20240505.csv
8,S8-PO-005,4,EVOS Legends,pick,3,Cyclops,https://liquipedia.net/mobilelegends/MPL/Indonesia/Season_8/Playoffs | https://github.com/LiTianYeoh/MLBB_Tournament_Analysis/blob/94ea36800e80c9e89a2356a0b81d3eeafbd6a4f7/analysis/data/consolidated_game_data_20240505.csv
8,S8-PO-005,4,EVOS Legends,pick,4,Esmeralda,https://liquipedia.net/mobilelegends/MPL/Indonesia/Season_8/Playoffs | https://github.com/LiTianYeoh/MLBB_Tournament_Analysis/blob/94ea36800e80c9e89a2356a0b81d3eeafbd6a4f7/analysis/data/consolidated_game_data_20240505.csv
8,S8-PO-005,4,EVOS Legends,pick,5,Rafaela,https://liquipedia.net/mobilelegends/MPL/Indonesia/Season_8/Playoffs | https://github.com/LiTianYeoh/MLBB_Tournament_Analysis/blob/94ea36800e80c9e89a2356a0b81d3eeafbd6a4f7/analysis/data/consolidated_game_data_20240505.csv
8,S8-PO-005,5,Alter Ego,ban,1,Hayabusa,https://liquipedia.net/mobilelegends/MPL/Indonesia/Season_8/Playoffs | https://github.com/LiTianYeoh/MLBB_Tournament_Analysis/blob/94ea36800e80c9e89a2356a0b81d3eeafbd6a4f7/analysis/data/consolidated_game_data_20240505.csv
8,S8-PO-005,5,Alter Ego,ban,2,Wanwan,https://liquipedia.net/mobilelegends/MPL/Indonesia/Season_8/Playoffs | https://github.com/LiTianYeoh/MLBB_Tournament_Analysis/blob/94ea36800e80c9e89a2356a0b81d3eeafbd6a4f7/analysis/data/consolidated_game_data_20240505.csv
8,S8-PO-005,5,Alter Ego,ban,3,Karina,https://liquipedia.net/mobilelegends/MPL/Indonesia/Season_8/Playoffs | https://github.com/LiTianYeoh/MLBB_Tournament_Analysis/blob/94ea36800e80c9e89a2356a0b81d3eeafbd6a4f7/analysis/data/consolidated_game_data_20240505.csv
8,S8-PO-005,5,Alter Ego,ban,4,Ruby,https://liquipedia.net/mobilelegends/MPL/Indonesia/Season_8/Playoffs | https://github.com/LiTianYeoh/MLBB_Tournament_Analysis/blob/94ea36800e80c9e89a2356a0b81d3eeafbd6a4f7/analysis/data/consolidated_game_data_20240505.csv
8,S8-PO-005,5,Alter Ego,ban,5,Thamuz,https://liquipedia.net/mobilelegends/MPL/Indonesia/Season_8/Playoffs | https://github.com/LiTianYeoh/MLBB_Tournament_Analysis/blob/94ea36800e80c9e89a2356a0b81d3eeafbd6a4f7/analysis/data/consolidated_game_data_20240505.csv
8,S8-PO-005,5,Alter Ego,pick,1,Esmeralda,https://liquipedia.net/mobilelegends/MPL/Indonesia/Season_8/Playoffs | https://github.com/LiTianYeoh/MLBB_Tournament_Analysis/blob/94ea36800e80c9e89a2356a0b81d3eeafbd6a4f7/analysis/data/consolidated_game_data_20240505.csv
8,S8-PO-005,5,Alter Ego,pick,2,Lylia,https://liquipedia.net/mobilelegends/MPL/Indonesia/Season_8/Playoffs | https://github.com/LiTianYeoh/MLBB_Tournament_Analysis/blob/94ea36800e80c9e89a2356a0b81d3eeafbd6a4f7/analysis/data/consolidated_game_data_20240505.csv
8,S8-PO-005,5,Alter Ego,pick,3,Angela,https://liquipedia.net/mobilelegends/MPL/Indonesia/Season_8/Playoffs | https://github.com/LiTianYeoh/MLBB_Tournament_Analysis/blob/94ea36800e80c9e89a2356a0b81d3eeafbd6a4f7/analysis/data/consolidated_game_data_20240505.csv
8,S8-PO-005,5,Alter Ego,pick,4,Lancelot,https://liquipedia.net/mobilelegends/MPL/Indonesia/Season_8/Playoffs | https://github.com/LiTianYeoh/MLBB_Tournament_Analysis/blob/94ea36800e80c9e89a2356a0b81d3eeafbd6a4f7/analysis/data/consolidated_game_data_20240505.csv
8,S8-PO-005,5,Alter Ego,pick,5,Benedetta,https://liquipedia.net/mobilelegends/MPL/Indonesia/Season_8/Playoffs | https://github.com/LiTianYeoh/MLBB_Tournament_Analysis/blob/94ea36800e80c9e89a2356a0b81d3eeafbd6a4f7/analysis/data/consolidated_game_data_20240505.csv
8,S8-PO-005,5,EVOS Legends,ban,1,Alucard,https://liquipedia.net/mobilelegends/MPL/Indonesia/Season_8/Playoffs | https://github.com/LiTianYeoh/MLBB_Tournament_Analysis/blob/94ea36800e80c9e89a2356a0b81d3eeafbd6a4f7/analysis/data/consolidated_game_data_20240505.csv
8,S8-PO-005,5,EVOS Legends,ban,2,Ling,https://liquipedia.net/mobilelegends/MPL/Indonesia/Season_8/Playoffs | https://github.com/LiTianYeoh/MLBB_Tournament_Analysis/blob/94ea36800e80c9e89a2356a0b81d3eeafbd6a4f7/analysis/data/consolidated_game_data_20240505.csv
8,S8-PO-005,5,EVOS Legends,ban,3,Paquito,https://liquipedia.net/mobilelegends/MPL/Indonesia/Season_8/Playoffs | https://github.com/LiTianYeoh/MLBB_Tournament_Analysis/blob/94ea36800e80c9e89a2356a0b81d3eeafbd6a4f7/analysis/data/consolidated_game_data_20240505.csv
8,S8-PO-005,5,EVOS Legends,ban,4,Pharsa,https://liquipedia.net/mobilelegends/MPL/Indonesia/Season_8/Playoffs | https://github.com/LiTianYeoh/MLBB_Tournament_Analysis/blob/94ea36800e80c9e89a2356a0b81d3eeafbd6a4f7/analysis/data/consolidated_game_data_20240505.csv
8,S8-PO-005,5,EVOS Legends,ban,5,Mathilda,https://liquipedia.net/mobilelegends/MPL/Indonesia/Season_8/Playoffs | https://github.com/LiTianYeoh/MLBB_Tournament_Analysis/blob/94ea36800e80c9e89a2356a0b81d3eeafbd6a4f7/analysis/data/consolidated_game_data_20240505.csv
8,S8-PO-005,5,EVOS Legends,pick,1,Yu Zhong,https://liquipedia.net/mobilelegends/MPL/Indonesia/Season_8/Playoffs | https://github.com/LiTianYeoh/MLBB_Tournament_Analysis/blob/94ea36800e80c9e89a2356a0b81d3eeafbd6a4f7/analysis/data/consolidated_game_data_20240505.csv
8,S8-PO-005,5,EVOS Legends,pick,2,Natan,https://liquipedia.net/mobilelegends/MPL/Indonesia/Season_8/Playoffs | https://github.com/LiTianYeoh/MLBB_Tournament_Analysis/blob/94ea36800e80c9e89a2356a0b81d3eeafbd6a4f7/analysis/data/consolidated_game_data_20240505.csv
8,S8-PO-005,5,EVOS Legends,pick,3,Yve,https://liquipedia.net/mobilelegends/MPL/Indonesia/Season_8/Playoffs | https://github.com/LiTianYeoh/MLBB_Tournament_Analysis/blob/94ea36800e80c9e89a2356a0b81d3eeafbd6a4f7/analysis/data/consolidated_game_data_20240505.csv
8,S8-PO-005,5,EVOS Legends,pick,4,Brody,https://liquipedia.net/mobilelegends/MPL/Indonesia/Season_8/Playoffs | https://github.com/LiTianYeoh/MLBB_Tournament_Analysis/blob/94ea36800e80c9e89a2356a0b81d3eeafbd6a4f7/analysis/data/consolidated_game_data_20240505.csv
8,S8-PO-005,5,EVOS Legends,pick,5,Rafaela,https://liquipedia.net/mobilelegends/MPL/Indonesia/Season_8/Playoffs | https://github.com/LiTianYeoh/MLBB_Tournament_Analysis/blob/94ea36800e80c9e89a2356a0b81d3eeafbd6a4f7/analysis/data/consolidated_game_data_20240505.csv
8,S8-PO-006,1,RRQ Hoshi,ban,1,Hayabusa,https://liquipedia.net/mobilelegends/MPL/Indonesia/Season_8/Playoffs | https://github.com/LiTianYeoh/MLBB_Tournament_Analysis/blob/94ea36800e80c9e89a2356a0b81d3eeafbd6a4f7/analysis/data/consolidated_game_data_20240505.csv
8,S8-PO-006,1,RRQ Hoshi,ban,2,Selena,https://liquipedia.net/mobilelegends/MPL/Indonesia/Season_8/Playoffs | https://github.com/LiTianYeoh/MLBB_Tournament_Analysis/blob/94ea36800e80c9e89a2356a0b81d3eeafbd6a4f7/analysis/data/consolidated_game_data_20240505.csv
8,S8-PO-006,1,RRQ Hoshi,ban,3,Natan,https://liquipedia.net/mobilelegends/MPL/Indonesia/Season_8/Playoffs | https://github.com/LiTianYeoh/MLBB_Tournament_Analysis/blob/94ea36800e80c9e89a2356a0b81d3eeafbd6a4f7/analysis/data/consolidated_game_data_20240505.csv
8,S8-PO-006,1,RRQ Hoshi,ban,4,Lylia,https://liquipedia.net/mobilelegends/MPL/Indonesia/Season_8/Playoffs | https://github.com/LiTianYeoh/MLBB_Tournament_Analysis/blob/94ea36800e80c9e89a2356a0b81d3eeafbd6a4f7/analysis/data/consolidated_game_data_20240505.csv
8,S8-PO-006,1,RRQ Hoshi,ban,5,Bane,https://liquipedia.net/mobilelegends/MPL/Indonesia/Season_8/Playoffs | https://github.com/LiTianYeoh/MLBB_Tournament_Analysis/blob/94ea36800e80c9e89a2356a0b81d3eeafbd6a4f7/analysis/data/consolidated_game_data_20240505.csv
8,S8-PO-006,1,RRQ Hoshi,pick,1,Chou,https://liquipedia.net/mobilelegends/MPL/Indonesia/Season_8/Playoffs | https://github.com/LiTianYeoh/MLBB_Tournament_Analysis/blob/94ea36800e80c9e89a2356a0b81d3eeafbd6a4f7/analysis/data/consolidated_game_data_20240505.csv
8,S8-PO-006,1,RRQ Hoshi,pick,2,Lunox,https://liquipedia.net/mobilelegends/MPL/Indonesia/Season_8/Playoffs | https://github.com/LiTianYeoh/MLBB_Tournament_Analysis/blob/94ea36800e80c9e89a2356a0b81d3eeafbd6a4f7/analysis/data/consolidated_game_data_20240505.csv
8,S8-PO-006,1,RRQ Hoshi,pick,3,Yi Sun-Shin,https://liquipedia.net/mobilelegends/MPL/Indonesia/Season_8/Playoffs | https://github.com/LiTianYeoh/MLBB_Tournament_Analysis/blob/94ea36800e80c9e89a2356a0b81d3eeafbd6a4f7/analysis/data/consolidated_game_data_20240505.csv
8,S8-PO-006,1,RRQ Hoshi,pick,4,Jawhead,https://liquipedia.net/mobilelegends/MPL/Indonesia/Season_8/Playoffs | https://github.com/LiTianYeoh/MLBB_Tournament_Analysis/blob/94ea36800e80c9e89a2356a0b81d3eeafbd6a4f7/analysis/data/consolidated_game_data_20240505.csv
8,S8-PO-006,1,RRQ Hoshi,pick,5,Esmeralda,https://liquipedia.net/mobilelegends/MPL/Indonesia/Season_8/Playoffs | https://github.com/LiTianYeoh/MLBB_Tournament_Analysis/blob/94ea36800e80c9e89a2356a0b81d3eeafbd6a4f7/analysis/data/consolidated_game_data_20240505.csv
8,S8-PO-006,1,ONIC Esports,ban,1,Lancelot,https://liquipedia.net/mobilelegends/MPL/Indonesia/Season_8/Playoffs | https://github.com/LiTianYeoh/MLBB_Tournament_Analysis/blob/94ea36800e80c9e89a2356a0b81d3eeafbd6a4f7/analysis/data/consolidated_game_data_20240505.csv
8,S8-PO-006,1,ONIC Esports,ban,2,Aldous,https://liquipedia.net/mobilelegends/MPL/Indonesia/Season_8/Playoffs | https://github.com/LiTianYeoh/MLBB_Tournament_Analysis/blob/94ea36800e80c9e89a2356a0b81d3eeafbd6a4f7/analysis/data/consolidated_game_data_20240505.csv
8,S8-PO-006,1,ONIC Esports,ban,3,Pharsa,https://liquipedia.net/mobilelegends/MPL/Indonesia/Season_8/Playoffs | https://github.com/LiTianYeoh/MLBB_Tournament_Analysis/blob/94ea36800e80c9e89a2356a0b81d3eeafbd6a4f7/analysis/data/consolidated_game_data_20240505.csv
8,S8-PO-006,1,ONIC Esports,ban,4,Yve,https://liquipedia.net/mobilelegends/MPL/Indonesia/Season_8/Playoffs | https://github.com/LiTianYeoh/MLBB_Tournament_Analysis/blob/94ea36800e80c9e89a2356a0b81d3eeafbd6a4f7/analysis/data/consolidated_game_data_20240505.csv
8,S8-PO-006,1,ONIC Esports,ban,5,Ling,https://liquipedia.net/mobilelegends/MPL/Indonesia/Season_8/Playoffs | https://github.com/LiTianYeoh/MLBB_Tournament_Analysis/blob/94ea36800e80c9e89a2356a0b81d3eeafbd6a4f7/analysis/data/consolidated_game_data_20240505.csv
8,S8-PO-006,1,ONIC Esports,pick,1,Popol and Kupa,https://liquipedia.net/mobilelegends/MPL/Indonesia/Season_8/Playoffs | https://github.com/LiTianYeoh/MLBB_Tournament_Analysis/blob/94ea36800e80c9e89a2356a0b81d3eeafbd6a4f7/analysis/data/consolidated_game_data_20240505.csv
8,S8-PO-006,1,ONIC Esports,pick,2,Mathilda,https://liquipedia.net/mobilelegends/MPL/Indonesia/Season_8/Playoffs | https://github.com/LiTianYeoh/MLBB_Tournament_Analysis/blob/94ea36800e80c9e89a2356a0b81d3eeafbd6a4f7/analysis/data/consolidated_game_data_20240505.csv
8,S8-PO-006,1,ONIC Esports,pick,3,Paquito,https://liquipedia.net/mobilelegends/MPL/Indonesia/Season_8/Playoffs | https://github.com/LiTianYeoh/MLBB_Tournament_Analysis/blob/94ea36800e80c9e89a2356a0b81d3eeafbd6a4f7/analysis/data/consolidated_game_data_20240505.csv
8,S8-PO-006,1,ONIC Esports,pick,4,Kaja,https://liquipedia.net/mobilelegends/MPL/Indonesia/Season_8/Playoffs | https://github.com/LiTianYeoh/MLBB_Tournament_Analysis/blob/94ea36800e80c9e89a2356a0b81d3eeafbd6a4f7/analysis/data/consolidated_game_data_20240505.csv
8,S8-PO-006,1,ONIC Esports,pick,5,Yu Zhong,https://liquipedia.net/mobilelegends/MPL/Indonesia/Season_8/Playoffs | https://github.com/LiTianYeoh/MLBB_Tournament_Analysis/blob/94ea36800e80c9e89a2356a0b81d3eeafbd6a4f7/analysis/data/consolidated_game_data_20240505.csv
8,S8-PO-006,2,RRQ Hoshi,ban,1,Hayabusa,https://liquipedia.net/mobilelegends/MPL/Indonesia/Season_8/Playoffs | https://github.com/LiTianYeoh/MLBB_Tournament_Analysis/blob/94ea36800e80c9e89a2356a0b81d3eeafbd6a4f7/analysis/data/consolidated_game_data_20240505.csv
8,S8-PO-006,2,RRQ Hoshi,ban,2,Selena,https://liquipedia.net/mobilelegends/MPL/Indonesia/Season_8/Playoffs | https://github.com/LiTianYeoh/MLBB_Tournament_Analysis/blob/94ea36800e80c9e89a2356a0b81d3eeafbd6a4f7/analysis/data/consolidated_game_data_20240505.csv
8,S8-PO-006,2,RRQ Hoshi,ban,3,Natan,https://liquipedia.net/mobilelegends/MPL/Indonesia/Season_8/Playoffs | https://github.com/LiTianYeoh/MLBB_Tournament_Analysis/blob/94ea36800e80c9e89a2356a0b81d3eeafbd6a4f7/analysis/data/consolidated_game_data_20240505.csv
8,S8-PO-006,2,RRQ Hoshi,ban,4,Lunox,https://liquipedia.net/mobilelegends/MPL/Indonesia/Season_8/Playoffs | https://github.com/LiTianYeoh/MLBB_Tournament_Analysis/blob/94ea36800e80c9e89a2356a0b81d3eeafbd6a4f7/analysis/data/consolidated_game_data_20240505.csv
8,S8-PO-006,2,RRQ Hoshi,ban,5,Yu Zhong,https://liquipedia.net/mobilelegends/MPL/Indonesia/Season_8/Playoffs | https://github.com/LiTianYeoh/MLBB_Tournament_Analysis/blob/94ea36800e80c9e89a2356a0b81d3eeafbd6a4f7/analysis/data/consolidated_game_data_20240505.csv
8,S8-PO-006,2,RRQ Hoshi,pick,1,Chou,https://liquipedia.net/mobilelegends/MPL/Indonesia/Season_8/Playoffs | https://github.com/LiTianYeoh/MLBB_Tournament_Analysis/blob/94ea36800e80c9e89a2356a0b81d3eeafbd6a4f7/analysis/data/consolidated_game_data_20240505.csv
8,S8-PO-006,2,RRQ Hoshi,pick,2,Granger,https://liquipedia.net/mobilelegends/MPL/Indonesia/Season_8/Playoffs | https://github.com/LiTianYeoh/MLBB_Tournament_Analysis/blob/94ea36800e80c9e89a2356a0b81d3eeafbd6a4f7/analysis/data/consolidated_game_data_20240505.csv
8,S8-PO-006,2,RRQ Hoshi,pick,3,Jawhead,https://liquipedia.net/mobilelegends/MPL/Indonesia/Season_8/Playoffs | https://github.com/LiTianYeoh/MLBB_Tournament_Analysis/blob/94ea36800e80c9e89a2356a0b81d3eeafbd6a4f7/analysis/data/consolidated_game_data_20240505.csv
8,S8-PO-006,2,RRQ Hoshi,pick,4,Esmeralda,https://liquipedia.net/mobilelegends/MPL/Indonesia/Season_8/Playoffs | https://github.com/LiTianYeoh/MLBB_Tournament_Analysis/blob/94ea36800e80c9e89a2356a0b81d3eeafbd6a4f7/analysis/data/consolidated_game_data_20240505.csv
8,S8-PO-006,2,RRQ Hoshi,pick,5,Lylia,https://liquipedia.net/mobilelegends/MPL/Indonesia/Season_8/Playoffs | https://github.com/LiTianYeoh/MLBB_Tournament_Analysis/blob/94ea36800e80c9e89a2356a0b81d3eeafbd6a4f7/analysis/data/consolidated_game_data_20240505.csv
8,S8-PO-006,2,ONIC Esports,ban,1,Aldous,https://liquipedia.net/mobilelegends/MPL/Indonesia/Season_8/Playoffs | https://github.com/LiTianYeoh/MLBB_Tournament_Analysis/blob/94ea36800e80c9e89a2356a0b81d3eeafbd6a4f7/analysis/data/consolidated_game_data_20240505.csv
8,S8-PO-006,2,ONIC Esports,ban,2,Phoveus,https://liquipedia.net/mobilelegends/MPL/Indonesia/Season_8/Playoffs | https://github.com/LiTianYeoh/MLBB_Tournament_Analysis/blob/94ea36800e80c9e89a2356a0b81d3eeafbd6a4f7/analysis/data/consolidated_game_data_20240505.csv
8,S8-PO-006,2,ONIC Esports,ban,3,Pharsa,https://liquipedia.net/mobilelegends/MPL/Indonesia/Season_8/Playoffs | https://github.com/LiTianYeoh/MLBB_Tournament_Analysis/blob/94ea36800e80c9e89a2356a0b81d3eeafbd6a4f7/analysis/data/consolidated_game_data_20240505.csv
8,S8-PO-006,2,ONIC Esports,ban,4,Yve,https://liquipedia.net/mobilelegends/MPL/Indonesia/Season_8/Playoffs | https://github.com/LiTianYeoh/MLBB_Tournament_Analysis/blob/94ea36800e80c9e89a2356a0b81d3eeafbd6a4f7/analysis/data/consolidated_game_data_20240505.csv
8,S8-PO-006,2,ONIC Esports,ban,5,Ling,https://liquipedia.net/mobilelegends/MPL/Indonesia/Season_8/Playoffs | https://github.com/LiTianYeoh/MLBB_Tournament_Analysis/blob/94ea36800e80c9e89a2356a0b81d3eeafbd6a4f7/analysis/data/consolidated_game_data_20240505.csv
8,S8-PO-006,2,ONIC Esports,pick,1,Bruno,https://liquipedia.net/mobilelegends/MPL/Indonesia/Season_8/Playoffs | https://github.com/LiTianYeoh/MLBB_Tournament_Analysis/blob/94ea36800e80c9e89a2356a0b81d3eeafbd6a4f7/analysis/data/consolidated_game_data_20240505.csv
8,S8-PO-006,2,ONIC Esports,pick,2,Mathilda,https://liquipedia.net/mobilelegends/MPL/Indonesia/Season_8/Playoffs | https://github.com/LiTianYeoh/MLBB_Tournament_Analysis/blob/94ea36800e80c9e89a2356a0b81d3eeafbd6a4f7/analysis/data/consolidated_game_data_20240505.csv
8,S8-PO-006,2,ONIC Esports,pick,3,Paquito,https://liquipedia.net/mobilelegends/MPL/Indonesia/Season_8/Playoffs | https://github.com/LiTianYeoh/MLBB_Tournament_Analysis/blob/94ea36800e80c9e89a2356a0b81d3eeafbd6a4f7/analysis/data/consolidated_game_data_20240505.csv
8,S8-PO-006,2,ONIC Esports,pick,4,Chang'e,https://liquipedia.net/mobilelegends/MPL/Indonesia/Season_8/Playoffs | https://github.com/LiTianYeoh/MLBB_Tournament_Analysis/blob/94ea36800e80c9e89a2356a0b81d3eeafbd6a4f7/analysis/data/consolidated_game_data_20240505.csv
8,S8-PO-006,2,ONIC Esports,pick,5,Ruby,https://liquipedia.net/mobilelegends/MPL/Indonesia/Season_8/Playoffs | https://github.com/LiTianYeoh/MLBB_Tournament_Analysis/blob/94ea36800e80c9e89a2356a0b81d3eeafbd6a4f7/analysis/data/consolidated_game_data_20240505.csv
8,S8-PO-006,3,RRQ Hoshi,ban,1,Selena,https://liquipedia.net/mobilelegends/MPL/Indonesia/Season_8/Playoffs | https://github.com/LiTianYeoh/MLBB_Tournament_Analysis/blob/94ea36800e80c9e89a2356a0b81d3eeafbd6a4f7/analysis/data/consolidated_game_data_20240505.csv
8,S8-PO-006,3,RRQ Hoshi,ban,2,Jawhead,https://liquipedia.net/mobilelegends/MPL/Indonesia/Season_8/Playoffs | https://github.com/LiTianYeoh/MLBB_Tournament_Analysis/blob/94ea36800e80c9e89a2356a0b81d3eeafbd6a4f7/analysis/data/consolidated_game_data_20240505.csv
8,S8-PO-006,3,RRQ Hoshi,ban,3,Mathilda,https://liquipedia.net/mobilelegends/MPL/Indonesia/Season_8/Playoffs | https://github.com/LiTianYeoh/MLBB_Tournament_Analysis/blob/94ea36800e80c9e89a2356a0b81d3eeafbd6a4f7/analysis/data/consolidated_game_data_20240505.csv
8,S8-PO-006,3,RRQ Hoshi,ban,4,Pharsa,https://liquipedia.net/mobilelegends/MPL/Indonesia/Season_8/Playoffs | https://github.com/LiTianYeoh/MLBB_Tournament_Analysis/blob/94ea36800e80c9e89a2356a0b81d3eeafbd6a4f7/analysis/data/consolidated_game_data_20240505.csv
8,S8-PO-006,3,RRQ Hoshi,ban,5,Phoveus,https://liquipedia.net/mobilelegends/MPL/Indonesia/Season_8/Playoffs | https://github.com/LiTianYeoh/MLBB_Tournament_Analysis/blob/94ea36800e80c9e89a2356a0b81d3eeafbd6a4f7/analysis/data/consolidated_game_data_20240505.csv
8,S8-PO-006,3,RRQ Hoshi,pick,1,Esmeralda,https://liquipedia.net/mobilelegends/MPL/Indonesia/Season_8/Playoffs | https://github.com/LiTianYeoh/MLBB_Tournament_Analysis/blob/94ea36800e80c9e89a2356a0b81d3eeafbd6a4f7/analysis/data/consolidated_game_data_20240505.csv
8,S8-PO-006,3,RRQ Hoshi,pick,2,Benedetta,https://liquipedia.net/mobilelegends/MPL/Indonesia/Season_8/Playoffs | https://github.com/LiTianYeoh/MLBB_Tournament_Analysis/blob/94ea36800e80c9e89a2356a0b81d3eeafbd6a4f7/analysis/data/consolidated_game_data_20240505.csv
8,S8-PO-006,3,RRQ Hoshi,pick,3,Ruby,https://liquipedia.net/mobilelegends/MPL/Indonesia/Season_8/Playoffs | https://github.com/LiTianYeoh/MLBB_Tournament_Analysis/blob/94ea36800e80c9e89a2356a0b81d3eeafbd6a4f7/analysis/data/consolidated_game_data_20240505.csv
8,S8-PO-006,3,RRQ Hoshi,pick,4,Clint,https://liquipedia.net/mobilelegends/MPL/Indonesia/Season_8/Playoffs | https://github.com/LiTianYeoh/MLBB_Tournament_Analysis/blob/94ea36800e80c9e89a2356a0b81d3eeafbd6a4f7/analysis/data/consolidated_game_data_20240505.csv
8,S8-PO-006,3,RRQ Hoshi,pick,5,Yve,https://liquipedia.net/mobilelegends/MPL/Indonesia/Season_8/Playoffs | https://github.com/LiTianYeoh/MLBB_Tournament_Analysis/blob/94ea36800e80c9e89a2356a0b81d3eeafbd6a4f7/analysis/data/consolidated_game_data_20240505.csv
8,S8-PO-006,3,ONIC Esports,ban,1,Lancelot,https://liquipedia.net/mobilelegends/MPL/Indonesia/Season_8/Playoffs | https://github.com/LiTianYeoh/MLBB_Tournament_Analysis/blob/94ea36800e80c9e89a2356a0b81d3eeafbd6a4f7/analysis/data/consolidated_game_data_20240505.csv
8,S8-PO-006,3,ONIC Esports,ban,2,Aldous,https://liquipedia.net/mobilelegends/MPL/Indonesia/Season_8/Playoffs | https://github.com/LiTianYeoh/MLBB_Tournament_Analysis/blob/94ea36800e80c9e89a2356a0b81d3eeafbd6a4f7/analysis/data/consolidated_game_data_20240505.csv
8,S8-PO-006,3,ONIC Esports,ban,3,Paquito,https://liquipedia.net/mobilelegends/MPL/Indonesia/Season_8/Playoffs | https://github.com/LiTianYeoh/MLBB_Tournament_Analysis/blob/94ea36800e80c9e89a2356a0b81d3eeafbd6a4f7/analysis/data/consolidated_game_data_20240505.csv
8,S8-PO-006,3,ONIC Esports,ban,4,Hayabusa,https://liquipedia.net/mobilelegends/MPL/Indonesia/Season_8/Playoffs | https://github.com/LiTianYeoh/MLBB_Tournament_Analysis/blob/94ea36800e80c9e89a2356a0b81d3eeafbd6a4f7/analysis/data/consolidated_game_data_20240505.csv
8,S8-PO-006,3,ONIC Esports,ban,5,Ling,https://liquipedia.net/mobilelegends/MPL/Indonesia/Season_8/Playoffs | https://github.com/LiTianYeoh/MLBB_Tournament_Analysis/blob/94ea36800e80c9e89a2356a0b81d3eeafbd6a4f7/analysis/data/consolidated_game_data_20240505.csv
8,S8-PO-006,3,ONIC Esports,pick,1,Natan,https://liquipedia.net/mobilelegends/MPL/Indonesia/Season_8/Playoffs | https://github.com/LiTianYeoh/MLBB_Tournament_Analysis/blob/94ea36800e80c9e89a2356a0b81d3eeafbd6a4f7/analysis/data/consolidated_game_data_20240505.csv
8,S8-PO-006,3,ONIC Esports,pick,2,Rafaela,https://liquipedia.net/mobilelegends/MPL/Indonesia/Season_8/Playoffs | https://github.com/LiTianYeoh/MLBB_Tournament_Analysis/blob/94ea36800e80c9e89a2356a0b81d3eeafbd6a4f7/analysis/data/consolidated_game_data_20240505.csv
8,S8-PO-006,3,ONIC Esports,pick,3,Balmond,https://liquipedia.net/mobilelegends/MPL/Indonesia/Season_8/Playoffs | https://github.com/LiTianYeoh/MLBB_Tournament_Analysis/blob/94ea36800e80c9e89a2356a0b81d3eeafbd6a4f7/analysis/data/consolidated_game_data_20240505.csv
8,S8-PO-006,3,ONIC Esports,pick,4,Lunox,https://liquipedia.net/mobilelegends/MPL/Indonesia/Season_8/Playoffs | https://github.com/LiTianYeoh/MLBB_Tournament_Analysis/blob/94ea36800e80c9e89a2356a0b81d3eeafbd6a4f7/analysis/data/consolidated_game_data_20240505.csv
8,S8-PO-006,3,ONIC Esports,pick,5,Yu Zhong,https://liquipedia.net/mobilelegends/MPL/Indonesia/Season_8/Playoffs | https://github.com/LiTianYeoh/MLBB_Tournament_Analysis/blob/94ea36800e80c9e89a2356a0b81d3eeafbd6a4f7/analysis/data/consolidated_game_data_20240505.csv
8,S8-PO-006,4,RRQ Hoshi,ban,1,Hayabusa,https://liquipedia.net/mobilelegends/MPL/Indonesia/Season_8/Playoffs | https://github.com/LiTianYeoh/MLBB_Tournament_Analysis/blob/94ea36800e80c9e89a2356a0b81d3eeafbd6a4f7/analysis/data/consolidated_game_data_20240505.csv
8,S8-PO-006,4,RRQ Hoshi,ban,2,Selena,https://liquipedia.net/mobilelegends/MPL/Indonesia/Season_8/Playoffs | https://github.com/LiTianYeoh/MLBB_Tournament_Analysis/blob/94ea36800e80c9e89a2356a0b81d3eeafbd6a4f7/analysis/data/consolidated_game_data_20240505.csv
8,S8-PO-006,4,RRQ Hoshi,ban,3,Paquito,https://liquipedia.net/mobilelegends/MPL/Indonesia/Season_8/Playoffs | https://github.com/LiTianYeoh/MLBB_Tournament_Analysis/blob/94ea36800e80c9e89a2356a0b81d3eeafbd6a4f7/analysis/data/consolidated_game_data_20240505.csv
8,S8-PO-006,4,RRQ Hoshi,ban,4,Chang'e,https://liquipedia.net/mobilelegends/MPL/Indonesia/Season_8/Playoffs | https://github.com/LiTianYeoh/MLBB_Tournament_Analysis/blob/94ea36800e80c9e89a2356a0b81d3eeafbd6a4f7/analysis/data/consolidated_game_data_20240505.csv
8,S8-PO-006,4,RRQ Hoshi,ban,5,Bane,https://liquipedia.net/mobilelegends/MPL/Indonesia/Season_8/Playoffs | https://github.com/LiTianYeoh/MLBB_Tournament_Analysis/blob/94ea36800e80c9e89a2356a0b81d3eeafbd6a4f7/analysis/data/consolidated_game_data_20240505.csv
8,S8-PO-006,4,RRQ Hoshi,pick,1,Phoveus,https://liquipedia.net/mobilelegends/MPL/Indonesia/Season_8/Playoffs | https://github.com/LiTianYeoh/MLBB_Tournament_Analysis/blob/94ea36800e80c9e89a2356a0b81d3eeafbd6a4f7/analysis/data/consolidated_game_data_20240505.csv
8,S8-PO-006,4,RRQ Hoshi,pick,2,Benedetta,https://liquipedia.net/mobilelegends/MPL/Indonesia/Season_8/Playoffs | https://github.com/LiTianYeoh/MLBB_Tournament_Analysis/blob/94ea36800e80c9e89a2356a0b81d3eeafbd6a4f7/analysis/data/consolidated_game_data_20240505.csv
8,S8-PO-006,4,RRQ Hoshi,pick,3,Mathilda,https://liquipedia.net/mobilelegends/MPL/Indonesia/Season_8/Playoffs | https://github.com/LiTianYeoh/MLBB_Tournament_Analysis/blob/94ea36800e80c9e89a2356a0b81d3eeafbd6a4f7/analysis/data/consolidated_game_data_20240505.csv
8,S8-PO-006,4,RRQ Hoshi,pick,4,Brody,https://liquipedia.net/mobilelegends/MPL/Indonesia/Season_8/Playoffs | https://github.com/LiTianYeoh/MLBB_Tournament_Analysis/blob/94ea36800e80c9e89a2356a0b81d3eeafbd6a4f7/analysis/data/consolidated_game_data_20240505.csv
8,S8-PO-006,4,RRQ Hoshi,pick,5,Pharsa,https://liquipedia.net/mobilelegends/MPL/Indonesia/Season_8/Playoffs | https://github.com/LiTianYeoh/MLBB_Tournament_Analysis/blob/94ea36800e80c9e89a2356a0b81d3eeafbd6a4f7/analysis/data/consolidated_game_data_20240505.csv
8,S8-PO-006,4,ONIC Esports,ban,1,Lancelot,https://liquipedia.net/mobilelegends/MPL/Indonesia/Season_8/Playoffs | https://github.com/LiTianYeoh/MLBB_Tournament_Analysis/blob/94ea36800e80c9e89a2356a0b81d3eeafbd6a4f7/analysis/data/consolidated_game_data_20240505.csv
8,S8-PO-006,4,ONIC Esports,ban,2,Aldous,https://liquipedia.net/mobilelegends/MPL/Indonesia/Season_8/Playoffs | https://github.com/LiTianYeoh/MLBB_Tournament_Analysis/blob/94ea36800e80c9e89a2356a0b81d3eeafbd6a4f7/analysis/data/consolidated_game_data_20240505.csv
8,S8-PO-006,4,ONIC Esports,ban,3,Esmeralda,https://liquipedia.net/mobilelegends/MPL/Indonesia/Season_8/Playoffs | https://github.com/LiTianYeoh/MLBB_Tournament_Analysis/blob/94ea36800e80c9e89a2356a0b81d3eeafbd6a4f7/analysis/data/consolidated_game_data_20240505.csv
8,S8-PO-006,4,ONIC Esports,ban,4,Yve,https://liquipedia.net/mobilelegends/MPL/Indonesia/Season_8/Playoffs | https://github.com/LiTianYeoh/MLBB_Tournament_Analysis/blob/94ea36800e80c9e89a2356a0b81d3eeafbd6a4f7/analysis/data/consolidated_game_data_20240505.csv
8,S8-PO-006,4,ONIC Esports,ban,5,Ling,https://liquipedia.net/mobilelegends/MPL/Indonesia/Season_8/Playoffs | https://github.com/LiTianYeoh/MLBB_Tournament_Analysis/blob/94ea36800e80c9e89a2356a0b81d3eeafbd6a4f7/analysis/data/consolidated_game_data_20240505.csv
8,S8-PO-006,4,ONIC Esports,pick,1,Fanny,https://liquipedia.net/mobilelegends/MPL/Indonesia/Season_8/Playoffs | https://github.com/LiTianYeoh/MLBB_Tournament_Analysis/blob/94ea36800e80c9e89a2356a0b81d3eeafbd6a4f7/analysis/data/consolidated_game_data_20240505.csv
8,S8-PO-006,4,ONIC Esports,pick,2,Balmond,https://liquipedia.net/mobilelegends/MPL/Indonesia/Season_8/Playoffs | https://github.com/LiTianYeoh/MLBB_Tournament_Analysis/blob/94ea36800e80c9e89a2356a0b81d3eeafbd6a4f7/analysis/data/consolidated_game_data_20240505.csv
8,S8-PO-006,4,ONIC Esports,pick,3,Jawhead,https://liquipedia.net/mobilelegends/MPL/Indonesia/Season_8/Playoffs | https://github.com/LiTianYeoh/MLBB_Tournament_Analysis/blob/94ea36800e80c9e89a2356a0b81d3eeafbd6a4f7/analysis/data/consolidated_game_data_20240505.csv
8,S8-PO-006,4,ONIC Esports,pick,4,Natan,https://liquipedia.net/mobilelegends/MPL/Indonesia/Season_8/Playoffs | https://github.com/LiTianYeoh/MLBB_Tournament_Analysis/blob/94ea36800e80c9e89a2356a0b81d3eeafbd6a4f7/analysis/data/consolidated_game_data_20240505.csv
8,S8-PO-006,4,ONIC Esports,pick,5,Lapu-Lapu,https://liquipedia.net/mobilelegends/MPL/Indonesia/Season_8/Playoffs | https://github.com/LiTianYeoh/MLBB_Tournament_Analysis/blob/94ea36800e80c9e89a2356a0b81d3eeafbd6a4f7/analysis/data/consolidated_game_data_20240505.csv
8,S8-PO-007,1,ONIC Esports,ban,1,Hayabusa,https://liquipedia.net/mobilelegends/MPL/Indonesia/Season_8/Playoffs | https://github.com/LiTianYeoh/MLBB_Tournament_Analysis/blob/94ea36800e80c9e89a2356a0b81d3eeafbd6a4f7/analysis/data/consolidated_game_data_20240505.csv
8,S8-PO-007,1,ONIC Esports,ban,2,Yve,https://liquipedia.net/mobilelegends/MPL/Indonesia/Season_8/Playoffs | https://github.com/LiTianYeoh/MLBB_Tournament_Analysis/blob/94ea36800e80c9e89a2356a0b81d3eeafbd6a4f7/analysis/data/consolidated_game_data_20240505.csv
8,S8-PO-007,1,ONIC Esports,ban,3,Esmeralda,https://liquipedia.net/mobilelegends/MPL/Indonesia/Season_8/Playoffs | https://github.com/LiTianYeoh/MLBB_Tournament_Analysis/blob/94ea36800e80c9e89a2356a0b81d3eeafbd6a4f7/analysis/data/consolidated_game_data_20240505.csv
8,S8-PO-007,1,ONIC Esports,ban,4,Wanwan,https://liquipedia.net/mobilelegends/MPL/Indonesia/Season_8/Playoffs | https://github.com/LiTianYeoh/MLBB_Tournament_Analysis/blob/94ea36800e80c9e89a2356a0b81d3eeafbd6a4f7/analysis/data/consolidated_game_data_20240505.csv
8,S8-PO-007,1,ONIC Esports,ban,5,Claude,https://liquipedia.net/mobilelegends/MPL/Indonesia/Season_8/Playoffs | https://github.com/LiTianYeoh/MLBB_Tournament_Analysis/blob/94ea36800e80c9e89a2356a0b81d3eeafbd6a4f7/analysis/data/consolidated_game_data_20240505.csv
8,S8-PO-007,1,ONIC Esports,pick,1,Balmond,https://liquipedia.net/mobilelegends/MPL/Indonesia/Season_8/Playoffs | https://github.com/LiTianYeoh/MLBB_Tournament_Analysis/blob/94ea36800e80c9e89a2356a0b81d3eeafbd6a4f7/analysis/data/consolidated_game_data_20240505.csv
8,S8-PO-007,1,ONIC Esports,pick,2,Paquito,https://liquipedia.net/mobilelegends/MPL/Indonesia/Season_8/Playoffs | https://github.com/LiTianYeoh/MLBB_Tournament_Analysis/blob/94ea36800e80c9e89a2356a0b81d3eeafbd6a4f7/analysis/data/consolidated_game_data_20240505.csv
8,S8-PO-007,1,ONIC Esports,pick,3,X.Borg,https://liquipedia.net/mobilelegends/MPL/Indonesia/Season_8/Playoffs | https://github.com/LiTianYeoh/MLBB_Tournament_Analysis/blob/94ea36800e80c9e89a2356a0b81d3eeafbd6a4f7/analysis/data/consolidated_game_data_20240505.csv
8,S8-PO-007,1,ONIC Esports,pick,4,Mathilda,https://liquipedia.net/mobilelegends/MPL/Indonesia/Season_8/Playoffs | https://github.com/LiTianYeoh/MLBB_Tournament_Analysis/blob/94ea36800e80c9e89a2356a0b81d3eeafbd6a4f7/analysis/data/consolidated_game_data_20240505.csv
8,S8-PO-007,1,ONIC Esports,pick,5,Lylia,https://liquipedia.net/mobilelegends/MPL/Indonesia/Season_8/Playoffs | https://github.com/LiTianYeoh/MLBB_Tournament_Analysis/blob/94ea36800e80c9e89a2356a0b81d3eeafbd6a4f7/analysis/data/consolidated_game_data_20240505.csv
8,S8-PO-007,1,EVOS Legends,ban,1,Chang'e,https://liquipedia.net/mobilelegends/MPL/Indonesia/Season_8/Playoffs | https://github.com/LiTianYeoh/MLBB_Tournament_Analysis/blob/94ea36800e80c9e89a2356a0b81d3eeafbd6a4f7/analysis/data/consolidated_game_data_20240505.csv
8,S8-PO-007,1,EVOS Legends,ban,2,Lunox,https://liquipedia.net/mobilelegends/MPL/Indonesia/Season_8/Playoffs | https://github.com/LiTianYeoh/MLBB_Tournament_Analysis/blob/94ea36800e80c9e89a2356a0b81d3eeafbd6a4f7/analysis/data/consolidated_game_data_20240505.csv
8,S8-PO-007,1,EVOS Legends,ban,3,Natan,https://liquipedia.net/mobilelegends/MPL/Indonesia/Season_8/Playoffs | https://github.com/LiTianYeoh/MLBB_Tournament_Analysis/blob/94ea36800e80c9e89a2356a0b81d3eeafbd6a4f7/analysis/data/consolidated_game_data_20240505.csv
8,S8-PO-007,1,EVOS Legends,ban,4,Jawhead,https://liquipedia.net/mobilelegends/MPL/Indonesia/Season_8/Playoffs | https://github.com/LiTianYeoh/MLBB_Tournament_Analysis/blob/94ea36800e80c9e89a2356a0b81d3eeafbd6a4f7/analysis/data/consolidated_game_data_20240505.csv
8,S8-PO-007,1,EVOS Legends,ban,5,Selena,https://liquipedia.net/mobilelegends/MPL/Indonesia/Season_8/Playoffs | https://github.com/LiTianYeoh/MLBB_Tournament_Analysis/blob/94ea36800e80c9e89a2356a0b81d3eeafbd6a4f7/analysis/data/consolidated_game_data_20240505.csv
8,S8-PO-007,1,EVOS Legends,pick,1,Phoveus,https://liquipedia.net/mobilelegends/MPL/Indonesia/Season_8/Playoffs | https://github.com/LiTianYeoh/MLBB_Tournament_Analysis/blob/94ea36800e80c9e89a2356a0b81d3eeafbd6a4f7/analysis/data/consolidated_game_data_20240505.csv
8,S8-PO-007,1,EVOS Legends,pick,2,Karina,https://liquipedia.net/mobilelegends/MPL/Indonesia/Season_8/Playoffs | https://github.com/LiTianYeoh/MLBB_Tournament_Analysis/blob/94ea36800e80c9e89a2356a0b81d3eeafbd6a4f7/analysis/data/consolidated_game_data_20240505.csv
8,S8-PO-007,1,EVOS Legends,pick,3,Clint,https://liquipedia.net/mobilelegends/MPL/Indonesia/Season_8/Playoffs | https://github.com/LiTianYeoh/MLBB_Tournament_Analysis/blob/94ea36800e80c9e89a2356a0b81d3eeafbd6a4f7/analysis/data/consolidated_game_data_20240505.csv
8,S8-PO-007,1,EVOS Legends,pick,4,Angela,https://liquipedia.net/mobilelegends/MPL/Indonesia/Season_8/Playoffs | https://github.com/LiTianYeoh/MLBB_Tournament_Analysis/blob/94ea36800e80c9e89a2356a0b81d3eeafbd6a4f7/analysis/data/consolidated_game_data_20240505.csv
8,S8-PO-007,1,EVOS Legends,pick,5,Ruby,https://liquipedia.net/mobilelegends/MPL/Indonesia/Season_8/Playoffs | https://github.com/LiTianYeoh/MLBB_Tournament_Analysis/blob/94ea36800e80c9e89a2356a0b81d3eeafbd6a4f7/analysis/data/consolidated_game_data_20240505.csv
8,S8-PO-007,2,ONIC Esports,ban,1,Yve,https://liquipedia.net/mobilelegends/MPL/Indonesia/Season_8/Playoffs | https://github.com/LiTianYeoh/MLBB_Tournament_Analysis/blob/94ea36800e80c9e89a2356a0b81d3eeafbd6a4f7/analysis/data/consolidated_game_data_20240505.csv
8,S8-PO-007,2,ONIC Esports,ban,2,Esmeralda,https://liquipedia.net/mobilelegends/MPL/Indonesia/Season_8/Playoffs | https://github.com/LiTianYeoh/MLBB_Tournament_Analysis/blob/94ea36800e80c9e89a2356a0b81d3eeafbd6a4f7/analysis/data/consolidated_game_data_20240505.csv
8,S8-PO-007,2,ONIC Esports,ban,3,Karina,https://liquipedia.net/mobilelegends/MPL/Indonesia/Season_8/Playoffs | https://github.com/LiTianYeoh/MLBB_Tournament_Analysis/blob/94ea36800e80c9e89a2356a0b81d3eeafbd6a4f7/analysis/data/consolidated_game_data_20240505.csv
8,S8-PO-007,2,ONIC Esports,ban,4,Rafaela,https://liquipedia.net/mobilelegends/MPL/Indonesia/Season_8/Playoffs | https://github.com/LiTianYeoh/MLBB_Tournament_Analysis/blob/94ea36800e80c9e89a2356a0b81d3eeafbd6a4f7/analysis/data/consolidated_game_data_20240505.csv
8,S8-PO-007,2,ONIC Esports,ban,5,Aldous,https://liquipedia.net/mobilelegends/MPL/Indonesia/Season_8/Playoffs | https://github.com/LiTianYeoh/MLBB_Tournament_Analysis/blob/94ea36800e80c9e89a2356a0b81d3eeafbd6a4f7/analysis/data/consolidated_game_data_20240505.csv
8,S8-PO-007,2,ONIC Esports,pick,1,Phoveus,https://liquipedia.net/mobilelegends/MPL/Indonesia/Season_8/Playoffs | https://github.com/LiTianYeoh/MLBB_Tournament_Analysis/blob/94ea36800e80c9e89a2356a0b81d3eeafbd6a4f7/analysis/data/consolidated_game_data_20240505.csv
8,S8-PO-007,2,ONIC Esports,pick,2,Ruby,https://liquipedia.net/mobilelegends/MPL/Indonesia/Season_8/Playoffs | https://github.com/LiTianYeoh/MLBB_Tournament_Analysis/blob/94ea36800e80c9e89a2356a0b81d3eeafbd6a4f7/analysis/data/consolidated_game_data_20240505.csv
8,S8-PO-007,2,ONIC Esports,pick,3,Yi Sun-Shin,https://liquipedia.net/mobilelegends/MPL/Indonesia/Season_8/Playoffs | https://github.com/LiTianYeoh/MLBB_Tournament_Analysis/blob/94ea36800e80c9e89a2356a0b81d3eeafbd6a4f7/analysis/data/consolidated_game_data_20240505.csv
8,S8-PO-007,2,ONIC Esports,pick,4,Mathilda,https://liquipedia.net/mobilelegends/MPL/Indonesia/Season_8/Playoffs | https://github.com/LiTianYeoh/MLBB_Tournament_Analysis/blob/94ea36800e80c9e89a2356a0b81d3eeafbd6a4f7/analysis/data/consolidated_game_data_20240505.csv
8,S8-PO-007,2,ONIC Esports,pick,5,Chang'e,https://liquipedia.net/mobilelegends/MPL/Indonesia/Season_8/Playoffs | https://github.com/LiTianYeoh/MLBB_Tournament_Analysis/blob/94ea36800e80c9e89a2356a0b81d3eeafbd6a4f7/analysis/data/consolidated_game_data_20240505.csv
8,S8-PO-007,2,EVOS Legends,ban,1,Fanny,https://liquipedia.net/mobilelegends/MPL/Indonesia/Season_8/Playoffs | https://github.com/LiTianYeoh/MLBB_Tournament_Analysis/blob/94ea36800e80c9e89a2356a0b81d3eeafbd6a4f7/analysis/data/consolidated_game_data_20240505.csv
8,S8-PO-007,2,EVOS Legends,ban,2,Lancelot,https://liquipedia.net/mobilelegends/MPL/Indonesia/Season_8/Playoffs | https://github.com/LiTianYeoh/MLBB_Tournament_Analysis/blob/94ea36800e80c9e89a2356a0b81d3eeafbd6a4f7/analysis/data/consolidated_game_data_20240505.csv
8,S8-PO-007,2,EVOS Legends,ban,3,Paquito,https://liquipedia.net/mobilelegends/MPL/Indonesia/Season_8/Playoffs | https://github.com/LiTianYeoh/MLBB_Tournament_Analysis/blob/94ea36800e80c9e89a2356a0b81d3eeafbd6a4f7/analysis/data/consolidated_game_data_20240505.csv
8,S8-PO-007,2,EVOS Legends,ban,4,Hayabusa,https://liquipedia.net/mobilelegends/MPL/Indonesia/Season_8/Playoffs | https://github.com/LiTianYeoh/MLBB_Tournament_Analysis/blob/94ea36800e80c9e89a2356a0b81d3eeafbd6a4f7/analysis/data/consolidated_game_data_20240505.csv
8,S8-PO-007,2,EVOS Legends,ban,5,Selena,https://liquipedia.net/mobilelegends/MPL/Indonesia/Season_8/Playoffs | https://github.com/LiTianYeoh/MLBB_Tournament_Analysis/blob/94ea36800e80c9e89a2356a0b81d3eeafbd6a4f7/analysis/data/consolidated_game_data_20240505.csv
8,S8-PO-007,2,EVOS Legends,pick,1,Uranus,https://liquipedia.net/mobilelegends/MPL/Indonesia/Season_8/Playoffs | https://github.com/LiTianYeoh/MLBB_Tournament_Analysis/blob/94ea36800e80c9e89a2356a0b81d3eeafbd6a4f7/analysis/data/consolidated_game_data_20240505.csv
8,S8-PO-007,2,EVOS Legends,pick,2,Barats,https://liquipedia.net/mobilelegends/MPL/Indonesia/Season_8/Playoffs | https://github.com/LiTianYeoh/MLBB_Tournament_Analysis/blob/94ea36800e80c9e89a2356a0b81d3eeafbd6a4f7/analysis/data/consolidated_game_data_20240505.csv
8,S8-PO-007,2,EVOS Legends,pick,3,Natan,https://liquipedia.net/mobilelegends/MPL/Indonesia/Season_8/Playoffs | https://github.com/LiTianYeoh/MLBB_Tournament_Analysis/blob/94ea36800e80c9e89a2356a0b81d3eeafbd6a4f7/analysis/data/consolidated_game_data_20240505.csv
8,S8-PO-007,2,EVOS Legends,pick,4,Pharsa,https://liquipedia.net/mobilelegends/MPL/Indonesia/Season_8/Playoffs | https://github.com/LiTianYeoh/MLBB_Tournament_Analysis/blob/94ea36800e80c9e89a2356a0b81d3eeafbd6a4f7/analysis/data/consolidated_game_data_20240505.csv
8,S8-PO-007,2,EVOS Legends,pick,5,X.Borg,https://liquipedia.net/mobilelegends/MPL/Indonesia/Season_8/Playoffs | https://github.com/LiTianYeoh/MLBB_Tournament_Analysis/blob/94ea36800e80c9e89a2356a0b81d3eeafbd6a4f7/analysis/data/consolidated_game_data_20240505.csv
8,S8-PO-007,3,ONIC Esports,ban,1,Hayabusa,https://liquipedia.net/mobilelegends/MPL/Indonesia/Season_8/Playoffs | https://github.com/LiTianYeoh/MLBB_Tournament_Analysis/blob/94ea36800e80c9e89a2356a0b81d3eeafbd6a4f7/analysis/data/consolidated_game_data_20240505.csv
8,S8-PO-007,3,ONIC Esports,ban,2,Yve,https://liquipedia.net/mobilelegends/MPL/Indonesia/Season_8/Playoffs | https://github.com/LiTianYeoh/MLBB_Tournament_Analysis/blob/94ea36800e80c9e89a2356a0b81d3eeafbd6a4f7/analysis/data/consolidated_game_data_20240505.csv
8,S8-PO-007,3,ONIC Esports,ban,3,Esmeralda,https://liquipedia.net/mobilelegends/MPL/Indonesia/Season_8/Playoffs | https://github.com/LiTianYeoh/MLBB_Tournament_Analysis/blob/94ea36800e80c9e89a2356a0b81d3eeafbd6a4f7/analysis/data/consolidated_game_data_20240505.csv
8,S8-PO-007,3,ONIC Esports,ban,4,Rafaela,https://liquipedia.net/mobilelegends/MPL/Indonesia/Season_8/Playoffs | https://github.com/LiTianYeoh/MLBB_Tournament_Analysis/blob/94ea36800e80c9e89a2356a0b81d3eeafbd6a4f7/analysis/data/consolidated_game_data_20240505.csv
8,S8-PO-007,3,ONIC Esports,ban,5,Diggie,https://liquipedia.net/mobilelegends/MPL/Indonesia/Season_8/Playoffs | https://github.com/LiTianYeoh/MLBB_Tournament_Analysis/blob/94ea36800e80c9e89a2356a0b81d3eeafbd6a4f7/analysis/data/consolidated_game_data_20240505.csv
8,S8-PO-007,3,ONIC Esports,pick,1,Balmond,https://liquipedia.net/mobilelegends/MPL/Indonesia/Season_8/Playoffs | https://github.com/LiTianYeoh/MLBB_Tournament_Analysis/blob/94ea36800e80c9e89a2356a0b81d3eeafbd6a4f7/analysis/data/consolidated_game_data_20240505.csv
8,S8-PO-007,3,ONIC Esports,pick,2,Ruby,https://liquipedia.net/mobilelegends/MPL/Indonesia/Season_8/Playoffs | https://github.com/LiTianYeoh/MLBB_Tournament_Analysis/blob/94ea36800e80c9e89a2356a0b81d3eeafbd6a4f7/analysis/data/consolidated_game_data_20240505.csv
8,S8-PO-007,3,ONIC Esports,pick,3,Natan,https://liquipedia.net/mobilelegends/MPL/Indonesia/Season_8/Playoffs | https://github.com/LiTianYeoh/MLBB_Tournament_Analysis/blob/94ea36800e80c9e89a2356a0b81d3eeafbd6a4f7/analysis/data/consolidated_game_data_20240505.csv
8,S8-PO-007,3,ONIC Esports,pick,4,Chou,https://liquipedia.net/mobilelegends/MPL/Indonesia/Season_8/Playoffs | https://github.com/LiTianYeoh/MLBB_Tournament_Analysis/blob/94ea36800e80c9e89a2356a0b81d3eeafbd6a4f7/analysis/data/consolidated_game_data_20240505.csv
8,S8-PO-007,3,ONIC Esports,pick,5,Phoveus,https://liquipedia.net/mobilelegends/MPL/Indonesia/Season_8/Playoffs | https://github.com/LiTianYeoh/MLBB_Tournament_Analysis/blob/94ea36800e80c9e89a2356a0b81d3eeafbd6a4f7/analysis/data/consolidated_game_data_20240505.csv
8,S8-PO-007,3,EVOS Legends,ban,1,Lancelot,https://liquipedia.net/mobilelegends/MPL/Indonesia/Season_8/Playoffs | https://github.com/LiTianYeoh/MLBB_Tournament_Analysis/blob/94ea36800e80c9e89a2356a0b81d3eeafbd6a4f7/analysis/data/consolidated_game_data_20240505.csv
8,S8-PO-007,3,EVOS Legends,ban,2,Karina,https://liquipedia.net/mobilelegends/MPL/Indonesia/Season_8/Playoffs | https://github.com/LiTianYeoh/MLBB_Tournament_Analysis/blob/94ea36800e80c9e89a2356a0b81d3eeafbd6a4f7/analysis/data/consolidated_game_data_20240505.csv
8,S8-PO-007,3,EVOS Legends,ban,3,Mathilda,https://liquipedia.net/mobilelegends/MPL/Indonesia/Season_8/Playoffs | https://github.com/LiTianYeoh/MLBB_Tournament_Analysis/blob/94ea36800e80c9e89a2356a0b81d3eeafbd6a4f7/analysis/data/consolidated_game_data_20240505.csv
8,S8-PO-007,3,EVOS Legends,ban,4,Jawhead,https://liquipedia.net/mobilelegends/MPL/Indonesia/Season_8/Playoffs | https://github.com/LiTianYeoh/MLBB_Tournament_Analysis/blob/94ea36800e80c9e89a2356a0b81d3eeafbd6a4f7/analysis/data/consolidated_game_data_20240505.csv
8,S8-PO-007,3,EVOS Legends,ban,5,Selena,https://liquipedia.net/mobilelegends/MPL/Indonesia/Season_8/Playoffs | https://github.com/LiTianYeoh/MLBB_Tournament_Analysis/blob/94ea36800e80c9e89a2356a0b81d3eeafbd6a4f7/analysis/data/consolidated_game_data_20240505.csv
8,S8-PO-007,3,EVOS Legends,pick,1,Paquito,https://liquipedia.net/mobilelegends/MPL/Indonesia/Season_8/Playoffs | https://github.com/LiTianYeoh/MLBB_Tournament_Analysis/blob/94ea36800e80c9e89a2356a0b81d3eeafbd6a4f7/analysis/data/consolidated_game_data_20240505.csv
8,S8-PO-007,3,EVOS Legends,pick,2,Floryn,https://liquipedia.net/mobilelegends/MPL/Indonesia/Season_8/Playoffs | https://github.com/LiTianYeoh/MLBB_Tournament_Analysis/blob/94ea36800e80c9e89a2356a0b81d3eeafbd6a4f7/analysis/data/consolidated_game_data_20240505.csv
8,S8-PO-007,3,EVOS Legends,pick,3,Yi Sun-Shin,https://liquipedia.net/mobilelegends/MPL/Indonesia/Season_8/Playoffs | https://github.com/LiTianYeoh/MLBB_Tournament_Analysis/blob/94ea36800e80c9e89a2356a0b81d3eeafbd6a4f7/analysis/data/consolidated_game_data_20240505.csv
8,S8-PO-007,3,EVOS Legends,pick,4,Pharsa,https://liquipedia.net/mobilelegends/MPL/Indonesia/Season_8/Playoffs | https://github.com/LiTianYeoh/MLBB_Tournament_Analysis/blob/94ea36800e80c9e89a2356a0b81d3eeafbd6a4f7/analysis/data/consolidated_game_data_20240505.csv
8,S8-PO-007,3,EVOS Legends,pick,5,Aldous,https://liquipedia.net/mobilelegends/MPL/Indonesia/Season_8/Playoffs | https://github.com/LiTianYeoh/MLBB_Tournament_Analysis/blob/94ea36800e80c9e89a2356a0b81d3eeafbd6a4f7/analysis/data/consolidated_game_data_20240505.csv
8,S8-PO-007,4,ONIC Esports,ban,1,Hayabusa,https://liquipedia.net/mobilelegends/MPL/Indonesia/Season_8/Playoffs | https://github.com/LiTianYeoh/MLBB_Tournament_Analysis/blob/94ea36800e80c9e89a2356a0b81d3eeafbd6a4f7/analysis/data/consolidated_game_data_20240505.csv
8,S8-PO-007,4,ONIC Esports,ban,2,Yve,https://liquipedia.net/mobilelegends/MPL/Indonesia/Season_8/Playoffs | https://github.com/LiTianYeoh/MLBB_Tournament_Analysis/blob/94ea36800e80c9e89a2356a0b81d3eeafbd6a4f7/analysis/data/consolidated_game_data_20240505.csv
8,S8-PO-007,4,ONIC Esports,ban,3,Aldous,https://liquipedia.net/mobilelegends/MPL/Indonesia/Season_8/Playoffs | https://github.com/LiTianYeoh/MLBB_Tournament_Analysis/blob/94ea36800e80c9e89a2356a0b81d3eeafbd6a4f7/analysis/data/consolidated_game_data_20240505.csv
8,S8-PO-007,4,ONIC Esports,ban,4,Floryn,https://liquipedia.net/mobilelegends/MPL/Indonesia/Season_8/Playoffs | https://github.com/LiTianYeoh/MLBB_Tournament_Analysis/blob/94ea36800e80c9e89a2356a0b81d3eeafbd6a4f7/analysis/data/consolidated_game_data_20240505.csv
8,S8-PO-007,4,ONIC Esports,ban,5,Rafaela,https://liquipedia.net/mobilelegends/MPL/Indonesia/Season_8/Playoffs | https://github.com/LiTianYeoh/MLBB_Tournament_Analysis/blob/94ea36800e80c9e89a2356a0b81d3eeafbd6a4f7/analysis/data/consolidated_game_data_20240505.csv
8,S8-PO-007,4,ONIC Esports,pick,1,Esmeralda,https://liquipedia.net/mobilelegends/MPL/Indonesia/Season_8/Playoffs | https://github.com/LiTianYeoh/MLBB_Tournament_Analysis/blob/94ea36800e80c9e89a2356a0b81d3eeafbd6a4f7/analysis/data/consolidated_game_data_20240505.csv
8,S8-PO-007,4,ONIC Esports,pick,2,Pharsa,https://liquipedia.net/mobilelegends/MPL/Indonesia/Season_8/Playoffs | https://github.com/LiTianYeoh/MLBB_Tournament_Analysis/blob/94ea36800e80c9e89a2356a0b81d3eeafbd6a4f7/analysis/data/consolidated_game_data_20240505.csv
8,S8-PO-007,4,ONIC Esports,pick,3,Granger,https://liquipedia.net/mobilelegends/MPL/Indonesia/Season_8/Playoffs | https://github.com/LiTianYeoh/MLBB_Tournament_Analysis/blob/94ea36800e80c9e89a2356a0b81d3eeafbd6a4f7/analysis/data/consolidated_game_data_20240505.csv
8,S8-PO-007,4,ONIC Esports,pick,4,Khufra,https://liquipedia.net/mobilelegends/MPL/Indonesia/Season_8/Playoffs | https://github.com/LiTianYeoh/MLBB_Tournament_Analysis/blob/94ea36800e80c9e89a2356a0b81d3eeafbd6a4f7/analysis/data/consolidated_game_data_20240505.csv
8,S8-PO-007,4,ONIC Esports,pick,5,Kaja,https://liquipedia.net/mobilelegends/MPL/Indonesia/Season_8/Playoffs | https://github.com/LiTianYeoh/MLBB_Tournament_Analysis/blob/94ea36800e80c9e89a2356a0b81d3eeafbd6a4f7/analysis/data/consolidated_game_data_20240505.csv
8,S8-PO-007,4,EVOS Legends,ban,1,Lancelot,https://liquipedia.net/mobilelegends/MPL/Indonesia/Season_8/Playoffs | https://github.com/LiTianYeoh/MLBB_Tournament_Analysis/blob/94ea36800e80c9e89a2356a0b81d3eeafbd6a4f7/analysis/data/consolidated_game_data_20240505.csv
8,S8-PO-007,4,EVOS Legends,ban,2,Karina,https://liquipedia.net/mobilelegends/MPL/Indonesia/Season_8/Playoffs | https://github.com/LiTianYeoh/MLBB_Tournament_Analysis/blob/94ea36800e80c9e89a2356a0b81d3eeafbd6a4f7/analysis/data/consolidated_game_data_20240505.csv
8,S8-PO-007,4,EVOS Legends,ban,3,Mathilda,https://liquipedia.net/mobilelegends/MPL/Indonesia/Season_8/Playoffs | https://github.com/LiTianYeoh/MLBB_Tournament_Analysis/blob/94ea36800e80c9e89a2356a0b81d3eeafbd6a4f7/analysis/data/consolidated_game_data_20240505.csv
8,S8-PO-007,4,EVOS Legends,ban,4,Jawhead,https://liquipedia.net/mobilelegends/MPL/Indonesia/Season_8/Playoffs | https://github.com/LiTianYeoh/MLBB_Tournament_Analysis/blob/94ea36800e80c9e89a2356a0b81d3eeafbd6a4f7/analysis/data/consolidated_game_data_20240505.csv
8,S8-PO-007,4,EVOS Legends,ban,5,Selena,https://liquipedia.net/mobilelegends/MPL/Indonesia/Season_8/Playoffs | https://github.com/LiTianYeoh/MLBB_Tournament_Analysis/blob/94ea36800e80c9e89a2356a0b81d3eeafbd6a4f7/analysis/data/consolidated_game_data_20240505.csv
8,S8-PO-007,4,EVOS Legends,pick,1,Paquito,https://liquipedia.net/mobilelegends/MPL/Indonesia/Season_8/Playoffs | https://github.com/LiTianYeoh/MLBB_Tournament_Analysis/blob/94ea36800e80c9e89a2356a0b81d3eeafbd6a4f7/analysis/data/consolidated_game_data_20240505.csv
8,S8-PO-007,4,EVOS Legends,pick,2,Angela,https://liquipedia.net/mobilelegends/MPL/Indonesia/Season_8/Playoffs | https://github.com/LiTianYeoh/MLBB_Tournament_Analysis/blob/94ea36800e80c9e89a2356a0b81d3eeafbd6a4f7/analysis/data/consolidated_game_data_20240505.csv
8,S8-PO-007,4,EVOS Legends,pick,3,Yi Sun-Shin,https://liquipedia.net/mobilelegends/MPL/Indonesia/Season_8/Playoffs | https://github.com/LiTianYeoh/MLBB_Tournament_Analysis/blob/94ea36800e80c9e89a2356a0b81d3eeafbd6a4f7/analysis/data/consolidated_game_data_20240505.csv
8,S8-PO-007,4,EVOS Legends,pick,4,Lylia,https://liquipedia.net/mobilelegends/MPL/Indonesia/Season_8/Playoffs | https://github.com/LiTianYeoh/MLBB_Tournament_Analysis/blob/94ea36800e80c9e89a2356a0b81d3eeafbd6a4f7/analysis/data/consolidated_game_data_20240505.csv
8,S8-PO-007,4,EVOS Legends,pick,5,Ruby,https://liquipedia.net/mobilelegends/MPL/Indonesia/Season_8/Playoffs | https://github.com/LiTianYeoh/MLBB_Tournament_Analysis/blob/94ea36800e80c9e89a2356a0b81d3eeafbd6a4f7/analysis/data/consolidated_game_data_20240505.csv
8,S8-PO-007,5,ONIC Esports,ban,1,Yve,https://liquipedia.net/mobilelegends/MPL/Indonesia/Season_8/Playoffs | https://github.com/LiTianYeoh/MLBB_Tournament_Analysis/blob/94ea36800e80c9e89a2356a0b81d3eeafbd6a4f7/analysis/data/consolidated_game_data_20240505.csv
8,S8-PO-007,5,ONIC Esports,ban,2,Esmeralda,https://liquipedia.net/mobilelegends/MPL/Indonesia/Season_8/Playoffs | https://github.com/LiTianYeoh/MLBB_Tournament_Analysis/blob/94ea36800e80c9e89a2356a0b81d3eeafbd6a4f7/analysis/data/consolidated_game_data_20240505.csv
8,S8-PO-007,5,ONIC Esports,ban,3,Aldous,https://liquipedia.net/mobilelegends/MPL/Indonesia/Season_8/Playoffs | https://github.com/LiTianYeoh/MLBB_Tournament_Analysis/blob/94ea36800e80c9e89a2356a0b81d3eeafbd6a4f7/analysis/data/consolidated_game_data_20240505.csv
8,S8-PO-007,5,ONIC Esports,ban,4,Angela,https://liquipedia.net/mobilelegends/MPL/Indonesia/Season_8/Playoffs | https://github.com/LiTianYeoh/MLBB_Tournament_Analysis/blob/94ea36800e80c9e89a2356a0b81d3eeafbd6a4f7/analysis/data/consolidated_game_data_20240505.csv
8,S8-PO-007,5,ONIC Esports,ban,5,Rafaela,https://liquipedia.net/mobilelegends/MPL/Indonesia/Season_8/Playoffs | https://github.com/LiTianYeoh/MLBB_Tournament_Analysis/blob/94ea36800e80c9e89a2356a0b81d3eeafbd6a4f7/analysis/data/consolidated_game_data_20240505.csv
8,S8-PO-007,5,ONIC Esports,pick,1,Phoveus,https://liquipedia.net/mobilelegends/MPL/Indonesia/Season_8/Playoffs | https://github.com/LiTianYeoh/MLBB_Tournament_Analysis/blob/94ea36800e80c9e89a2356a0b81d3eeafbd6a4f7/analysis/data/consolidated_game_data_20240505.csv
8,S8-PO-007,5,ONIC Esports,pick,2,Pharsa,https://liquipedia.net/mobilelegends/MPL/Indonesia/Season_8/Playoffs | https://github.com/LiTianYeoh/MLBB_Tournament_Analysis/blob/94ea36800e80c9e89a2356a0b81d3eeafbd6a4f7/analysis/data/consolidated_game_data_20240505.csv
8,S8-PO-007,5,ONIC Esports,pick,3,Paquito,https://liquipedia.net/mobilelegends/MPL/Indonesia/Season_8/Playoffs | https://github.com/LiTianYeoh/MLBB_Tournament_Analysis/blob/94ea36800e80c9e89a2356a0b81d3eeafbd6a4f7/analysis/data/consolidated_game_data_20240505.csv
8,S8-PO-007,5,ONIC Esports,pick,4,Jawhead,https://liquipedia.net/mobilelegends/MPL/Indonesia/Season_8/Playoffs | https://github.com/LiTianYeoh/MLBB_Tournament_Analysis/blob/94ea36800e80c9e89a2356a0b81d3eeafbd6a4f7/analysis/data/consolidated_game_data_20240505.csv
8,S8-PO-007,5,ONIC Esports,pick,5,Wanwan,https://liquipedia.net/mobilelegends/MPL/Indonesia/Season_8/Playoffs | https://github.com/LiTianYeoh/MLBB_Tournament_Analysis/blob/94ea36800e80c9e89a2356a0b81d3eeafbd6a4f7/analysis/data/consolidated_game_data_20240505.csv
8,S8-PO-007,5,EVOS Legends,ban,1,Lancelot,https://liquipedia.net/mobilelegends/MPL/Indonesia/Season_8/Playoffs | https://github.com/LiTianYeoh/MLBB_Tournament_Analysis/blob/94ea36800e80c9e89a2356a0b81d3eeafbd6a4f7/analysis/data/consolidated_game_data_20240505.csv
8,S8-PO-007,5,EVOS Legends,ban,2,Fanny,https://liquipedia.net/mobilelegends/MPL/Indonesia/Season_8/Playoffs | https://github.com/LiTianYeoh/MLBB_Tournament_Analysis/blob/94ea36800e80c9e89a2356a0b81d3eeafbd6a4f7/analysis/data/consolidated_game_data_20240505.csv
8,S8-PO-007,5,EVOS Legends,ban,3,Hayabusa,https://liquipedia.net/mobilelegends/MPL/Indonesia/Season_8/Playoffs | https://github.com/LiTianYeoh/MLBB_Tournament_Analysis/blob/94ea36800e80c9e89a2356a0b81d3eeafbd6a4f7/analysis/data/consolidated_game_data_20240505.csv
8,S8-PO-007,5,EVOS Legends,ban,4,Jawhead,https://liquipedia.net/mobilelegends/MPL/Indonesia/Season_8/Playoffs | https://github.com/LiTianYeoh/MLBB_Tournament_Analysis/blob/94ea36800e80c9e89a2356a0b81d3eeafbd6a4f7/analysis/data/consolidated_game_data_20240505.csv
8,S8-PO-007,5,EVOS Legends,ban,5,Selena,https://liquipedia.net/mobilelegends/MPL/Indonesia/Season_8/Playoffs | https://github.com/LiTianYeoh/MLBB_Tournament_Analysis/blob/94ea36800e80c9e89a2356a0b81d3eeafbd6a4f7/analysis/data/consolidated_game_data_20240505.csv
8,S8-PO-007,5,EVOS Legends,pick,1,Ruby,https://liquipedia.net/mobilelegends/MPL/Indonesia/Season_8/Playoffs | https://github.com/LiTianYeoh/MLBB_Tournament_Analysis/blob/94ea36800e80c9e89a2356a0b81d3eeafbd6a4f7/analysis/data/consolidated_game_data_20240505.csv
8,S8-PO-007,5,EVOS Legends,pick,2,Floryn,https://liquipedia.net/mobilelegends/MPL/Indonesia/Season_8/Playoffs | https://github.com/LiTianYeoh/MLBB_Tournament_Analysis/blob/94ea36800e80c9e89a2356a0b81d3eeafbd6a4f7/analysis/data/consolidated_game_data_20240505.csv
8,S8-PO-007,5,EVOS Legends,pick,3,Yi Sun-Shin,https://liquipedia.net/mobilelegends/MPL/Indonesia/Season_8/Playoffs | https://github.com/LiTianYeoh/MLBB_Tournament_Analysis/blob/94ea36800e80c9e89a2356a0b81d3eeafbd6a4f7/analysis/data/consolidated_game_data_20240505.csv
8,S8-PO-007,5,EVOS Legends,pick,4,Lylia,https://liquipedia.net/mobilelegends/MPL/Indonesia/Season_8/Playoffs | https://github.com/LiTianYeoh/MLBB_Tournament_Analysis/blob/94ea36800e80c9e89a2356a0b81d3eeafbd6a4f7/analysis/data/consolidated_game_data_20240505.csv
8,S8-PO-007,5,EVOS Legends,pick,5,Brody,https://liquipedia.net/mobilelegends/MPL/Indonesia/Season_8/Playoffs | https://github.com/LiTianYeoh/MLBB_Tournament_Analysis/blob/94ea36800e80c9e89a2356a0b81d3eeafbd6a4f7/analysis/data/consolidated_game_data_20240505.csv
8,S8-PO-008,1,RRQ Hoshi,ban,1,Selena,https://liquipedia.net/mobilelegends/MPL/Indonesia/Season_8/Playoffs | https://github.com/LiTianYeoh/MLBB_Tournament_Analysis/blob/94ea36800e80c9e89a2356a0b81d3eeafbd6a4f7/analysis/data/consolidated_game_data_20240505.csv
8,S8-PO-008,1,RRQ Hoshi,ban,2,Jawhead,https://liquipedia.net/mobilelegends/MPL/Indonesia/Season_8/Playoffs | https://github.com/LiTianYeoh/MLBB_Tournament_Analysis/blob/94ea36800e80c9e89a2356a0b81d3eeafbd6a4f7/analysis/data/consolidated_game_data_20240505.csv
8,S8-PO-008,1,RRQ Hoshi,ban,3,Mathilda,https://liquipedia.net/mobilelegends/MPL/Indonesia/Season_8/Playoffs | https://github.com/LiTianYeoh/MLBB_Tournament_Analysis/blob/94ea36800e80c9e89a2356a0b81d3eeafbd6a4f7/analysis/data/consolidated_game_data_20240505.csv
8,S8-PO-008,1,RRQ Hoshi,ban,4,Kaja,https://liquipedia.net/mobilelegends/MPL/Indonesia/Season_8/Playoffs | https://github.com/LiTianYeoh/MLBB_Tournament_Analysis/blob/94ea36800e80c9e89a2356a0b81d3eeafbd6a4f7/analysis/data/consolidated_game_data_20240505.csv
8,S8-PO-008,1,RRQ Hoshi,ban,5,Phoveus,https://liquipedia.net/mobilelegends/MPL/Indonesia/Season_8/Playoffs | https://github.com/LiTianYeoh/MLBB_Tournament_Analysis/blob/94ea36800e80c9e89a2356a0b81d3eeafbd6a4f7/analysis/data/consolidated_game_data_20240505.csv
8,S8-PO-008,1,RRQ Hoshi,pick,1,Lunox,https://liquipedia.net/mobilelegends/MPL/Indonesia/Season_8/Playoffs | https://github.com/LiTianYeoh/MLBB_Tournament_Analysis/blob/94ea36800e80c9e89a2356a0b81d3eeafbd6a4f7/analysis/data/consolidated_game_data_20240505.csv
8,S8-PO-008,1,RRQ Hoshi,pick,2,Paquito,https://liquipedia.net/mobilelegends/MPL/Indonesia/Season_8/Playoffs | https://github.com/LiTianYeoh/MLBB_Tournament_Analysis/blob/94ea36800e80c9e89a2356a0b81d3eeafbd6a4f7/analysis/data/consolidated_game_data_20240505.csv
8,S8-PO-008,1,RRQ Hoshi,pick,3,Alice,https://liquipedia.net/mobilelegends/MPL/Indonesia/Season_8/Playoffs | https://github.com/LiTianYeoh/MLBB_Tournament_Analysis/blob/94ea36800e80c9e89a2356a0b81d3eeafbd6a4f7/analysis/data/consolidated_game_data_20240505.csv
8,S8-PO-008,1,RRQ Hoshi,pick,4,Balmond,https://liquipedia.net/mobilelegends/MPL/Indonesia/Season_8/Playoffs | https://github.com/LiTianYeoh/MLBB_Tournament_Analysis/blob/94ea36800e80c9e89a2356a0b81d3eeafbd6a4f7/analysis/data/consolidated_game_data_20240505.csv
8,S8-PO-008,1,RRQ Hoshi,pick,5,Ruby,https://liquipedia.net/mobilelegends/MPL/Indonesia/Season_8/Playoffs | https://github.com/LiTianYeoh/MLBB_Tournament_Analysis/blob/94ea36800e80c9e89a2356a0b81d3eeafbd6a4f7/analysis/data/consolidated_game_data_20240505.csv
8,S8-PO-008,1,ONIC Esports,ban,1,Karina,https://liquipedia.net/mobilelegends/MPL/Indonesia/Season_8/Playoffs | https://github.com/LiTianYeoh/MLBB_Tournament_Analysis/blob/94ea36800e80c9e89a2356a0b81d3eeafbd6a4f7/analysis/data/consolidated_game_data_20240505.csv
8,S8-PO-008,1,ONIC Esports,ban,2,Thamuz,https://liquipedia.net/mobilelegends/MPL/Indonesia/Season_8/Playoffs | https://github.com/LiTianYeoh/MLBB_Tournament_Analysis/blob/94ea36800e80c9e89a2356a0b81d3eeafbd6a4f7/analysis/data/consolidated_game_data_20240505.csv
8,S8-PO-008,1,ONIC Esports,ban,3,Yve,https://liquipedia.net/mobilelegends/MPL/Indonesia/Season_8/Playoffs | https://github.com/LiTianYeoh/MLBB_Tournament_Analysis/blob/94ea36800e80c9e89a2356a0b81d3eeafbd6a4f7/analysis/data/consolidated_game_data_20240505.csv
8,S8-PO-008,1,ONIC Esports,ban,4,Hayabusa,https://liquipedia.net/mobilelegends/MPL/Indonesia/Season_8/Playoffs | https://github.com/LiTianYeoh/MLBB_Tournament_Analysis/blob/94ea36800e80c9e89a2356a0b81d3eeafbd6a4f7/analysis/data/consolidated_game_data_20240505.csv
8,S8-PO-008,1,ONIC Esports,ban,5,Ling,https://liquipedia.net/mobilelegends/MPL/Indonesia/Season_8/Playoffs | https://github.com/LiTianYeoh/MLBB_Tournament_Analysis/blob/94ea36800e80c9e89a2356a0b81d3eeafbd6a4f7/analysis/data/consolidated_game_data_20240505.csv
8,S8-PO-008,1,ONIC Esports,pick,1,Esmeralda,https://liquipedia.net/mobilelegends/MPL/Indonesia/Season_8/Playoffs | https://github.com/LiTianYeoh/MLBB_Tournament_Analysis/blob/94ea36800e80c9e89a2356a0b81d3eeafbd6a4f7/analysis/data/consolidated_game_data_20240505.csv
8,S8-PO-008,1,ONIC Esports,pick,2,Aldous,https://liquipedia.net/mobilelegends/MPL/Indonesia/Season_8/Playoffs | https://github.com/LiTianYeoh/MLBB_Tournament_Analysis/blob/94ea36800e80c9e89a2356a0b81d3eeafbd6a4f7/analysis/data/consolidated_game_data_20240505.csv
8,S8-PO-008,1,ONIC Esports,pick,3,Yi Sun-Shin,https://liquipedia.net/mobilelegends/MPL/Indonesia/Season_8/Playoffs | https://github.com/LiTianYeoh/MLBB_Tournament_Analysis/blob/94ea36800e80c9e89a2356a0b81d3eeafbd6a4f7/analysis/data/consolidated_game_data_20240505.csv
8,S8-PO-008,1,ONIC Esports,pick,4,Pharsa,https://liquipedia.net/mobilelegends/MPL/Indonesia/Season_8/Playoffs | https://github.com/LiTianYeoh/MLBB_Tournament_Analysis/blob/94ea36800e80c9e89a2356a0b81d3eeafbd6a4f7/analysis/data/consolidated_game_data_20240505.csv
8,S8-PO-008,1,ONIC Esports,pick,5,Eudora,https://liquipedia.net/mobilelegends/MPL/Indonesia/Season_8/Playoffs | https://github.com/LiTianYeoh/MLBB_Tournament_Analysis/blob/94ea36800e80c9e89a2356a0b81d3eeafbd6a4f7/analysis/data/consolidated_game_data_20240505.csv
8,S8-PO-008,2,RRQ Hoshi,ban,1,Selena,https://liquipedia.net/mobilelegends/MPL/Indonesia/Season_8/Playoffs | https://github.com/LiTianYeoh/MLBB_Tournament_Analysis/blob/94ea36800e80c9e89a2356a0b81d3eeafbd6a4f7/analysis/data/consolidated_game_data_20240505.csv
8,S8-PO-008,2,RRQ Hoshi,ban,2,Yi Sun-Shin,https://liquipedia.net/mobilelegends/MPL/Indonesia/Season_8/Playoffs | https://github.com/LiTianYeoh/MLBB_Tournament_Analysis/blob/94ea36800e80c9e89a2356a0b81d3eeafbd6a4f7/analysis/data/consolidated_game_data_20240505.csv
8,S8-PO-008,2,RRQ Hoshi,ban,3,Mathilda,https://liquipedia.net/mobilelegends/MPL/Indonesia/Season_8/Playoffs | https://github.com/LiTianYeoh/MLBB_Tournament_Analysis/blob/94ea36800e80c9e89a2356a0b81d3eeafbd6a4f7/analysis/data/consolidated_game_data_20240505.csv
8,S8-PO-008,2,RRQ Hoshi,ban,4,Thamuz,https://liquipedia.net/mobilelegends/MPL/Indonesia/Season_8/Playoffs | https://github.com/LiTianYeoh/MLBB_Tournament_Analysis/blob/94ea36800e80c9e89a2356a0b81d3eeafbd6a4f7/analysis/data/consolidated_game_data_20240505.csv
8,S8-PO-008,2,RRQ Hoshi,ban,5,Bane,https://liquipedia.net/mobilelegends/MPL/Indonesia/Season_8/Playoffs | https://github.com/LiTianYeoh/MLBB_Tournament_Analysis/blob/94ea36800e80c9e89a2356a0b81d3eeafbd6a4f7/analysis/data/consolidated_game_data_20240505.csv
8,S8-PO-008,2,RRQ Hoshi,pick,1,Lylia,https://liquipedia.net/mobilelegends/MPL/Indonesia/Season_8/Playoffs | https://github.com/LiTianYeoh/MLBB_Tournament_Analysis/blob/94ea36800e80c9e89a2356a0b81d3eeafbd6a4f7/analysis/data/consolidated_game_data_20240505.csv
8,S8-PO-008,2,RRQ Hoshi,pick,2,Paquito,https://liquipedia.net/mobilelegends/MPL/Indonesia/Season_8/Playoffs | https://github.com/LiTianYeoh/MLBB_Tournament_Analysis/blob/94ea36800e80c9e89a2356a0b81d3eeafbd6a4f7/analysis/data/consolidated_game_data_20240505.csv
8,S8-PO-008,2,RRQ Hoshi,pick,3,Karrie,https://liquipedia.net/mobilelegends/MPL/Indonesia/Season_8/Playoffs | https://github.com/LiTianYeoh/MLBB_Tournament_Analysis/blob/94ea36800e80c9e89a2356a0b81d3eeafbd6a4f7/analysis/data/consolidated_game_data_20240505.csv
8,S8-PO-008,2,RRQ Hoshi,pick,4,Esmeralda,https://liquipedia.net/mobilelegends/MPL/Indonesia/Season_8/Playoffs | https://github.com/LiTianYeoh/MLBB_Tournament_Analysis/blob/94ea36800e80c9e89a2356a0b81d3eeafbd6a4f7/analysis/data/consolidated_game_data_20240505.csv
8,S8-PO-008,2,RRQ Hoshi,pick,5,Hylos,https://liquipedia.net/mobilelegends/MPL/Indonesia/Season_8/Playoffs | https://github.com/LiTianYeoh/MLBB_Tournament_Analysis/blob/94ea36800e80c9e89a2356a0b81d3eeafbd6a4f7/analysis/data/consolidated_game_data_20240505.csv
8,S8-PO-008,2,ONIC Esports,ban,1,Grock,https://liquipedia.net/mobilelegends/MPL/Indonesia/Season_8/Playoffs | https://github.com/LiTianYeoh/MLBB_Tournament_Analysis/blob/94ea36800e80c9e89a2356a0b81d3eeafbd6a4f7/analysis/data/consolidated_game_data_20240505.csv
8,S8-PO-008,2,ONIC Esports,ban,2,Ruby,https://liquipedia.net/mobilelegends/MPL/Indonesia/Season_8/Playoffs | https://github.com/LiTianYeoh/MLBB_Tournament_Analysis/blob/94ea36800e80c9e89a2356a0b81d3eeafbd6a4f7/analysis/data/consolidated_game_data_20240505.csv
8,S8-PO-008,2,ONIC Esports,ban,3,Yve,https://liquipedia.net/mobilelegends/MPL/Indonesia/Season_8/Playoffs | https://github.com/LiTianYeoh/MLBB_Tournament_Analysis/blob/94ea36800e80c9e89a2356a0b81d3eeafbd6a4f7/analysis/data/consolidated_game_data_20240505.csv
8,S8-PO-008,2,ONIC Esports,ban,4,Hayabusa,https://liquipedia.net/mobilelegends/MPL/Indonesia/Season_8/Playoffs | https://github.com/LiTianYeoh/MLBB_Tournament_Analysis/blob/94ea36800e80c9e89a2356a0b81d3eeafbd6a4f7/analysis/data/consolidated_game_data_20240505.csv
8,S8-PO-008,2,ONIC Esports,ban,5,Ling,https://liquipedia.net/mobilelegends/MPL/Indonesia/Season_8/Playoffs | https://github.com/LiTianYeoh/MLBB_Tournament_Analysis/blob/94ea36800e80c9e89a2356a0b81d3eeafbd6a4f7/analysis/data/consolidated_game_data_20240505.csv
8,S8-PO-008,2,ONIC Esports,pick,1,Yu Zhong,https://liquipedia.net/mobilelegends/MPL/Indonesia/Season_8/Playoffs | https://github.com/LiTianYeoh/MLBB_Tournament_Analysis/blob/94ea36800e80c9e89a2356a0b81d3eeafbd6a4f7/analysis/data/consolidated_game_data_20240505.csv
8,S8-PO-008,2,ONIC Esports,pick,2,Aldous,https://liquipedia.net/mobilelegends/MPL/Indonesia/Season_8/Playoffs | https://github.com/LiTianYeoh/MLBB_Tournament_Analysis/blob/94ea36800e80c9e89a2356a0b81d3eeafbd6a4f7/analysis/data/consolidated_game_data_20240505.csv
8,S8-PO-008,2,ONIC Esports,pick,3,Natan,https://liquipedia.net/mobilelegends/MPL/Indonesia/Season_8/Playoffs | https://github.com/LiTianYeoh/MLBB_Tournament_Analysis/blob/94ea36800e80c9e89a2356a0b81d3eeafbd6a4f7/analysis/data/consolidated_game_data_20240505.csv
8,S8-PO-008,2,ONIC Esports,pick,4,Pharsa,https://liquipedia.net/mobilelegends/MPL/Indonesia/Season_8/Playoffs | https://github.com/LiTianYeoh/MLBB_Tournament_Analysis/blob/94ea36800e80c9e89a2356a0b81d3eeafbd6a4f7/analysis/data/consolidated_game_data_20240505.csv
8,S8-PO-008,2,ONIC Esports,pick,5,Jawhead,https://liquipedia.net/mobilelegends/MPL/Indonesia/Season_8/Playoffs | https://github.com/LiTianYeoh/MLBB_Tournament_Analysis/blob/94ea36800e80c9e89a2356a0b81d3eeafbd6a4f7/analysis/data/consolidated_game_data_20240505.csv
8,S8-PO-008,3,RRQ Hoshi,ban,1,Selena,https://liquipedia.net/mobilelegends/MPL/Indonesia/Season_8/Playoffs | https://github.com/LiTianYeoh/MLBB_Tournament_Analysis/blob/94ea36800e80c9e89a2356a0b81d3eeafbd6a4f7/analysis/data/consolidated_game_data_20240505.csv
8,S8-PO-008,3,RRQ Hoshi,ban,2,Yi Sun-Shin,https://liquipedia.net/mobilelegends/MPL/Indonesia/Season_8/Playoffs | https://github.com/LiTianYeoh/MLBB_Tournament_Analysis/blob/94ea36800e80c9e89a2356a0b81d3eeafbd6a4f7/analysis/data/consolidated_game_data_20240505.csv
8,S8-PO-008,3,RRQ Hoshi,ban,3,Aldous,https://liquipedia.net/mobilelegends/MPL/Indonesia/Season_8/Playoffs | https://github.com/LiTianYeoh/MLBB_Tournament_Analysis/blob/94ea36800e80c9e89a2356a0b81d3eeafbd6a4f7/analysis/data/consolidated_game_data_20240505.csv
8,S8-PO-008,3,RRQ Hoshi,ban,4,Bane,https://liquipedia.net/mobilelegends/MPL/Indonesia/Season_8/Playoffs | https://github.com/LiTianYeoh/MLBB_Tournament_Analysis/blob/94ea36800e80c9e89a2356a0b81d3eeafbd6a4f7/analysis/data/consolidated_game_data_20240505.csv
8,S8-PO-008,3,RRQ Hoshi,ban,5,Natan,https://liquipedia.net/mobilelegends/MPL/Indonesia/Season_8/Playoffs | https://github.com/LiTianYeoh/MLBB_Tournament_Analysis/blob/94ea36800e80c9e89a2356a0b81d3eeafbd6a4f7/analysis/data/consolidated_game_data_20240505.csv
8,S8-PO-008,3,RRQ Hoshi,pick,1,Pharsa,https://liquipedia.net/mobilelegends/MPL/Indonesia/Season_8/Playoffs | https://github.com/LiTianYeoh/MLBB_Tournament_Analysis/blob/94ea36800e80c9e89a2356a0b81d3eeafbd6a4f7/analysis/data/consolidated_game_data_20240505.csv
8,S8-PO-008,3,RRQ Hoshi,pick,2,Karina,https://liquipedia.net/mobilelegends/MPL/Indonesia/Season_8/Playoffs | https://github.com/LiTianYeoh/MLBB_Tournament_Analysis/blob/94ea36800e80c9e89a2356a0b81d3eeafbd6a4f7/analysis/data/consolidated_game_data_20240505.csv
8,S8-PO-008,3,RRQ Hoshi,pick,3,Claude,https://liquipedia.net/mobilelegends/MPL/Indonesia/Season_8/Playoffs | https://github.com/LiTianYeoh/MLBB_Tournament_Analysis/blob/94ea36800e80c9e89a2356a0b81d3eeafbd6a4f7/analysis/data/consolidated_game_data_20240505.csv
8,S8-PO-008,3,RRQ Hoshi,pick,4,Paquito,https://liquipedia.net/mobilelegends/MPL/Indonesia/Season_8/Playoffs | https://github.com/LiTianYeoh/MLBB_Tournament_Analysis/blob/94ea36800e80c9e89a2356a0b81d3eeafbd6a4f7/analysis/data/consolidated_game_data_20240505.csv
8,S8-PO-008,3,RRQ Hoshi,pick,5,Ruby,https://liquipedia.net/mobilelegends/MPL/Indonesia/Season_8/Playoffs | https://github.com/LiTianYeoh/MLBB_Tournament_Analysis/blob/94ea36800e80c9e89a2356a0b81d3eeafbd6a4f7/analysis/data/consolidated_game_data_20240505.csv
8,S8-PO-008,3,ONIC Esports,ban,1,Benedetta,https://liquipedia.net/mobilelegends/MPL/Indonesia/Season_8/Playoffs | https://github.com/LiTianYeoh/MLBB_Tournament_Analysis/blob/94ea36800e80c9e89a2356a0b81d3eeafbd6a4f7/analysis/data/consolidated_game_data_20240505.csv
8,S8-PO-008,3,ONIC Esports,ban,2,Lancelot,https://liquipedia.net/mobilelegends/MPL/Indonesia/Season_8/Playoffs | https://github.com/LiTianYeoh/MLBB_Tournament_Analysis/blob/94ea36800e80c9e89a2356a0b81d3eeafbd6a4f7/analysis/data/consolidated_game_data_20240505.csv
8,S8-PO-008,3,ONIC Esports,ban,3,Yve,https://liquipedia.net/mobilelegends/MPL/Indonesia/Season_8/Playoffs | https://github.com/LiTianYeoh/MLBB_Tournament_Analysis/blob/94ea36800e80c9e89a2356a0b81d3eeafbd6a4f7/analysis/data/consolidated_game_data_20240505.csv
8,S8-PO-008,3,ONIC Esports,ban,4,Hayabusa,https://liquipedia.net/mobilelegends/MPL/Indonesia/Season_8/Playoffs | https://github.com/LiTianYeoh/MLBB_Tournament_Analysis/blob/94ea36800e80c9e89a2356a0b81d3eeafbd6a4f7/analysis/data/consolidated_game_data_20240505.csv
8,S8-PO-008,3,ONIC Esports,ban,5,Ling,https://liquipedia.net/mobilelegends/MPL/Indonesia/Season_8/Playoffs | https://github.com/LiTianYeoh/MLBB_Tournament_Analysis/blob/94ea36800e80c9e89a2356a0b81d3eeafbd6a4f7/analysis/data/consolidated_game_data_20240505.csv
8,S8-PO-008,3,ONIC Esports,pick,1,Esmeralda,https://liquipedia.net/mobilelegends/MPL/Indonesia/Season_8/Playoffs | https://github.com/LiTianYeoh/MLBB_Tournament_Analysis/blob/94ea36800e80c9e89a2356a0b81d3eeafbd6a4f7/analysis/data/consolidated_game_data_20240505.csv
8,S8-PO-008,3,ONIC Esports,pick,2,Brody,https://liquipedia.net/mobilelegends/MPL/Indonesia/Season_8/Playoffs | https://github.com/LiTianYeoh/MLBB_Tournament_Analysis/blob/94ea36800e80c9e89a2356a0b81d3eeafbd6a4f7/analysis/data/consolidated_game_data_20240505.csv
8,S8-PO-008,3,ONIC Esports,pick,3,Granger,https://liquipedia.net/mobilelegends/MPL/Indonesia/Season_8/Playoffs | https://github.com/LiTianYeoh/MLBB_Tournament_Analysis/blob/94ea36800e80c9e89a2356a0b81d3eeafbd6a4f7/analysis/data/consolidated_game_data_20240505.csv
8,S8-PO-008,3,ONIC Esports,pick,4,Chang'e,https://liquipedia.net/mobilelegends/MPL/Indonesia/Season_8/Playoffs | https://github.com/LiTianYeoh/MLBB_Tournament_Analysis/blob/94ea36800e80c9e89a2356a0b81d3eeafbd6a4f7/analysis/data/consolidated_game_data_20240505.csv
8,S8-PO-008,3,ONIC Esports,pick,5,Mathilda,https://liquipedia.net/mobilelegends/MPL/Indonesia/Season_8/Playoffs | https://github.com/LiTianYeoh/MLBB_Tournament_Analysis/blob/94ea36800e80c9e89a2356a0b81d3eeafbd6a4f7/analysis/data/consolidated_game_data_20240505.csv
8,S8-PO-008,4,RRQ Hoshi,ban,1,Hayabusa,https://liquipedia.net/mobilelegends/MPL/Indonesia/Season_8/Playoffs | https://github.com/LiTianYeoh/MLBB_Tournament_Analysis/blob/94ea36800e80c9e89a2356a0b81d3eeafbd6a4f7/analysis/data/consolidated_game_data_20240505.csv
8,S8-PO-008,4,RRQ Hoshi,ban,2,Selena,https://liquipedia.net/mobilelegends/MPL/Indonesia/Season_8/Playoffs | https://github.com/LiTianYeoh/MLBB_Tournament_Analysis/blob/94ea36800e80c9e89a2356a0b81d3eeafbd6a4f7/analysis/data/consolidated_game_data_20240505.csv
8,S8-PO-008,4,RRQ Hoshi,ban,3,Aldous,https://liquipedia.net/mobilelegends/MPL/Indonesia/Season_8/Playoffs | https://github.com/LiTianYeoh/MLBB_Tournament_Analysis/blob/94ea36800e80c9e89a2356a0b81d3eeafbd6a4f7/analysis/data/consolidated_game_data_20240505.csv
8,S8-PO-008,4,RRQ Hoshi,ban,4,Chang'e,https://liquipedia.net/mobilelegends/MPL/Indonesia/Season_8/Playoffs | https://github.com/LiTianYeoh/MLBB_Tournament_Analysis/blob/94ea36800e80c9e89a2356a0b81d3eeafbd6a4f7/analysis/data/consolidated_game_data_20240505.csv
8,S8-PO-008,4,RRQ Hoshi,ban,5,Lylia,https://liquipedia.net/mobilelegends/MPL/Indonesia/Season_8/Playoffs | https://github.com/LiTianYeoh/MLBB_Tournament_Analysis/blob/94ea36800e80c9e89a2356a0b81d3eeafbd6a4f7/analysis/data/consolidated_game_data_20240505.csv
8,S8-PO-008,4,RRQ Hoshi,pick,1,Pharsa,https://liquipedia.net/mobilelegends/MPL/Indonesia/Season_8/Playoffs | https://github.com/LiTianYeoh/MLBB_Tournament_Analysis/blob/94ea36800e80c9e89a2356a0b81d3eeafbd6a4f7/analysis/data/consolidated_game_data_20240505.csv
8,S8-PO-008,4,RRQ Hoshi,pick,2,Benedetta,https://liquipedia.net/mobilelegends/MPL/Indonesia/Season_8/Playoffs | https://github.com/LiTianYeoh/MLBB_Tournament_Analysis/blob/94ea36800e80c9e89a2356a0b81d3eeafbd6a4f7/analysis/data/consolidated_game_data_20240505.csv
8,S8-PO-008,4,RRQ Hoshi,pick,3,Clint,https://liquipedia.net/mobilelegends/MPL/Indonesia/Season_8/Playoffs | https://github.com/LiTianYeoh/MLBB_Tournament_Analysis/blob/94ea36800e80c9e89a2356a0b81d3eeafbd6a4f7/analysis/data/consolidated_game_data_20240505.csv
8,S8-PO-008,4,RRQ Hoshi,pick,4,Phoveus,https://liquipedia.net/mobilelegends/MPL/Indonesia/Season_8/Playoffs | https://github.com/LiTianYeoh/MLBB_Tournament_Analysis/blob/94ea36800e80c9e89a2356a0b81d3eeafbd6a4f7/analysis/data/consolidated_game_data_20240505.csv
8,S8-PO-008,4,RRQ Hoshi,pick,5,Mathilda,https://liquipedia.net/mobilelegends/MPL/Indonesia/Season_8/Playoffs | https://github.com/LiTianYeoh/MLBB_Tournament_Analysis/blob/94ea36800e80c9e89a2356a0b81d3eeafbd6a4f7/analysis/data/consolidated_game_data_20240505.csv
8,S8-PO-008,4,ONIC Esports,ban,1,Claude,https://liquipedia.net/mobilelegends/MPL/Indonesia/Season_8/Playoffs | https://github.com/LiTianYeoh/MLBB_Tournament_Analysis/blob/94ea36800e80c9e89a2356a0b81d3eeafbd6a4f7/analysis/data/consolidated_game_data_20240505.csv
8,S8-PO-008,4,ONIC Esports,ban,2,Lancelot,https://liquipedia.net/mobilelegends/MPL/Indonesia/Season_8/Playoffs | https://github.com/LiTianYeoh/MLBB_Tournament_Analysis/blob/94ea36800e80c9e89a2356a0b81d3eeafbd6a4f7/analysis/data/consolidated_game_data_20240505.csv
8,S8-PO-008,4,ONIC Esports,ban,3,Esmeralda,https://liquipedia.net/mobilelegends/MPL/Indonesia/Season_8/Playoffs | https://github.com/LiTianYeoh/MLBB_Tournament_Analysis/blob/94ea36800e80c9e89a2356a0b81d3eeafbd6a4f7/analysis/data/consolidated_game_data_20240505.csv
8,S8-PO-008,4,ONIC Esports,ban,4,Ling,https://liquipedia.net/mobilelegends/MPL/Indonesia/Season_8/Playoffs | https://github.com/LiTianYeoh/MLBB_Tournament_Analysis/blob/94ea36800e80c9e89a2356a0b81d3eeafbd6a4f7/analysis/data/consolidated_game_data_20240505.csv
8,S8-PO-008,4,ONIC Esports,ban,5,Yve,https://liquipedia.net/mobilelegends/MPL/Indonesia/Season_8/Playoffs | https://github.com/LiTianYeoh/MLBB_Tournament_Analysis/blob/94ea36800e80c9e89a2356a0b81d3eeafbd6a4f7/analysis/data/consolidated_game_data_20240505.csv
8,S8-PO-008,4,ONIC Esports,pick,1,Paquito,https://liquipedia.net/mobilelegends/MPL/Indonesia/Season_8/Playoffs | https://github.com/LiTianYeoh/MLBB_Tournament_Analysis/blob/94ea36800e80c9e89a2356a0b81d3eeafbd6a4f7/analysis/data/consolidated_game_data_20240505.csv
8,S8-PO-008,4,ONIC Esports,pick,2,Hylos,https://liquipedia.net/mobilelegends/MPL/Indonesia/Season_8/Playoffs | https://github.com/LiTianYeoh/MLBB_Tournament_Analysis/blob/94ea36800e80c9e89a2356a0b81d3eeafbd6a4f7/analysis/data/consolidated_game_data_20240505.csv
8,S8-PO-008,4,ONIC Esports,pick,3,Yi Sun-Shin,https://liquipedia.net/mobilelegends/MPL/Indonesia/Season_8/Playoffs | https://github.com/LiTianYeoh/MLBB_Tournament_Analysis/blob/94ea36800e80c9e89a2356a0b81d3eeafbd6a4f7/analysis/data/consolidated_game_data_20240505.csv
8,S8-PO-008,4,ONIC Esports,pick,4,Cecilion,https://liquipedia.net/mobilelegends/MPL/Indonesia/Season_8/Playoffs | https://github.com/LiTianYeoh/MLBB_Tournament_Analysis/blob/94ea36800e80c9e89a2356a0b81d3eeafbd6a4f7/analysis/data/consolidated_game_data_20240505.csv
8,S8-PO-008,4,ONIC Esports,pick,5,Rafaela,https://liquipedia.net/mobilelegends/MPL/Indonesia/Season_8/Playoffs | https://github.com/LiTianYeoh/MLBB_Tournament_Analysis/blob/94ea36800e80c9e89a2356a0b81d3eeafbd6a4f7/analysis/data/consolidated_game_data_20240505.csv
8,S8-PO-008,5,RRQ Hoshi,ban,1,Selena,https://liquipedia.net/mobilelegends/MPL/Indonesia/Season_8/Playoffs | https://github.com/LiTianYeoh/MLBB_Tournament_Analysis/blob/94ea36800e80c9e89a2356a0b81d3eeafbd6a4f7/analysis/data/consolidated_game_data_20240505.csv
8,S8-PO-008,5,RRQ Hoshi,ban,2,Yi Sun-Shin,https://liquipedia.net/mobilelegends/MPL/Indonesia/Season_8/Playoffs | https://github.com/LiTianYeoh/MLBB_Tournament_Analysis/blob/94ea36800e80c9e89a2356a0b81d3eeafbd6a4f7/analysis/data/consolidated_game_data_20240505.csv
8,S8-PO-008,5,RRQ Hoshi,ban,3,Paquito,https://liquipedia.net/mobilelegends/MPL/Indonesia/Season_8/Playoffs | https://github.com/LiTianYeoh/MLBB_Tournament_Analysis/blob/94ea36800e80c9e89a2356a0b81d3eeafbd6a4f7/analysis/data/consolidated_game_data_20240505.csv
8,S8-PO-008,5,RRQ Hoshi,ban,4,Cecilion,https://liquipedia.net/mobilelegends/MPL/Indonesia/Season_8/Playoffs | https://github.com/LiTianYeoh/MLBB_Tournament_Analysis/blob/94ea36800e80c9e89a2356a0b81d3eeafbd6a4f7/analysis/data/consolidated_game_data_20240505.csv
8,S8-PO-008,5,RRQ Hoshi,ban,5,Hylos,https://liquipedia.net/mobilelegends/MPL/Indonesia/Season_8/Playoffs | https://github.com/LiTianYeoh/MLBB_Tournament_Analysis/blob/94ea36800e80c9e89a2356a0b81d3eeafbd6a4f7/analysis/data/consolidated_game_data_20240505.csv
8,S8-PO-008,5,RRQ Hoshi,pick,1,Pharsa,https://liquipedia.net/mobilelegends/MPL/Indonesia/Season_8/Playoffs | https://github.com/LiTianYeoh/MLBB_Tournament_Analysis/blob/94ea36800e80c9e89a2356a0b81d3eeafbd6a4f7/analysis/data/consolidated_game_data_20240505.csv
8,S8-PO-008,5,RRQ Hoshi,pick,2,Lancelot,https://liquipedia.net/mobilelegends/MPL/Indonesia/Season_8/Playoffs | https://github.com/LiTianYeoh/MLBB_Tournament_Analysis/blob/94ea36800e80c9e89a2356a0b81d3eeafbd6a4f7/analysis/data/consolidated_game_data_20240505.csv
8,S8-PO-008,5,RRQ Hoshi,pick,3,Aldous,https://liquipedia.net/mobilelegends/MPL/Indonesia/Season_8/Playoffs | https://github.com/LiTianYeoh/MLBB_Tournament_Analysis/blob/94ea36800e80c9e89a2356a0b81d3eeafbd6a4f7/analysis/data/consolidated_game_data_20240505.csv
8,S8-PO-008,5,RRQ Hoshi,pick,4,Uranus,https://liquipedia.net/mobilelegends/MPL/Indonesia/Season_8/Playoffs | https://github.com/LiTianYeoh/MLBB_Tournament_Analysis/blob/94ea36800e80c9e89a2356a0b81d3eeafbd6a4f7/analysis/data/consolidated_game_data_20240505.csv
8,S8-PO-008,5,RRQ Hoshi,pick,5,Kaja,https://liquipedia.net/mobilelegends/MPL/Indonesia/Season_8/Playoffs | https://github.com/LiTianYeoh/MLBB_Tournament_Analysis/blob/94ea36800e80c9e89a2356a0b81d3eeafbd6a4f7/analysis/data/consolidated_game_data_20240505.csv
8,S8-PO-008,5,ONIC Esports,ban,1,X.Borg,https://liquipedia.net/mobilelegends/MPL/Indonesia/Season_8/Playoffs | https://github.com/LiTianYeoh/MLBB_Tournament_Analysis/blob/94ea36800e80c9e89a2356a0b81d3eeafbd6a4f7/analysis/data/consolidated_game_data_20240505.csv
8,S8-PO-008,5,ONIC Esports,ban,2,Ruby,https://liquipedia.net/mobilelegends/MPL/Indonesia/Season_8/Playoffs | https://github.com/LiTianYeoh/MLBB_Tournament_Analysis/blob/94ea36800e80c9e89a2356a0b81d3eeafbd6a4f7/analysis/data/consolidated_game_data_20240505.csv
8,S8-PO-008,5,ONIC Esports,ban,3,Yve,https://liquipedia.net/mobilelegends/MPL/Indonesia/Season_8/Playoffs | https://github.com/LiTianYeoh/MLBB_Tournament_Analysis/blob/94ea36800e80c9e89a2356a0b81d3eeafbd6a4f7/analysis/data/consolidated_game_data_20240505.csv
8,S8-PO-008,5,ONIC Esports,ban,4,Hayabusa,https://liquipedia.net/mobilelegends/MPL/Indonesia/Season_8/Playoffs | https://github.com/LiTianYeoh/MLBB_Tournament_Analysis/blob/94ea36800e80c9e89a2356a0b81d3eeafbd6a4f7/analysis/data/consolidated_game_data_20240505.csv
8,S8-PO-008,5,ONIC Esports,ban,5,Ling,https://liquipedia.net/mobilelegends/MPL/Indonesia/Season_8/Playoffs | https://github.com/LiTianYeoh/MLBB_Tournament_Analysis/blob/94ea36800e80c9e89a2356a0b81d3eeafbd6a4f7/analysis/data/consolidated_game_data_20240505.csv
8,S8-PO-008,5,ONIC Esports,pick,1,Esmeralda,https://liquipedia.net/mobilelegends/MPL/Indonesia/Season_8/Playoffs | https://github.com/LiTianYeoh/MLBB_Tournament_Analysis/blob/94ea36800e80c9e89a2356a0b81d3eeafbd6a4f7/analysis/data/consolidated_game_data_20240505.csv
8,S8-PO-008,5,ONIC Esports,pick,2,Balmond,https://liquipedia.net/mobilelegends/MPL/Indonesia/Season_8/Playoffs | https://github.com/LiTianYeoh/MLBB_Tournament_Analysis/blob/94ea36800e80c9e89a2356a0b81d3eeafbd6a4f7/analysis/data/consolidated_game_data_20240505.csv
8,S8-PO-008,5,ONIC Esports,pick,3,Karina,https://liquipedia.net/mobilelegends/MPL/Indonesia/Season_8/Playoffs | https://github.com/LiTianYeoh/MLBB_Tournament_Analysis/blob/94ea36800e80c9e89a2356a0b81d3eeafbd6a4f7/analysis/data/consolidated_game_data_20240505.csv
8,S8-PO-008,5,ONIC Esports,pick,4,Barats,https://liquipedia.net/mobilelegends/MPL/Indonesia/Season_8/Playoffs | https://github.com/LiTianYeoh/MLBB_Tournament_Analysis/blob/94ea36800e80c9e89a2356a0b81d3eeafbd6a4f7/analysis/data/consolidated_game_data_20240505.csv
8,S8-PO-008,5,ONIC Esports,pick,5,Mathilda,https://liquipedia.net/mobilelegends/MPL/Indonesia/Season_8/Playoffs | https://github.com/LiTianYeoh/MLBB_Tournament_Analysis/blob/94ea36800e80c9e89a2356a0b81d3eeafbd6a4f7/analysis/data/consolidated_game_data_20240505.csv
8,S8-PO-008,6,RRQ Hoshi,ban,1,Hayabusa,https://liquipedia.net/mobilelegends/MPL/Indonesia/Season_8/Playoffs | https://github.com/LiTianYeoh/MLBB_Tournament_Analysis/blob/94ea36800e80c9e89a2356a0b81d3eeafbd6a4f7/analysis/data/consolidated_game_data_20240505.csv
8,S8-PO-008,6,RRQ Hoshi,ban,2,Aldous,https://liquipedia.net/mobilelegends/MPL/Indonesia/Season_8/Playoffs | https://github.com/LiTianYeoh/MLBB_Tournament_Analysis/blob/94ea36800e80c9e89a2356a0b81d3eeafbd6a4f7/analysis/data/consolidated_game_data_20240505.csv
8,S8-PO-008,6,RRQ Hoshi,ban,3,Yi Sun-Shin,https://liquipedia.net/mobilelegends/MPL/Indonesia/Season_8/Playoffs | https://github.com/LiTianYeoh/MLBB_Tournament_Analysis/blob/94ea36800e80c9e89a2356a0b81d3eeafbd6a4f7/analysis/data/consolidated_game_data_20240505.csv
8,S8-PO-008,6,RRQ Hoshi,ban,4,Selena,https://liquipedia.net/mobilelegends/MPL/Indonesia/Season_8/Playoffs | https://github.com/LiTianYeoh/MLBB_Tournament_Analysis/blob/94ea36800e80c9e89a2356a0b81d3eeafbd6a4f7/analysis/data/consolidated_game_data_20240505.csv
8,S8-PO-008,6,RRQ Hoshi,ban,5,Jawhead,https://liquipedia.net/mobilelegends/MPL/Indonesia/Season_8/Playoffs | https://github.com/LiTianYeoh/MLBB_Tournament_Analysis/blob/94ea36800e80c9e89a2356a0b81d3eeafbd6a4f7/analysis/data/consolidated_game_data_20240505.csv
8,S8-PO-008,6,RRQ Hoshi,pick,1,Chang'e,https://liquipedia.net/mobilelegends/MPL/Indonesia/Season_8/Playoffs | https://github.com/LiTianYeoh/MLBB_Tournament_Analysis/blob/94ea36800e80c9e89a2356a0b81d3eeafbd6a4f7/analysis/data/consolidated_game_data_20240505.csv
8,S8-PO-008,6,RRQ Hoshi,pick,2,Lancelot,https://liquipedia.net/mobilelegends/MPL/Indonesia/Season_8/Playoffs | https://github.com/LiTianYeoh/MLBB_Tournament_Analysis/blob/94ea36800e80c9e89a2356a0b81d3eeafbd6a4f7/analysis/data/consolidated_game_data_20240505.csv
8,S8-PO-008,6,RRQ Hoshi,pick,3,Clint,https://liquipedia.net/mobilelegends/MPL/Indonesia/Season_8/Playoffs | https://github.com/LiTianYeoh/MLBB_Tournament_Analysis/blob/94ea36800e80c9e89a2356a0b81d3eeafbd6a4f7/analysis/data/consolidated_game_data_20240505.csv
8,S8-PO-008,6,RRQ Hoshi,pick,4,Uranus,https://liquipedia.net/mobilelegends/MPL/Indonesia/Season_8/Playoffs | https://github.com/LiTianYeoh/MLBB_Tournament_Analysis/blob/94ea36800e80c9e89a2356a0b81d3eeafbd6a4f7/analysis/data/consolidated_game_data_20240505.csv
8,S8-PO-008,6,RRQ Hoshi,pick,5,Mathilda,https://liquipedia.net/mobilelegends/MPL/Indonesia/Season_8/Playoffs | https://github.com/LiTianYeoh/MLBB_Tournament_Analysis/blob/94ea36800e80c9e89a2356a0b81d3eeafbd6a4f7/analysis/data/consolidated_game_data_20240505.csv
8,S8-PO-008,6,ONIC Esports,ban,1,Kaja,https://liquipedia.net/mobilelegends/MPL/Indonesia/Season_8/Playoffs | https://github.com/LiTianYeoh/MLBB_Tournament_Analysis/blob/94ea36800e80c9e89a2356a0b81d3eeafbd6a4f7/analysis/data/consolidated_game_data_20240505.csv
8,S8-PO-008,6,ONIC Esports,ban,2,Lylia,https://liquipedia.net/mobilelegends/MPL/Indonesia/Season_8/Playoffs | https://github.com/LiTianYeoh/MLBB_Tournament_Analysis/blob/94ea36800e80c9e89a2356a0b81d3eeafbd6a4f7/analysis/data/consolidated_game_data_20240505.csv
8,S8-PO-008,6,ONIC Esports,ban,3,Esmeralda,https://liquipedia.net/mobilelegends/MPL/Indonesia/Season_8/Playoffs | https://github.com/LiTianYeoh/MLBB_Tournament_Analysis/blob/94ea36800e80c9e89a2356a0b81d3eeafbd6a4f7/analysis/data/consolidated_game_data_20240505.csv
8,S8-PO-008,6,ONIC Esports,ban,4,Yve,https://liquipedia.net/mobilelegends/MPL/Indonesia/Season_8/Playoffs | https://github.com/LiTianYeoh/MLBB_Tournament_Analysis/blob/94ea36800e80c9e89a2356a0b81d3eeafbd6a4f7/analysis/data/consolidated_game_data_20240505.csv
8,S8-PO-008,6,ONIC Esports,ban,5,Ling,https://liquipedia.net/mobilelegends/MPL/Indonesia/Season_8/Playoffs | https://github.com/LiTianYeoh/MLBB_Tournament_Analysis/blob/94ea36800e80c9e89a2356a0b81d3eeafbd6a4f7/analysis/data/consolidated_game_data_20240505.csv
8,S8-PO-008,6,ONIC Esports,pick,1,Pharsa,https://liquipedia.net/mobilelegends/MPL/Indonesia/Season_8/Playoffs | https://github.com/LiTianYeoh/MLBB_Tournament_Analysis/blob/94ea36800e80c9e89a2356a0b81d3eeafbd6a4f7/analysis/data/consolidated_game_data_20240505.csv
8,S8-PO-008,6,ONIC Esports,pick,2,Khaleed,https://liquipedia.net/mobilelegends/MPL/Indonesia/Season_8/Playoffs | https://github.com/LiTianYeoh/MLBB_Tournament_Analysis/blob/94ea36800e80c9e89a2356a0b81d3eeafbd6a4f7/analysis/data/consolidated_game_data_20240505.csv
8,S8-PO-008,6,ONIC Esports,pick,3,Paquito,https://liquipedia.net/mobilelegends/MPL/Indonesia/Season_8/Playoffs | https://github.com/LiTianYeoh/MLBB_Tournament_Analysis/blob/94ea36800e80c9e89a2356a0b81d3eeafbd6a4f7/analysis/data/consolidated_game_data_20240505.csv
8,S8-PO-008,6,ONIC Esports,pick,4,Brody,https://liquipedia.net/mobilelegends/MPL/Indonesia/Season_8/Playoffs | https://github.com/LiTianYeoh/MLBB_Tournament_Analysis/blob/94ea36800e80c9e89a2356a0b81d3eeafbd6a4f7/analysis/data/consolidated_game_data_20240505.csv
8,S8-PO-008,6,ONIC Esports,pick,5,Ruby,https://liquipedia.net/mobilelegends/MPL/Indonesia/Season_8/Playoffs | https://github.com/LiTianYeoh/MLBB_Tournament_Analysis/blob/94ea36800e80c9e89a2356a0b81d3eeafbd6a4f7/analysis/data/consolidated_game_data_20240505.csv
8,S8-PO-008,7,RRQ Hoshi,ban,1,Hayabusa,https://liquipedia.net/mobilelegends/MPL/Indonesia/Season_8/Playoffs | https://github.com/LiTianYeoh/MLBB_Tournament_Analysis/blob/94ea36800e80c9e89a2356a0b81d3eeafbd6a4f7/analysis/data/consolidated_game_data_20240505.csv
8,S8-PO-008,7,RRQ Hoshi,ban,2,Aldous,https://liquipedia.net/mobilelegends/MPL/Indonesia/Season_8/Playoffs | https://github.com/LiTianYeoh/MLBB_Tournament_Analysis/blob/94ea36800e80c9e89a2356a0b81d3eeafbd6a4f7/analysis/data/consolidated_game_data_20240505.csv
8,S8-PO-008,7,RRQ Hoshi,ban,3,Yi Sun-Shin,https://liquipedia.net/mobilelegends/MPL/Indonesia/Season_8/Playoffs | https://github.com/LiTianYeoh/MLBB_Tournament_Analysis/blob/94ea36800e80c9e89a2356a0b81d3eeafbd6a4f7/analysis/data/consolidated_game_data_20240505.csv
8,S8-PO-008,7,RRQ Hoshi,ban,4,Cecilion,https://liquipedia.net/mobilelegends/MPL/Indonesia/Season_8/Playoffs | https://github.com/LiTianYeoh/MLBB_Tournament_Analysis/blob/94ea36800e80c9e89a2356a0b81d3eeafbd6a4f7/analysis/data/consolidated_game_data_20240505.csv
8,S8-PO-008,7,RRQ Hoshi,ban,5,X.Borg,https://liquipedia.net/mobilelegends/MPL/Indonesia/Season_8/Playoffs | https://github.com/LiTianYeoh/MLBB_Tournament_Analysis/blob/94ea36800e80c9e89a2356a0b81d3eeafbd6a4f7/analysis/data/consolidated_game_data_20240505.csv
8,S8-PO-008,7,RRQ Hoshi,pick,1,Chang'e,https://liquipedia.net/mobilelegends/MPL/Indonesia/Season_8/Playoffs | https://github.com/LiTianYeoh/MLBB_Tournament_Analysis/blob/94ea36800e80c9e89a2356a0b81d3eeafbd6a4f7/analysis/data/consolidated_game_data_20240505.csv
8,S8-PO-008,7,RRQ Hoshi,pick,2,Karina,https://liquipedia.net/mobilelegends/MPL/Indonesia/Season_8/Playoffs | https://github.com/LiTianYeoh/MLBB_Tournament_Analysis/blob/94ea36800e80c9e89a2356a0b81d3eeafbd6a4f7/analysis/data/consolidated_game_data_20240505.csv
8,S8-PO-008,7,RRQ Hoshi,pick,3,Brody,https://liquipedia.net/mobilelegends/MPL/Indonesia/Season_8/Playoffs | https://github.com/LiTianYeoh/MLBB_Tournament_Analysis/blob/94ea36800e80c9e89a2356a0b81d3eeafbd6a4f7/analysis/data/consolidated_game_data_20240505.csv
8,S8-PO-008,7,RRQ Hoshi,pick,4,Uranus,https://liquipedia.net/mobilelegends/MPL/Indonesia/Season_8/Playoffs | https://github.com/LiTianYeoh/MLBB_Tournament_Analysis/blob/94ea36800e80c9e89a2356a0b81d3eeafbd6a4f7/analysis/data/consolidated_game_data_20240505.csv
8,S8-PO-008,7,RRQ Hoshi,pick,5,Mathilda,https://liquipedia.net/mobilelegends/MPL/Indonesia/Season_8/Playoffs | https://github.com/LiTianYeoh/MLBB_Tournament_Analysis/blob/94ea36800e80c9e89a2356a0b81d3eeafbd6a4f7/analysis/data/consolidated_game_data_20240505.csv
8,S8-PO-008,7,ONIC Esports,ban,1,Ruby,https://liquipedia.net/mobilelegends/MPL/Indonesia/Season_8/Playoffs | https://github.com/LiTianYeoh/MLBB_Tournament_Analysis/blob/94ea36800e80c9e89a2356a0b81d3eeafbd6a4f7/analysis/data/consolidated_game_data_20240505.csv
8,S8-PO-008,7,ONIC Esports,ban,2,Pharsa,https://liquipedia.net/mobilelegends/MPL/Indonesia/Season_8/Playoffs | https://github.com/LiTianYeoh/MLBB_Tournament_Analysis/blob/94ea36800e80c9e89a2356a0b81d3eeafbd6a4f7/analysis/data/consolidated_game_data_20240505.csv
8,S8-PO-008,7,ONIC Esports,ban,3,Lancelot,https://liquipedia.net/mobilelegends/MPL/Indonesia/Season_8/Playoffs | https://github.com/LiTianYeoh/MLBB_Tournament_Analysis/blob/94ea36800e80c9e89a2356a0b81d3eeafbd6a4f7/analysis/data/consolidated_game_data_20240505.csv
8,S8-PO-008,7,ONIC Esports,ban,4,Yve,https://liquipedia.net/mobilelegends/MPL/Indonesia/Season_8/Playoffs | https://github.com/LiTianYeoh/MLBB_Tournament_Analysis/blob/94ea36800e80c9e89a2356a0b81d3eeafbd6a4f7/analysis/data/consolidated_game_data_20240505.csv
8,S8-PO-008,7,ONIC Esports,ban,5,Ling,https://liquipedia.net/mobilelegends/MPL/Indonesia/Season_8/Playoffs | https://github.com/LiTianYeoh/MLBB_Tournament_Analysis/blob/94ea36800e80c9e89a2356a0b81d3eeafbd6a4f7/analysis/data/consolidated_game_data_20240505.csv
8,S8-PO-008,7,ONIC Esports,pick,1,Popol and Kupa,https://liquipedia.net/mobilelegends/MPL/Indonesia/Season_8/Playoffs | https://github.com/LiTianYeoh/MLBB_Tournament_Analysis/blob/94ea36800e80c9e89a2356a0b81d3eeafbd6a4f7/analysis/data/consolidated_game_data_20240505.csv
8,S8-PO-008,7,ONIC Esports,pick,2,Benedetta,https://liquipedia.net/mobilelegends/MPL/Indonesia/Season_8/Playoffs | https://github.com/LiTianYeoh/MLBB_Tournament_Analysis/blob/94ea36800e80c9e89a2356a0b81d3eeafbd6a4f7/analysis/data/consolidated_game_data_20240505.csv
8,S8-PO-008,7,ONIC Esports,pick,3,Natan,https://liquipedia.net/mobilelegends/MPL/Indonesia/Season_8/Playoffs | https://github.com/LiTianYeoh/MLBB_Tournament_Analysis/blob/94ea36800e80c9e89a2356a0b81d3eeafbd6a4f7/analysis/data/consolidated_game_data_20240505.csv
8,S8-PO-008,7,ONIC Esports,pick,4,Paquito,https://liquipedia.net/mobilelegends/MPL/Indonesia/Season_8/Playoffs | https://github.com/LiTianYeoh/MLBB_Tournament_Analysis/blob/94ea36800e80c9e89a2356a0b81d3eeafbd6a4f7/analysis/data/consolidated_game_data_20240505.csv
8,S8-PO-008,7,ONIC Esports,pick,5,Selena,https://liquipedia.net/mobilelegends/MPL/Indonesia/Season_8/Playoffs | https://github.com/LiTianYeoh/MLBB_Tournament_Analysis/blob/94ea36800e80c9e89a2356a0b81d3eeafbd6a4f7/analysis/data/consolidated_game_data_20240505.csv
