season,match_id,game_number,team,action,order,hero,source
9,S9-RS-001,1,Geek Fam ID,ban,1,Mathilda,https://liquipedia.net/mobilelegends/MPL/Indonesia/Season_9/Regular_Season | https://github.com/LiTianYeoh/MLBB_Tournament_Analysis/blob/94ea36800e80c9e89a2356a0b81d3eeafbd6a4f7/analysis/data/consolidated_game_data_20240505.csv
9,S9-RS-001,1,Geek Fam ID,ban,2,Valentina,https://liquipedia.net/mobilelegends/MPL/Indonesia/Season_9/Regular_Season | https://github.com/LiTianYeoh/MLBB_Tournament_Analysis/blob/94ea36800e80c9e89a2356a0b81d3eeafbd6a4f7/analysis/data/consolidated_game_data_20240505.csv
9,S9-RS-001,1,Geek Fam ID,ban,3,Ling,https://liquipedia.net/mobilelegends/MPL/Indonesia/Season_9/Regular_Season | https://github.com/LiTianYeoh/MLBB_Tournament_Analysis/blob/94ea36800e80c9e89a2356a0b81d3eeafbd6a4f7/analysis/data/consolidated_game_data_20240505.csv
9,S9-RS-001,1,Geek Fam ID,ban,4,Chou,https://liquipedia.net/mobilelegends/MPL/Indonesia/Season_9/Regular_Season | https://github.com/LiTianYeoh/MLBB_Tournament_Analysis/blob/94ea36800e80c9e89a2356a0b81d3eeafbd6a4f7/analysis/data/consolidated_game_data_20240505.csv
9,S9-RS-001,1,Geek Fam ID,ban,5,Khufra,https://liquipedia.net/mobilelegends/MPL/Indonesia/Season_9/Regular_Season | https://github.com/LiTianYeoh/MLBB_Tournament_Analysis/blob/94ea36800e80c9e89a2356a0b81d3eeafbd6a4f7/analysis/data/consolidated_game_data_20240505.csv
9,S9-RS-001,1,Geek Fam ID,pick,1,Lancelot,https://liquipedia.net/mobilelegends/MPL/Indonesia/Season_9/Regular_Season | https://github.com/LiTianYeoh/MLBB_Tournament_Analysis/blob/94ea36800e80c9e89a2356a0b81d3eeafbd6a4f7/analysis/data/consolidated_game_data_20240505.csv
9,S9-RS-001,1,Geek Fam ID,pick,2,Lylia,https://liquipedia.net/mobilelegends/MPL/Indonesia/Season_9/Regular_Season | https://github.com/LiTianYeoh/MLBB_Tournament_Analysis/blob/94ea36800e80c9e89a2356a0b81d3eeafbd6a4f7/analysis/data/consolidated_game_data_20240505.csv
9,S9-RS-001,1,Geek Fam ID,pick,3,Esmeralda,https://liquipedia.net/mobilelegends/MPL/Indonesia/Season_9/Regular_Season | https://github.com/LiTianYeoh/MLBB_Tournament_Analysis/blob/94ea36800e80c9e89a2356a0b81d3eeafbd6a4f7/analysis/data/consolidated_game_data_20240505.csv
9,S9-RS-001,1,Geek Fam ID,pick,4,Clint,https://liquipedia.net/mobilelegends/MPL/Indonesia/Season_9/Regular_Season | https://github.com/LiTianYeoh/MLBB_Tournament_Analysis/blob/94ea36800e80c9e89a2356a0b81d3eeafbd6a4f7/analysis/data/consolidated_game_data_20240505.csv
9,S9-RS-001,1,Geek Fam ID,pick,5,Hilda,https://liquipedia.net/mobilelegends/MPL/Indonesia/Season_9/Regular_Season | https://github.com/LiTianYeoh/MLBB_Tournament_Analysis/blob/94ea36800e80c9e89a2356a0b81d3eeafbd6a4f7/analysis/data/consolidated_game_data_20240505.csv
9,S9-RS-001,1,RRQ Hoshi,ban,1,Jawhead,https://liquipedia.net/mobilelegends/MPL/Indonesia/Season_9/Regular_Season | https://github.com/LiTianYeoh/MLBB_Tournament_Analysis/blob/94ea36800e80c9e89a2356a0b81d3eeafbd6a4f7/analysis/data/consolidated_game_data_20240505.csv
9,S9-RS-001,1,RRQ Hoshi,ban,2,Wanwan,https://liquipedia.net/mobilelegends/MPL/Indonesia/Season_9/Regular_Season | https://github.com/LiTianYeoh/MLBB_Tournament_Analysis/blob/94ea36800e80c9e89a2356a0b81d3eeafbd6a4f7/analysis/data/consolidated_game_data_20240505.csv
9,S9-RS-001,1,RRQ Hoshi,ban,3,Fanny,https://liquipedia.net/mobilelegends/MPL/Indonesia/Season_9/Regular_Season | https://github.com/LiTianYeoh/MLBB_Tournament_Analysis/blob/94ea36800e80c9e89a2356a0b81d3eeafbd6a4f7/analysis/data/consolidated_game_data_20240505.csv
9,S9-RS-001,1,RRQ Hoshi,ban,4,Phoveus,https://liquipedia.net/mobilelegends/MPL/Indonesia/Season_9/Regular_Season | https://github.com/LiTianYeoh/MLBB_Tournament_Analysis/blob/94ea36800e80c9e89a2356a0b81d3eeafbd6a4f7/analysis/data/consolidated_game_data_20240505.csv
9,S9-RS-001,1,RRQ Hoshi,ban,5,Selena,https://liquipedia.net/mobilelegends/MPL/Indonesia/Season_9/Regular_Season | https://github.com/LiTianYeoh/MLBB_Tournament_Analysis/blob/94ea36800e80c9e89a2356a0b81d3eeafbd6a4f7/analysis/data/consolidated_game_data_20240505.csv
9,S9-RS-001,1,RRQ Hoshi,pick,1,Beatrix,https://liquipedia.net/mobilelegends/MPL/Indonesia/Season_9/Regular_Season | https://github.com/LiTianYeoh/MLBB_Tournament_Analysis/blob/94ea36800e80c9e89a2356a0b81d3eeafbd6a4f7/analysis/data/consolidated_game_data_20240505.csv
9,S9-RS-001,1,RRQ Hoshi,pick,2,Natalia,https://liquipedia.net/mobilelegends/MPL/Indonesia/Season_9/Regular_Season | https://github.com/LiTianYeoh/MLBB_Tournament_Analysis/blob/94ea36800e80c9e89a2356a0b81d3eeafbd6a4f7/analysis/data/consolidated_game_data_20240505.csv
9,S9-RS-001,1,RRQ Hoshi,pick,3,Hayabusa,https://liquipedia.net/mobilelegends/MPL/Indonesia/Season_9/Regular_Season | https://github.com/LiTianYeoh/MLBB_Tournament_Analysis/blob/94ea36800e80c9e89a2356a0b81d3eeafbd6a4f7/analysis/data/consolidated_game_data_20240505.csv
9,S9-RS-001,1,RRQ Hoshi,pick,4,Cecilion,https://liquipedia.net/mobilelegends/MPL/Indonesia/Season_9/Regular_Season | https://github.com/LiTianYeoh/MLBB_Tournament_Analysis/blob/94ea36800e80c9e89a2356a0b81d3eeafbd6a4f7/analysis/data/consolidated_game_data_20240505.csv
9,S9-RS-001,1,RRQ Hoshi,pick,5,Gloo,https://liquipedia.net/mobilelegends/MPL/Indonesia/Season_9/Regular_Season | https://github.com/LiTianYeoh/MLBB_Tournament_Analysis/blob/94ea36800e80c9e89a2356a0b81d3eeafbd6a4f7/analysis/data/consolidated_game_data_20240505.csv
9,S9-RS-001,2,Geek Fam ID,ban,1,Valentina,https://liquipedia.net/mobilelegends/MPL/Indonesia/Season_9/Regular_Season | https://github.com/LiTianYeoh/MLBB_Tournament_Analysis/blob/94ea36800e80c9e89a2356a0b81d3eeafbd6a4f7/analysis/data/consolidated_game_data_20240505.csv
9,S9-RS-001,2,Geek Fam ID,ban,2,Mathilda,https://liquipedia.net/mobilelegends/MPL/Indonesia/Season_9/Regular_Season | https://github.com/LiTianYeoh/MLBB_Tournament_Analysis/blob/94ea36800e80c9e89a2356a0b81d3eeafbd6a4f7/analysis/data/consolidated_game_data_20240505.csv
9,S9-RS-001,2,Geek Fam ID,ban,3,Ling,https://liquipedia.net/mobilelegends/MPL/Indonesia/Season_9/Regular_Season | https://github.com/LiTianYeoh/MLBB_Tournament_Analysis/blob/94ea36800e80c9e89a2356a0b81d3eeafbd6a4f7/analysis/data/consolidated_game_data_20240505.csv
9,S9-RS-001,2,Geek Fam ID,ban,4,Natalia,https://liquipedia.net/mobilelegends/MPL/Indonesia/Season_9/Regular_Season | https://github.com/LiTianYeoh/MLBB_Tournament_Analysis/blob/94ea36800e80c9e89a2356a0b81d3eeafbd6a4f7/analysis/data/consolidated_game_data_20240505.csv
9,S9-RS-001,2,Geek Fam ID,ban,5,Chou,https://liquipedia.net/mobilelegends/MPL/Indonesia/Season_9/Regular_Season | https://github.com/LiTianYeoh/MLBB_Tournament_Analysis/blob/94ea36800e80c9e89a2356a0b81d3eeafbd6a4f7/analysis/data/consolidated_game_data_20240505.csv
9,S9-RS-001,2,Geek Fam ID,pick,1,Lancelot,https://liquipedia.net/mobilelegends/MPL/Indonesia/Season_9/Regular_Season | https://github.com/LiTianYeoh/MLBB_Tournament_Analysis/blob/94ea36800e80c9e89a2356a0b81d3eeafbd6a4f7/analysis/data/consolidated_game_data_20240505.csv
9,S9-RS-001,2,Geek Fam ID,pick,2,Paquito,https://liquipedia.net/mobilelegends/MPL/Indonesia/Season_9/Regular_Season | https://github.com/LiTianYeoh/MLBB_Tournament_Analysis/blob/94ea36800e80c9e89a2356a0b81d3eeafbd6a4f7/analysis/data/consolidated_game_data_20240505.csv
9,S9-RS-001,2,Geek Fam ID,pick,3,Brody,https://liquipedia.net/mobilelegends/MPL/Indonesia/Season_9/Regular_Season | https://github.com/LiTianYeoh/MLBB_Tournament_Analysis/blob/94ea36800e80c9e89a2356a0b81d3eeafbd6a4f7/analysis/data/consolidated_game_data_20240505.csv
9,S9-RS-001,2,Geek Fam ID,pick,4,Franco,https://liquipedia.net/mobilelegends/MPL/Indonesia/Season_9/Regular_Season | https://github.com/LiTianYeoh/MLBB_Tournament_Analysis/blob/94ea36800e80c9e89a2356a0b81d3eeafbd6a4f7/analysis/data/consolidated_game_data_20240505.csv
9,S9-RS-001,2,Geek Fam ID,pick,5,Vale,https://liquipedia.net/mobilelegends/MPL/Indonesia/Season_9/Regular_Season | https://github.com/LiTianYeoh/MLBB_Tournament_Analysis/blob/94ea36800e80c9e89a2356a0b81d3eeafbd6a4f7/analysis/data/consolidated_game_data_20240505.csv
9,S9-RS-001,2,RRQ Hoshi,ban,1,Edith,https://liquipedia.net/mobilelegends/MPL/Indonesia/Season_9/Regular_Season | https://github.com/LiTianYeoh/MLBB_Tournament_Analysis/blob/94ea36800e80c9e89a2356a0b81d3eeafbd6a4f7/analysis/data/consolidated_game_data_20240505.csv
9,S9-RS-001,2,RRQ Hoshi,ban,2,Jawhead,https://liquipedia.net/mobilelegends/MPL/Indonesia/Season_9/Regular_Season | https://github.com/LiTianYeoh/MLBB_Tournament_Analysis/blob/94ea36800e80c9e89a2356a0b81d3eeafbd6a4f7/analysis/data/consolidated_game_data_20240505.csv
9,S9-RS-001,2,RRQ Hoshi,ban,3,Fanny,https://liquipedia.net/mobilelegends/MPL/Indonesia/Season_9/Regular_Season | https://github.com/LiTianYeoh/MLBB_Tournament_Analysis/blob/94ea36800e80c9e89a2356a0b81d3eeafbd6a4f7/analysis/data/consolidated_game_data_20240505.csv
9,S9-RS-001,2,RRQ Hoshi,ban,4,Phoveus,https://liquipedia.net/mobilelegends/MPL/Indonesia/Season_9/Regular_Season | https://github.com/LiTianYeoh/MLBB_Tournament_Analysis/blob/94ea36800e80c9e89a2356a0b81d3eeafbd6a4f7/analysis/data/consolidated_game_data_20240505.csv
9,S9-RS-001,2,RRQ Hoshi,ban,5,Selena,https://liquipedia.net/mobilelegends/MPL/Indonesia/Season_9/Regular_Season | https://github.com/LiTianYeoh/MLBB_Tournament_Analysis/blob/94ea36800e80c9e89a2356a0b81d3eeafbd6a4f7/analysis/data/consolidated_game_data_20240505.csv
9,S9-RS-001,2,RRQ Hoshi,pick,1,Yi Sun-Shin,https://liquipedia.net/mobilelegends/MPL/Indonesia/Season_9/Regular_Season | https://github.com/LiTianYeoh/MLBB_Tournament_Analysis/blob/94ea36800e80c9e89a2356a0b81d3eeafbd6a4f7/analysis/data/consolidated_game_data_20240505.csv
9,S9-RS-001,2,RRQ Hoshi,pick,2,Estes,https://liquipedia.net/mobilelegends/MPL/Indonesia/Season_9/Regular_Season | https://github.com/LiTianYeoh/MLBB_Tournament_Analysis/blob/94ea36800e80c9e89a2356a0b81d3eeafbd6a4f7/analysis/data/consolidated_game_data_20240505.csv
9,S9-RS-001,2,RRQ Hoshi,pick,3,Beatrix,https://liquipedia.net/mobilelegends/MPL/Indonesia/Season_9/Regular_Season | https://github.com/LiTianYeoh/MLBB_Tournament_Analysis/blob/94ea36800e80c9e89a2356a0b81d3eeafbd6a4f7/analysis/data/consolidated_game_data_20240505.csv
9,S9-RS-001,2,RRQ Hoshi,pick,4,Cecilion,https://liquipedia.net/mobilelegends/MPL/Indonesia/Season_9/Regular_Season | https://github.com/LiTianYeoh/MLBB_Tournament_Analysis/blob/94ea36800e80c9e89a2356a0b81d3eeafbd6a4f7/analysis/data/consolidated_game_data_20240505.csv
9,S9-RS-001,2,RRQ Hoshi,pick,5,Gloo,https://liquipedia.net/mobilelegends/MPL/Indonesia/Season_9/Regular_Season | https://github.com/LiTianYeoh/MLBB_Tournament_Analysis/blob/94ea36800e80c9e89a2356a0b81d3eeafbd6a4f7/analysis/data/consolidated_game_data_20240505.csv
9,S9-RS-002,1,Rebellion Zion,ban,1,Cecilion,https://liquipedia.net/mobilelegends/MPL/Indonesia/Season_9/Regular_Season | https://github.com/LiTianYeoh/MLBB_Tournament_Analysis/blob/94ea36800e80c9e89a2356a0b81d3eeafbd6a4f7/analysis/data/consolidated_game_data_20240505.csv
9,S9-RS-002,1,Rebellion Zion,ban,2,Selena,https://liquipedia.net/mobilelegends/MPL/Indonesia/Season_9/Regular_Season | https://github.com/LiTianYeoh/MLBB_Tournament_Analysis/blob/94ea36800e80c9e89a2356a0b81d3eeafbd6a4f7/analysis/data/consolidated_game_data_20240505.csv
9,S9-RS-002,1,Rebellion Zion,ban,3,Khufra,https://liquipedia.net/mobilelegends/MPL/Indonesia/Season_9/Regular_Season | https://github.com/LiTianYeoh/MLBB_Tournament_Analysis/blob/94ea36800e80c9e89a2356a0b81d3eeafbd6a4f7/analysis/data/consolidated_game_data_20240505.csv
9,S9-RS-002,1,Rebellion Zion,ban,4,Pharsa,https://liquipedia.net/mobilelegends/MPL/Indonesia/Season_9/Regular_Season | https://github.com/LiTianYeoh/MLBB_Tournament_Analysis/blob/94ea36800e80c9e89a2356a0b81d3eeafbd6a4f7/analysis/data/consolidated_game_data_20240505.csv
9,S9-RS-002,1,Rebellion Zion,ban,5,Yve,https://liquipedia.net/mobilelegends/MPL/Indonesia/Season_9/Regular_Season | https://github.com/LiTianYeoh/MLBB_Tournament_Analysis/blob/94ea36800e80c9e89a2356a0b81d3eeafbd6a4f7/analysis/data/consolidated_game_data_20240505.csv
9,S9-RS-002,1,Rebellion Zion,pick,1,Mathilda,https://liquipedia.net/mobilelegends/MPL/Indonesia/Season_9/Regular_Season | https://github.com/LiTianYeoh/MLBB_Tournament_Analysis/blob/94ea36800e80c9e89a2356a0b81d3eeafbd6a4f7/analysis/data/consolidated_game_data_20240505.csv
9,S9-RS-002,1,Rebellion Zion,pick,2,Lancelot,https://liquipedia.net/mobilelegends/MPL/Indonesia/Season_9/Regular_Season | https://github.com/LiTianYeoh/MLBB_Tournament_Analysis/blob/94ea36800e80c9e89a2356a0b81d3eeafbd6a4f7/analysis/data/consolidated_game_data_20240505.csv
9,S9-RS-002,1,Rebellion Zion,pick,3,Popol and Kupa,https://liquipedia.net/mobilelegends/MPL/Indonesia/Season_9/Regular_Season | https://github.com/LiTianYeoh/MLBB_Tournament_Analysis/blob/94ea36800e80c9e89a2356a0b81d3eeafbd6a4f7/analysis/data/consolidated_game_data_20240505.csv
9,S9-RS-002,1,Rebellion Zion,pick,4,Ruby,https://liquipedia.net/mobilelegends/MPL/Indonesia/Season_9/Regular_Season | https://github.com/LiTianYeoh/MLBB_Tournament_Analysis/blob/94ea36800e80c9e89a2356a0b81d3eeafbd6a4f7/analysis/data/consolidated_game_data_20240505.csv
9,S9-RS-002,1,Rebellion Zion,pick,5,Lunox,https://liquipedia.net/mobilelegends/MPL/Indonesia/Season_9/Regular_Season | https://github.com/LiTianYeoh/MLBB_Tournament_Analysis/blob/94ea36800e80c9e89a2356a0b81d3eeafbd6a4f7/analysis/data/consolidated_game_data_20240505.csv
9,S9-RS-002,1,Bigetron Alpha,ban,1,Kaja,https://liquipedia.net/mobilelegends/MPL/Indonesia/Season_9/Regular_Season | https://github.com/LiTianYeoh/MLBB_Tournament_Analysis/blob/94ea36800e80c9e89a2356a0b81d3eeafbd6a4f7/analysis/data/consolidated_game_data_20240505.csv
9,S9-RS-002,1,Bigetron Alpha,ban,2,Uranus,https://liquipedia.net/mobilelegends/MPL/Indonesia/Season_9/Regular_Season | https://github.com/LiTianYeoh/MLBB_Tournament_Analysis/blob/94ea36800e80c9e89a2356a0b81d3eeafbd6a4f7/analysis/data/consolidated_game_data_20240505.csv
9,S9-RS-002,1,Bigetron Alpha,ban,3,Fanny,https://liquipedia.net/mobilelegends/MPL/Indonesia/Season_9/Regular_Season | https://github.com/LiTianYeoh/MLBB_Tournament_Analysis/blob/94ea36800e80c9e89a2356a0b81d3eeafbd6a4f7/analysis/data/consolidated_game_data_20240505.csv
9,S9-RS-002,1,Bigetron Alpha,ban,4,Gloo,https://liquipedia.net/mobilelegends/MPL/Indonesia/Season_9/Regular_Season | https://github.com/LiTianYeoh/MLBB_Tournament_Analysis/blob/94ea36800e80c9e89a2356a0b81d3eeafbd6a4f7/analysis/data/consolidated_game_data_20240505.csv
9,S9-RS-002,1,Bigetron Alpha,ban,5,Valentina,https://liquipedia.net/mobilelegends/MPL/Indonesia/Season_9/Regular_Season | https://github.com/LiTianYeoh/MLBB_Tournament_Analysis/blob/94ea36800e80c9e89a2356a0b81d3eeafbd6a4f7/analysis/data/consolidated_game_data_20240505.csv
9,S9-RS-002,1,Bigetron Alpha,pick,1,Johnson,https://liquipedia.net/mobilelegends/MPL/Indonesia/Season_9/Regular_Season | https://github.com/LiTianYeoh/MLBB_Tournament_Analysis/blob/94ea36800e80c9e89a2356a0b81d3eeafbd6a4f7/analysis/data/consolidated_game_data_20240505.csv
9,S9-RS-002,1,Bigetron Alpha,pick,2,Kadita,https://liquipedia.net/mobilelegends/MPL/Indonesia/Season_9/Regular_Season | https://github.com/LiTianYeoh/MLBB_Tournament_Analysis/blob/94ea36800e80c9e89a2356a0b81d3eeafbd6a4f7/analysis/data/consolidated_game_data_20240505.csv
9,S9-RS-002,1,Bigetron Alpha,pick,3,Brody,https://liquipedia.net/mobilelegends/MPL/Indonesia/Season_9/Regular_Season | https://github.com/LiTianYeoh/MLBB_Tournament_Analysis/blob/94ea36800e80c9e89a2356a0b81d3eeafbd6a4f7/analysis/data/consolidated_game_data_20240505.csv
9,S9-RS-002,1,Bigetron Alpha,pick,4,Esmeralda,https://liquipedia.net/mobilelegends/MPL/Indonesia/Season_9/Regular_Season | https://github.com/LiTianYeoh/MLBB_Tournament_Analysis/blob/94ea36800e80c9e89a2356a0b81d3eeafbd6a4f7/analysis/data/consolidated_game_data_20240505.csv
9,S9-RS-002,1,Bigetron Alpha,pick,5,Hayabusa,https://liquipedia.net/mobilelegends/MPL/Indonesia/Season_9/Regular_Season | https://github.com/LiTianYeoh/MLBB_Tournament_Analysis/blob/94ea36800e80c9e89a2356a0b81d3eeafbd6a4f7/analysis/data/consolidated_game_data_20240505.csv
9,S9-RS-002,2,Rebellion Zion,ban,1,Cecilion,https://liquipedia.net/mobilelegends/MPL/Indonesia/Season_9/Regular_Season | https://github.com/LiTianYeoh/MLBB_Tournament_Analysis/blob/94ea36800e80c9e89a2356a0b81d3eeafbd6a4f7/analysis/data/consolidated_game_data_20240505.csv
9,S9-RS-002,2,Rebellion Zion,ban,2,Khufra,https://liquipedia.net/mobilelegends/MPL/Indonesia/Season_9/Regular_Season | https://github.com/LiTianYeoh/MLBB_Tournament_Analysis/blob/94ea36800e80c9e89a2356a0b81d3eeafbd6a4f7/analysis/data/consolidated_game_data_20240505.csv
9,S9-RS-002,2,Rebellion Zion,ban,3,Selena,https://liquipedia.net/mobilelegends/MPL/Indonesia/Season_9/Regular_Season | https://github.com/LiTianYeoh/MLBB_Tournament_Analysis/blob/94ea36800e80c9e89a2356a0b81d3eeafbd6a4f7/analysis/data/consolidated_game_data_20240505.csv
9,S9-RS-002,2,Rebellion Zion,ban,4,Johnson,https://liquipedia.net/mobilelegends/MPL/Indonesia/Season_9/Regular_Season | https://github.com/LiTianYeoh/MLBB_Tournament_Analysis/blob/94ea36800e80c9e89a2356a0b81d3eeafbd6a4f7/analysis/data/consolidated_game_data_20240505.csv
9,S9-RS-002,2,Rebellion Zion,ban,5,Kadita,https://liquipedia.net/mobilelegends/MPL/Indonesia/Season_9/Regular_Season | https://github.com/LiTianYeoh/MLBB_Tournament_Analysis/blob/94ea36800e80c9e89a2356a0b81d3eeafbd6a4f7/analysis/data/consolidated_game_data_20240505.csv
9,S9-RS-002,2,Rebellion Zion,pick,1,Mathilda,https://liquipedia.net/mobilelegends/MPL/Indonesia/Season_9/Regular_Season | https://github.com/LiTianYeoh/MLBB_Tournament_Analysis/blob/94ea36800e80c9e89a2356a0b81d3eeafbd6a4f7/analysis/data/consolidated_game_data_20240505.csv
9,S9-RS-002,2,Rebellion Zion,pick,2,Brody,https://liquipedia.net/mobilelegends/MPL/Indonesia/Season_9/Regular_Season | https://github.com/LiTianYeoh/MLBB_Tournament_Analysis/blob/94ea36800e80c9e89a2356a0b81d3eeafbd6a4f7/analysis/data/consolidated_game_data_20240505.csv
9,S9-RS-002,2,Rebellion Zion,pick,3,Paquito,https://liquipedia.net/mobilelegends/MPL/Indonesia/Season_9/Regular_Season | https://github.com/LiTianYeoh/MLBB_Tournament_Analysis/blob/94ea36800e80c9e89a2356a0b81d3eeafbd6a4f7/analysis/data/consolidated_game_data_20240505.csv
9,S9-RS-002,2,Rebellion Zion,pick,4,Khaleed,https://liquipedia.net/mobilelegends/MPL/Indonesia/Season_9/Regular_Season | https://github.com/LiTianYeoh/MLBB_Tournament_Analysis/blob/94ea36800e80c9e89a2356a0b81d3eeafbd6a4f7/analysis/data/consolidated_game_data_20240505.csv
9,S9-RS-002,2,Rebellion Zion,pick,5,Yve,https://liquipedia.net/mobilelegends/MPL/Indonesia/Season_9/Regular_Season | https://github.com/LiTianYeoh/MLBB_Tournament_Analysis/blob/94ea36800e80c9e89a2356a0b81d3eeafbd6a4f7/analysis/data/consolidated_game_data_20240505.csv
9,S9-RS-002,2,Bigetron Alpha,ban,1,Uranus,https://liquipedia.net/mobilelegends/MPL/Indonesia/Season_9/Regular_Season | https://github.com/LiTianYeoh/MLBB_Tournament_Analysis/blob/94ea36800e80c9e89a2356a0b81d3eeafbd6a4f7/analysis/data/consolidated_game_data_20240505.csv
9,S9-RS-002,2,Bigetron Alpha,ban,2,Kaja,https://liquipedia.net/mobilelegends/MPL/Indonesia/Season_9/Regular_Season | https://github.com/LiTianYeoh/MLBB_Tournament_Analysis/blob/94ea36800e80c9e89a2356a0b81d3eeafbd6a4f7/analysis/data/consolidated_game_data_20240505.csv
9,S9-RS-002,2,Bigetron Alpha,ban,3,Fanny,https://liquipedia.net/mobilelegends/MPL/Indonesia/Season_9/Regular_Season | https://github.com/LiTianYeoh/MLBB_Tournament_Analysis/blob/94ea36800e80c9e89a2356a0b81d3eeafbd6a4f7/analysis/data/consolidated_game_data_20240505.csv
9,S9-RS-002,2,Bigetron Alpha,ban,4,Gloo,https://liquipedia.net/mobilelegends/MPL/Indonesia/Season_9/Regular_Season | https://github.com/LiTianYeoh/MLBB_Tournament_Analysis/blob/94ea36800e80c9e89a2356a0b81d3eeafbd6a4f7/analysis/data/consolidated_game_data_20240505.csv
9,S9-RS-002,2,Bigetron Alpha,ban,5,Valentina,https://liquipedia.net/mobilelegends/MPL/Indonesia/Season_9/Regular_Season | https://github.com/LiTianYeoh/MLBB_Tournament_Analysis/blob/94ea36800e80c9e89a2356a0b81d3eeafbd6a4f7/analysis/data/consolidated_game_data_20240505.csv
9,S9-RS-002,2,Bigetron Alpha,pick,1,Gord,https://liquipedia.net/mobilelegends/MPL/Indonesia/Season_9/Regular_Season | https://github.com/LiTianYeoh/MLBB_Tournament_Analysis/blob/94ea36800e80c9e89a2356a0b81d3eeafbd6a4f7/analysis/data/consolidated_game_data_20240505.csv
9,S9-RS-002,2,Bigetron Alpha,pick,2,Edith,https://liquipedia.net/mobilelegends/MPL/Indonesia/Season_9/Regular_Season | https://github.com/LiTianYeoh/MLBB_Tournament_Analysis/blob/94ea36800e80c9e89a2356a0b81d3eeafbd6a4f7/analysis/data/consolidated_game_data_20240505.csv
9,S9-RS-002,2,Bigetron Alpha,pick,3,Clint,https://liquipedia.net/mobilelegends/MPL/Indonesia/Season_9/Regular_Season | https://github.com/LiTianYeoh/MLBB_Tournament_Analysis/blob/94ea36800e80c9e89a2356a0b81d3eeafbd6a4f7/analysis/data/consolidated_game_data_20240505.csv
9,S9-RS-002,2,Bigetron Alpha,pick,4,Esmeralda,https://liquipedia.net/mobilelegends/MPL/Indonesia/Season_9/Regular_Season | https://github.com/LiTianYeoh/MLBB_Tournament_Analysis/blob/94ea36800e80c9e89a2356a0b81d3eeafbd6a4f7/analysis/data/consolidated_game_data_20240505.csv
9,S9-RS-002,2,Bigetron Alpha,pick,5,Hayabusa,https://liquipedia.net/mobilelegends/MPL/Indonesia/Season_9/Regular_Season | https://github.com/LiTianYeoh/MLBB_Tournament_Analysis/blob/94ea36800e80c9e89a2356a0b81d3eeafbd6a4f7/analysis/data/consolidated_game_data_20240505.csv
9,S9-RS-002,3,Rebellion Zion,ban,1,Cecilion,https://liquipedia.net/mobilelegends/MPL/Indonesia/Season_9/Regular_Season | https://github.com/LiTianYeoh/MLBB_Tournament_Analysis/blob/94ea36800e80c9e89a2356a0b81d3eeafbd6a4f7/analysis/data/consolidated_game_data_20240505.csv
9,S9-RS-002,3,Rebellion Zion,ban,2,Selena,https://liquipedia.net/mobilelegends/MPL/Indonesia/Season_9/Regular_Season | https://github.com/LiTianYeoh/MLBB_Tournament_Analysis/blob/94ea36800e80c9e89a2356a0b81d3eeafbd6a4f7/analysis/data/consolidated_game_data_20240505.csv
9,S9-RS-002,3,Rebellion Zion,ban,3,Khufra,https://liquipedia.net/mobilelegends/MPL/Indonesia/Season_9/Regular_Season | https://github.com/LiTianYeoh/MLBB_Tournament_Analysis/blob/94ea36800e80c9e89a2356a0b81d3eeafbd6a4f7/analysis/data/consolidated_game_data_20240505.csv
9,S9-RS-002,3,Rebellion Zion,ban,4,Yi Sun-Shin,https://liquipedia.net/mobilelegends/MPL/Indonesia/Season_9/Regular_Season | https://github.com/LiTianYeoh/MLBB_Tournament_Analysis/blob/94ea36800e80c9e89a2356a0b81d3eeafbd6a4f7/analysis/data/consolidated_game_data_20240505.csv
9,S9-RS-002,3,Rebellion Zion,ban,5,Hayabusa,https://liquipedia.net/mobilelegends/MPL/Indonesia/Season_9/Regular_Season | https://github.com/LiTianYeoh/MLBB_Tournament_Analysis/blob/94ea36800e80c9e89a2356a0b81d3eeafbd6a4f7/analysis/data/consolidated_game_data_20240505.csv
9,S9-RS-002,3,Rebellion Zion,pick,1,Mathilda,https://liquipedia.net/mobilelegends/MPL/Indonesia/Season_9/Regular_Season | https://github.com/LiTianYeoh/MLBB_Tournament_Analysis/blob/94ea36800e80c9e89a2356a0b81d3eeafbd6a4f7/analysis/data/consolidated_game_data_20240505.csv
9,S9-RS-002,3,Rebellion Zion,pick,2,Esmeralda,https://liquipedia.net/mobilelegends/MPL/Indonesia/Season_9/Regular_Season | https://github.com/LiTianYeoh/MLBB_Tournament_Analysis/blob/94ea36800e80c9e89a2356a0b81d3eeafbd6a4f7/analysis/data/consolidated_game_data_20240505.csv
9,S9-RS-002,3,Rebellion Zion,pick,3,Paquito,https://liquipedia.net/mobilelegends/MPL/Indonesia/Season_9/Regular_Season | https://github.com/LiTianYeoh/MLBB_Tournament_Analysis/blob/94ea36800e80c9e89a2356a0b81d3eeafbd6a4f7/analysis/data/consolidated_game_data_20240505.csv
9,S9-RS-002,3,Rebellion Zion,pick,4,Clint,https://liquipedia.net/mobilelegends/MPL/Indonesia/Season_9/Regular_Season | https://github.com/LiTianYeoh/MLBB_Tournament_Analysis/blob/94ea36800e80c9e89a2356a0b81d3eeafbd6a4f7/analysis/data/consolidated_game_data_20240505.csv
9,S9-RS-002,3,Rebellion Zion,pick,5,Kagura,https://liquipedia.net/mobilelegends/MPL/Indonesia/Season_9/Regular_Season | https://github.com/LiTianYeoh/MLBB_Tournament_Analysis/blob/94ea36800e80c9e89a2356a0b81d3eeafbd6a4f7/analysis/data/consolidated_game_data_20240505.csv
9,S9-RS-002,3,Bigetron Alpha,ban,1,Yve,https://liquipedia.net/mobilelegends/MPL/Indonesia/Season_9/Regular_Season | https://github.com/LiTianYeoh/MLBB_Tournament_Analysis/blob/94ea36800e80c9e89a2356a0b81d3eeafbd6a4f7/analysis/data/consolidated_game_data_20240505.csv
9,S9-RS-002,3,Bigetron Alpha,ban,2,Sun,https://liquipedia.net/mobilelegends/MPL/Indonesia/Season_9/Regular_Season | https://github.com/LiTianYeoh/MLBB_Tournament_Analysis/blob/94ea36800e80c9e89a2356a0b81d3eeafbd6a4f7/analysis/data/consolidated_game_data_20240505.csv
9,S9-RS-002,3,Bigetron Alpha,ban,3,Fanny,https://liquipedia.net/mobilelegends/MPL/Indonesia/Season_9/Regular_Season | https://github.com/LiTianYeoh/MLBB_Tournament_Analysis/blob/94ea36800e80c9e89a2356a0b81d3eeafbd6a4f7/analysis/data/consolidated_game_data_20240505.csv
9,S9-RS-002,3,Bigetron Alpha,ban,4,Gloo,https://liquipedia.net/mobilelegends/MPL/Indonesia/Season_9/Regular_Season | https://github.com/LiTianYeoh/MLBB_Tournament_Analysis/blob/94ea36800e80c9e89a2356a0b81d3eeafbd6a4f7/analysis/data/consolidated_game_data_20240505.csv
9,S9-RS-002,3,Bigetron Alpha,ban,5,Valentina,https://liquipedia.net/mobilelegends/MPL/Indonesia/Season_9/Regular_Season | https://github.com/LiTianYeoh/MLBB_Tournament_Analysis/blob/94ea36800e80c9e89a2356a0b81d3eeafbd6a4f7/analysis/data/consolidated_game_data_20240505.csv
9,S9-RS-002,3,Bigetron Alpha,pick,1,Barats,https://liquipedia.net/mobilelegends/MPL/Indonesia/Season_9/Regular_Season | https://github.com/LiTianYeoh/MLBB_Tournament_Analysis/blob/94ea36800e80c9e89a2356a0b81d3eeafbd6a4f7/analysis/data/consolidated_game_data_20240505.csv
9,S9-RS-002,3,Bigetron Alpha,pick,2,Lancelot,https://liquipedia.net/mobilelegends/MPL/Indonesia/Season_9/Regular_Season | https://github.com/LiTianYeoh/MLBB_Tournament_Analysis/blob/94ea36800e80c9e89a2356a0b81d3eeafbd6a4f7/analysis/data/consolidated_game_data_20240505.csv
9,S9-RS-002,3,Bigetron Alpha,pick,3,Johnson,https://liquipedia.net/mobilelegends/MPL/Indonesia/Season_9/Regular_Season | https://github.com/LiTianYeoh/MLBB_Tournament_Analysis/blob/94ea36800e80c9e89a2356a0b81d3eeafbd6a4f7/analysis/data/consolidated_game_data_20240505.csv
9,S9-RS-002,3,Bigetron Alpha,pick,4,Kadita,https://liquipedia.net/mobilelegends/MPL/Indonesia/Season_9/Regular_Season | https://github.com/LiTianYeoh/MLBB_Tournament_Analysis/blob/94ea36800e80c9e89a2356a0b81d3eeafbd6a4f7/analysis/data/consolidated_game_data_20240505.csv
9,S9-RS-002,3,Bigetron Alpha,pick,5,Brody,https://liquipedia.net/mobilelegends/MPL/Indonesia/Season_9/Regular_Season | https://github.com/LiTianYeoh/MLBB_Tournament_Analysis/blob/94ea36800e80c9e89a2356a0b81d3eeafbd6a4f7/analysis/data/consolidated_game_data_20240505.csv
9,S9-RS-003,1,Alter Ego,ban,1,Valentina,https://liquipedia.net/mobilelegends/MPL/Indonesia/Season_9/Regular_Season | https://github.com/LiTianYeoh/MLBB_Tournament_Analysis/blob/94ea36800e80c9e89a2356a0b81d3eeafbd6a4f7/analysis/data/consolidated_game_data_20240505.csv
9,S9-RS-003,1,Alter Ego,ban,2,Gloo,https://liquipedia.net/mobilelegends/MPL/Indonesia/Season_9/Regular_Season | https://github.com/LiTianYeoh/MLBB_Tournament_Analysis/blob/94ea36800e80c9e89a2356a0b81d3eeafbd6a4f7/analysis/data/consolidated_game_data_20240505.csv
9,S9-RS-003,1,Alter Ego,ban,3,Fanny,https://liquipedia.net/mobilelegends/MPL/Indonesia/Season_9/Regular_Season | https://github.com/LiTianYeoh/MLBB_Tournament_Analysis/blob/94ea36800e80c9e89a2356a0b81d3eeafbd6a4f7/analysis/data/consolidated_game_data_20240505.csv
9,S9-RS-003,1,Alter Ego,ban,4,Cecilion,https://liquipedia.net/mobilelegends/MPL/Indonesia/Season_9/Regular_Season | https://github.com/LiTianYeoh/MLBB_Tournament_Analysis/blob/94ea36800e80c9e89a2356a0b81d3eeafbd6a4f7/analysis/data/consolidated_game_data_20240505.csv
9,S9-RS-003,1,Alter Ego,ban,5,Esmeralda,https://liquipedia.net/mobilelegends/MPL/Indonesia/Season_9/Regular_Season | https://github.com/LiTianYeoh/MLBB_Tournament_Analysis/blob/94ea36800e80c9e89a2356a0b81d3eeafbd6a4f7/analysis/data/consolidated_game_data_20240505.csv
9,S9-RS-003,1,Alter Ego,pick,1,Chou,https://liquipedia.net/mobilelegends/MPL/Indonesia/Season_9/Regular_Season | https://github.com/LiTianYeoh/MLBB_Tournament_Analysis/blob/94ea36800e80c9e89a2356a0b81d3eeafbd6a4f7/analysis/data/consolidated_game_data_20240505.csv
9,S9-RS-003,1,Alter Ego,pick,2,Lylia,https://liquipedia.net/mobilelegends/MPL/Indonesia/Season_9/Regular_Season | https://github.com/LiTianYeoh/MLBB_Tournament_Analysis/blob/94ea36800e80c9e89a2356a0b81d3eeafbd6a4f7/analysis/data/consolidated_game_data_20240505.csv
9,S9-RS-003,1,Alter Ego,pick,3,Sun,https://liquipedia.net/mobilelegends/MPL/Indonesia/Season_9/Regular_Season | https://github.com/LiTianYeoh/MLBB_Tournament_Analysis/blob/94ea36800e80c9e89a2356a0b81d3eeafbd6a4f7/analysis/data/consolidated_game_data_20240505.csv
9,S9-RS-003,1,Alter Ego,pick,4,Edith,https://liquipedia.net/mobilelegends/MPL/Indonesia/Season_9/Regular_Season | https://github.com/LiTianYeoh/MLBB_Tournament_Analysis/blob/94ea36800e80c9e89a2356a0b81d3eeafbd6a4f7/analysis/data/consolidated_game_data_20240505.csv
9,S9-RS-003,1,Alter Ego,pick,5,Popol and Kupa,https://liquipedia.net/mobilelegends/MPL/Indonesia/Season_9/Regular_Season | https://github.com/LiTianYeoh/MLBB_Tournament_Analysis/blob/94ea36800e80c9e89a2356a0b81d3eeafbd6a4f7/analysis/data/consolidated_game_data_20240505.csv
9,S9-RS-003,1,Geek Fam ID,ban,1,Phoveus,https://liquipedia.net/mobilelegends/MPL/Indonesia/Season_9/Regular_Season | https://github.com/LiTianYeoh/MLBB_Tournament_Analysis/blob/94ea36800e80c9e89a2356a0b81d3eeafbd6a4f7/analysis/data/consolidated_game_data_20240505.csv
9,S9-RS-003,1,Geek Fam ID,ban,2,Yu Zhong,https://liquipedia.net/mobilelegends/MPL/Indonesia/Season_9/Regular_Season | https://github.com/LiTianYeoh/MLBB_Tournament_Analysis/blob/94ea36800e80c9e89a2356a0b81d3eeafbd6a4f7/analysis/data/consolidated_game_data_20240505.csv
9,S9-RS-003,1,Geek Fam ID,ban,3,Natalia,https://liquipedia.net/mobilelegends/MPL/Indonesia/Season_9/Regular_Season | https://github.com/LiTianYeoh/MLBB_Tournament_Analysis/blob/94ea36800e80c9e89a2356a0b81d3eeafbd6a4f7/analysis/data/consolidated_game_data_20240505.csv
9,S9-RS-003,1,Geek Fam ID,ban,4,Paquito,https://liquipedia.net/mobilelegends/MPL/Indonesia/Season_9/Regular_Season | https://github.com/LiTianYeoh/MLBB_Tournament_Analysis/blob/94ea36800e80c9e89a2356a0b81d3eeafbd6a4f7/analysis/data/consolidated_game_data_20240505.csv
9,S9-RS-003,1,Geek Fam ID,ban,5,Mathilda,https://liquipedia.net/mobilelegends/MPL/Indonesia/Season_9/Regular_Season | https://github.com/LiTianYeoh/MLBB_Tournament_Analysis/blob/94ea36800e80c9e89a2356a0b81d3eeafbd6a4f7/analysis/data/consolidated_game_data_20240505.csv
9,S9-RS-003,1,Geek Fam ID,pick,1,Clint,https://liquipedia.net/mobilelegends/MPL/Indonesia/Season_9/Regular_Season | https://github.com/LiTianYeoh/MLBB_Tournament_Analysis/blob/94ea36800e80c9e89a2356a0b81d3eeafbd6a4f7/analysis/data/consolidated_game_data_20240505.csv
9,S9-RS-003,1,Geek Fam ID,pick,2,Kagura,https://liquipedia.net/mobilelegends/MPL/Indonesia/Season_9/Regular_Season | https://github.com/LiTianYeoh/MLBB_Tournament_Analysis/blob/94ea36800e80c9e89a2356a0b81d3eeafbd6a4f7/analysis/data/consolidated_game_data_20240505.csv
9,S9-RS-003,1,Geek Fam ID,pick,3,Ruby,https://liquipedia.net/mobilelegends/MPL/Indonesia/Season_9/Regular_Season | https://github.com/LiTianYeoh/MLBB_Tournament_Analysis/blob/94ea36800e80c9e89a2356a0b81d3eeafbd6a4f7/analysis/data/consolidated_game_data_20240505.csv
9,S9-RS-003,1,Geek Fam ID,pick,4,Hayabusa,https://liquipedia.net/mobilelegends/MPL/Indonesia/Season_9/Regular_Season | https://github.com/LiTianYeoh/MLBB_Tournament_Analysis/blob/94ea36800e80c9e89a2356a0b81d3eeafbd6a4f7/analysis/data/consolidated_game_data_20240505.csv
9,S9-RS-003,1,Geek Fam ID,pick,5,Selena,https://liquipedia.net/mobilelegends/MPL/Indonesia/Season_9/Regular_Season | https://github.com/LiTianYeoh/MLBB_Tournament_Analysis/blob/94ea36800e80c9e89a2356a0b81d3eeafbd6a4f7/analysis/data/consolidated_game_data_20240505.csv
9,S9-RS-003,2,Alter Ego,ban,1,Cecilion,https://liquipedia.net/mobilelegends/MPL/Indonesia/Season_9/Regular_Season | https://github.com/LiTianYeoh/MLBB_Tournament_Analysis/blob/94ea36800e80c9e89a2356a0b81d3eeafbd6a4f7/analysis/data/consolidated_game_data_20240505.csv
9,S9-RS-003,2,Alter Ego,ban,2,Fanny,https://liquipedia.net/mobilelegends/MPL/Indonesia/Season_9/Regular_Season | https://github.com/LiTianYeoh/MLBB_Tournament_Analysis/blob/94ea36800e80c9e89a2356a0b81d3eeafbd6a4f7/analysis/data/consolidated_game_data_20240505.csv
9,S9-RS-003,2,Alter Ego,ban,3,Esmeralda,https://liquipedia.net/mobilelegends/MPL/Indonesia/Season_9/Regular_Season | https://github.com/LiTianYeoh/MLBB_Tournament_Analysis/blob/94ea36800e80c9e89a2356a0b81d3eeafbd6a4f7/analysis/data/consolidated_game_data_20240505.csv
9,S9-RS-003,2,Alter Ego,ban,4,Hylos,https://liquipedia.net/mobilelegends/MPL/Indonesia/Season_9/Regular_Season | https://github.com/LiTianYeoh/MLBB_Tournament_Analysis/blob/94ea36800e80c9e89a2356a0b81d3eeafbd6a4f7/analysis/data/consolidated_game_data_20240505.csv
9,S9-RS-003,2,Alter Ego,ban,5,Uranus,https://liquipedia.net/mobilelegends/MPL/Indonesia/Season_9/Regular_Season | https://github.com/LiTianYeoh/MLBB_Tournament_Analysis/blob/94ea36800e80c9e89a2356a0b81d3eeafbd6a4f7/analysis/data/consolidated_game_data_20240505.csv
9,S9-RS-003,2,Alter Ego,pick,1,Phoveus,https://liquipedia.net/mobilelegends/MPL/Indonesia/Season_9/Regular_Season | https://github.com/LiTianYeoh/MLBB_Tournament_Analysis/blob/94ea36800e80c9e89a2356a0b81d3eeafbd6a4f7/analysis/data/consolidated_game_data_20240505.csv
9,S9-RS-003,2,Alter Ego,pick,2,Chou,https://liquipedia.net/mobilelegends/MPL/Indonesia/Season_9/Regular_Season | https://github.com/LiTianYeoh/MLBB_Tournament_Analysis/blob/94ea36800e80c9e89a2356a0b81d3eeafbd6a4f7/analysis/data/consolidated_game_data_20240505.csv
9,S9-RS-003,2,Alter Ego,pick,3,Mathilda,https://liquipedia.net/mobilelegends/MPL/Indonesia/Season_9/Regular_Season | https://github.com/LiTianYeoh/MLBB_Tournament_Analysis/blob/94ea36800e80c9e89a2356a0b81d3eeafbd6a4f7/analysis/data/consolidated_game_data_20240505.csv
9,S9-RS-003,2,Alter Ego,pick,4,Sun,https://liquipedia.net/mobilelegends/MPL/Indonesia/Season_9/Regular_Season | https://github.com/LiTianYeoh/MLBB_Tournament_Analysis/blob/94ea36800e80c9e89a2356a0b81d3eeafbd6a4f7/analysis/data/consolidated_game_data_20240505.csv
9,S9-RS-003,2,Alter Ego,pick,5,Yu Zhong,https://liquipedia.net/mobilelegends/MPL/Indonesia/Season_9/Regular_Season | https://github.com/LiTianYeoh/MLBB_Tournament_Analysis/blob/94ea36800e80c9e89a2356a0b81d3eeafbd6a4f7/analysis/data/consolidated_game_data_20240505.csv
9,S9-RS-003,2,Geek Fam ID,ban,1,Beatrix,https://liquipedia.net/mobilelegends/MPL/Indonesia/Season_9/Regular_Season | https://github.com/LiTianYeoh/MLBB_Tournament_Analysis/blob/94ea36800e80c9e89a2356a0b81d3eeafbd6a4f7/analysis/data/consolidated_game_data_20240505.csv
9,S9-RS-003,2,Geek Fam ID,ban,2,Aulus,https://liquipedia.net/mobilelegends/MPL/Indonesia/Season_9/Regular_Season | https://github.com/LiTianYeoh/MLBB_Tournament_Analysis/blob/94ea36800e80c9e89a2356a0b81d3eeafbd6a4f7/analysis/data/consolidated_game_data_20240505.csv
9,S9-RS-003,2,Geek Fam ID,ban,3,Selena,https://liquipedia.net/mobilelegends/MPL/Indonesia/Season_9/Regular_Season | https://github.com/LiTianYeoh/MLBB_Tournament_Analysis/blob/94ea36800e80c9e89a2356a0b81d3eeafbd6a4f7/analysis/data/consolidated_game_data_20240505.csv
9,S9-RS-003,2,Geek Fam ID,ban,4,Valentina,https://liquipedia.net/mobilelegends/MPL/Indonesia/Season_9/Regular_Season | https://github.com/LiTianYeoh/MLBB_Tournament_Analysis/blob/94ea36800e80c9e89a2356a0b81d3eeafbd6a4f7/analysis/data/consolidated_game_data_20240505.csv
9,S9-RS-003,2,Geek Fam ID,ban,5,Gloo,https://liquipedia.net/mobilelegends/MPL/Indonesia/Season_9/Regular_Season | https://github.com/LiTianYeoh/MLBB_Tournament_Analysis/blob/94ea36800e80c9e89a2356a0b81d3eeafbd6a4f7/analysis/data/consolidated_game_data_20240505.csv
9,S9-RS-003,2,Geek Fam ID,pick,1,Barats,https://liquipedia.net/mobilelegends/MPL/Indonesia/Season_9/Regular_Season | https://github.com/LiTianYeoh/MLBB_Tournament_Analysis/blob/94ea36800e80c9e89a2356a0b81d3eeafbd6a4f7/analysis/data/consolidated_game_data_20240505.csv
9,S9-RS-003,2,Geek Fam ID,pick,2,Granger,https://liquipedia.net/mobilelegends/MPL/Indonesia/Season_9/Regular_Season | https://github.com/LiTianYeoh/MLBB_Tournament_Analysis/blob/94ea36800e80c9e89a2356a0b81d3eeafbd6a4f7/analysis/data/consolidated_game_data_20240505.csv
9,S9-RS-003,2,Geek Fam ID,pick,3,Clint,https://liquipedia.net/mobilelegends/MPL/Indonesia/Season_9/Regular_Season | https://github.com/LiTianYeoh/MLBB_Tournament_Analysis/blob/94ea36800e80c9e89a2356a0b81d3eeafbd6a4f7/analysis/data/consolidated_game_data_20240505.csv
9,S9-RS-003,2,Geek Fam ID,pick,4,Edith,https://liquipedia.net/mobilelegends/MPL/Indonesia/Season_9/Regular_Season | https://github.com/LiTianYeoh/MLBB_Tournament_Analysis/blob/94ea36800e80c9e89a2356a0b81d3eeafbd6a4f7/analysis/data/consolidated_game_data_20240505.csv
9,S9-RS-003,2,Geek Fam ID,pick,5,Lylia,https://liquipedia.net/mobilelegends/MPL/Indonesia/Season_9/Regular_Season | https://github.com/LiTianYeoh/MLBB_Tournament_Analysis/blob/94ea36800e80c9e89a2356a0b81d3eeafbd6a4f7/analysis/data/consolidated_game_data_20240505.csv
9,S9-RS-004,1,ONIC Esports,ban,1,Valentina,https://liquipedia.net/mobilelegends/MPL/Indonesia/Season_9/Regular_Season | https://github.com/LiTianYeoh/MLBB_Tournament_Analysis/blob/94ea36800e80c9e89a2356a0b81d3eeafbd6a4f7/analysis/data/consolidated_game_data_20240505.csv
9,S9-RS-004,1,ONIC Esports,ban,2,Gloo,https://liquipedia.net/mobilelegends/MPL/Indonesia/Season_9/Regular_Season | https://github.com/LiTianYeoh/MLBB_Tournament_Analysis/blob/94ea36800e80c9e89a2356a0b81d3eeafbd6a4f7/analysis/data/consolidated_game_data_20240505.csv
9,S9-RS-004,1,ONIC Esports,ban,3,Selena,https://liquipedia.net/mobilelegends/MPL/Indonesia/Season_9/Regular_Season | https://github.com/LiTianYeoh/MLBB_Tournament_Analysis/blob/94ea36800e80c9e89a2356a0b81d3eeafbd6a4f7/analysis/data/consolidated_game_data_20240505.csv
9,S9-RS-004,1,ONIC Esports,ban,4,Esmeralda,https://liquipedia.net/mobilelegends/MPL/Indonesia/Season_9/Regular_Season | https://github.com/LiTianYeoh/MLBB_Tournament_Analysis/blob/94ea36800e80c9e89a2356a0b81d3eeafbd6a4f7/analysis/data/consolidated_game_data_20240505.csv
9,S9-RS-004,1,ONIC Esports,ban,5,Ruby,https://liquipedia.net/mobilelegends/MPL/Indonesia/Season_9/Regular_Season | https://github.com/LiTianYeoh/MLBB_Tournament_Analysis/blob/94ea36800e80c9e89a2356a0b81d3eeafbd6a4f7/analysis/data/consolidated_game_data_20240505.csv
9,S9-RS-004,1,ONIC Esports,pick,1,Khufra,https://liquipedia.net/mobilelegends/MPL/Indonesia/Season_9/Regular_Season | https://github.com/LiTianYeoh/MLBB_Tournament_Analysis/blob/94ea36800e80c9e89a2356a0b81d3eeafbd6a4f7/analysis/data/consolidated_game_data_20240505.csv
9,S9-RS-004,1,ONIC Esports,pick,2,Lancelot,https://liquipedia.net/mobilelegends/MPL/Indonesia/Season_9/Regular_Season | https://github.com/LiTianYeoh/MLBB_Tournament_Analysis/blob/94ea36800e80c9e89a2356a0b81d3eeafbd6a4f7/analysis/data/consolidated_game_data_20240505.csv
9,S9-RS-004,1,ONIC Esports,pick,3,Lylia,https://liquipedia.net/mobilelegends/MPL/Indonesia/Season_9/Regular_Season | https://github.com/LiTianYeoh/MLBB_Tournament_Analysis/blob/94ea36800e80c9e89a2356a0b81d3eeafbd6a4f7/analysis/data/consolidated_game_data_20240505.csv
9,S9-RS-004,1,ONIC Esports,pick,4,Natalia,https://liquipedia.net/mobilelegends/MPL/Indonesia/Season_9/Regular_Season | https://github.com/LiTianYeoh/MLBB_Tournament_Analysis/blob/94ea36800e80c9e89a2356a0b81d3eeafbd6a4f7/analysis/data/consolidated_game_data_20240505.csv
9,S9-RS-004,1,ONIC Esports,pick,5,Karrie,https://liquipedia.net/mobilelegends/MPL/Indonesia/Season_9/Regular_Season | https://github.com/LiTianYeoh/MLBB_Tournament_Analysis/blob/94ea36800e80c9e89a2356a0b81d3eeafbd6a4f7/analysis/data/consolidated_game_data_20240505.csv
9,S9-RS-004,1,Rebellion Zion,ban,1,Brody,https://liquipedia.net/mobilelegends/MPL/Indonesia/Season_9/Regular_Season | https://github.com/LiTianYeoh/MLBB_Tournament_Analysis/blob/94ea36800e80c9e89a2356a0b81d3eeafbd6a4f7/analysis/data/consolidated_game_data_20240505.csv
9,S9-RS-004,1,Rebellion Zion,ban,2,Phoveus,https://liquipedia.net/mobilelegends/MPL/Indonesia/Season_9/Regular_Season | https://github.com/LiTianYeoh/MLBB_Tournament_Analysis/blob/94ea36800e80c9e89a2356a0b81d3eeafbd6a4f7/analysis/data/consolidated_game_data_20240505.csv
9,S9-RS-004,1,Rebellion Zion,ban,3,Vale,https://liquipedia.net/mobilelegends/MPL/Indonesia/Season_9/Regular_Season | https://github.com/LiTianYeoh/MLBB_Tournament_Analysis/blob/94ea36800e80c9e89a2356a0b81d3eeafbd6a4f7/analysis/data/consolidated_game_data_20240505.csv
9,S9-RS-004,1,Rebellion Zion,ban,4,Mathilda,https://liquipedia.net/mobilelegends/MPL/Indonesia/Season_9/Regular_Season | https://github.com/LiTianYeoh/MLBB_Tournament_Analysis/blob/94ea36800e80c9e89a2356a0b81d3eeafbd6a4f7/analysis/data/consolidated_game_data_20240505.csv
9,S9-RS-004,1,Rebellion Zion,ban,5,Chou,https://liquipedia.net/mobilelegends/MPL/Indonesia/Season_9/Regular_Season | https://github.com/LiTianYeoh/MLBB_Tournament_Analysis/blob/94ea36800e80c9e89a2356a0b81d3eeafbd6a4f7/analysis/data/consolidated_game_data_20240505.csv
9,S9-RS-004,1,Rebellion Zion,pick,1,Paquito,https://liquipedia.net/mobilelegends/MPL/Indonesia/Season_9/Regular_Season | https://github.com/LiTianYeoh/MLBB_Tournament_Analysis/blob/94ea36800e80c9e89a2356a0b81d3eeafbd6a4f7/analysis/data/consolidated_game_data_20240505.csv
9,S9-RS-004,1,Rebellion Zion,pick,2,Aldous,https://liquipedia.net/mobilelegends/MPL/Indonesia/Season_9/Regular_Season | https://github.com/LiTianYeoh/MLBB_Tournament_Analysis/blob/94ea36800e80c9e89a2356a0b81d3eeafbd6a4f7/analysis/data/consolidated_game_data_20240505.csv
9,S9-RS-004,1,Rebellion Zion,pick,3,Ling,https://liquipedia.net/mobilelegends/MPL/Indonesia/Season_9/Regular_Season | https://github.com/LiTianYeoh/MLBB_Tournament_Analysis/blob/94ea36800e80c9e89a2356a0b81d3eeafbd6a4f7/analysis/data/consolidated_game_data_20240505.csv
9,S9-RS-004,1,Rebellion Zion,pick,4,Angela,https://liquipedia.net/mobilelegends/MPL/Indonesia/Season_9/Regular_Season | https://github.com/LiTianYeoh/MLBB_Tournament_Analysis/blob/94ea36800e80c9e89a2356a0b81d3eeafbd6a4f7/analysis/data/consolidated_game_data_20240505.csv
9,S9-RS-004,1,Rebellion Zion,pick,5,Yve,https://liquipedia.net/mobilelegends/MPL/Indonesia/Season_9/Regular_Season | https://github.com/LiTianYeoh/MLBB_Tournament_Analysis/blob/94ea36800e80c9e89a2356a0b81d3eeafbd6a4f7/analysis/data/consolidated_game_data_20240505.csv
9,S9-RS-004,2,ONIC Esports,ban,1,Mathilda,https://liquipedia.net/mobilelegends/MPL/Indonesia/Season_9/Regular_Season | https://github.com/LiTianYeoh/MLBB_Tournament_Analysis/blob/94ea36800e80c9e89a2356a0b81d3eeafbd6a4f7/analysis/data/consolidated_game_data_20240505.csv
9,S9-RS-004,2,ONIC Esports,ban,2,Phoveus,https://liquipedia.net/mobilelegends/MPL/Indonesia/Season_9/Regular_Season | https://github.com/LiTianYeoh/MLBB_Tournament_Analysis/blob/94ea36800e80c9e89a2356a0b81d3eeafbd6a4f7/analysis/data/consolidated_game_data_20240505.csv
9,S9-RS-004,2,ONIC Esports,ban,3,Selena,https://liquipedia.net/mobilelegends/MPL/Indonesia/Season_9/Regular_Season | https://github.com/LiTianYeoh/MLBB_Tournament_Analysis/blob/94ea36800e80c9e89a2356a0b81d3eeafbd6a4f7/analysis/data/consolidated_game_data_20240505.csv
9,S9-RS-004,2,ONIC Esports,ban,4,Aldous,https://liquipedia.net/mobilelegends/MPL/Indonesia/Season_9/Regular_Season | https://github.com/LiTianYeoh/MLBB_Tournament_Analysis/blob/94ea36800e80c9e89a2356a0b81d3eeafbd6a4f7/analysis/data/consolidated_game_data_20240505.csv
9,S9-RS-004,2,ONIC Esports,ban,5,Brody,https://liquipedia.net/mobilelegends/MPL/Indonesia/Season_9/Regular_Season | https://github.com/LiTianYeoh/MLBB_Tournament_Analysis/blob/94ea36800e80c9e89a2356a0b81d3eeafbd6a4f7/analysis/data/consolidated_game_data_20240505.csv
9,S9-RS-004,2,ONIC Esports,pick,1,Lancelot,https://liquipedia.net/mobilelegends/MPL/Indonesia/Season_9/Regular_Season | https://github.com/LiTianYeoh/MLBB_Tournament_Analysis/blob/94ea36800e80c9e89a2356a0b81d3eeafbd6a4f7/analysis/data/consolidated_game_data_20240505.csv
9,S9-RS-004,2,ONIC Esports,pick,2,Vale,https://liquipedia.net/mobilelegends/MPL/Indonesia/Season_9/Regular_Season | https://github.com/LiTianYeoh/MLBB_Tournament_Analysis/blob/94ea36800e80c9e89a2356a0b81d3eeafbd6a4f7/analysis/data/consolidated_game_data_20240505.csv
9,S9-RS-004,2,ONIC Esports,pick,3,Chou,https://liquipedia.net/mobilelegends/MPL/Indonesia/Season_9/Regular_Season | https://github.com/LiTianYeoh/MLBB_Tournament_Analysis/blob/94ea36800e80c9e89a2356a0b81d3eeafbd6a4f7/analysis/data/consolidated_game_data_20240505.csv
9,S9-RS-004,2,ONIC Esports,pick,4,Khaleed,https://liquipedia.net/mobilelegends/MPL/Indonesia/Season_9/Regular_Season | https://github.com/LiTianYeoh/MLBB_Tournament_Analysis/blob/94ea36800e80c9e89a2356a0b81d3eeafbd6a4f7/analysis/data/consolidated_game_data_20240505.csv
9,S9-RS-004,2,ONIC Esports,pick,5,Beatrix,https://liquipedia.net/mobilelegends/MPL/Indonesia/Season_9/Regular_Season | https://github.com/LiTianYeoh/MLBB_Tournament_Analysis/blob/94ea36800e80c9e89a2356a0b81d3eeafbd6a4f7/analysis/data/consolidated_game_data_20240505.csv
9,S9-RS-004,2,Rebellion Zion,ban,1,Uranus,https://liquipedia.net/mobilelegends/MPL/Indonesia/Season_9/Regular_Season | https://github.com/LiTianYeoh/MLBB_Tournament_Analysis/blob/94ea36800e80c9e89a2356a0b81d3eeafbd6a4f7/analysis/data/consolidated_game_data_20240505.csv
9,S9-RS-004,2,Rebellion Zion,ban,2,Ruby,https://liquipedia.net/mobilelegends/MPL/Indonesia/Season_9/Regular_Season | https://github.com/LiTianYeoh/MLBB_Tournament_Analysis/blob/94ea36800e80c9e89a2356a0b81d3eeafbd6a4f7/analysis/data/consolidated_game_data_20240505.csv
9,S9-RS-004,2,Rebellion Zion,ban,3,Yu Zhong,https://liquipedia.net/mobilelegends/MPL/Indonesia/Season_9/Regular_Season | https://github.com/LiTianYeoh/MLBB_Tournament_Analysis/blob/94ea36800e80c9e89a2356a0b81d3eeafbd6a4f7/analysis/data/consolidated_game_data_20240505.csv
9,S9-RS-004,2,Rebellion Zion,ban,4,Natalia,https://liquipedia.net/mobilelegends/MPL/Indonesia/Season_9/Regular_Season | https://github.com/LiTianYeoh/MLBB_Tournament_Analysis/blob/94ea36800e80c9e89a2356a0b81d3eeafbd6a4f7/analysis/data/consolidated_game_data_20240505.csv
9,S9-RS-004,2,Rebellion Zion,ban,5,Valentina,https://liquipedia.net/mobilelegends/MPL/Indonesia/Season_9/Regular_Season | https://github.com/LiTianYeoh/MLBB_Tournament_Analysis/blob/94ea36800e80c9e89a2356a0b81d3eeafbd6a4f7/analysis/data/consolidated_game_data_20240505.csv
9,S9-RS-004,2,Rebellion Zion,pick,1,Estes,https://liquipedia.net/mobilelegends/MPL/Indonesia/Season_9/Regular_Season | https://github.com/LiTianYeoh/MLBB_Tournament_Analysis/blob/94ea36800e80c9e89a2356a0b81d3eeafbd6a4f7/analysis/data/consolidated_game_data_20240505.csv
9,S9-RS-004,2,Rebellion Zion,pick,2,Cecilion,https://liquipedia.net/mobilelegends/MPL/Indonesia/Season_9/Regular_Season | https://github.com/LiTianYeoh/MLBB_Tournament_Analysis/blob/94ea36800e80c9e89a2356a0b81d3eeafbd6a4f7/analysis/data/consolidated_game_data_20240505.csv
9,S9-RS-004,2,Rebellion Zion,pick,3,Hayabusa,https://liquipedia.net/mobilelegends/MPL/Indonesia/Season_9/Regular_Season | https://github.com/LiTianYeoh/MLBB_Tournament_Analysis/blob/94ea36800e80c9e89a2356a0b81d3eeafbd6a4f7/analysis/data/consolidated_game_data_20240505.csv
9,S9-RS-004,2,Rebellion Zion,pick,4,Yve,https://liquipedia.net/mobilelegends/MPL/Indonesia/Season_9/Regular_Season | https://github.com/LiTianYeoh/MLBB_Tournament_Analysis/blob/94ea36800e80c9e89a2356a0b81d3eeafbd6a4f7/analysis/data/consolidated_game_data_20240505.csv
9,S9-RS-004,2,Rebellion Zion,pick,5,Gloo,https://liquipedia.net/mobilelegends/MPL/Indonesia/Season_9/Regular_Season | https://github.com/LiTianYeoh/MLBB_Tournament_Analysis/blob/94ea36800e80c9e89a2356a0b81d3eeafbd6a4f7/analysis/data/consolidated_game_data_20240505.csv
9,S9-RS-005,1,Bigetron Alpha,ban,1,Lancelot,https://liquipedia.net/mobilelegends/MPL/Indonesia/Season_9/Regular_Season | https://github.com/LiTianYeoh/MLBB_Tournament_Analysis/blob/94ea36800e80c9e89a2356a0b81d3eeafbd6a4f7/analysis/data/consolidated_game_data_20240505.csv
9,S9-RS-005,1,Bigetron Alpha,ban,2,Hayabusa,https://liquipedia.net/mobilelegends/MPL/Indonesia/Season_9/Regular_Season | https://github.com/LiTianYeoh/MLBB_Tournament_Analysis/blob/94ea36800e80c9e89a2356a0b81d3eeafbd6a4f7/analysis/data/consolidated_game_data_20240505.csv
9,S9-RS-005,1,Bigetron Alpha,ban,3,Fanny,https://liquipedia.net/mobilelegends/MPL/Indonesia/Season_9/Regular_Season | https://github.com/LiTianYeoh/MLBB_Tournament_Analysis/blob/94ea36800e80c9e89a2356a0b81d3eeafbd6a4f7/analysis/data/consolidated_game_data_20240505.csv
9,S9-RS-005,1,Bigetron Alpha,ban,4,Ling,https://liquipedia.net/mobilelegends/MPL/Indonesia/Season_9/Regular_Season | https://github.com/LiTianYeoh/MLBB_Tournament_Analysis/blob/94ea36800e80c9e89a2356a0b81d3eeafbd6a4f7/analysis/data/consolidated_game_data_20240505.csv
9,S9-RS-005,1,Bigetron Alpha,ban,5,Yi Sun-Shin,https://liquipedia.net/mobilelegends/MPL/Indonesia/Season_9/Regular_Season | https://github.com/LiTianYeoh/MLBB_Tournament_Analysis/blob/94ea36800e80c9e89a2356a0b81d3eeafbd6a4f7/analysis/data/consolidated_game_data_20240505.csv
9,S9-RS-005,1,Bigetron Alpha,pick,1,Selena,https://liquipedia.net/mobilelegends/MPL/Indonesia/Season_9/Regular_Season | https://github.com/LiTianYeoh/MLBB_Tournament_Analysis/blob/94ea36800e80c9e89a2356a0b81d3eeafbd6a4f7/analysis/data/consolidated_game_data_20240505.csv
9,S9-RS-005,1,Bigetron Alpha,pick,2,Paquito,https://liquipedia.net/mobilelegends/MPL/Indonesia/Season_9/Regular_Season | https://github.com/LiTianYeoh/MLBB_Tournament_Analysis/blob/94ea36800e80c9e89a2356a0b81d3eeafbd6a4f7/analysis/data/consolidated_game_data_20240505.csv
9,S9-RS-005,1,Bigetron Alpha,pick,3,Mathilda,https://liquipedia.net/mobilelegends/MPL/Indonesia/Season_9/Regular_Season | https://github.com/LiTianYeoh/MLBB_Tournament_Analysis/blob/94ea36800e80c9e89a2356a0b81d3eeafbd6a4f7/analysis/data/consolidated_game_data_20240505.csv
9,S9-RS-005,1,Bigetron Alpha,pick,4,Granger,https://liquipedia.net/mobilelegends/MPL/Indonesia/Season_9/Regular_Season | https://github.com/LiTianYeoh/MLBB_Tournament_Analysis/blob/94ea36800e80c9e89a2356a0b81d3eeafbd6a4f7/analysis/data/consolidated_game_data_20240505.csv
9,S9-RS-005,1,Bigetron Alpha,pick,5,Yu Zhong,https://liquipedia.net/mobilelegends/MPL/Indonesia/Season_9/Regular_Season | https://github.com/LiTianYeoh/MLBB_Tournament_Analysis/blob/94ea36800e80c9e89a2356a0b81d3eeafbd6a4f7/analysis/data/consolidated_game_data_20240505.csv
9,S9-RS-005,1,EVOS Legends,ban,1,Kimmy,https://liquipedia.net/mobilelegends/MPL/Indonesia/Season_9/Regular_Season | https://github.com/LiTianYeoh/MLBB_Tournament_Analysis/blob/94ea36800e80c9e89a2356a0b81d3eeafbd6a4f7/analysis/data/consolidated_game_data_20240505.csv
9,S9-RS-005,1,EVOS Legends,ban,2,Esmeralda,https://liquipedia.net/mobilelegends/MPL/Indonesia/Season_9/Regular_Season | https://github.com/LiTianYeoh/MLBB_Tournament_Analysis/blob/94ea36800e80c9e89a2356a0b81d3eeafbd6a4f7/analysis/data/consolidated_game_data_20240505.csv
9,S9-RS-005,1,EVOS Legends,ban,3,Johnson,https://liquipedia.net/mobilelegends/MPL/Indonesia/Season_9/Regular_Season | https://github.com/LiTianYeoh/MLBB_Tournament_Analysis/blob/94ea36800e80c9e89a2356a0b81d3eeafbd6a4f7/analysis/data/consolidated_game_data_20240505.csv
9,S9-RS-005,1,EVOS Legends,ban,4,Gloo,https://liquipedia.net/mobilelegends/MPL/Indonesia/Season_9/Regular_Season | https://github.com/LiTianYeoh/MLBB_Tournament_Analysis/blob/94ea36800e80c9e89a2356a0b81d3eeafbd6a4f7/analysis/data/consolidated_game_data_20240505.csv
9,S9-RS-005,1,EVOS Legends,ban,5,Valentina,https://liquipedia.net/mobilelegends/MPL/Indonesia/Season_9/Regular_Season | https://github.com/LiTianYeoh/MLBB_Tournament_Analysis/blob/94ea36800e80c9e89a2356a0b81d3eeafbd6a4f7/analysis/data/consolidated_game_data_20240505.csv
9,S9-RS-005,1,EVOS Legends,pick,1,Khufra,https://liquipedia.net/mobilelegends/MPL/Indonesia/Season_9/Regular_Season | https://github.com/LiTianYeoh/MLBB_Tournament_Analysis/blob/94ea36800e80c9e89a2356a0b81d3eeafbd6a4f7/analysis/data/consolidated_game_data_20240505.csv
9,S9-RS-005,1,EVOS Legends,pick,2,Aulus,https://liquipedia.net/mobilelegends/MPL/Indonesia/Season_9/Regular_Season | https://github.com/LiTianYeoh/MLBB_Tournament_Analysis/blob/94ea36800e80c9e89a2356a0b81d3eeafbd6a4f7/analysis/data/consolidated_game_data_20240505.csv
9,S9-RS-005,1,EVOS Legends,pick,3,Phoveus,https://liquipedia.net/mobilelegends/MPL/Indonesia/Season_9/Regular_Season | https://github.com/LiTianYeoh/MLBB_Tournament_Analysis/blob/94ea36800e80c9e89a2356a0b81d3eeafbd6a4f7/analysis/data/consolidated_game_data_20240505.csv
9,S9-RS-005,1,EVOS Legends,pick,4,Chou,https://liquipedia.net/mobilelegends/MPL/Indonesia/Season_9/Regular_Season | https://github.com/LiTianYeoh/MLBB_Tournament_Analysis/blob/94ea36800e80c9e89a2356a0b81d3eeafbd6a4f7/analysis/data/consolidated_game_data_20240505.csv
9,S9-RS-005,1,EVOS Legends,pick,5,Lylia,https://liquipedia.net/mobilelegends/MPL/Indonesia/Season_9/Regular_Season | https://github.com/LiTianYeoh/MLBB_Tournament_Analysis/blob/94ea36800e80c9e89a2356a0b81d3eeafbd6a4f7/analysis/data/consolidated_game_data_20240505.csv
9,S9-RS-005,2,Bigetron Alpha,ban,1,Lancelot,https://liquipedia.net/mobilelegends/MPL/Indonesia/Season_9/Regular_Season | https://github.com/LiTianYeoh/MLBB_Tournament_Analysis/blob/94ea36800e80c9e89a2356a0b81d3eeafbd6a4f7/analysis/data/consolidated_game_data_20240505.csv
9,S9-RS-005,2,Bigetron Alpha,ban,2,Hayabusa,https://liquipedia.net/mobilelegends/MPL/Indonesia/Season_9/Regular_Season | https://github.com/LiTianYeoh/MLBB_Tournament_Analysis/blob/94ea36800e80c9e89a2356a0b81d3eeafbd6a4f7/analysis/data/consolidated_game_data_20240505.csv
9,S9-RS-005,2,Bigetron Alpha,ban,3,Fanny,https://liquipedia.net/mobilelegends/MPL/Indonesia/Season_9/Regular_Season | https://github.com/LiTianYeoh/MLBB_Tournament_Analysis/blob/94ea36800e80c9e89a2356a0b81d3eeafbd6a4f7/analysis/data/consolidated_game_data_20240505.csv
9,S9-RS-005,2,Bigetron Alpha,ban,4,Aulus,https://liquipedia.net/mobilelegends/MPL/Indonesia/Season_9/Regular_Season | https://github.com/LiTianYeoh/MLBB_Tournament_Analysis/blob/94ea36800e80c9e89a2356a0b81d3eeafbd6a4f7/analysis/data/consolidated_game_data_20240505.csv
9,S9-RS-005,2,Bigetron Alpha,ban,5,Yi Sun-Shin,https://liquipedia.net/mobilelegends/MPL/Indonesia/Season_9/Regular_Season | https://github.com/LiTianYeoh/MLBB_Tournament_Analysis/blob/94ea36800e80c9e89a2356a0b81d3eeafbd6a4f7/analysis/data/consolidated_game_data_20240505.csv
9,S9-RS-005,2,Bigetron Alpha,pick,1,Chou,https://liquipedia.net/mobilelegends/MPL/Indonesia/Season_9/Regular_Season | https://github.com/LiTianYeoh/MLBB_Tournament_Analysis/blob/94ea36800e80c9e89a2356a0b81d3eeafbd6a4f7/analysis/data/consolidated_game_data_20240505.csv
9,S9-RS-005,2,Bigetron Alpha,pick,2,Paquito,https://liquipedia.net/mobilelegends/MPL/Indonesia/Season_9/Regular_Season | https://github.com/LiTianYeoh/MLBB_Tournament_Analysis/blob/94ea36800e80c9e89a2356a0b81d3eeafbd6a4f7/analysis/data/consolidated_game_data_20240505.csv
9,S9-RS-005,2,Bigetron Alpha,pick,3,Cecilion,https://liquipedia.net/mobilelegends/MPL/Indonesia/Season_9/Regular_Season | https://github.com/LiTianYeoh/MLBB_Tournament_Analysis/blob/94ea36800e80c9e89a2356a0b81d3eeafbd6a4f7/analysis/data/consolidated_game_data_20240505.csv
9,S9-RS-005,2,Bigetron Alpha,pick,4,Khufra,https://liquipedia.net/mobilelegends/MPL/Indonesia/Season_9/Regular_Season | https://github.com/LiTianYeoh/MLBB_Tournament_Analysis/blob/94ea36800e80c9e89a2356a0b81d3eeafbd6a4f7/analysis/data/consolidated_game_data_20240505.csv
9,S9-RS-005,2,Bigetron Alpha,pick,5,Brody,https://liquipedia.net/mobilelegends/MPL/Indonesia/Season_9/Regular_Season | https://github.com/LiTianYeoh/MLBB_Tournament_Analysis/blob/94ea36800e80c9e89a2356a0b81d3eeafbd6a4f7/analysis/data/consolidated_game_data_20240505.csv
9,S9-RS-005,2,EVOS Legends,ban,1,Esmeralda,https://liquipedia.net/mobilelegends/MPL/Indonesia/Season_9/Regular_Season | https://github.com/LiTianYeoh/MLBB_Tournament_Analysis/blob/94ea36800e80c9e89a2356a0b81d3eeafbd6a4f7/analysis/data/consolidated_game_data_20240505.csv
9,S9-RS-005,2,EVOS Legends,ban,2,Uranus,https://liquipedia.net/mobilelegends/MPL/Indonesia/Season_9/Regular_Season | https://github.com/LiTianYeoh/MLBB_Tournament_Analysis/blob/94ea36800e80c9e89a2356a0b81d3eeafbd6a4f7/analysis/data/consolidated_game_data_20240505.csv
9,S9-RS-005,2,EVOS Legends,ban,3,Gloo,https://liquipedia.net/mobilelegends/MPL/Indonesia/Season_9/Regular_Season | https://github.com/LiTianYeoh/MLBB_Tournament_Analysis/blob/94ea36800e80c9e89a2356a0b81d3eeafbd6a4f7/analysis/data/consolidated_game_data_20240505.csv
9,S9-RS-005,2,EVOS Legends,ban,4,Johnson,https://liquipedia.net/mobilelegends/MPL/Indonesia/Season_9/Regular_Season | https://github.com/LiTianYeoh/MLBB_Tournament_Analysis/blob/94ea36800e80c9e89a2356a0b81d3eeafbd6a4f7/analysis/data/consolidated_game_data_20240505.csv
9,S9-RS-005,2,EVOS Legends,ban,5,Valentina,https://liquipedia.net/mobilelegends/MPL/Indonesia/Season_9/Regular_Season | https://github.com/LiTianYeoh/MLBB_Tournament_Analysis/blob/94ea36800e80c9e89a2356a0b81d3eeafbd6a4f7/analysis/data/consolidated_game_data_20240505.csv
9,S9-RS-005,2,EVOS Legends,pick,1,Kimmy,https://liquipedia.net/mobilelegends/MPL/Indonesia/Season_9/Regular_Season | https://github.com/LiTianYeoh/MLBB_Tournament_Analysis/blob/94ea36800e80c9e89a2356a0b81d3eeafbd6a4f7/analysis/data/consolidated_game_data_20240505.csv
9,S9-RS-005,2,EVOS Legends,pick,2,Yu Zhong,https://liquipedia.net/mobilelegends/MPL/Indonesia/Season_9/Regular_Season | https://github.com/LiTianYeoh/MLBB_Tournament_Analysis/blob/94ea36800e80c9e89a2356a0b81d3eeafbd6a4f7/analysis/data/consolidated_game_data_20240505.csv
9,S9-RS-005,2,EVOS Legends,pick,3,Phoveus,https://liquipedia.net/mobilelegends/MPL/Indonesia/Season_9/Regular_Season | https://github.com/LiTianYeoh/MLBB_Tournament_Analysis/blob/94ea36800e80c9e89a2356a0b81d3eeafbd6a4f7/analysis/data/consolidated_game_data_20240505.csv
9,S9-RS-005,2,EVOS Legends,pick,4,Lylia,https://liquipedia.net/mobilelegends/MPL/Indonesia/Season_9/Regular_Season | https://github.com/LiTianYeoh/MLBB_Tournament_Analysis/blob/94ea36800e80c9e89a2356a0b81d3eeafbd6a4f7/analysis/data/consolidated_game_data_20240505.csv
9,S9-RS-005,2,EVOS Legends,pick,5,Mathilda,https://liquipedia.net/mobilelegends/MPL/Indonesia/Season_9/Regular_Season | https://github.com/LiTianYeoh/MLBB_Tournament_Analysis/blob/94ea36800e80c9e89a2356a0b81d3eeafbd6a4f7/analysis/data/consolidated_game_data_20240505.csv
9,S9-RS-005,3,Bigetron Alpha,ban,1,Lancelot,https://liquipedia.net/mobilelegends/MPL/Indonesia/Season_9/Regular_Season | https://github.com/LiTianYeoh/MLBB_Tournament_Analysis/blob/94ea36800e80c9e89a2356a0b81d3eeafbd6a4f7/analysis/data/consolidated_game_data_20240505.csv
9,S9-RS-005,3,Bigetron Alpha,ban,2,Fanny,https://liquipedia.net/mobilelegends/MPL/Indonesia/Season_9/Regular_Season | https://github.com/LiTianYeoh/MLBB_Tournament_Analysis/blob/94ea36800e80c9e89a2356a0b81d3eeafbd6a4f7/analysis/data/consolidated_game_data_20240505.csv
9,S9-RS-005,3,Bigetron Alpha,ban,3,Hayabusa,https://liquipedia.net/mobilelegends/MPL/Indonesia/Season_9/Regular_Season | https://github.com/LiTianYeoh/MLBB_Tournament_Analysis/blob/94ea36800e80c9e89a2356a0b81d3eeafbd6a4f7/analysis/data/consolidated_game_data_20240505.csv
9,S9-RS-005,3,Bigetron Alpha,ban,4,Mathilda,https://liquipedia.net/mobilelegends/MPL/Indonesia/Season_9/Regular_Season | https://github.com/LiTianYeoh/MLBB_Tournament_Analysis/blob/94ea36800e80c9e89a2356a0b81d3eeafbd6a4f7/analysis/data/consolidated_game_data_20240505.csv
9,S9-RS-005,3,Bigetron Alpha,ban,5,Wanwan,https://liquipedia.net/mobilelegends/MPL/Indonesia/Season_9/Regular_Season | https://github.com/LiTianYeoh/MLBB_Tournament_Analysis/blob/94ea36800e80c9e89a2356a0b81d3eeafbd6a4f7/analysis/data/consolidated_game_data_20240505.csv
9,S9-RS-005,3,Bigetron Alpha,pick,1,Chou,https://liquipedia.net/mobilelegends/MPL/Indonesia/Season_9/Regular_Season | https://github.com/LiTianYeoh/MLBB_Tournament_Analysis/blob/94ea36800e80c9e89a2356a0b81d3eeafbd6a4f7/analysis/data/consolidated_game_data_20240505.csv
9,S9-RS-005,3,Bigetron Alpha,pick,2,Khufra,https://liquipedia.net/mobilelegends/MPL/Indonesia/Season_9/Regular_Season | https://github.com/LiTianYeoh/MLBB_Tournament_Analysis/blob/94ea36800e80c9e89a2356a0b81d3eeafbd6a4f7/analysis/data/consolidated_game_data_20240505.csv
9,S9-RS-005,3,Bigetron Alpha,pick,3,Yve,https://liquipedia.net/mobilelegends/MPL/Indonesia/Season_9/Regular_Season | https://github.com/LiTianYeoh/MLBB_Tournament_Analysis/blob/94ea36800e80c9e89a2356a0b81d3eeafbd6a4f7/analysis/data/consolidated_game_data_20240505.csv
9,S9-RS-005,3,Bigetron Alpha,pick,4,Yi Sun-Shin,https://liquipedia.net/mobilelegends/MPL/Indonesia/Season_9/Regular_Season | https://github.com/LiTianYeoh/MLBB_Tournament_Analysis/blob/94ea36800e80c9e89a2356a0b81d3eeafbd6a4f7/analysis/data/consolidated_game_data_20240505.csv
9,S9-RS-005,3,Bigetron Alpha,pick,5,Aldous,https://liquipedia.net/mobilelegends/MPL/Indonesia/Season_9/Regular_Season | https://github.com/LiTianYeoh/MLBB_Tournament_Analysis/blob/94ea36800e80c9e89a2356a0b81d3eeafbd6a4f7/analysis/data/consolidated_game_data_20240505.csv
9,S9-RS-005,3,EVOS Legends,ban,1,Karina,https://liquipedia.net/mobilelegends/MPL/Indonesia/Season_9/Regular_Season | https://github.com/LiTianYeoh/MLBB_Tournament_Analysis/blob/94ea36800e80c9e89a2356a0b81d3eeafbd6a4f7/analysis/data/consolidated_game_data_20240505.csv
9,S9-RS-005,3,EVOS Legends,ban,2,Aulus,https://liquipedia.net/mobilelegends/MPL/Indonesia/Season_9/Regular_Season | https://github.com/LiTianYeoh/MLBB_Tournament_Analysis/blob/94ea36800e80c9e89a2356a0b81d3eeafbd6a4f7/analysis/data/consolidated_game_data_20240505.csv
9,S9-RS-005,3,EVOS Legends,ban,3,Gloo,https://liquipedia.net/mobilelegends/MPL/Indonesia/Season_9/Regular_Season | https://github.com/LiTianYeoh/MLBB_Tournament_Analysis/blob/94ea36800e80c9e89a2356a0b81d3eeafbd6a4f7/analysis/data/consolidated_game_data_20240505.csv
9,S9-RS-005,3,EVOS Legends,ban,4,Valentina,https://liquipedia.net/mobilelegends/MPL/Indonesia/Season_9/Regular_Season | https://github.com/LiTianYeoh/MLBB_Tournament_Analysis/blob/94ea36800e80c9e89a2356a0b81d3eeafbd6a4f7/analysis/data/consolidated_game_data_20240505.csv
9,S9-RS-005,3,EVOS Legends,ban,5,Johnson,https://liquipedia.net/mobilelegends/MPL/Indonesia/Season_9/Regular_Season | https://github.com/LiTianYeoh/MLBB_Tournament_Analysis/blob/94ea36800e80c9e89a2356a0b81d3eeafbd6a4f7/analysis/data/consolidated_game_data_20240505.csv
9,S9-RS-005,3,EVOS Legends,pick,1,Sun,https://liquipedia.net/mobilelegends/MPL/Indonesia/Season_9/Regular_Season | https://github.com/LiTianYeoh/MLBB_Tournament_Analysis/blob/94ea36800e80c9e89a2356a0b81d3eeafbd6a4f7/analysis/data/consolidated_game_data_20240505.csv
9,S9-RS-005,3,EVOS Legends,pick,2,Diggie,https://liquipedia.net/mobilelegends/MPL/Indonesia/Season_9/Regular_Season | https://github.com/LiTianYeoh/MLBB_Tournament_Analysis/blob/94ea36800e80c9e89a2356a0b81d3eeafbd6a4f7/analysis/data/consolidated_game_data_20240505.csv
9,S9-RS-005,3,EVOS Legends,pick,3,Yu Zhong,https://liquipedia.net/mobilelegends/MPL/Indonesia/Season_9/Regular_Season | https://github.com/LiTianYeoh/MLBB_Tournament_Analysis/blob/94ea36800e80c9e89a2356a0b81d3eeafbd6a4f7/analysis/data/consolidated_game_data_20240505.csv
9,S9-RS-005,3,EVOS Legends,pick,4,Cecilion,https://liquipedia.net/mobilelegends/MPL/Indonesia/Season_9/Regular_Season | https://github.com/LiTianYeoh/MLBB_Tournament_Analysis/blob/94ea36800e80c9e89a2356a0b81d3eeafbd6a4f7/analysis/data/consolidated_game_data_20240505.csv
9,S9-RS-005,3,EVOS Legends,pick,5,Paquito,https://liquipedia.net/mobilelegends/MPL/Indonesia/Season_9/Regular_Season | https://github.com/LiTianYeoh/MLBB_Tournament_Analysis/blob/94ea36800e80c9e89a2356a0b81d3eeafbd6a4f7/analysis/data/consolidated_game_data_20240505.csv
9,S9-RS-006,1,Alter Ego,ban,1,Valentina,https://liquipedia.net/mobilelegends/MPL/Indonesia/Season_9/Regular_Season | https://github.com/LiTianYeoh/MLBB_Tournament_Analysis/blob/94ea36800e80c9e89a2356a0b81d3eeafbd6a4f7/analysis/data/consolidated_game_data_20240505.csv
9,S9-RS-006,1,Alter Ego,ban,2,Gloo,https://liquipedia.net/mobilelegends/MPL/Indonesia/Season_9/Regular_Season | https://github.com/LiTianYeoh/MLBB_Tournament_Analysis/blob/94ea36800e80c9e89a2356a0b81d3eeafbd6a4f7/analysis/data/consolidated_game_data_20240505.csv
9,S9-RS-006,1,Alter Ego,ban,3,Cecilion,https://liquipedia.net/mobilelegends/MPL/Indonesia/Season_9/Regular_Season | https://github.com/LiTianYeoh/MLBB_Tournament_Analysis/blob/94ea36800e80c9e89a2356a0b81d3eeafbd6a4f7/analysis/data/consolidated_game_data_20240505.csv
9,S9-RS-006,1,Alter Ego,ban,4,Fanny,https://liquipedia.net/mobilelegends/MPL/Indonesia/Season_9/Regular_Season | https://github.com/LiTianYeoh/MLBB_Tournament_Analysis/blob/94ea36800e80c9e89a2356a0b81d3eeafbd6a4f7/analysis/data/consolidated_game_data_20240505.csv
9,S9-RS-006,1,Alter Ego,ban,5,Hayabusa,https://liquipedia.net/mobilelegends/MPL/Indonesia/Season_9/Regular_Season | https://github.com/LiTianYeoh/MLBB_Tournament_Analysis/blob/94ea36800e80c9e89a2356a0b81d3eeafbd6a4f7/analysis/data/consolidated_game_data_20240505.csv
9,S9-RS-006,1,Alter Ego,pick,1,Mathilda,https://liquipedia.net/mobilelegends/MPL/Indonesia/Season_9/Regular_Season | https://github.com/LiTianYeoh/MLBB_Tournament_Analysis/blob/94ea36800e80c9e89a2356a0b81d3eeafbd6a4f7/analysis/data/consolidated_game_data_20240505.csv
9,S9-RS-006,1,Alter Ego,pick,2,Chou,https://liquipedia.net/mobilelegends/MPL/Indonesia/Season_9/Regular_Season | https://github.com/LiTianYeoh/MLBB_Tournament_Analysis/blob/94ea36800e80c9e89a2356a0b81d3eeafbd6a4f7/analysis/data/consolidated_game_data_20240505.csv
9,S9-RS-006,1,Alter Ego,pick,3,Hylos,https://liquipedia.net/mobilelegends/MPL/Indonesia/Season_9/Regular_Season | https://github.com/LiTianYeoh/MLBB_Tournament_Analysis/blob/94ea36800e80c9e89a2356a0b81d3eeafbd6a4f7/analysis/data/consolidated_game_data_20240505.csv
9,S9-RS-006,1,Alter Ego,pick,4,Lylia,https://liquipedia.net/mobilelegends/MPL/Indonesia/Season_9/Regular_Season | https://github.com/LiTianYeoh/MLBB_Tournament_Analysis/blob/94ea36800e80c9e89a2356a0b81d3eeafbd6a4f7/analysis/data/consolidated_game_data_20240505.csv
9,S9-RS-006,1,Alter Ego,pick,5,Aulus,https://liquipedia.net/mobilelegends/MPL/Indonesia/Season_9/Regular_Season | https://github.com/LiTianYeoh/MLBB_Tournament_Analysis/blob/94ea36800e80c9e89a2356a0b81d3eeafbd6a4f7/analysis/data/consolidated_game_data_20240505.csv
9,S9-RS-006,1,RRQ Hoshi,ban,1,Edith,https://liquipedia.net/mobilelegends/MPL/Indonesia/Season_9/Regular_Season | https://github.com/LiTianYeoh/MLBB_Tournament_Analysis/blob/94ea36800e80c9e89a2356a0b81d3eeafbd6a4f7/analysis/data/consolidated_game_data_20240505.csv
9,S9-RS-006,1,RRQ Hoshi,ban,2,Barats,https://liquipedia.net/mobilelegends/MPL/Indonesia/Season_9/Regular_Season | https://github.com/LiTianYeoh/MLBB_Tournament_Analysis/blob/94ea36800e80c9e89a2356a0b81d3eeafbd6a4f7/analysis/data/consolidated_game_data_20240505.csv
9,S9-RS-006,1,RRQ Hoshi,ban,3,Yu Zhong,https://liquipedia.net/mobilelegends/MPL/Indonesia/Season_9/Regular_Season | https://github.com/LiTianYeoh/MLBB_Tournament_Analysis/blob/94ea36800e80c9e89a2356a0b81d3eeafbd6a4f7/analysis/data/consolidated_game_data_20240505.csv
9,S9-RS-006,1,RRQ Hoshi,ban,4,Sun,https://liquipedia.net/mobilelegends/MPL/Indonesia/Season_9/Regular_Season | https://github.com/LiTianYeoh/MLBB_Tournament_Analysis/blob/94ea36800e80c9e89a2356a0b81d3eeafbd6a4f7/analysis/data/consolidated_game_data_20240505.csv
9,S9-RS-006,1,RRQ Hoshi,ban,5,Phoveus,https://liquipedia.net/mobilelegends/MPL/Indonesia/Season_9/Regular_Season | https://github.com/LiTianYeoh/MLBB_Tournament_Analysis/blob/94ea36800e80c9e89a2356a0b81d3eeafbd6a4f7/analysis/data/consolidated_game_data_20240505.csv
9,S9-RS-006,1,RRQ Hoshi,pick,1,Beatrix,https://liquipedia.net/mobilelegends/MPL/Indonesia/Season_9/Regular_Season | https://github.com/LiTianYeoh/MLBB_Tournament_Analysis/blob/94ea36800e80c9e89a2356a0b81d3eeafbd6a4f7/analysis/data/consolidated_game_data_20240505.csv
9,S9-RS-006,1,RRQ Hoshi,pick,2,Yve,https://liquipedia.net/mobilelegends/MPL/Indonesia/Season_9/Regular_Season | https://github.com/LiTianYeoh/MLBB_Tournament_Analysis/blob/94ea36800e80c9e89a2356a0b81d3eeafbd6a4f7/analysis/data/consolidated_game_data_20240505.csv
9,S9-RS-006,1,RRQ Hoshi,pick,3,Paquito,https://liquipedia.net/mobilelegends/MPL/Indonesia/Season_9/Regular_Season | https://github.com/LiTianYeoh/MLBB_Tournament_Analysis/blob/94ea36800e80c9e89a2356a0b81d3eeafbd6a4f7/analysis/data/consolidated_game_data_20240505.csv
9,S9-RS-006,1,RRQ Hoshi,pick,4,Selena,https://liquipedia.net/mobilelegends/MPL/Indonesia/Season_9/Regular_Season | https://github.com/LiTianYeoh/MLBB_Tournament_Analysis/blob/94ea36800e80c9e89a2356a0b81d3eeafbd6a4f7/analysis/data/consolidated_game_data_20240505.csv
9,S9-RS-006,1,RRQ Hoshi,pick,5,Esmeralda,https://liquipedia.net/mobilelegends/MPL/Indonesia/Season_9/Regular_Season | https://github.com/LiTianYeoh/MLBB_Tournament_Analysis/blob/94ea36800e80c9e89a2356a0b81d3eeafbd6a4f7/analysis/data/consolidated_game_data_20240505.csv
9,S9-RS-006,2,Alter Ego,ban,1,Valentina,https://liquipedia.net/mobilelegends/MPL/Indonesia/Season_9/Regular_Season | https://github.com/LiTianYeoh/MLBB_Tournament_Analysis/blob/94ea36800e80c9e89a2356a0b81d3eeafbd6a4f7/analysis/data/consolidated_game_data_20240505.csv
9,S9-RS-006,2,Alter Ego,ban,2,Gloo,https://liquipedia.net/mobilelegends/MPL/Indonesia/Season_9/Regular_Season | https://github.com/LiTianYeoh/MLBB_Tournament_Analysis/blob/94ea36800e80c9e89a2356a0b81d3eeafbd6a4f7/analysis/data/consolidated_game_data_20240505.csv
9,S9-RS-006,2,Alter Ego,ban,3,Paquito,https://liquipedia.net/mobilelegends/MPL/Indonesia/Season_9/Regular_Season | https://github.com/LiTianYeoh/MLBB_Tournament_Analysis/blob/94ea36800e80c9e89a2356a0b81d3eeafbd6a4f7/analysis/data/consolidated_game_data_20240505.csv
9,S9-RS-006,2,Alter Ego,ban,4,Fanny,https://liquipedia.net/mobilelegends/MPL/Indonesia/Season_9/Regular_Season | https://github.com/LiTianYeoh/MLBB_Tournament_Analysis/blob/94ea36800e80c9e89a2356a0b81d3eeafbd6a4f7/analysis/data/consolidated_game_data_20240505.csv
9,S9-RS-006,2,Alter Ego,ban,5,Lancelot,https://liquipedia.net/mobilelegends/MPL/Indonesia/Season_9/Regular_Season | https://github.com/LiTianYeoh/MLBB_Tournament_Analysis/blob/94ea36800e80c9e89a2356a0b81d3eeafbd6a4f7/analysis/data/consolidated_game_data_20240505.csv
9,S9-RS-006,2,Alter Ego,pick,1,Selena,https://liquipedia.net/mobilelegends/MPL/Indonesia/Season_9/Regular_Season | https://github.com/LiTianYeoh/MLBB_Tournament_Analysis/blob/94ea36800e80c9e89a2356a0b81d3eeafbd6a4f7/analysis/data/consolidated_game_data_20240505.csv
9,S9-RS-006,2,Alter Ego,pick,2,Barats,https://liquipedia.net/mobilelegends/MPL/Indonesia/Season_9/Regular_Season | https://github.com/LiTianYeoh/MLBB_Tournament_Analysis/blob/94ea36800e80c9e89a2356a0b81d3eeafbd6a4f7/analysis/data/consolidated_game_data_20240505.csv
9,S9-RS-006,2,Alter Ego,pick,3,Kadita,https://liquipedia.net/mobilelegends/MPL/Indonesia/Season_9/Regular_Season | https://github.com/LiTianYeoh/MLBB_Tournament_Analysis/blob/94ea36800e80c9e89a2356a0b81d3eeafbd6a4f7/analysis/data/consolidated_game_data_20240505.csv
9,S9-RS-006,2,Alter Ego,pick,4,Benedetta,https://liquipedia.net/mobilelegends/MPL/Indonesia/Season_9/Regular_Season | https://github.com/LiTianYeoh/MLBB_Tournament_Analysis/blob/94ea36800e80c9e89a2356a0b81d3eeafbd6a4f7/analysis/data/consolidated_game_data_20240505.csv
9,S9-RS-006,2,Alter Ego,pick,5,Claude,https://liquipedia.net/mobilelegends/MPL/Indonesia/Season_9/Regular_Season | https://github.com/LiTianYeoh/MLBB_Tournament_Analysis/blob/94ea36800e80c9e89a2356a0b81d3eeafbd6a4f7/analysis/data/consolidated_game_data_20240505.csv
9,S9-RS-006,2,RRQ Hoshi,ban,1,Baxia,https://liquipedia.net/mobilelegends/MPL/Indonesia/Season_9/Regular_Season | https://github.com/LiTianYeoh/MLBB_Tournament_Analysis/blob/94ea36800e80c9e89a2356a0b81d3eeafbd6a4f7/analysis/data/consolidated_game_data_20240505.csv
9,S9-RS-006,2,RRQ Hoshi,ban,2,Aldous,https://liquipedia.net/mobilelegends/MPL/Indonesia/Season_9/Regular_Season | https://github.com/LiTianYeoh/MLBB_Tournament_Analysis/blob/94ea36800e80c9e89a2356a0b81d3eeafbd6a4f7/analysis/data/consolidated_game_data_20240505.csv
9,S9-RS-006,2,RRQ Hoshi,ban,3,Yu Zhong,https://liquipedia.net/mobilelegends/MPL/Indonesia/Season_9/Regular_Season | https://github.com/LiTianYeoh/MLBB_Tournament_Analysis/blob/94ea36800e80c9e89a2356a0b81d3eeafbd6a4f7/analysis/data/consolidated_game_data_20240505.csv
9,S9-RS-006,2,RRQ Hoshi,ban,4,Sun,https://liquipedia.net/mobilelegends/MPL/Indonesia/Season_9/Regular_Season | https://github.com/LiTianYeoh/MLBB_Tournament_Analysis/blob/94ea36800e80c9e89a2356a0b81d3eeafbd6a4f7/analysis/data/consolidated_game_data_20240505.csv
9,S9-RS-006,2,RRQ Hoshi,ban,5,Phoveus,https://liquipedia.net/mobilelegends/MPL/Indonesia/Season_9/Regular_Season | https://github.com/LiTianYeoh/MLBB_Tournament_Analysis/blob/94ea36800e80c9e89a2356a0b81d3eeafbd6a4f7/analysis/data/consolidated_game_data_20240505.csv
9,S9-RS-006,2,RRQ Hoshi,pick,1,Mathilda,https://liquipedia.net/mobilelegends/MPL/Indonesia/Season_9/Regular_Season | https://github.com/LiTianYeoh/MLBB_Tournament_Analysis/blob/94ea36800e80c9e89a2356a0b81d3eeafbd6a4f7/analysis/data/consolidated_game_data_20240505.csv
9,S9-RS-006,2,RRQ Hoshi,pick,2,Beatrix,https://liquipedia.net/mobilelegends/MPL/Indonesia/Season_9/Regular_Season | https://github.com/LiTianYeoh/MLBB_Tournament_Analysis/blob/94ea36800e80c9e89a2356a0b81d3eeafbd6a4f7/analysis/data/consolidated_game_data_20240505.csv
9,S9-RS-006,2,RRQ Hoshi,pick,3,Yve,https://liquipedia.net/mobilelegends/MPL/Indonesia/Season_9/Regular_Season | https://github.com/LiTianYeoh/MLBB_Tournament_Analysis/blob/94ea36800e80c9e89a2356a0b81d3eeafbd6a4f7/analysis/data/consolidated_game_data_20240505.csv
9,S9-RS-006,2,RRQ Hoshi,pick,4,Ling,https://liquipedia.net/mobilelegends/MPL/Indonesia/Season_9/Regular_Season | https://github.com/LiTianYeoh/MLBB_Tournament_Analysis/blob/94ea36800e80c9e89a2356a0b81d3eeafbd6a4f7/analysis/data/consolidated_game_data_20240505.csv
9,S9-RS-006,2,RRQ Hoshi,pick,5,Esmeralda,https://liquipedia.net/mobilelegends/MPL/Indonesia/Season_9/Regular_Season | https://github.com/LiTianYeoh/MLBB_Tournament_Analysis/blob/94ea36800e80c9e89a2356a0b81d3eeafbd6a4f7/analysis/data/consolidated_game_data_20240505.csv
9,S9-RS-007,1,EVOS Legends,ban,1,Mathilda,https://liquipedia.net/mobilelegends/MPL/Indonesia/Season_9/Regular_Season | https://github.com/LiTianYeoh/MLBB_Tournament_Analysis/blob/94ea36800e80c9e89a2356a0b81d3eeafbd6a4f7/analysis/data/consolidated_game_data_20240505.csv
9,S9-RS-007,1,EVOS Legends,ban,2,Paquito,https://liquipedia.net/mobilelegends/MPL/Indonesia/Season_9/Regular_Season | https://github.com/LiTianYeoh/MLBB_Tournament_Analysis/blob/94ea36800e80c9e89a2356a0b81d3eeafbd6a4f7/analysis/data/consolidated_game_data_20240505.csv
9,S9-RS-007,1,EVOS Legends,ban,3,Aulus,https://liquipedia.net/mobilelegends/MPL/Indonesia/Season_9/Regular_Season | https://github.com/LiTianYeoh/MLBB_Tournament_Analysis/blob/94ea36800e80c9e89a2356a0b81d3eeafbd6a4f7/analysis/data/consolidated_game_data_20240505.csv
9,S9-RS-007,1,EVOS Legends,ban,4,Brody,https://liquipedia.net/mobilelegends/MPL/Indonesia/Season_9/Regular_Season | https://github.com/LiTianYeoh/MLBB_Tournament_Analysis/blob/94ea36800e80c9e89a2356a0b81d3eeafbd6a4f7/analysis/data/consolidated_game_data_20240505.csv
9,S9-RS-007,1,EVOS Legends,ban,5,Beatrix,https://liquipedia.net/mobilelegends/MPL/Indonesia/Season_9/Regular_Season | https://github.com/LiTianYeoh/MLBB_Tournament_Analysis/blob/94ea36800e80c9e89a2356a0b81d3eeafbd6a4f7/analysis/data/consolidated_game_data_20240505.csv
9,S9-RS-007,1,EVOS Legends,pick,1,Gloo,https://liquipedia.net/mobilelegends/MPL/Indonesia/Season_9/Regular_Season | https://github.com/LiTianYeoh/MLBB_Tournament_Analysis/blob/94ea36800e80c9e89a2356a0b81d3eeafbd6a4f7/analysis/data/consolidated_game_data_20240505.csv
9,S9-RS-007,1,EVOS Legends,pick,2,Cecilion,https://liquipedia.net/mobilelegends/MPL/Indonesia/Season_9/Regular_Season | https://github.com/LiTianYeoh/MLBB_Tournament_Analysis/blob/94ea36800e80c9e89a2356a0b81d3eeafbd6a4f7/analysis/data/consolidated_game_data_20240505.csv
9,S9-RS-007,1,EVOS Legends,pick,3,Fanny,https://liquipedia.net/mobilelegends/MPL/Indonesia/Season_9/Regular_Season | https://github.com/LiTianYeoh/MLBB_Tournament_Analysis/blob/94ea36800e80c9e89a2356a0b81d3eeafbd6a4f7/analysis/data/consolidated_game_data_20240505.csv
9,S9-RS-007,1,EVOS Legends,pick,4,Popol and Kupa,https://liquipedia.net/mobilelegends/MPL/Indonesia/Season_9/Regular_Season | https://github.com/LiTianYeoh/MLBB_Tournament_Analysis/blob/94ea36800e80c9e89a2356a0b81d3eeafbd6a4f7/analysis/data/consolidated_game_data_20240505.csv
9,S9-RS-007,1,EVOS Legends,pick,5,Rafaela,https://liquipedia.net/mobilelegends/MPL/Indonesia/Season_9/Regular_Season | https://github.com/LiTianYeoh/MLBB_Tournament_Analysis/blob/94ea36800e80c9e89a2356a0b81d3eeafbd6a4f7/analysis/data/consolidated_game_data_20240505.csv
9,S9-RS-007,1,AURA Fire,ban,1,Diggie,https://liquipedia.net/mobilelegends/MPL/Indonesia/Season_9/Regular_Season | https://github.com/LiTianYeoh/MLBB_Tournament_Analysis/blob/94ea36800e80c9e89a2356a0b81d3eeafbd6a4f7/analysis/data/consolidated_game_data_20240505.csv
9,S9-RS-007,1,AURA Fire,ban,2,Wanwan,https://liquipedia.net/mobilelegends/MPL/Indonesia/Season_9/Regular_Season | https://github.com/LiTianYeoh/MLBB_Tournament_Analysis/blob/94ea36800e80c9e89a2356a0b81d3eeafbd6a4f7/analysis/data/consolidated_game_data_20240505.csv
9,S9-RS-007,1,AURA Fire,ban,3,Lancelot,https://liquipedia.net/mobilelegends/MPL/Indonesia/Season_9/Regular_Season | https://github.com/LiTianYeoh/MLBB_Tournament_Analysis/blob/94ea36800e80c9e89a2356a0b81d3eeafbd6a4f7/analysis/data/consolidated_game_data_20240505.csv
9,S9-RS-007,1,AURA Fire,ban,4,Selena,https://liquipedia.net/mobilelegends/MPL/Indonesia/Season_9/Regular_Season | https://github.com/LiTianYeoh/MLBB_Tournament_Analysis/blob/94ea36800e80c9e89a2356a0b81d3eeafbd6a4f7/analysis/data/consolidated_game_data_20240505.csv
9,S9-RS-007,1,AURA Fire,ban,5,Valentina,https://liquipedia.net/mobilelegends/MPL/Indonesia/Season_9/Regular_Season | https://github.com/LiTianYeoh/MLBB_Tournament_Analysis/blob/94ea36800e80c9e89a2356a0b81d3eeafbd6a4f7/analysis/data/consolidated_game_data_20240505.csv
9,S9-RS-007,1,AURA Fire,pick,1,Baxia,https://liquipedia.net/mobilelegends/MPL/Indonesia/Season_9/Regular_Season | https://github.com/LiTianYeoh/MLBB_Tournament_Analysis/blob/94ea36800e80c9e89a2356a0b81d3eeafbd6a4f7/analysis/data/consolidated_game_data_20240505.csv
9,S9-RS-007,1,AURA Fire,pick,2,Clint,https://liquipedia.net/mobilelegends/MPL/Indonesia/Season_9/Regular_Season | https://github.com/LiTianYeoh/MLBB_Tournament_Analysis/blob/94ea36800e80c9e89a2356a0b81d3eeafbd6a4f7/analysis/data/consolidated_game_data_20240505.csv
9,S9-RS-007,1,AURA Fire,pick,3,Khufra,https://liquipedia.net/mobilelegends/MPL/Indonesia/Season_9/Regular_Season | https://github.com/LiTianYeoh/MLBB_Tournament_Analysis/blob/94ea36800e80c9e89a2356a0b81d3eeafbd6a4f7/analysis/data/consolidated_game_data_20240505.csv
9,S9-RS-007,1,AURA Fire,pick,4,Edith,https://liquipedia.net/mobilelegends/MPL/Indonesia/Season_9/Regular_Season | https://github.com/LiTianYeoh/MLBB_Tournament_Analysis/blob/94ea36800e80c9e89a2356a0b81d3eeafbd6a4f7/analysis/data/consolidated_game_data_20240505.csv
9,S9-RS-007,1,AURA Fire,pick,5,Yve,https://liquipedia.net/mobilelegends/MPL/Indonesia/Season_9/Regular_Season | https://github.com/LiTianYeoh/MLBB_Tournament_Analysis/blob/94ea36800e80c9e89a2356a0b81d3eeafbd6a4f7/analysis/data/consolidated_game_data_20240505.csv
9,S9-RS-007,2,EVOS Legends,ban,1,Valentina,https://liquipedia.net/mobilelegends/MPL/Indonesia/Season_9/Regular_Season | https://github.com/LiTianYeoh/MLBB_Tournament_Analysis/blob/94ea36800e80c9e89a2356a0b81d3eeafbd6a4f7/analysis/data/consolidated_game_data_20240505.csv
9,S9-RS-007,2,EVOS Legends,ban,2,Gloo,https://liquipedia.net/mobilelegends/MPL/Indonesia/Season_9/Regular_Season | https://github.com/LiTianYeoh/MLBB_Tournament_Analysis/blob/94ea36800e80c9e89a2356a0b81d3eeafbd6a4f7/analysis/data/consolidated_game_data_20240505.csv
9,S9-RS-007,2,EVOS Legends,ban,3,Cecilion,https://liquipedia.net/mobilelegends/MPL/Indonesia/Season_9/Regular_Season | https://github.com/LiTianYeoh/MLBB_Tournament_Analysis/blob/94ea36800e80c9e89a2356a0b81d3eeafbd6a4f7/analysis/data/consolidated_game_data_20240505.csv
9,S9-RS-007,2,EVOS Legends,ban,4,Clint,https://liquipedia.net/mobilelegends/MPL/Indonesia/Season_9/Regular_Season | https://github.com/LiTianYeoh/MLBB_Tournament_Analysis/blob/94ea36800e80c9e89a2356a0b81d3eeafbd6a4f7/analysis/data/consolidated_game_data_20240505.csv
9,S9-RS-007,2,EVOS Legends,ban,5,Kagura,https://liquipedia.net/mobilelegends/MPL/Indonesia/Season_9/Regular_Season | https://github.com/LiTianYeoh/MLBB_Tournament_Analysis/blob/94ea36800e80c9e89a2356a0b81d3eeafbd6a4f7/analysis/data/consolidated_game_data_20240505.csv
9,S9-RS-007,2,EVOS Legends,pick,1,Aulus,https://liquipedia.net/mobilelegends/MPL/Indonesia/Season_9/Regular_Season | https://github.com/LiTianYeoh/MLBB_Tournament_Analysis/blob/94ea36800e80c9e89a2356a0b81d3eeafbd6a4f7/analysis/data/consolidated_game_data_20240505.csv
9,S9-RS-007,2,EVOS Legends,pick,2,Yve,https://liquipedia.net/mobilelegends/MPL/Indonesia/Season_9/Regular_Season | https://github.com/LiTianYeoh/MLBB_Tournament_Analysis/blob/94ea36800e80c9e89a2356a0b81d3eeafbd6a4f7/analysis/data/consolidated_game_data_20240505.csv
9,S9-RS-007,2,EVOS Legends,pick,3,Edith,https://liquipedia.net/mobilelegends/MPL/Indonesia/Season_9/Regular_Season | https://github.com/LiTianYeoh/MLBB_Tournament_Analysis/blob/94ea36800e80c9e89a2356a0b81d3eeafbd6a4f7/analysis/data/consolidated_game_data_20240505.csv
9,S9-RS-007,2,EVOS Legends,pick,4,Beatrix,https://liquipedia.net/mobilelegends/MPL/Indonesia/Season_9/Regular_Season | https://github.com/LiTianYeoh/MLBB_Tournament_Analysis/blob/94ea36800e80c9e89a2356a0b81d3eeafbd6a4f7/analysis/data/consolidated_game_data_20240505.csv
9,S9-RS-007,2,EVOS Legends,pick,5,Rafaela,https://liquipedia.net/mobilelegends/MPL/Indonesia/Season_9/Regular_Season | https://github.com/LiTianYeoh/MLBB_Tournament_Analysis/blob/94ea36800e80c9e89a2356a0b81d3eeafbd6a4f7/analysis/data/consolidated_game_data_20240505.csv
9,S9-RS-007,2,AURA Fire,ban,1,Mathilda,https://liquipedia.net/mobilelegends/MPL/Indonesia/Season_9/Regular_Season | https://github.com/LiTianYeoh/MLBB_Tournament_Analysis/blob/94ea36800e80c9e89a2356a0b81d3eeafbd6a4f7/analysis/data/consolidated_game_data_20240505.csv
9,S9-RS-007,2,AURA Fire,ban,2,Diggie,https://liquipedia.net/mobilelegends/MPL/Indonesia/Season_9/Regular_Season | https://github.com/LiTianYeoh/MLBB_Tournament_Analysis/blob/94ea36800e80c9e89a2356a0b81d3eeafbd6a4f7/analysis/data/consolidated_game_data_20240505.csv
9,S9-RS-007,2,AURA Fire,ban,3,Lancelot,https://liquipedia.net/mobilelegends/MPL/Indonesia/Season_9/Regular_Season | https://github.com/LiTianYeoh/MLBB_Tournament_Analysis/blob/94ea36800e80c9e89a2356a0b81d3eeafbd6a4f7/analysis/data/consolidated_game_data_20240505.csv
9,S9-RS-007,2,AURA Fire,ban,4,Selena,https://liquipedia.net/mobilelegends/MPL/Indonesia/Season_9/Regular_Season | https://github.com/LiTianYeoh/MLBB_Tournament_Analysis/blob/94ea36800e80c9e89a2356a0b81d3eeafbd6a4f7/analysis/data/consolidated_game_data_20240505.csv
9,S9-RS-007,2,AURA Fire,ban,5,Hayabusa,https://liquipedia.net/mobilelegends/MPL/Indonesia/Season_9/Regular_Season | https://github.com/LiTianYeoh/MLBB_Tournament_Analysis/blob/94ea36800e80c9e89a2356a0b81d3eeafbd6a4f7/analysis/data/consolidated_game_data_20240505.csv
9,S9-RS-007,2,AURA Fire,pick,1,Popol and Kupa,https://liquipedia.net/mobilelegends/MPL/Indonesia/Season_9/Regular_Season | https://github.com/LiTianYeoh/MLBB_Tournament_Analysis/blob/94ea36800e80c9e89a2356a0b81d3eeafbd6a4f7/analysis/data/consolidated_game_data_20240505.csv
9,S9-RS-007,2,AURA Fire,pick,2,Pharsa,https://liquipedia.net/mobilelegends/MPL/Indonesia/Season_9/Regular_Season | https://github.com/LiTianYeoh/MLBB_Tournament_Analysis/blob/94ea36800e80c9e89a2356a0b81d3eeafbd6a4f7/analysis/data/consolidated_game_data_20240505.csv
9,S9-RS-007,2,AURA Fire,pick,3,Fanny,https://liquipedia.net/mobilelegends/MPL/Indonesia/Season_9/Regular_Season | https://github.com/LiTianYeoh/MLBB_Tournament_Analysis/blob/94ea36800e80c9e89a2356a0b81d3eeafbd6a4f7/analysis/data/consolidated_game_data_20240505.csv
9,S9-RS-007,2,AURA Fire,pick,4,Khufra,https://liquipedia.net/mobilelegends/MPL/Indonesia/Season_9/Regular_Season | https://github.com/LiTianYeoh/MLBB_Tournament_Analysis/blob/94ea36800e80c9e89a2356a0b81d3eeafbd6a4f7/analysis/data/consolidated_game_data_20240505.csv
9,S9-RS-007,2,AURA Fire,pick,5,Paquito,https://liquipedia.net/mobilelegends/MPL/Indonesia/Season_9/Regular_Season | https://github.com/LiTianYeoh/MLBB_Tournament_Analysis/blob/94ea36800e80c9e89a2356a0b81d3eeafbd6a4f7/analysis/data/consolidated_game_data_20240505.csv
9,S9-RS-007,3,EVOS Legends,ban,1,Valentina,https://liquipedia.net/mobilelegends/MPL/Indonesia/Season_9/Regular_Season | https://github.com/LiTianYeoh/MLBB_Tournament_Analysis/blob/94ea36800e80c9e89a2356a0b81d3eeafbd6a4f7/analysis/data/consolidated_game_data_20240505.csv
9,S9-RS-007,3,EVOS Legends,ban,2,Fanny,https://liquipedia.net/mobilelegends/MPL/Indonesia/Season_9/Regular_Season | https://github.com/LiTianYeoh/MLBB_Tournament_Analysis/blob/94ea36800e80c9e89a2356a0b81d3eeafbd6a4f7/analysis/data/consolidated_game_data_20240505.csv
9,S9-RS-007,3,EVOS Legends,ban,3,Gloo,https://liquipedia.net/mobilelegends/MPL/Indonesia/Season_9/Regular_Season | https://github.com/LiTianYeoh/MLBB_Tournament_Analysis/blob/94ea36800e80c9e89a2356a0b81d3eeafbd6a4f7/analysis/data/consolidated_game_data_20240505.csv
9,S9-RS-007,3,EVOS Legends,ban,4,Pharsa,https://liquipedia.net/mobilelegends/MPL/Indonesia/Season_9/Regular_Season | https://github.com/LiTianYeoh/MLBB_Tournament_Analysis/blob/94ea36800e80c9e89a2356a0b81d3eeafbd6a4f7/analysis/data/consolidated_game_data_20240505.csv
9,S9-RS-007,3,EVOS Legends,ban,5,Yve,https://liquipedia.net/mobilelegends/MPL/Indonesia/Season_9/Regular_Season | https://github.com/LiTianYeoh/MLBB_Tournament_Analysis/blob/94ea36800e80c9e89a2356a0b81d3eeafbd6a4f7/analysis/data/consolidated_game_data_20240505.csv
9,S9-RS-007,3,EVOS Legends,pick,1,Aulus,https://liquipedia.net/mobilelegends/MPL/Indonesia/Season_9/Regular_Season | https://github.com/LiTianYeoh/MLBB_Tournament_Analysis/blob/94ea36800e80c9e89a2356a0b81d3eeafbd6a4f7/analysis/data/consolidated_game_data_20240505.csv
9,S9-RS-007,3,EVOS Legends,pick,2,Cecilion,https://liquipedia.net/mobilelegends/MPL/Indonesia/Season_9/Regular_Season | https://github.com/LiTianYeoh/MLBB_Tournament_Analysis/blob/94ea36800e80c9e89a2356a0b81d3eeafbd6a4f7/analysis/data/consolidated_game_data_20240505.csv
9,S9-RS-007,3,EVOS Legends,pick,3,Esmeralda,https://liquipedia.net/mobilelegends/MPL/Indonesia/Season_9/Regular_Season | https://github.com/LiTianYeoh/MLBB_Tournament_Analysis/blob/94ea36800e80c9e89a2356a0b81d3eeafbd6a4f7/analysis/data/consolidated_game_data_20240505.csv
9,S9-RS-007,3,EVOS Legends,pick,4,Rafaela,https://liquipedia.net/mobilelegends/MPL/Indonesia/Season_9/Regular_Season | https://github.com/LiTianYeoh/MLBB_Tournament_Analysis/blob/94ea36800e80c9e89a2356a0b81d3eeafbd6a4f7/analysis/data/consolidated_game_data_20240505.csv
9,S9-RS-007,3,EVOS Legends,pick,5,Yu Zhong,https://liquipedia.net/mobilelegends/MPL/Indonesia/Season_9/Regular_Season | https://github.com/LiTianYeoh/MLBB_Tournament_Analysis/blob/94ea36800e80c9e89a2356a0b81d3eeafbd6a4f7/analysis/data/consolidated_game_data_20240505.csv
9,S9-RS-007,3,AURA Fire,ban,1,Wanwan,https://liquipedia.net/mobilelegends/MPL/Indonesia/Season_9/Regular_Season | https://github.com/LiTianYeoh/MLBB_Tournament_Analysis/blob/94ea36800e80c9e89a2356a0b81d3eeafbd6a4f7/analysis/data/consolidated_game_data_20240505.csv
9,S9-RS-007,3,AURA Fire,ban,2,Phoveus,https://liquipedia.net/mobilelegends/MPL/Indonesia/Season_9/Regular_Season | https://github.com/LiTianYeoh/MLBB_Tournament_Analysis/blob/94ea36800e80c9e89a2356a0b81d3eeafbd6a4f7/analysis/data/consolidated_game_data_20240505.csv
9,S9-RS-007,3,AURA Fire,ban,3,Hayabusa,https://liquipedia.net/mobilelegends/MPL/Indonesia/Season_9/Regular_Season | https://github.com/LiTianYeoh/MLBB_Tournament_Analysis/blob/94ea36800e80c9e89a2356a0b81d3eeafbd6a4f7/analysis/data/consolidated_game_data_20240505.csv
9,S9-RS-007,3,AURA Fire,ban,4,Lancelot,https://liquipedia.net/mobilelegends/MPL/Indonesia/Season_9/Regular_Season | https://github.com/LiTianYeoh/MLBB_Tournament_Analysis/blob/94ea36800e80c9e89a2356a0b81d3eeafbd6a4f7/analysis/data/consolidated_game_data_20240505.csv
9,S9-RS-007,3,AURA Fire,ban,5,Selena,https://liquipedia.net/mobilelegends/MPL/Indonesia/Season_9/Regular_Season | https://github.com/LiTianYeoh/MLBB_Tournament_Analysis/blob/94ea36800e80c9e89a2356a0b81d3eeafbd6a4f7/analysis/data/consolidated_game_data_20240505.csv
9,S9-RS-007,3,AURA Fire,pick,1,Ling,https://liquipedia.net/mobilelegends/MPL/Indonesia/Season_9/Regular_Season | https://github.com/LiTianYeoh/MLBB_Tournament_Analysis/blob/94ea36800e80c9e89a2356a0b81d3eeafbd6a4f7/analysis/data/consolidated_game_data_20240505.csv
9,S9-RS-007,3,AURA Fire,pick,2,Lylia,https://liquipedia.net/mobilelegends/MPL/Indonesia/Season_9/Regular_Season | https://github.com/LiTianYeoh/MLBB_Tournament_Analysis/blob/94ea36800e80c9e89a2356a0b81d3eeafbd6a4f7/analysis/data/consolidated_game_data_20240505.csv
9,S9-RS-007,3,AURA Fire,pick,3,Beatrix,https://liquipedia.net/mobilelegends/MPL/Indonesia/Season_9/Regular_Season | https://github.com/LiTianYeoh/MLBB_Tournament_Analysis/blob/94ea36800e80c9e89a2356a0b81d3eeafbd6a4f7/analysis/data/consolidated_game_data_20240505.csv
9,S9-RS-007,3,AURA Fire,pick,4,Mathilda,https://liquipedia.net/mobilelegends/MPL/Indonesia/Season_9/Regular_Season | https://github.com/LiTianYeoh/MLBB_Tournament_Analysis/blob/94ea36800e80c9e89a2356a0b81d3eeafbd6a4f7/analysis/data/consolidated_game_data_20240505.csv
9,S9-RS-007,3,AURA Fire,pick,5,Paquito,https://liquipedia.net/mobilelegends/MPL/Indonesia/Season_9/Regular_Season | https://github.com/LiTianYeoh/MLBB_Tournament_Analysis/blob/94ea36800e80c9e89a2356a0b81d3eeafbd6a4f7/analysis/data/consolidated_game_data_20240505.csv
9,S9-RS-008,1,AURA Fire,ban,1,Valentina,https://liquipedia.net/mobilelegends/MPL/Indonesia/Season_9/Regular_Season | https://github.com/LiTianYeoh/MLBB_Tournament_Analysis/blob/94ea36800e80c9e89a2356a0b81d3eeafbd6a4f7/analysis/data/consolidated_game_data_20240505.csv
9,S9-RS-008,1,AURA Fire,ban,2,Lancelot,https://liquipedia.net/mobilelegends/MPL/Indonesia/Season_9/Regular_Season | https://github.com/LiTianYeoh/MLBB_Tournament_Analysis/blob/94ea36800e80c9e89a2356a0b81d3eeafbd6a4f7/analysis/data/consolidated_game_data_20240505.csv
9,S9-RS-008,1,AURA Fire,ban,3,Chou,https://liquipedia.net/mobilelegends/MPL/Indonesia/Season_9/Regular_Season | https://github.com/LiTianYeoh/MLBB_Tournament_Analysis/blob/94ea36800e80c9e89a2356a0b81d3eeafbd6a4f7/analysis/data/consolidated_game_data_20240505.csv
9,S9-RS-008,1,AURA Fire,ban,4,Paquito,https://liquipedia.net/mobilelegends/MPL/Indonesia/Season_9/Regular_Season | https://github.com/LiTianYeoh/MLBB_Tournament_Analysis/blob/94ea36800e80c9e89a2356a0b81d3eeafbd6a4f7/analysis/data/consolidated_game_data_20240505.csv
9,S9-RS-008,1,AURA Fire,ban,5,Lylia,https://liquipedia.net/mobilelegends/MPL/Indonesia/Season_9/Regular_Season | https://github.com/LiTianYeoh/MLBB_Tournament_Analysis/blob/94ea36800e80c9e89a2356a0b81d3eeafbd6a4f7/analysis/data/consolidated_game_data_20240505.csv
9,S9-RS-008,1,AURA Fire,pick,1,Esmeralda,https://liquipedia.net/mobilelegends/MPL/Indonesia/Season_9/Regular_Season | https://github.com/LiTianYeoh/MLBB_Tournament_Analysis/blob/94ea36800e80c9e89a2356a0b81d3eeafbd6a4f7/analysis/data/consolidated_game_data_20240505.csv
9,S9-RS-008,1,AURA Fire,pick,2,Fanny,https://liquipedia.net/mobilelegends/MPL/Indonesia/Season_9/Regular_Season | https://github.com/LiTianYeoh/MLBB_Tournament_Analysis/blob/94ea36800e80c9e89a2356a0b81d3eeafbd6a4f7/analysis/data/consolidated_game_data_20240505.csv
9,S9-RS-008,1,AURA Fire,pick,3,Yve,https://liquipedia.net/mobilelegends/MPL/Indonesia/Season_9/Regular_Season | https://github.com/LiTianYeoh/MLBB_Tournament_Analysis/blob/94ea36800e80c9e89a2356a0b81d3eeafbd6a4f7/analysis/data/consolidated_game_data_20240505.csv
9,S9-RS-008,1,AURA Fire,pick,4,Clint,https://liquipedia.net/mobilelegends/MPL/Indonesia/Season_9/Regular_Season | https://github.com/LiTianYeoh/MLBB_Tournament_Analysis/blob/94ea36800e80c9e89a2356a0b81d3eeafbd6a4f7/analysis/data/consolidated_game_data_20240505.csv
9,S9-RS-008,1,AURA Fire,pick,5,Khufra,https://liquipedia.net/mobilelegends/MPL/Indonesia/Season_9/Regular_Season | https://github.com/LiTianYeoh/MLBB_Tournament_Analysis/blob/94ea36800e80c9e89a2356a0b81d3eeafbd6a4f7/analysis/data/consolidated_game_data_20240505.csv
9,S9-RS-008,1,ONIC Esports,ban,1,Brody,https://liquipedia.net/mobilelegends/MPL/Indonesia/Season_9/Regular_Season | https://github.com/LiTianYeoh/MLBB_Tournament_Analysis/blob/94ea36800e80c9e89a2356a0b81d3eeafbd6a4f7/analysis/data/consolidated_game_data_20240505.csv
9,S9-RS-008,1,ONIC Esports,ban,2,Popol and Kupa,https://liquipedia.net/mobilelegends/MPL/Indonesia/Season_9/Regular_Season | https://github.com/LiTianYeoh/MLBB_Tournament_Analysis/blob/94ea36800e80c9e89a2356a0b81d3eeafbd6a4f7/analysis/data/consolidated_game_data_20240505.csv
9,S9-RS-008,1,ONIC Esports,ban,3,Gloo,https://liquipedia.net/mobilelegends/MPL/Indonesia/Season_9/Regular_Season | https://github.com/LiTianYeoh/MLBB_Tournament_Analysis/blob/94ea36800e80c9e89a2356a0b81d3eeafbd6a4f7/analysis/data/consolidated_game_data_20240505.csv
9,S9-RS-008,1,ONIC Esports,ban,4,Mathilda,https://liquipedia.net/mobilelegends/MPL/Indonesia/Season_9/Regular_Season | https://github.com/LiTianYeoh/MLBB_Tournament_Analysis/blob/94ea36800e80c9e89a2356a0b81d3eeafbd6a4f7/analysis/data/consolidated_game_data_20240505.csv
9,S9-RS-008,1,ONIC Esports,ban,5,Phoveus,https://liquipedia.net/mobilelegends/MPL/Indonesia/Season_9/Regular_Season | https://github.com/LiTianYeoh/MLBB_Tournament_Analysis/blob/94ea36800e80c9e89a2356a0b81d3eeafbd6a4f7/analysis/data/consolidated_game_data_20240505.csv
9,S9-RS-008,1,ONIC Esports,pick,1,Benedetta,https://liquipedia.net/mobilelegends/MPL/Indonesia/Season_9/Regular_Season | https://github.com/LiTianYeoh/MLBB_Tournament_Analysis/blob/94ea36800e80c9e89a2356a0b81d3eeafbd6a4f7/analysis/data/consolidated_game_data_20240505.csv
9,S9-RS-008,1,ONIC Esports,pick,2,Dyrroth,https://liquipedia.net/mobilelegends/MPL/Indonesia/Season_9/Regular_Season | https://github.com/LiTianYeoh/MLBB_Tournament_Analysis/blob/94ea36800e80c9e89a2356a0b81d3eeafbd6a4f7/analysis/data/consolidated_game_data_20240505.csv
9,S9-RS-008,1,ONIC Esports,pick,3,Moskov,https://liquipedia.net/mobilelegends/MPL/Indonesia/Season_9/Regular_Season | https://github.com/LiTianYeoh/MLBB_Tournament_Analysis/blob/94ea36800e80c9e89a2356a0b81d3eeafbd6a4f7/analysis/data/consolidated_game_data_20240505.csv
9,S9-RS-008,1,ONIC Esports,pick,4,Ruby,https://liquipedia.net/mobilelegends/MPL/Indonesia/Season_9/Regular_Season | https://github.com/LiTianYeoh/MLBB_Tournament_Analysis/blob/94ea36800e80c9e89a2356a0b81d3eeafbd6a4f7/analysis/data/consolidated_game_data_20240505.csv
9,S9-RS-008,1,ONIC Esports,pick,5,Selena,https://liquipedia.net/mobilelegends/MPL/Indonesia/Season_9/Regular_Season | https://github.com/LiTianYeoh/MLBB_Tournament_Analysis/blob/94ea36800e80c9e89a2356a0b81d3eeafbd6a4f7/analysis/data/consolidated_game_data_20240505.csv
9,S9-RS-008,2,AURA Fire,ban,1,Lancelot,https://liquipedia.net/mobilelegends/MPL/Indonesia/Season_9/Regular_Season | https://github.com/LiTianYeoh/MLBB_Tournament_Analysis/blob/94ea36800e80c9e89a2356a0b81d3eeafbd6a4f7/analysis/data/consolidated_game_data_20240505.csv
9,S9-RS-008,2,AURA Fire,ban,2,Chou,https://liquipedia.net/mobilelegends/MPL/Indonesia/Season_9/Regular_Season | https://github.com/LiTianYeoh/MLBB_Tournament_Analysis/blob/94ea36800e80c9e89a2356a0b81d3eeafbd6a4f7/analysis/data/consolidated_game_data_20240505.csv
9,S9-RS-008,2,AURA Fire,ban,3,Natalia,https://liquipedia.net/mobilelegends/MPL/Indonesia/Season_9/Regular_Season | https://github.com/LiTianYeoh/MLBB_Tournament_Analysis/blob/94ea36800e80c9e89a2356a0b81d3eeafbd6a4f7/analysis/data/consolidated_game_data_20240505.csv
9,S9-RS-008,2,AURA Fire,ban,4,Vale,https://liquipedia.net/mobilelegends/MPL/Indonesia/Season_9/Regular_Season | https://github.com/LiTianYeoh/MLBB_Tournament_Analysis/blob/94ea36800e80c9e89a2356a0b81d3eeafbd6a4f7/analysis/data/consolidated_game_data_20240505.csv
9,S9-RS-008,2,AURA Fire,ban,5,Franco,https://liquipedia.net/mobilelegends/MPL/Indonesia/Season_9/Regular_Season | https://github.com/LiTianYeoh/MLBB_Tournament_Analysis/blob/94ea36800e80c9e89a2356a0b81d3eeafbd6a4f7/analysis/data/consolidated_game_data_20240505.csv
9,S9-RS-008,2,AURA Fire,pick,1,Fanny,https://liquipedia.net/mobilelegends/MPL/Indonesia/Season_9/Regular_Season | https://github.com/LiTianYeoh/MLBB_Tournament_Analysis/blob/94ea36800e80c9e89a2356a0b81d3eeafbd6a4f7/analysis/data/consolidated_game_data_20240505.csv
9,S9-RS-008,2,AURA Fire,pick,2,Lylia,https://liquipedia.net/mobilelegends/MPL/Indonesia/Season_9/Regular_Season | https://github.com/LiTianYeoh/MLBB_Tournament_Analysis/blob/94ea36800e80c9e89a2356a0b81d3eeafbd6a4f7/analysis/data/consolidated_game_data_20240505.csv
9,S9-RS-008,2,AURA Fire,pick,3,Gloo,https://liquipedia.net/mobilelegends/MPL/Indonesia/Season_9/Regular_Season | https://github.com/LiTianYeoh/MLBB_Tournament_Analysis/blob/94ea36800e80c9e89a2356a0b81d3eeafbd6a4f7/analysis/data/consolidated_game_data_20240505.csv
9,S9-RS-008,2,AURA Fire,pick,4,Minsitthar,https://liquipedia.net/mobilelegends/MPL/Indonesia/Season_9/Regular_Season | https://github.com/LiTianYeoh/MLBB_Tournament_Analysis/blob/94ea36800e80c9e89a2356a0b81d3eeafbd6a4f7/analysis/data/consolidated_game_data_20240505.csv
9,S9-RS-008,2,AURA Fire,pick,5,Popol and Kupa,https://liquipedia.net/mobilelegends/MPL/Indonesia/Season_9/Regular_Season | https://github.com/LiTianYeoh/MLBB_Tournament_Analysis/blob/94ea36800e80c9e89a2356a0b81d3eeafbd6a4f7/analysis/data/consolidated_game_data_20240505.csv
9,S9-RS-008,2,ONIC Esports,ban,1,Khufra,https://liquipedia.net/mobilelegends/MPL/Indonesia/Season_9/Regular_Season | https://github.com/LiTianYeoh/MLBB_Tournament_Analysis/blob/94ea36800e80c9e89a2356a0b81d3eeafbd6a4f7/analysis/data/consolidated_game_data_20240505.csv
9,S9-RS-008,2,ONIC Esports,ban,2,Kadita,https://liquipedia.net/mobilelegends/MPL/Indonesia/Season_9/Regular_Season | https://github.com/LiTianYeoh/MLBB_Tournament_Analysis/blob/94ea36800e80c9e89a2356a0b81d3eeafbd6a4f7/analysis/data/consolidated_game_data_20240505.csv
9,S9-RS-008,2,ONIC Esports,ban,3,Esmeralda,https://liquipedia.net/mobilelegends/MPL/Indonesia/Season_9/Regular_Season | https://github.com/LiTianYeoh/MLBB_Tournament_Analysis/blob/94ea36800e80c9e89a2356a0b81d3eeafbd6a4f7/analysis/data/consolidated_game_data_20240505.csv
9,S9-RS-008,2,ONIC Esports,ban,4,Yve,https://liquipedia.net/mobilelegends/MPL/Indonesia/Season_9/Regular_Season | https://github.com/LiTianYeoh/MLBB_Tournament_Analysis/blob/94ea36800e80c9e89a2356a0b81d3eeafbd6a4f7/analysis/data/consolidated_game_data_20240505.csv
9,S9-RS-008,2,ONIC Esports,ban,5,Valentina,https://liquipedia.net/mobilelegends/MPL/Indonesia/Season_9/Regular_Season | https://github.com/LiTianYeoh/MLBB_Tournament_Analysis/blob/94ea36800e80c9e89a2356a0b81d3eeafbd6a4f7/analysis/data/consolidated_game_data_20240505.csv
9,S9-RS-008,2,ONIC Esports,pick,1,Brody,https://liquipedia.net/mobilelegends/MPL/Indonesia/Season_9/Regular_Season | https://github.com/LiTianYeoh/MLBB_Tournament_Analysis/blob/94ea36800e80c9e89a2356a0b81d3eeafbd6a4f7/analysis/data/consolidated_game_data_20240505.csv
9,S9-RS-008,2,ONIC Esports,pick,2,Cecilion,https://liquipedia.net/mobilelegends/MPL/Indonesia/Season_9/Regular_Season | https://github.com/LiTianYeoh/MLBB_Tournament_Analysis/blob/94ea36800e80c9e89a2356a0b81d3eeafbd6a4f7/analysis/data/consolidated_game_data_20240505.csv
9,S9-RS-008,2,ONIC Esports,pick,3,Kaja,https://liquipedia.net/mobilelegends/MPL/Indonesia/Season_9/Regular_Season | https://github.com/LiTianYeoh/MLBB_Tournament_Analysis/blob/94ea36800e80c9e89a2356a0b81d3eeafbd6a4f7/analysis/data/consolidated_game_data_20240505.csv
9,S9-RS-008,2,ONIC Esports,pick,4,Phoveus,https://liquipedia.net/mobilelegends/MPL/Indonesia/Season_9/Regular_Season | https://github.com/LiTianYeoh/MLBB_Tournament_Analysis/blob/94ea36800e80c9e89a2356a0b81d3eeafbd6a4f7/analysis/data/consolidated_game_data_20240505.csv
9,S9-RS-008,2,ONIC Esports,pick,5,Paquito,https://liquipedia.net/mobilelegends/MPL/Indonesia/Season_9/Regular_Season | https://github.com/LiTianYeoh/MLBB_Tournament_Analysis/blob/94ea36800e80c9e89a2356a0b81d3eeafbd6a4f7/analysis/data/consolidated_game_data_20240505.csv
9,S9-RS-009,1,Alter Ego,ban,1,Natalia,https://liquipedia.net/mobilelegends/MPL/Indonesia/Season_9/Regular_Season | https://github.com/LiTianYeoh/MLBB_Tournament_Analysis/blob/94ea36800e80c9e89a2356a0b81d3eeafbd6a4f7/analysis/data/consolidated_game_data_20240505.csv
9,S9-RS-009,1,Alter Ego,ban,2,Valentina,https://liquipedia.net/mobilelegends/MPL/Indonesia/Season_9/Regular_Season | https://github.com/LiTianYeoh/MLBB_Tournament_Analysis/blob/94ea36800e80c9e89a2356a0b81d3eeafbd6a4f7/analysis/data/consolidated_game_data_20240505.csv
9,S9-RS-009,1,Alter Ego,ban,3,Yve,https://liquipedia.net/mobilelegends/MPL/Indonesia/Season_9/Regular_Season | https://github.com/LiTianYeoh/MLBB_Tournament_Analysis/blob/94ea36800e80c9e89a2356a0b81d3eeafbd6a4f7/analysis/data/consolidated_game_data_20240505.csv
9,S9-RS-009,1,Alter Ego,ban,4,Hayabusa,https://liquipedia.net/mobilelegends/MPL/Indonesia/Season_9/Regular_Season | https://github.com/LiTianYeoh/MLBB_Tournament_Analysis/blob/94ea36800e80c9e89a2356a0b81d3eeafbd6a4f7/analysis/data/consolidated_game_data_20240505.csv
9,S9-RS-009,1,Alter Ego,ban,5,Mathilda,https://liquipedia.net/mobilelegends/MPL/Indonesia/Season_9/Regular_Season | https://github.com/LiTianYeoh/MLBB_Tournament_Analysis/blob/94ea36800e80c9e89a2356a0b81d3eeafbd6a4f7/analysis/data/consolidated_game_data_20240505.csv
9,S9-RS-009,1,Alter Ego,pick,1,Gloo,https://liquipedia.net/mobilelegends/MPL/Indonesia/Season_9/Regular_Season | https://github.com/LiTianYeoh/MLBB_Tournament_Analysis/blob/94ea36800e80c9e89a2356a0b81d3eeafbd6a4f7/analysis/data/consolidated_game_data_20240505.csv
9,S9-RS-009,1,Alter Ego,pick,2,Paquito,https://liquipedia.net/mobilelegends/MPL/Indonesia/Season_9/Regular_Season | https://github.com/LiTianYeoh/MLBB_Tournament_Analysis/blob/94ea36800e80c9e89a2356a0b81d3eeafbd6a4f7/analysis/data/consolidated_game_data_20240505.csv
9,S9-RS-009,1,Alter Ego,pick,3,Selena,https://liquipedia.net/mobilelegends/MPL/Indonesia/Season_9/Regular_Season | https://github.com/LiTianYeoh/MLBB_Tournament_Analysis/blob/94ea36800e80c9e89a2356a0b81d3eeafbd6a4f7/analysis/data/consolidated_game_data_20240505.csv
9,S9-RS-009,1,Alter Ego,pick,4,Pharsa,https://liquipedia.net/mobilelegends/MPL/Indonesia/Season_9/Regular_Season | https://github.com/LiTianYeoh/MLBB_Tournament_Analysis/blob/94ea36800e80c9e89a2356a0b81d3eeafbd6a4f7/analysis/data/consolidated_game_data_20240505.csv
9,S9-RS-009,1,Alter Ego,pick,5,Beatrix,https://liquipedia.net/mobilelegends/MPL/Indonesia/Season_9/Regular_Season | https://github.com/LiTianYeoh/MLBB_Tournament_Analysis/blob/94ea36800e80c9e89a2356a0b81d3eeafbd6a4f7/analysis/data/consolidated_game_data_20240505.csv
9,S9-RS-009,1,Rebellion Zion,ban,1,Lylia,https://liquipedia.net/mobilelegends/MPL/Indonesia/Season_9/Regular_Season | https://github.com/LiTianYeoh/MLBB_Tournament_Analysis/blob/94ea36800e80c9e89a2356a0b81d3eeafbd6a4f7/analysis/data/consolidated_game_data_20240505.csv
9,S9-RS-009,1,Rebellion Zion,ban,2,Benedetta,https://liquipedia.net/mobilelegends/MPL/Indonesia/Season_9/Regular_Season | https://github.com/LiTianYeoh/MLBB_Tournament_Analysis/blob/94ea36800e80c9e89a2356a0b81d3eeafbd6a4f7/analysis/data/consolidated_game_data_20240505.csv
9,S9-RS-009,1,Rebellion Zion,ban,3,Lancelot,https://liquipedia.net/mobilelegends/MPL/Indonesia/Season_9/Regular_Season | https://github.com/LiTianYeoh/MLBB_Tournament_Analysis/blob/94ea36800e80c9e89a2356a0b81d3eeafbd6a4f7/analysis/data/consolidated_game_data_20240505.csv
9,S9-RS-009,1,Rebellion Zion,ban,4,Fanny,https://liquipedia.net/mobilelegends/MPL/Indonesia/Season_9/Regular_Season | https://github.com/LiTianYeoh/MLBB_Tournament_Analysis/blob/94ea36800e80c9e89a2356a0b81d3eeafbd6a4f7/analysis/data/consolidated_game_data_20240505.csv
9,S9-RS-009,1,Rebellion Zion,ban,5,Phoveus,https://liquipedia.net/mobilelegends/MPL/Indonesia/Season_9/Regular_Season | https://github.com/LiTianYeoh/MLBB_Tournament_Analysis/blob/94ea36800e80c9e89a2356a0b81d3eeafbd6a4f7/analysis/data/consolidated_game_data_20240505.csv
9,S9-RS-009,1,Rebellion Zion,pick,1,Ling,https://liquipedia.net/mobilelegends/MPL/Indonesia/Season_9/Regular_Season | https://github.com/LiTianYeoh/MLBB_Tournament_Analysis/blob/94ea36800e80c9e89a2356a0b81d3eeafbd6a4f7/analysis/data/consolidated_game_data_20240505.csv
9,S9-RS-009,1,Rebellion Zion,pick,2,Ruby,https://liquipedia.net/mobilelegends/MPL/Indonesia/Season_9/Regular_Season | https://github.com/LiTianYeoh/MLBB_Tournament_Analysis/blob/94ea36800e80c9e89a2356a0b81d3eeafbd6a4f7/analysis/data/consolidated_game_data_20240505.csv
9,S9-RS-009,1,Rebellion Zion,pick,3,Yu Zhong,https://liquipedia.net/mobilelegends/MPL/Indonesia/Season_9/Regular_Season | https://github.com/LiTianYeoh/MLBB_Tournament_Analysis/blob/94ea36800e80c9e89a2356a0b81d3eeafbd6a4f7/analysis/data/consolidated_game_data_20240505.csv
9,S9-RS-009,1,Rebellion Zion,pick,4,Brody,https://liquipedia.net/mobilelegends/MPL/Indonesia/Season_9/Regular_Season | https://github.com/LiTianYeoh/MLBB_Tournament_Analysis/blob/94ea36800e80c9e89a2356a0b81d3eeafbd6a4f7/analysis/data/consolidated_game_data_20240505.csv
9,S9-RS-009,1,Rebellion Zion,pick,5,Cecilion,https://liquipedia.net/mobilelegends/MPL/Indonesia/Season_9/Regular_Season | https://github.com/LiTianYeoh/MLBB_Tournament_Analysis/blob/94ea36800e80c9e89a2356a0b81d3eeafbd6a4f7/analysis/data/consolidated_game_data_20240505.csv
9,S9-RS-009,2,Alter Ego,ban,1,Valentina,https://liquipedia.net/mobilelegends/MPL/Indonesia/Season_9/Regular_Season | https://github.com/LiTianYeoh/MLBB_Tournament_Analysis/blob/94ea36800e80c9e89a2356a0b81d3eeafbd6a4f7/analysis/data/consolidated_game_data_20240505.csv
9,S9-RS-009,2,Alter Ego,ban,2,Natalia,https://liquipedia.net/mobilelegends/MPL/Indonesia/Season_9/Regular_Season | https://github.com/LiTianYeoh/MLBB_Tournament_Analysis/blob/94ea36800e80c9e89a2356a0b81d3eeafbd6a4f7/analysis/data/consolidated_game_data_20240505.csv
9,S9-RS-009,2,Alter Ego,ban,3,Cecilion,https://liquipedia.net/mobilelegends/MPL/Indonesia/Season_9/Regular_Season | https://github.com/LiTianYeoh/MLBB_Tournament_Analysis/blob/94ea36800e80c9e89a2356a0b81d3eeafbd6a4f7/analysis/data/consolidated_game_data_20240505.csv
9,S9-RS-009,2,Alter Ego,ban,4,Brody,https://liquipedia.net/mobilelegends/MPL/Indonesia/Season_9/Regular_Season | https://github.com/LiTianYeoh/MLBB_Tournament_Analysis/blob/94ea36800e80c9e89a2356a0b81d3eeafbd6a4f7/analysis/data/consolidated_game_data_20240505.csv
9,S9-RS-009,2,Alter Ego,ban,5,Wanwan,https://liquipedia.net/mobilelegends/MPL/Indonesia/Season_9/Regular_Season | https://github.com/LiTianYeoh/MLBB_Tournament_Analysis/blob/94ea36800e80c9e89a2356a0b81d3eeafbd6a4f7/analysis/data/consolidated_game_data_20240505.csv
9,S9-RS-009,2,Alter Ego,pick,1,Gloo,https://liquipedia.net/mobilelegends/MPL/Indonesia/Season_9/Regular_Season | https://github.com/LiTianYeoh/MLBB_Tournament_Analysis/blob/94ea36800e80c9e89a2356a0b81d3eeafbd6a4f7/analysis/data/consolidated_game_data_20240505.csv
9,S9-RS-009,2,Alter Ego,pick,2,Yu Zhong,https://liquipedia.net/mobilelegends/MPL/Indonesia/Season_9/Regular_Season | https://github.com/LiTianYeoh/MLBB_Tournament_Analysis/blob/94ea36800e80c9e89a2356a0b81d3eeafbd6a4f7/analysis/data/consolidated_game_data_20240505.csv
9,S9-RS-009,2,Alter Ego,pick,3,Lylia,https://liquipedia.net/mobilelegends/MPL/Indonesia/Season_9/Regular_Season | https://github.com/LiTianYeoh/MLBB_Tournament_Analysis/blob/94ea36800e80c9e89a2356a0b81d3eeafbd6a4f7/analysis/data/consolidated_game_data_20240505.csv
9,S9-RS-009,2,Alter Ego,pick,4,Paquito,https://liquipedia.net/mobilelegends/MPL/Indonesia/Season_9/Regular_Season | https://github.com/LiTianYeoh/MLBB_Tournament_Analysis/blob/94ea36800e80c9e89a2356a0b81d3eeafbd6a4f7/analysis/data/consolidated_game_data_20240505.csv
9,S9-RS-009,2,Alter Ego,pick,5,Edith,https://liquipedia.net/mobilelegends/MPL/Indonesia/Season_9/Regular_Season | https://github.com/LiTianYeoh/MLBB_Tournament_Analysis/blob/94ea36800e80c9e89a2356a0b81d3eeafbd6a4f7/analysis/data/consolidated_game_data_20240505.csv
9,S9-RS-009,2,Rebellion Zion,ban,1,Aulus,https://liquipedia.net/mobilelegends/MPL/Indonesia/Season_9/Regular_Season | https://github.com/LiTianYeoh/MLBB_Tournament_Analysis/blob/94ea36800e80c9e89a2356a0b81d3eeafbd6a4f7/analysis/data/consolidated_game_data_20240505.csv
9,S9-RS-009,2,Rebellion Zion,ban,2,Khufra,https://liquipedia.net/mobilelegends/MPL/Indonesia/Season_9/Regular_Season | https://github.com/LiTianYeoh/MLBB_Tournament_Analysis/blob/94ea36800e80c9e89a2356a0b81d3eeafbd6a4f7/analysis/data/consolidated_game_data_20240505.csv
9,S9-RS-009,2,Rebellion Zion,ban,3,Lancelot,https://liquipedia.net/mobilelegends/MPL/Indonesia/Season_9/Regular_Season | https://github.com/LiTianYeoh/MLBB_Tournament_Analysis/blob/94ea36800e80c9e89a2356a0b81d3eeafbd6a4f7/analysis/data/consolidated_game_data_20240505.csv
9,S9-RS-009,2,Rebellion Zion,ban,4,Fanny,https://liquipedia.net/mobilelegends/MPL/Indonesia/Season_9/Regular_Season | https://github.com/LiTianYeoh/MLBB_Tournament_Analysis/blob/94ea36800e80c9e89a2356a0b81d3eeafbd6a4f7/analysis/data/consolidated_game_data_20240505.csv
9,S9-RS-009,2,Rebellion Zion,ban,5,Phoveus,https://liquipedia.net/mobilelegends/MPL/Indonesia/Season_9/Regular_Season | https://github.com/LiTianYeoh/MLBB_Tournament_Analysis/blob/94ea36800e80c9e89a2356a0b81d3eeafbd6a4f7/analysis/data/consolidated_game_data_20240505.csv
9,S9-RS-009,2,Rebellion Zion,pick,1,Aldous,https://liquipedia.net/mobilelegends/MPL/Indonesia/Season_9/Regular_Season | https://github.com/LiTianYeoh/MLBB_Tournament_Analysis/blob/94ea36800e80c9e89a2356a0b81d3eeafbd6a4f7/analysis/data/consolidated_game_data_20240505.csv
9,S9-RS-009,2,Rebellion Zion,pick,2,Khaleed,https://liquipedia.net/mobilelegends/MPL/Indonesia/Season_9/Regular_Season | https://github.com/LiTianYeoh/MLBB_Tournament_Analysis/blob/94ea36800e80c9e89a2356a0b81d3eeafbd6a4f7/analysis/data/consolidated_game_data_20240505.csv
9,S9-RS-009,2,Rebellion Zion,pick,3,Hayabusa,https://liquipedia.net/mobilelegends/MPL/Indonesia/Season_9/Regular_Season | https://github.com/LiTianYeoh/MLBB_Tournament_Analysis/blob/94ea36800e80c9e89a2356a0b81d3eeafbd6a4f7/analysis/data/consolidated_game_data_20240505.csv
9,S9-RS-009,2,Rebellion Zion,pick,4,Mathilda,https://liquipedia.net/mobilelegends/MPL/Indonesia/Season_9/Regular_Season | https://github.com/LiTianYeoh/MLBB_Tournament_Analysis/blob/94ea36800e80c9e89a2356a0b81d3eeafbd6a4f7/analysis/data/consolidated_game_data_20240505.csv
9,S9-RS-009,2,Rebellion Zion,pick,5,Yve,https://liquipedia.net/mobilelegends/MPL/Indonesia/Season_9/Regular_Season | https://github.com/LiTianYeoh/MLBB_Tournament_Analysis/blob/94ea36800e80c9e89a2356a0b81d3eeafbd6a4f7/analysis/data/consolidated_game_data_20240505.csv
9,S9-RS-010,1,Bigetron Alpha,ban,1,Fanny,https://liquipedia.net/mobilelegends/MPL/Indonesia/Season_9/Regular_Season | https://github.com/LiTianYeoh/MLBB_Tournament_Analysis/blob/94ea36800e80c9e89a2356a0b81d3eeafbd6a4f7/analysis/data/consolidated_game_data_20240505.csv
9,S9-RS-010,1,Bigetron Alpha,ban,2,Aulus,https://liquipedia.net/mobilelegends/MPL/Indonesia/Season_9/Regular_Season | https://github.com/LiTianYeoh/MLBB_Tournament_Analysis/blob/94ea36800e80c9e89a2356a0b81d3eeafbd6a4f7/analysis/data/consolidated_game_data_20240505.csv
9,S9-RS-010,1,Bigetron Alpha,ban,3,Yu Zhong,https://liquipedia.net/mobilelegends/MPL/Indonesia/Season_9/Regular_Season | https://github.com/LiTianYeoh/MLBB_Tournament_Analysis/blob/94ea36800e80c9e89a2356a0b81d3eeafbd6a4f7/analysis/data/consolidated_game_data_20240505.csv
9,S9-RS-010,1,Bigetron Alpha,ban,4,Khufra,https://liquipedia.net/mobilelegends/MPL/Indonesia/Season_9/Regular_Season | https://github.com/LiTianYeoh/MLBB_Tournament_Analysis/blob/94ea36800e80c9e89a2356a0b81d3eeafbd6a4f7/analysis/data/consolidated_game_data_20240505.csv
9,S9-RS-010,1,Bigetron Alpha,ban,5,Mathilda,https://liquipedia.net/mobilelegends/MPL/Indonesia/Season_9/Regular_Season | https://github.com/LiTianYeoh/MLBB_Tournament_Analysis/blob/94ea36800e80c9e89a2356a0b81d3eeafbd6a4f7/analysis/data/consolidated_game_data_20240505.csv
9,S9-RS-010,1,Bigetron Alpha,pick,1,Chou,https://liquipedia.net/mobilelegends/MPL/Indonesia/Season_9/Regular_Season | https://github.com/LiTianYeoh/MLBB_Tournament_Analysis/blob/94ea36800e80c9e89a2356a0b81d3eeafbd6a4f7/analysis/data/consolidated_game_data_20240505.csv
9,S9-RS-010,1,Bigetron Alpha,pick,2,Kadita,https://liquipedia.net/mobilelegends/MPL/Indonesia/Season_9/Regular_Season | https://github.com/LiTianYeoh/MLBB_Tournament_Analysis/blob/94ea36800e80c9e89a2356a0b81d3eeafbd6a4f7/analysis/data/consolidated_game_data_20240505.csv
9,S9-RS-010,1,Bigetron Alpha,pick,3,Johnson,https://liquipedia.net/mobilelegends/MPL/Indonesia/Season_9/Regular_Season | https://github.com/LiTianYeoh/MLBB_Tournament_Analysis/blob/94ea36800e80c9e89a2356a0b81d3eeafbd6a4f7/analysis/data/consolidated_game_data_20240505.csv
9,S9-RS-010,1,Bigetron Alpha,pick,4,Clint,https://liquipedia.net/mobilelegends/MPL/Indonesia/Season_9/Regular_Season | https://github.com/LiTianYeoh/MLBB_Tournament_Analysis/blob/94ea36800e80c9e89a2356a0b81d3eeafbd6a4f7/analysis/data/consolidated_game_data_20240505.csv
9,S9-RS-010,1,Bigetron Alpha,pick,5,Paquito,https://liquipedia.net/mobilelegends/MPL/Indonesia/Season_9/Regular_Season | https://github.com/LiTianYeoh/MLBB_Tournament_Analysis/blob/94ea36800e80c9e89a2356a0b81d3eeafbd6a4f7/analysis/data/consolidated_game_data_20240505.csv
9,S9-RS-010,1,AURA Fire,ban,1,Hayabusa,https://liquipedia.net/mobilelegends/MPL/Indonesia/Season_9/Regular_Season | https://github.com/LiTianYeoh/MLBB_Tournament_Analysis/blob/94ea36800e80c9e89a2356a0b81d3eeafbd6a4f7/analysis/data/consolidated_game_data_20240505.csv
9,S9-RS-010,1,AURA Fire,ban,2,Yi Sun-Shin,https://liquipedia.net/mobilelegends/MPL/Indonesia/Season_9/Regular_Season | https://github.com/LiTianYeoh/MLBB_Tournament_Analysis/blob/94ea36800e80c9e89a2356a0b81d3eeafbd6a4f7/analysis/data/consolidated_game_data_20240505.csv
9,S9-RS-010,1,AURA Fire,ban,3,Lancelot,https://liquipedia.net/mobilelegends/MPL/Indonesia/Season_9/Regular_Season | https://github.com/LiTianYeoh/MLBB_Tournament_Analysis/blob/94ea36800e80c9e89a2356a0b81d3eeafbd6a4f7/analysis/data/consolidated_game_data_20240505.csv
9,S9-RS-010,1,AURA Fire,ban,4,Cecilion,https://liquipedia.net/mobilelegends/MPL/Indonesia/Season_9/Regular_Season | https://github.com/LiTianYeoh/MLBB_Tournament_Analysis/blob/94ea36800e80c9e89a2356a0b81d3eeafbd6a4f7/analysis/data/consolidated_game_data_20240505.csv
9,S9-RS-010,1,AURA Fire,ban,5,Valentina,https://liquipedia.net/mobilelegends/MPL/Indonesia/Season_9/Regular_Season | https://github.com/LiTianYeoh/MLBB_Tournament_Analysis/blob/94ea36800e80c9e89a2356a0b81d3eeafbd6a4f7/analysis/data/consolidated_game_data_20240505.csv
9,S9-RS-010,1,AURA Fire,pick,1,Benedetta,https://liquipedia.net/mobilelegends/MPL/Indonesia/Season_9/Regular_Season | https://github.com/LiTianYeoh/MLBB_Tournament_Analysis/blob/94ea36800e80c9e89a2356a0b81d3eeafbd6a4f7/analysis/data/consolidated_game_data_20240505.csv
9,S9-RS-010,1,AURA Fire,pick,2,Martis,https://liquipedia.net/mobilelegends/MPL/Indonesia/Season_9/Regular_Season | https://github.com/LiTianYeoh/MLBB_Tournament_Analysis/blob/94ea36800e80c9e89a2356a0b81d3eeafbd6a4f7/analysis/data/consolidated_game_data_20240505.csv
9,S9-RS-010,1,AURA Fire,pick,3,Karina,https://liquipedia.net/mobilelegends/MPL/Indonesia/Season_9/Regular_Season | https://github.com/LiTianYeoh/MLBB_Tournament_Analysis/blob/94ea36800e80c9e89a2356a0b81d3eeafbd6a4f7/analysis/data/consolidated_game_data_20240505.csv
9,S9-RS-010,1,AURA Fire,pick,4,Esmeralda,https://liquipedia.net/mobilelegends/MPL/Indonesia/Season_9/Regular_Season | https://github.com/LiTianYeoh/MLBB_Tournament_Analysis/blob/94ea36800e80c9e89a2356a0b81d3eeafbd6a4f7/analysis/data/consolidated_game_data_20240505.csv
9,S9-RS-010,1,AURA Fire,pick,5,Yve,https://liquipedia.net/mobilelegends/MPL/Indonesia/Season_9/Regular_Season | https://github.com/LiTianYeoh/MLBB_Tournament_Analysis/blob/94ea36800e80c9e89a2356a0b81d3eeafbd6a4f7/analysis/data/consolidated_game_data_20240505.csv
9,S9-RS-010,2,Bigetron Alpha,ban,1,Valentina,https://liquipedia.net/mobilelegends/MPL/Indonesia/Season_9/Regular_Season | https://github.com/LiTianYeoh/MLBB_Tournament_Analysis/blob/94ea36800e80c9e89a2356a0b81d3eeafbd6a4f7/analysis/data/consolidated_game_data_20240505.csv
9,S9-RS-010,2,Bigetron Alpha,ban,2,Fanny,https://liquipedia.net/mobilelegends/MPL/Indonesia/Season_9/Regular_Season | https://github.com/LiTianYeoh/MLBB_Tournament_Analysis/blob/94ea36800e80c9e89a2356a0b81d3eeafbd6a4f7/analysis/data/consolidated_game_data_20240505.csv
9,S9-RS-010,2,Bigetron Alpha,ban,3,Aulus,https://liquipedia.net/mobilelegends/MPL/Indonesia/Season_9/Regular_Season | https://github.com/LiTianYeoh/MLBB_Tournament_Analysis/blob/94ea36800e80c9e89a2356a0b81d3eeafbd6a4f7/analysis/data/consolidated_game_data_20240505.csv
9,S9-RS-010,2,Bigetron Alpha,ban,4,Angela,https://liquipedia.net/mobilelegends/MPL/Indonesia/Season_9/Regular_Season | https://github.com/LiTianYeoh/MLBB_Tournament_Analysis/blob/94ea36800e80c9e89a2356a0b81d3eeafbd6a4f7/analysis/data/consolidated_game_data_20240505.csv
9,S9-RS-010,2,Bigetron Alpha,ban,5,Khufra,https://liquipedia.net/mobilelegends/MPL/Indonesia/Season_9/Regular_Season | https://github.com/LiTianYeoh/MLBB_Tournament_Analysis/blob/94ea36800e80c9e89a2356a0b81d3eeafbd6a4f7/analysis/data/consolidated_game_data_20240505.csv
9,S9-RS-010,2,Bigetron Alpha,pick,1,Mathilda,https://liquipedia.net/mobilelegends/MPL/Indonesia/Season_9/Regular_Season | https://github.com/LiTianYeoh/MLBB_Tournament_Analysis/blob/94ea36800e80c9e89a2356a0b81d3eeafbd6a4f7/analysis/data/consolidated_game_data_20240505.csv
9,S9-RS-010,2,Bigetron Alpha,pick,2,Yve,https://liquipedia.net/mobilelegends/MPL/Indonesia/Season_9/Regular_Season | https://github.com/LiTianYeoh/MLBB_Tournament_Analysis/blob/94ea36800e80c9e89a2356a0b81d3eeafbd6a4f7/analysis/data/consolidated_game_data_20240505.csv
9,S9-RS-010,2,Bigetron Alpha,pick,3,Uranus,https://liquipedia.net/mobilelegends/MPL/Indonesia/Season_9/Regular_Season | https://github.com/LiTianYeoh/MLBB_Tournament_Analysis/blob/94ea36800e80c9e89a2356a0b81d3eeafbd6a4f7/analysis/data/consolidated_game_data_20240505.csv
9,S9-RS-010,2,Bigetron Alpha,pick,4,Yi Sun-Shin,https://liquipedia.net/mobilelegends/MPL/Indonesia/Season_9/Regular_Season | https://github.com/LiTianYeoh/MLBB_Tournament_Analysis/blob/94ea36800e80c9e89a2356a0b81d3eeafbd6a4f7/analysis/data/consolidated_game_data_20240505.csv
9,S9-RS-010,2,Bigetron Alpha,pick,5,Aldous,https://liquipedia.net/mobilelegends/MPL/Indonesia/Season_9/Regular_Season | https://github.com/LiTianYeoh/MLBB_Tournament_Analysis/blob/94ea36800e80c9e89a2356a0b81d3eeafbd6a4f7/analysis/data/consolidated_game_data_20240505.csv
9,S9-RS-010,2,AURA Fire,ban,1,Hayabusa,https://liquipedia.net/mobilelegends/MPL/Indonesia/Season_9/Regular_Season | https://github.com/LiTianYeoh/MLBB_Tournament_Analysis/blob/94ea36800e80c9e89a2356a0b81d3eeafbd6a4f7/analysis/data/consolidated_game_data_20240505.csv
9,S9-RS-010,2,AURA Fire,ban,2,Brody,https://liquipedia.net/mobilelegends/MPL/Indonesia/Season_9/Regular_Season | https://github.com/LiTianYeoh/MLBB_Tournament_Analysis/blob/94ea36800e80c9e89a2356a0b81d3eeafbd6a4f7/analysis/data/consolidated_game_data_20240505.csv
9,S9-RS-010,2,AURA Fire,ban,3,Lancelot,https://liquipedia.net/mobilelegends/MPL/Indonesia/Season_9/Regular_Season | https://github.com/LiTianYeoh/MLBB_Tournament_Analysis/blob/94ea36800e80c9e89a2356a0b81d3eeafbd6a4f7/analysis/data/consolidated_game_data_20240505.csv
9,S9-RS-010,2,AURA Fire,ban,4,Johnson,https://liquipedia.net/mobilelegends/MPL/Indonesia/Season_9/Regular_Season | https://github.com/LiTianYeoh/MLBB_Tournament_Analysis/blob/94ea36800e80c9e89a2356a0b81d3eeafbd6a4f7/analysis/data/consolidated_game_data_20240505.csv
9,S9-RS-010,2,AURA Fire,ban,5,Cecilion,https://liquipedia.net/mobilelegends/MPL/Indonesia/Season_9/Regular_Season | https://github.com/LiTianYeoh/MLBB_Tournament_Analysis/blob/94ea36800e80c9e89a2356a0b81d3eeafbd6a4f7/analysis/data/consolidated_game_data_20240505.csv
9,S9-RS-010,2,AURA Fire,pick,1,Floryn,https://liquipedia.net/mobilelegends/MPL/Indonesia/Season_9/Regular_Season | https://github.com/LiTianYeoh/MLBB_Tournament_Analysis/blob/94ea36800e80c9e89a2356a0b81d3eeafbd6a4f7/analysis/data/consolidated_game_data_20240505.csv
9,S9-RS-010,2,AURA Fire,pick,2,Pharsa,https://liquipedia.net/mobilelegends/MPL/Indonesia/Season_9/Regular_Season | https://github.com/LiTianYeoh/MLBB_Tournament_Analysis/blob/94ea36800e80c9e89a2356a0b81d3eeafbd6a4f7/analysis/data/consolidated_game_data_20240505.csv
9,S9-RS-010,2,AURA Fire,pick,3,Ling,https://liquipedia.net/mobilelegends/MPL/Indonesia/Season_9/Regular_Season | https://github.com/LiTianYeoh/MLBB_Tournament_Analysis/blob/94ea36800e80c9e89a2356a0b81d3eeafbd6a4f7/analysis/data/consolidated_game_data_20240505.csv
9,S9-RS-010,2,AURA Fire,pick,4,Esmeralda,https://liquipedia.net/mobilelegends/MPL/Indonesia/Season_9/Regular_Season | https://github.com/LiTianYeoh/MLBB_Tournament_Analysis/blob/94ea36800e80c9e89a2356a0b81d3eeafbd6a4f7/analysis/data/consolidated_game_data_20240505.csv
9,S9-RS-010,2,AURA Fire,pick,5,Yu Zhong,https://liquipedia.net/mobilelegends/MPL/Indonesia/Season_9/Regular_Season | https://github.com/LiTianYeoh/MLBB_Tournament_Analysis/blob/94ea36800e80c9e89a2356a0b81d3eeafbd6a4f7/analysis/data/consolidated_game_data_20240505.csv
9,S9-RS-010,3,Bigetron Alpha,ban,1,Fanny,https://liquipedia.net/mobilelegends/MPL/Indonesia/Season_9/Regular_Season | https://github.com/LiTianYeoh/MLBB_Tournament_Analysis/blob/94ea36800e80c9e89a2356a0b81d3eeafbd6a4f7/analysis/data/consolidated_game_data_20240505.csv
9,S9-RS-010,3,Bigetron Alpha,ban,2,Aulus,https://liquipedia.net/mobilelegends/MPL/Indonesia/Season_9/Regular_Season | https://github.com/LiTianYeoh/MLBB_Tournament_Analysis/blob/94ea36800e80c9e89a2356a0b81d3eeafbd6a4f7/analysis/data/consolidated_game_data_20240505.csv
9,S9-RS-010,3,Bigetron Alpha,ban,3,Esmeralda,https://liquipedia.net/mobilelegends/MPL/Indonesia/Season_9/Regular_Season | https://github.com/LiTianYeoh/MLBB_Tournament_Analysis/blob/94ea36800e80c9e89a2356a0b81d3eeafbd6a4f7/analysis/data/consolidated_game_data_20240505.csv
9,S9-RS-010,3,Bigetron Alpha,ban,4,Mathilda,https://liquipedia.net/mobilelegends/MPL/Indonesia/Season_9/Regular_Season | https://github.com/LiTianYeoh/MLBB_Tournament_Analysis/blob/94ea36800e80c9e89a2356a0b81d3eeafbd6a4f7/analysis/data/consolidated_game_data_20240505.csv
9,S9-RS-010,3,Bigetron Alpha,ban,5,Ruby,https://liquipedia.net/mobilelegends/MPL/Indonesia/Season_9/Regular_Season | https://github.com/LiTianYeoh/MLBB_Tournament_Analysis/blob/94ea36800e80c9e89a2356a0b81d3eeafbd6a4f7/analysis/data/consolidated_game_data_20240505.csv
9,S9-RS-010,3,Bigetron Alpha,pick,1,Yu Zhong,https://liquipedia.net/mobilelegends/MPL/Indonesia/Season_9/Regular_Season | https://github.com/LiTianYeoh/MLBB_Tournament_Analysis/blob/94ea36800e80c9e89a2356a0b81d3eeafbd6a4f7/analysis/data/consolidated_game_data_20240505.csv
9,S9-RS-010,3,Bigetron Alpha,pick,2,Jawhead,https://liquipedia.net/mobilelegends/MPL/Indonesia/Season_9/Regular_Season | https://github.com/LiTianYeoh/MLBB_Tournament_Analysis/blob/94ea36800e80c9e89a2356a0b81d3eeafbd6a4f7/analysis/data/consolidated_game_data_20240505.csv
9,S9-RS-010,3,Bigetron Alpha,pick,3,Ling,https://liquipedia.net/mobilelegends/MPL/Indonesia/Season_9/Regular_Season | https://github.com/LiTianYeoh/MLBB_Tournament_Analysis/blob/94ea36800e80c9e89a2356a0b81d3eeafbd6a4f7/analysis/data/consolidated_game_data_20240505.csv
9,S9-RS-010,3,Bigetron Alpha,pick,4,Gloo,https://liquipedia.net/mobilelegends/MPL/Indonesia/Season_9/Regular_Season | https://github.com/LiTianYeoh/MLBB_Tournament_Analysis/blob/94ea36800e80c9e89a2356a0b81d3eeafbd6a4f7/analysis/data/consolidated_game_data_20240505.csv
9,S9-RS-010,3,Bigetron Alpha,pick,5,Pharsa,https://liquipedia.net/mobilelegends/MPL/Indonesia/Season_9/Regular_Season | https://github.com/LiTianYeoh/MLBB_Tournament_Analysis/blob/94ea36800e80c9e89a2356a0b81d3eeafbd6a4f7/analysis/data/consolidated_game_data_20240505.csv
9,S9-RS-010,3,AURA Fire,ban,1,Lylia,https://liquipedia.net/mobilelegends/MPL/Indonesia/Season_9/Regular_Season | https://github.com/LiTianYeoh/MLBB_Tournament_Analysis/blob/94ea36800e80c9e89a2356a0b81d3eeafbd6a4f7/analysis/data/consolidated_game_data_20240505.csv
9,S9-RS-010,3,AURA Fire,ban,2,Eudora,https://liquipedia.net/mobilelegends/MPL/Indonesia/Season_9/Regular_Season | https://github.com/LiTianYeoh/MLBB_Tournament_Analysis/blob/94ea36800e80c9e89a2356a0b81d3eeafbd6a4f7/analysis/data/consolidated_game_data_20240505.csv
9,S9-RS-010,3,AURA Fire,ban,3,Johnson,https://liquipedia.net/mobilelegends/MPL/Indonesia/Season_9/Regular_Season | https://github.com/LiTianYeoh/MLBB_Tournament_Analysis/blob/94ea36800e80c9e89a2356a0b81d3eeafbd6a4f7/analysis/data/consolidated_game_data_20240505.csv
9,S9-RS-010,3,AURA Fire,ban,4,Cecilion,https://liquipedia.net/mobilelegends/MPL/Indonesia/Season_9/Regular_Season | https://github.com/LiTianYeoh/MLBB_Tournament_Analysis/blob/94ea36800e80c9e89a2356a0b81d3eeafbd6a4f7/analysis/data/consolidated_game_data_20240505.csv
9,S9-RS-010,3,AURA Fire,ban,5,Valentina,https://liquipedia.net/mobilelegends/MPL/Indonesia/Season_9/Regular_Season | https://github.com/LiTianYeoh/MLBB_Tournament_Analysis/blob/94ea36800e80c9e89a2356a0b81d3eeafbd6a4f7/analysis/data/consolidated_game_data_20240505.csv
9,S9-RS-010,3,AURA Fire,pick,1,Chou,https://liquipedia.net/mobilelegends/MPL/Indonesia/Season_9/Regular_Season | https://github.com/LiTianYeoh/MLBB_Tournament_Analysis/blob/94ea36800e80c9e89a2356a0b81d3eeafbd6a4f7/analysis/data/consolidated_game_data_20240505.csv
9,S9-RS-010,3,AURA Fire,pick,2,Khufra,https://liquipedia.net/mobilelegends/MPL/Indonesia/Season_9/Regular_Season | https://github.com/LiTianYeoh/MLBB_Tournament_Analysis/blob/94ea36800e80c9e89a2356a0b81d3eeafbd6a4f7/analysis/data/consolidated_game_data_20240505.csv
9,S9-RS-010,3,AURA Fire,pick,3,Karina,https://liquipedia.net/mobilelegends/MPL/Indonesia/Season_9/Regular_Season | https://github.com/LiTianYeoh/MLBB_Tournament_Analysis/blob/94ea36800e80c9e89a2356a0b81d3eeafbd6a4f7/analysis/data/consolidated_game_data_20240505.csv
9,S9-RS-010,3,AURA Fire,pick,4,Yve,https://liquipedia.net/mobilelegends/MPL/Indonesia/Season_9/Regular_Season | https://github.com/LiTianYeoh/MLBB_Tournament_Analysis/blob/94ea36800e80c9e89a2356a0b81d3eeafbd6a4f7/analysis/data/consolidated_game_data_20240505.csv
9,S9-RS-010,3,AURA Fire,pick,5,Phoveus,https://liquipedia.net/mobilelegends/MPL/Indonesia/Season_9/Regular_Season | https://github.com/LiTianYeoh/MLBB_Tournament_Analysis/blob/94ea36800e80c9e89a2356a0b81d3eeafbd6a4f7/analysis/data/consolidated_game_data_20240505.csv
9,S9-RS-011,1,Geek Fam ID,ban,1,Fanny,https://liquipedia.net/mobilelegends/MPL/Indonesia/Season_9/Regular_Season | https://github.com/LiTianYeoh/MLBB_Tournament_Analysis/blob/94ea36800e80c9e89a2356a0b81d3eeafbd6a4f7/analysis/data/consolidated_game_data_20240505.csv
9,S9-RS-011,1,Geek Fam ID,ban,2,Lancelot,https://liquipedia.net/mobilelegends/MPL/Indonesia/Season_9/Regular_Season | https://github.com/LiTianYeoh/MLBB_Tournament_Analysis/blob/94ea36800e80c9e89a2356a0b81d3eeafbd6a4f7/analysis/data/consolidated_game_data_20240505.csv
9,S9-RS-011,1,Geek Fam ID,ban,3,Hayabusa,https://liquipedia.net/mobilelegends/MPL/Indonesia/Season_9/Regular_Season | https://github.com/LiTianYeoh/MLBB_Tournament_Analysis/blob/94ea36800e80c9e89a2356a0b81d3eeafbd6a4f7/analysis/data/consolidated_game_data_20240505.csv
9,S9-RS-011,1,Geek Fam ID,ban,4,Popol and Kupa,https://liquipedia.net/mobilelegends/MPL/Indonesia/Season_9/Regular_Season | https://github.com/LiTianYeoh/MLBB_Tournament_Analysis/blob/94ea36800e80c9e89a2356a0b81d3eeafbd6a4f7/analysis/data/consolidated_game_data_20240505.csv
9,S9-RS-011,1,Geek Fam ID,ban,5,Ruby,https://liquipedia.net/mobilelegends/MPL/Indonesia/Season_9/Regular_Season | https://github.com/LiTianYeoh/MLBB_Tournament_Analysis/blob/94ea36800e80c9e89a2356a0b81d3eeafbd6a4f7/analysis/data/consolidated_game_data_20240505.csv
9,S9-RS-011,1,Geek Fam ID,pick,1,Mathilda,https://liquipedia.net/mobilelegends/MPL/Indonesia/Season_9/Regular_Season | https://github.com/LiTianYeoh/MLBB_Tournament_Analysis/blob/94ea36800e80c9e89a2356a0b81d3eeafbd6a4f7/analysis/data/consolidated_game_data_20240505.csv
9,S9-RS-011,1,Geek Fam ID,pick,2,Edith,https://liquipedia.net/mobilelegends/MPL/Indonesia/Season_9/Regular_Season | https://github.com/LiTianYeoh/MLBB_Tournament_Analysis/blob/94ea36800e80c9e89a2356a0b81d3eeafbd6a4f7/analysis/data/consolidated_game_data_20240505.csv
9,S9-RS-011,1,Geek Fam ID,pick,3,Beatrix,https://liquipedia.net/mobilelegends/MPL/Indonesia/Season_9/Regular_Season | https://github.com/LiTianYeoh/MLBB_Tournament_Analysis/blob/94ea36800e80c9e89a2356a0b81d3eeafbd6a4f7/analysis/data/consolidated_game_data_20240505.csv
9,S9-RS-011,1,Geek Fam ID,pick,4,Phoveus,https://liquipedia.net/mobilelegends/MPL/Indonesia/Season_9/Regular_Season | https://github.com/LiTianYeoh/MLBB_Tournament_Analysis/blob/94ea36800e80c9e89a2356a0b81d3eeafbd6a4f7/analysis/data/consolidated_game_data_20240505.csv
9,S9-RS-011,1,Geek Fam ID,pick,5,Benedetta,https://liquipedia.net/mobilelegends/MPL/Indonesia/Season_9/Regular_Season | https://github.com/LiTianYeoh/MLBB_Tournament_Analysis/blob/94ea36800e80c9e89a2356a0b81d3eeafbd6a4f7/analysis/data/consolidated_game_data_20240505.csv
9,S9-RS-011,1,EVOS Legends,ban,1,Franco,https://liquipedia.net/mobilelegends/MPL/Indonesia/Season_9/Regular_Season | https://github.com/LiTianYeoh/MLBB_Tournament_Analysis/blob/94ea36800e80c9e89a2356a0b81d3eeafbd6a4f7/analysis/data/consolidated_game_data_20240505.csv
9,S9-RS-011,1,EVOS Legends,ban,2,Ling,https://liquipedia.net/mobilelegends/MPL/Indonesia/Season_9/Regular_Season | https://github.com/LiTianYeoh/MLBB_Tournament_Analysis/blob/94ea36800e80c9e89a2356a0b81d3eeafbd6a4f7/analysis/data/consolidated_game_data_20240505.csv
9,S9-RS-011,1,EVOS Legends,ban,3,Selena,https://liquipedia.net/mobilelegends/MPL/Indonesia/Season_9/Regular_Season | https://github.com/LiTianYeoh/MLBB_Tournament_Analysis/blob/94ea36800e80c9e89a2356a0b81d3eeafbd6a4f7/analysis/data/consolidated_game_data_20240505.csv
9,S9-RS-011,1,EVOS Legends,ban,4,Cecilion,https://liquipedia.net/mobilelegends/MPL/Indonesia/Season_9/Regular_Season | https://github.com/LiTianYeoh/MLBB_Tournament_Analysis/blob/94ea36800e80c9e89a2356a0b81d3eeafbd6a4f7/analysis/data/consolidated_game_data_20240505.csv
9,S9-RS-011,1,EVOS Legends,ban,5,Valentina,https://liquipedia.net/mobilelegends/MPL/Indonesia/Season_9/Regular_Season | https://github.com/LiTianYeoh/MLBB_Tournament_Analysis/blob/94ea36800e80c9e89a2356a0b81d3eeafbd6a4f7/analysis/data/consolidated_game_data_20240505.csv
9,S9-RS-011,1,EVOS Legends,pick,1,Brody,https://liquipedia.net/mobilelegends/MPL/Indonesia/Season_9/Regular_Season | https://github.com/LiTianYeoh/MLBB_Tournament_Analysis/blob/94ea36800e80c9e89a2356a0b81d3eeafbd6a4f7/analysis/data/consolidated_game_data_20240505.csv
9,S9-RS-011,1,EVOS Legends,pick,2,Lolita,https://liquipedia.net/mobilelegends/MPL/Indonesia/Season_9/Regular_Season | https://github.com/LiTianYeoh/MLBB_Tournament_Analysis/blob/94ea36800e80c9e89a2356a0b81d3eeafbd6a4f7/analysis/data/consolidated_game_data_20240505.csv
9,S9-RS-011,1,EVOS Legends,pick,3,Gloo,https://liquipedia.net/mobilelegends/MPL/Indonesia/Season_9/Regular_Season | https://github.com/LiTianYeoh/MLBB_Tournament_Analysis/blob/94ea36800e80c9e89a2356a0b81d3eeafbd6a4f7/analysis/data/consolidated_game_data_20240505.csv
9,S9-RS-011,1,EVOS Legends,pick,4,Paquito,https://liquipedia.net/mobilelegends/MPL/Indonesia/Season_9/Regular_Season | https://github.com/LiTianYeoh/MLBB_Tournament_Analysis/blob/94ea36800e80c9e89a2356a0b81d3eeafbd6a4f7/analysis/data/consolidated_game_data_20240505.csv
9,S9-RS-011,1,EVOS Legends,pick,5,Yve,https://liquipedia.net/mobilelegends/MPL/Indonesia/Season_9/Regular_Season | https://github.com/LiTianYeoh/MLBB_Tournament_Analysis/blob/94ea36800e80c9e89a2356a0b81d3eeafbd6a4f7/analysis/data/consolidated_game_data_20240505.csv
9,S9-RS-011,2,Geek Fam ID,ban,1,Fanny,https://liquipedia.net/mobilelegends/MPL/Indonesia/Season_9/Regular_Season | https://github.com/LiTianYeoh/MLBB_Tournament_Analysis/blob/94ea36800e80c9e89a2356a0b81d3eeafbd6a4f7/analysis/data/consolidated_game_data_20240505.csv
9,S9-RS-011,2,Geek Fam ID,ban,2,Lancelot,https://liquipedia.net/mobilelegends/MPL/Indonesia/Season_9/Regular_Season | https://github.com/LiTianYeoh/MLBB_Tournament_Analysis/blob/94ea36800e80c9e89a2356a0b81d3eeafbd6a4f7/analysis/data/consolidated_game_data_20240505.csv
9,S9-RS-011,2,Geek Fam ID,ban,3,Valentina,https://liquipedia.net/mobilelegends/MPL/Indonesia/Season_9/Regular_Season | https://github.com/LiTianYeoh/MLBB_Tournament_Analysis/blob/94ea36800e80c9e89a2356a0b81d3eeafbd6a4f7/analysis/data/consolidated_game_data_20240505.csv
9,S9-RS-011,2,Geek Fam ID,ban,4,Wanwan,https://liquipedia.net/mobilelegends/MPL/Indonesia/Season_9/Regular_Season | https://github.com/LiTianYeoh/MLBB_Tournament_Analysis/blob/94ea36800e80c9e89a2356a0b81d3eeafbd6a4f7/analysis/data/consolidated_game_data_20240505.csv
9,S9-RS-011,2,Geek Fam ID,ban,5,Gloo,https://liquipedia.net/mobilelegends/MPL/Indonesia/Season_9/Regular_Season | https://github.com/LiTianYeoh/MLBB_Tournament_Analysis/blob/94ea36800e80c9e89a2356a0b81d3eeafbd6a4f7/analysis/data/consolidated_game_data_20240505.csv
9,S9-RS-011,2,Geek Fam ID,pick,1,Chou,https://liquipedia.net/mobilelegends/MPL/Indonesia/Season_9/Regular_Season | https://github.com/LiTianYeoh/MLBB_Tournament_Analysis/blob/94ea36800e80c9e89a2356a0b81d3eeafbd6a4f7/analysis/data/consolidated_game_data_20240505.csv
9,S9-RS-011,2,Geek Fam ID,pick,2,Yu Zhong,https://liquipedia.net/mobilelegends/MPL/Indonesia/Season_9/Regular_Season | https://github.com/LiTianYeoh/MLBB_Tournament_Analysis/blob/94ea36800e80c9e89a2356a0b81d3eeafbd6a4f7/analysis/data/consolidated_game_data_20240505.csv
9,S9-RS-011,2,Geek Fam ID,pick,3,Yve,https://liquipedia.net/mobilelegends/MPL/Indonesia/Season_9/Regular_Season | https://github.com/LiTianYeoh/MLBB_Tournament_Analysis/blob/94ea36800e80c9e89a2356a0b81d3eeafbd6a4f7/analysis/data/consolidated_game_data_20240505.csv
9,S9-RS-011,2,Geek Fam ID,pick,4,Granger,https://liquipedia.net/mobilelegends/MPL/Indonesia/Season_9/Regular_Season | https://github.com/LiTianYeoh/MLBB_Tournament_Analysis/blob/94ea36800e80c9e89a2356a0b81d3eeafbd6a4f7/analysis/data/consolidated_game_data_20240505.csv
9,S9-RS-011,2,Geek Fam ID,pick,5,Hylos,https://liquipedia.net/mobilelegends/MPL/Indonesia/Season_9/Regular_Season | https://github.com/LiTianYeoh/MLBB_Tournament_Analysis/blob/94ea36800e80c9e89a2356a0b81d3eeafbd6a4f7/analysis/data/consolidated_game_data_20240505.csv
9,S9-RS-011,2,EVOS Legends,ban,1,Aulus,https://liquipedia.net/mobilelegends/MPL/Indonesia/Season_9/Regular_Season | https://github.com/LiTianYeoh/MLBB_Tournament_Analysis/blob/94ea36800e80c9e89a2356a0b81d3eeafbd6a4f7/analysis/data/consolidated_game_data_20240505.csv
9,S9-RS-011,2,EVOS Legends,ban,2,Karina,https://liquipedia.net/mobilelegends/MPL/Indonesia/Season_9/Regular_Season | https://github.com/LiTianYeoh/MLBB_Tournament_Analysis/blob/94ea36800e80c9e89a2356a0b81d3eeafbd6a4f7/analysis/data/consolidated_game_data_20240505.csv
9,S9-RS-011,2,EVOS Legends,ban,3,Hayabusa,https://liquipedia.net/mobilelegends/MPL/Indonesia/Season_9/Regular_Season | https://github.com/LiTianYeoh/MLBB_Tournament_Analysis/blob/94ea36800e80c9e89a2356a0b81d3eeafbd6a4f7/analysis/data/consolidated_game_data_20240505.csv
9,S9-RS-011,2,EVOS Legends,ban,4,Ling,https://liquipedia.net/mobilelegends/MPL/Indonesia/Season_9/Regular_Season | https://github.com/LiTianYeoh/MLBB_Tournament_Analysis/blob/94ea36800e80c9e89a2356a0b81d3eeafbd6a4f7/analysis/data/consolidated_game_data_20240505.csv
9,S9-RS-011,2,EVOS Legends,ban,5,Selena,https://liquipedia.net/mobilelegends/MPL/Indonesia/Season_9/Regular_Season | https://github.com/LiTianYeoh/MLBB_Tournament_Analysis/blob/94ea36800e80c9e89a2356a0b81d3eeafbd6a4f7/analysis/data/consolidated_game_data_20240505.csv
9,S9-RS-011,2,EVOS Legends,pick,1,Esmeralda,https://liquipedia.net/mobilelegends/MPL/Indonesia/Season_9/Regular_Season | https://github.com/LiTianYeoh/MLBB_Tournament_Analysis/blob/94ea36800e80c9e89a2356a0b81d3eeafbd6a4f7/analysis/data/consolidated_game_data_20240505.csv
9,S9-RS-011,2,EVOS Legends,pick,2,Phoveus,https://liquipedia.net/mobilelegends/MPL/Indonesia/Season_9/Regular_Season | https://github.com/LiTianYeoh/MLBB_Tournament_Analysis/blob/94ea36800e80c9e89a2356a0b81d3eeafbd6a4f7/analysis/data/consolidated_game_data_20240505.csv
9,S9-RS-011,2,EVOS Legends,pick,3,Paquito,https://liquipedia.net/mobilelegends/MPL/Indonesia/Season_9/Regular_Season | https://github.com/LiTianYeoh/MLBB_Tournament_Analysis/blob/94ea36800e80c9e89a2356a0b81d3eeafbd6a4f7/analysis/data/consolidated_game_data_20240505.csv
9,S9-RS-011,2,EVOS Legends,pick,4,Mathilda,https://liquipedia.net/mobilelegends/MPL/Indonesia/Season_9/Regular_Season | https://github.com/LiTianYeoh/MLBB_Tournament_Analysis/blob/94ea36800e80c9e89a2356a0b81d3eeafbd6a4f7/analysis/data/consolidated_game_data_20240505.csv
9,S9-RS-011,2,EVOS Legends,pick,5,Cecilion,https://liquipedia.net/mobilelegends/MPL/Indonesia/Season_9/Regular_Season | https://github.com/LiTianYeoh/MLBB_Tournament_Analysis/blob/94ea36800e80c9e89a2356a0b81d3eeafbd6a4f7/analysis/data/consolidated_game_data_20240505.csv
9,S9-RS-012,1,ONIC Esports,ban,1,Valentina,https://liquipedia.net/mobilelegends/MPL/Indonesia/Season_9/Regular_Season | https://github.com/LiTianYeoh/MLBB_Tournament_Analysis/blob/94ea36800e80c9e89a2356a0b81d3eeafbd6a4f7/analysis/data/consolidated_game_data_20240505.csv
9,S9-RS-012,1,ONIC Esports,ban,2,Fanny,https://liquipedia.net/mobilelegends/MPL/Indonesia/Season_9/Regular_Season | https://github.com/LiTianYeoh/MLBB_Tournament_Analysis/blob/94ea36800e80c9e89a2356a0b81d3eeafbd6a4f7/analysis/data/consolidated_game_data_20240505.csv
9,S9-RS-012,1,ONIC Esports,ban,3,Yve,https://liquipedia.net/mobilelegends/MPL/Indonesia/Season_9/Regular_Season | https://github.com/LiTianYeoh/MLBB_Tournament_Analysis/blob/94ea36800e80c9e89a2356a0b81d3eeafbd6a4f7/analysis/data/consolidated_game_data_20240505.csv
9,S9-RS-012,1,ONIC Esports,ban,4,Khufra,https://liquipedia.net/mobilelegends/MPL/Indonesia/Season_9/Regular_Season | https://github.com/LiTianYeoh/MLBB_Tournament_Analysis/blob/94ea36800e80c9e89a2356a0b81d3eeafbd6a4f7/analysis/data/consolidated_game_data_20240505.csv
9,S9-RS-012,1,ONIC Esports,ban,5,Lolita,https://liquipedia.net/mobilelegends/MPL/Indonesia/Season_9/Regular_Season | https://github.com/LiTianYeoh/MLBB_Tournament_Analysis/blob/94ea36800e80c9e89a2356a0b81d3eeafbd6a4f7/analysis/data/consolidated_game_data_20240505.csv
9,S9-RS-012,1,ONIC Esports,pick,1,Esmeralda,https://liquipedia.net/mobilelegends/MPL/Indonesia/Season_9/Regular_Season | https://github.com/LiTianYeoh/MLBB_Tournament_Analysis/blob/94ea36800e80c9e89a2356a0b81d3eeafbd6a4f7/analysis/data/consolidated_game_data_20240505.csv
9,S9-RS-012,1,ONIC Esports,pick,2,Mathilda,https://liquipedia.net/mobilelegends/MPL/Indonesia/Season_9/Regular_Season | https://github.com/LiTianYeoh/MLBB_Tournament_Analysis/blob/94ea36800e80c9e89a2356a0b81d3eeafbd6a4f7/analysis/data/consolidated_game_data_20240505.csv
9,S9-RS-012,1,ONIC Esports,pick,3,Vale,https://liquipedia.net/mobilelegends/MPL/Indonesia/Season_9/Regular_Season | https://github.com/LiTianYeoh/MLBB_Tournament_Analysis/blob/94ea36800e80c9e89a2356a0b81d3eeafbd6a4f7/analysis/data/consolidated_game_data_20240505.csv
9,S9-RS-012,1,ONIC Esports,pick,4,Paquito,https://liquipedia.net/mobilelegends/MPL/Indonesia/Season_9/Regular_Season | https://github.com/LiTianYeoh/MLBB_Tournament_Analysis/blob/94ea36800e80c9e89a2356a0b81d3eeafbd6a4f7/analysis/data/consolidated_game_data_20240505.csv
9,S9-RS-012,1,ONIC Esports,pick,5,Wanwan,https://liquipedia.net/mobilelegends/MPL/Indonesia/Season_9/Regular_Season | https://github.com/LiTianYeoh/MLBB_Tournament_Analysis/blob/94ea36800e80c9e89a2356a0b81d3eeafbd6a4f7/analysis/data/consolidated_game_data_20240505.csv
9,S9-RS-012,1,RRQ Hoshi,ban,1,Popol and Kupa,https://liquipedia.net/mobilelegends/MPL/Indonesia/Season_9/Regular_Season | https://github.com/LiTianYeoh/MLBB_Tournament_Analysis/blob/94ea36800e80c9e89a2356a0b81d3eeafbd6a4f7/analysis/data/consolidated_game_data_20240505.csv
9,S9-RS-012,1,RRQ Hoshi,ban,2,Hayabusa,https://liquipedia.net/mobilelegends/MPL/Indonesia/Season_9/Regular_Season | https://github.com/LiTianYeoh/MLBB_Tournament_Analysis/blob/94ea36800e80c9e89a2356a0b81d3eeafbd6a4f7/analysis/data/consolidated_game_data_20240505.csv
9,S9-RS-012,1,RRQ Hoshi,ban,3,Selena,https://liquipedia.net/mobilelegends/MPL/Indonesia/Season_9/Regular_Season | https://github.com/LiTianYeoh/MLBB_Tournament_Analysis/blob/94ea36800e80c9e89a2356a0b81d3eeafbd6a4f7/analysis/data/consolidated_game_data_20240505.csv
9,S9-RS-012,1,RRQ Hoshi,ban,4,Natalia,https://liquipedia.net/mobilelegends/MPL/Indonesia/Season_9/Regular_Season | https://github.com/LiTianYeoh/MLBB_Tournament_Analysis/blob/94ea36800e80c9e89a2356a0b81d3eeafbd6a4f7/analysis/data/consolidated_game_data_20240505.csv
9,S9-RS-012,1,RRQ Hoshi,ban,5,Chou,https://liquipedia.net/mobilelegends/MPL/Indonesia/Season_9/Regular_Season | https://github.com/LiTianYeoh/MLBB_Tournament_Analysis/blob/94ea36800e80c9e89a2356a0b81d3eeafbd6a4f7/analysis/data/consolidated_game_data_20240505.csv
9,S9-RS-012,1,RRQ Hoshi,pick,1,Ruby,https://liquipedia.net/mobilelegends/MPL/Indonesia/Season_9/Regular_Season | https://github.com/LiTianYeoh/MLBB_Tournament_Analysis/blob/94ea36800e80c9e89a2356a0b81d3eeafbd6a4f7/analysis/data/consolidated_game_data_20240505.csv
9,S9-RS-012,1,RRQ Hoshi,pick,2,Beatrix,https://liquipedia.net/mobilelegends/MPL/Indonesia/Season_9/Regular_Season | https://github.com/LiTianYeoh/MLBB_Tournament_Analysis/blob/94ea36800e80c9e89a2356a0b81d3eeafbd6a4f7/analysis/data/consolidated_game_data_20240505.csv
9,S9-RS-012,1,RRQ Hoshi,pick,3,Gloo,https://liquipedia.net/mobilelegends/MPL/Indonesia/Season_9/Regular_Season | https://github.com/LiTianYeoh/MLBB_Tournament_Analysis/blob/94ea36800e80c9e89a2356a0b81d3eeafbd6a4f7/analysis/data/consolidated_game_data_20240505.csv
9,S9-RS-012,1,RRQ Hoshi,pick,4,Cecilion,https://liquipedia.net/mobilelegends/MPL/Indonesia/Season_9/Regular_Season | https://github.com/LiTianYeoh/MLBB_Tournament_Analysis/blob/94ea36800e80c9e89a2356a0b81d3eeafbd6a4f7/analysis/data/consolidated_game_data_20240505.csv
9,S9-RS-012,1,RRQ Hoshi,pick,5,Lancelot,https://liquipedia.net/mobilelegends/MPL/Indonesia/Season_9/Regular_Season | https://github.com/LiTianYeoh/MLBB_Tournament_Analysis/blob/94ea36800e80c9e89a2356a0b81d3eeafbd6a4f7/analysis/data/consolidated_game_data_20240505.csv
9,S9-RS-012,2,ONIC Esports,ban,1,Valentina,https://liquipedia.net/mobilelegends/MPL/Indonesia/Season_9/Regular_Season | https://github.com/LiTianYeoh/MLBB_Tournament_Analysis/blob/94ea36800e80c9e89a2356a0b81d3eeafbd6a4f7/analysis/data/consolidated_game_data_20240505.csv
9,S9-RS-012,2,ONIC Esports,ban,2,Yve,https://liquipedia.net/mobilelegends/MPL/Indonesia/Season_9/Regular_Season | https://github.com/LiTianYeoh/MLBB_Tournament_Analysis/blob/94ea36800e80c9e89a2356a0b81d3eeafbd6a4f7/analysis/data/consolidated_game_data_20240505.csv
9,S9-RS-012,2,ONIC Esports,ban,3,Mathilda,https://liquipedia.net/mobilelegends/MPL/Indonesia/Season_9/Regular_Season | https://github.com/LiTianYeoh/MLBB_Tournament_Analysis/blob/94ea36800e80c9e89a2356a0b81d3eeafbd6a4f7/analysis/data/consolidated_game_data_20240505.csv
9,S9-RS-012,2,ONIC Esports,ban,4,Hayabusa,https://liquipedia.net/mobilelegends/MPL/Indonesia/Season_9/Regular_Season | https://github.com/LiTianYeoh/MLBB_Tournament_Analysis/blob/94ea36800e80c9e89a2356a0b81d3eeafbd6a4f7/analysis/data/consolidated_game_data_20240505.csv
9,S9-RS-012,2,ONIC Esports,ban,5,Lancelot,https://liquipedia.net/mobilelegends/MPL/Indonesia/Season_9/Regular_Season | https://github.com/LiTianYeoh/MLBB_Tournament_Analysis/blob/94ea36800e80c9e89a2356a0b81d3eeafbd6a4f7/analysis/data/consolidated_game_data_20240505.csv
9,S9-RS-012,2,ONIC Esports,pick,1,Paquito,https://liquipedia.net/mobilelegends/MPL/Indonesia/Season_9/Regular_Season | https://github.com/LiTianYeoh/MLBB_Tournament_Analysis/blob/94ea36800e80c9e89a2356a0b81d3eeafbd6a4f7/analysis/data/consolidated_game_data_20240505.csv
9,S9-RS-012,2,ONIC Esports,pick,2,Selena,https://liquipedia.net/mobilelegends/MPL/Indonesia/Season_9/Regular_Season | https://github.com/LiTianYeoh/MLBB_Tournament_Analysis/blob/94ea36800e80c9e89a2356a0b81d3eeafbd6a4f7/analysis/data/consolidated_game_data_20240505.csv
9,S9-RS-012,2,ONIC Esports,pick,3,Aulus,https://liquipedia.net/mobilelegends/MPL/Indonesia/Season_9/Regular_Season | https://github.com/LiTianYeoh/MLBB_Tournament_Analysis/blob/94ea36800e80c9e89a2356a0b81d3eeafbd6a4f7/analysis/data/consolidated_game_data_20240505.csv
9,S9-RS-012,2,ONIC Esports,pick,4,Kagura,https://liquipedia.net/mobilelegends/MPL/Indonesia/Season_9/Regular_Season | https://github.com/LiTianYeoh/MLBB_Tournament_Analysis/blob/94ea36800e80c9e89a2356a0b81d3eeafbd6a4f7/analysis/data/consolidated_game_data_20240505.csv
9,S9-RS-012,2,ONIC Esports,pick,5,Diggie,https://liquipedia.net/mobilelegends/MPL/Indonesia/Season_9/Regular_Season | https://github.com/LiTianYeoh/MLBB_Tournament_Analysis/blob/94ea36800e80c9e89a2356a0b81d3eeafbd6a4f7/analysis/data/consolidated_game_data_20240505.csv
9,S9-RS-012,2,RRQ Hoshi,ban,1,Kadita,https://liquipedia.net/mobilelegends/MPL/Indonesia/Season_9/Regular_Season | https://github.com/LiTianYeoh/MLBB_Tournament_Analysis/blob/94ea36800e80c9e89a2356a0b81d3eeafbd6a4f7/analysis/data/consolidated_game_data_20240505.csv
9,S9-RS-012,2,RRQ Hoshi,ban,2,Popol and Kupa,https://liquipedia.net/mobilelegends/MPL/Indonesia/Season_9/Regular_Season | https://github.com/LiTianYeoh/MLBB_Tournament_Analysis/blob/94ea36800e80c9e89a2356a0b81d3eeafbd6a4f7/analysis/data/consolidated_game_data_20240505.csv
9,S9-RS-012,2,RRQ Hoshi,ban,3,Fanny,https://liquipedia.net/mobilelegends/MPL/Indonesia/Season_9/Regular_Season | https://github.com/LiTianYeoh/MLBB_Tournament_Analysis/blob/94ea36800e80c9e89a2356a0b81d3eeafbd6a4f7/analysis/data/consolidated_game_data_20240505.csv
9,S9-RS-012,2,RRQ Hoshi,ban,4,Natalia,https://liquipedia.net/mobilelegends/MPL/Indonesia/Season_9/Regular_Season | https://github.com/LiTianYeoh/MLBB_Tournament_Analysis/blob/94ea36800e80c9e89a2356a0b81d3eeafbd6a4f7/analysis/data/consolidated_game_data_20240505.csv
9,S9-RS-012,2,RRQ Hoshi,ban,5,Chou,https://liquipedia.net/mobilelegends/MPL/Indonesia/Season_9/Regular_Season | https://github.com/LiTianYeoh/MLBB_Tournament_Analysis/blob/94ea36800e80c9e89a2356a0b81d3eeafbd6a4f7/analysis/data/consolidated_game_data_20240505.csv
9,S9-RS-012,2,RRQ Hoshi,pick,1,Karina,https://liquipedia.net/mobilelegends/MPL/Indonesia/Season_9/Regular_Season | https://github.com/LiTianYeoh/MLBB_Tournament_Analysis/blob/94ea36800e80c9e89a2356a0b81d3eeafbd6a4f7/analysis/data/consolidated_game_data_20240505.csv
9,S9-RS-012,2,RRQ Hoshi,pick,2,Jawhead,https://liquipedia.net/mobilelegends/MPL/Indonesia/Season_9/Regular_Season | https://github.com/LiTianYeoh/MLBB_Tournament_Analysis/blob/94ea36800e80c9e89a2356a0b81d3eeafbd6a4f7/analysis/data/consolidated_game_data_20240505.csv
9,S9-RS-012,2,RRQ Hoshi,pick,3,Beatrix,https://liquipedia.net/mobilelegends/MPL/Indonesia/Season_9/Regular_Season | https://github.com/LiTianYeoh/MLBB_Tournament_Analysis/blob/94ea36800e80c9e89a2356a0b81d3eeafbd6a4f7/analysis/data/consolidated_game_data_20240505.csv
9,S9-RS-012,2,RRQ Hoshi,pick,4,Lylia,https://liquipedia.net/mobilelegends/MPL/Indonesia/Season_9/Regular_Season | https://github.com/LiTianYeoh/MLBB_Tournament_Analysis/blob/94ea36800e80c9e89a2356a0b81d3eeafbd6a4f7/analysis/data/consolidated_game_data_20240505.csv
9,S9-RS-012,2,RRQ Hoshi,pick,5,Esmeralda,https://liquipedia.net/mobilelegends/MPL/Indonesia/Season_9/Regular_Season | https://github.com/LiTianYeoh/MLBB_Tournament_Analysis/blob/94ea36800e80c9e89a2356a0b81d3eeafbd6a4f7/analysis/data/consolidated_game_data_20240505.csv
9,S9-RS-013,1,Geek Fam ID,ban,1,Ling,https://liquipedia.net/mobilelegends/MPL/Indonesia/Season_9/Regular_Season | https://github.com/LiTianYeoh/MLBB_Tournament_Analysis/blob/94ea36800e80c9e89a2356a0b81d3eeafbd6a4f7/analysis/data/consolidated_game_data_20240505.csv
9,S9-RS-013,1,Geek Fam ID,ban,2,Fanny,https://liquipedia.net/mobilelegends/MPL/Indonesia/Season_9/Regular_Season | https://github.com/LiTianYeoh/MLBB_Tournament_Analysis/blob/94ea36800e80c9e89a2356a0b81d3eeafbd6a4f7/analysis/data/consolidated_game_data_20240505.csv
9,S9-RS-013,1,Geek Fam ID,ban,3,Lancelot,https://liquipedia.net/mobilelegends/MPL/Indonesia/Season_9/Regular_Season | https://github.com/LiTianYeoh/MLBB_Tournament_Analysis/blob/94ea36800e80c9e89a2356a0b81d3eeafbd6a4f7/analysis/data/consolidated_game_data_20240505.csv
9,S9-RS-013,1,Geek Fam ID,ban,4,Paquito,https://liquipedia.net/mobilelegends/MPL/Indonesia/Season_9/Regular_Season | https://github.com/LiTianYeoh/MLBB_Tournament_Analysis/blob/94ea36800e80c9e89a2356a0b81d3eeafbd6a4f7/analysis/data/consolidated_game_data_20240505.csv
9,S9-RS-013,1,Geek Fam ID,ban,5,Phoveus,https://liquipedia.net/mobilelegends/MPL/Indonesia/Season_9/Regular_Season | https://github.com/LiTianYeoh/MLBB_Tournament_Analysis/blob/94ea36800e80c9e89a2356a0b81d3eeafbd6a4f7/analysis/data/consolidated_game_data_20240505.csv
9,S9-RS-013,1,Geek Fam ID,pick,1,Mathilda,https://liquipedia.net/mobilelegends/MPL/Indonesia/Season_9/Regular_Season | https://github.com/LiTianYeoh/MLBB_Tournament_Analysis/blob/94ea36800e80c9e89a2356a0b81d3eeafbd6a4f7/analysis/data/consolidated_game_data_20240505.csv
9,S9-RS-013,1,Geek Fam ID,pick,2,Edith,https://liquipedia.net/mobilelegends/MPL/Indonesia/Season_9/Regular_Season | https://github.com/LiTianYeoh/MLBB_Tournament_Analysis/blob/94ea36800e80c9e89a2356a0b81d3eeafbd6a4f7/analysis/data/consolidated_game_data_20240505.csv
9,S9-RS-013,1,Geek Fam ID,pick,3,Franco,https://liquipedia.net/mobilelegends/MPL/Indonesia/Season_9/Regular_Season | https://github.com/LiTianYeoh/MLBB_Tournament_Analysis/blob/94ea36800e80c9e89a2356a0b81d3eeafbd6a4f7/analysis/data/consolidated_game_data_20240505.csv
9,S9-RS-013,1,Geek Fam ID,pick,4,Karina,https://liquipedia.net/mobilelegends/MPL/Indonesia/Season_9/Regular_Season | https://github.com/LiTianYeoh/MLBB_Tournament_Analysis/blob/94ea36800e80c9e89a2356a0b81d3eeafbd6a4f7/analysis/data/consolidated_game_data_20240505.csv
9,S9-RS-013,1,Geek Fam ID,pick,5,Karrie,https://liquipedia.net/mobilelegends/MPL/Indonesia/Season_9/Regular_Season | https://github.com/LiTianYeoh/MLBB_Tournament_Analysis/blob/94ea36800e80c9e89a2356a0b81d3eeafbd6a4f7/analysis/data/consolidated_game_data_20240505.csv
9,S9-RS-013,1,Rebellion Zion,ban,1,Claude,https://liquipedia.net/mobilelegends/MPL/Indonesia/Season_9/Regular_Season | https://github.com/LiTianYeoh/MLBB_Tournament_Analysis/blob/94ea36800e80c9e89a2356a0b81d3eeafbd6a4f7/analysis/data/consolidated_game_data_20240505.csv
9,S9-RS-013,1,Rebellion Zion,ban,2,Cecilion,https://liquipedia.net/mobilelegends/MPL/Indonesia/Season_9/Regular_Season | https://github.com/LiTianYeoh/MLBB_Tournament_Analysis/blob/94ea36800e80c9e89a2356a0b81d3eeafbd6a4f7/analysis/data/consolidated_game_data_20240505.csv
9,S9-RS-013,1,Rebellion Zion,ban,3,Gloo,https://liquipedia.net/mobilelegends/MPL/Indonesia/Season_9/Regular_Season | https://github.com/LiTianYeoh/MLBB_Tournament_Analysis/blob/94ea36800e80c9e89a2356a0b81d3eeafbd6a4f7/analysis/data/consolidated_game_data_20240505.csv
9,S9-RS-013,1,Rebellion Zion,ban,4,Selena,https://liquipedia.net/mobilelegends/MPL/Indonesia/Season_9/Regular_Season | https://github.com/LiTianYeoh/MLBB_Tournament_Analysis/blob/94ea36800e80c9e89a2356a0b81d3eeafbd6a4f7/analysis/data/consolidated_game_data_20240505.csv
9,S9-RS-013,1,Rebellion Zion,ban,5,Valentina,https://liquipedia.net/mobilelegends/MPL/Indonesia/Season_9/Regular_Season | https://github.com/LiTianYeoh/MLBB_Tournament_Analysis/blob/94ea36800e80c9e89a2356a0b81d3eeafbd6a4f7/analysis/data/consolidated_game_data_20240505.csv
9,S9-RS-013,1,Rebellion Zion,pick,1,Kimmy,https://liquipedia.net/mobilelegends/MPL/Indonesia/Season_9/Regular_Season | https://github.com/LiTianYeoh/MLBB_Tournament_Analysis/blob/94ea36800e80c9e89a2356a0b81d3eeafbd6a4f7/analysis/data/consolidated_game_data_20240505.csv
9,S9-RS-013,1,Rebellion Zion,pick,2,Esmeralda,https://liquipedia.net/mobilelegends/MPL/Indonesia/Season_9/Regular_Season | https://github.com/LiTianYeoh/MLBB_Tournament_Analysis/blob/94ea36800e80c9e89a2356a0b81d3eeafbd6a4f7/analysis/data/consolidated_game_data_20240505.csv
9,S9-RS-013,1,Rebellion Zion,pick,3,Ruby,https://liquipedia.net/mobilelegends/MPL/Indonesia/Season_9/Regular_Season | https://github.com/LiTianYeoh/MLBB_Tournament_Analysis/blob/94ea36800e80c9e89a2356a0b81d3eeafbd6a4f7/analysis/data/consolidated_game_data_20240505.csv
9,S9-RS-013,1,Rebellion Zion,pick,4,Yve,https://liquipedia.net/mobilelegends/MPL/Indonesia/Season_9/Regular_Season | https://github.com/LiTianYeoh/MLBB_Tournament_Analysis/blob/94ea36800e80c9e89a2356a0b81d3eeafbd6a4f7/analysis/data/consolidated_game_data_20240505.csv
9,S9-RS-013,1,Rebellion Zion,pick,5,Brody,https://liquipedia.net/mobilelegends/MPL/Indonesia/Season_9/Regular_Season | https://github.com/LiTianYeoh/MLBB_Tournament_Analysis/blob/94ea36800e80c9e89a2356a0b81d3eeafbd6a4f7/analysis/data/consolidated_game_data_20240505.csv
9,S9-RS-013,2,Geek Fam ID,ban,1,Valentina,https://liquipedia.net/mobilelegends/MPL/Indonesia/Season_9/Regular_Season | https://github.com/LiTianYeoh/MLBB_Tournament_Analysis/blob/94ea36800e80c9e89a2356a0b81d3eeafbd6a4f7/analysis/data/consolidated_game_data_20240505.csv
9,S9-RS-013,2,Geek Fam ID,ban,2,Mathilda,https://liquipedia.net/mobilelegends/MPL/Indonesia/Season_9/Regular_Season | https://github.com/LiTianYeoh/MLBB_Tournament_Analysis/blob/94ea36800e80c9e89a2356a0b81d3eeafbd6a4f7/analysis/data/consolidated_game_data_20240505.csv
9,S9-RS-013,2,Geek Fam ID,ban,3,Lancelot,https://liquipedia.net/mobilelegends/MPL/Indonesia/Season_9/Regular_Season | https://github.com/LiTianYeoh/MLBB_Tournament_Analysis/blob/94ea36800e80c9e89a2356a0b81d3eeafbd6a4f7/analysis/data/consolidated_game_data_20240505.csv
9,S9-RS-013,2,Geek Fam ID,ban,4,Ling,https://liquipedia.net/mobilelegends/MPL/Indonesia/Season_9/Regular_Season | https://github.com/LiTianYeoh/MLBB_Tournament_Analysis/blob/94ea36800e80c9e89a2356a0b81d3eeafbd6a4f7/analysis/data/consolidated_game_data_20240505.csv
9,S9-RS-013,2,Geek Fam ID,ban,5,Hayabusa,https://liquipedia.net/mobilelegends/MPL/Indonesia/Season_9/Regular_Season | https://github.com/LiTianYeoh/MLBB_Tournament_Analysis/blob/94ea36800e80c9e89a2356a0b81d3eeafbd6a4f7/analysis/data/consolidated_game_data_20240505.csv
9,S9-RS-013,2,Geek Fam ID,pick,1,Ruby,https://liquipedia.net/mobilelegends/MPL/Indonesia/Season_9/Regular_Season | https://github.com/LiTianYeoh/MLBB_Tournament_Analysis/blob/94ea36800e80c9e89a2356a0b81d3eeafbd6a4f7/analysis/data/consolidated_game_data_20240505.csv
9,S9-RS-013,2,Geek Fam ID,pick,2,Esmeralda,https://liquipedia.net/mobilelegends/MPL/Indonesia/Season_9/Regular_Season | https://github.com/LiTianYeoh/MLBB_Tournament_Analysis/blob/94ea36800e80c9e89a2356a0b81d3eeafbd6a4f7/analysis/data/consolidated_game_data_20240505.csv
9,S9-RS-013,2,Geek Fam ID,pick,3,Beatrix,https://liquipedia.net/mobilelegends/MPL/Indonesia/Season_9/Regular_Season | https://github.com/LiTianYeoh/MLBB_Tournament_Analysis/blob/94ea36800e80c9e89a2356a0b81d3eeafbd6a4f7/analysis/data/consolidated_game_data_20240505.csv
9,S9-RS-013,2,Geek Fam ID,pick,4,Lylia,https://liquipedia.net/mobilelegends/MPL/Indonesia/Season_9/Regular_Season | https://github.com/LiTianYeoh/MLBB_Tournament_Analysis/blob/94ea36800e80c9e89a2356a0b81d3eeafbd6a4f7/analysis/data/consolidated_game_data_20240505.csv
9,S9-RS-013,2,Geek Fam ID,pick,5,Karina,https://liquipedia.net/mobilelegends/MPL/Indonesia/Season_9/Regular_Season | https://github.com/LiTianYeoh/MLBB_Tournament_Analysis/blob/94ea36800e80c9e89a2356a0b81d3eeafbd6a4f7/analysis/data/consolidated_game_data_20240505.csv
9,S9-RS-013,2,Rebellion Zion,ban,1,Cecilion,https://liquipedia.net/mobilelegends/MPL/Indonesia/Season_9/Regular_Season | https://github.com/LiTianYeoh/MLBB_Tournament_Analysis/blob/94ea36800e80c9e89a2356a0b81d3eeafbd6a4f7/analysis/data/consolidated_game_data_20240505.csv
9,S9-RS-013,2,Rebellion Zion,ban,2,Fanny,https://liquipedia.net/mobilelegends/MPL/Indonesia/Season_9/Regular_Season | https://github.com/LiTianYeoh/MLBB_Tournament_Analysis/blob/94ea36800e80c9e89a2356a0b81d3eeafbd6a4f7/analysis/data/consolidated_game_data_20240505.csv
9,S9-RS-013,2,Rebellion Zion,ban,3,Phoveus,https://liquipedia.net/mobilelegends/MPL/Indonesia/Season_9/Regular_Season | https://github.com/LiTianYeoh/MLBB_Tournament_Analysis/blob/94ea36800e80c9e89a2356a0b81d3eeafbd6a4f7/analysis/data/consolidated_game_data_20240505.csv
9,S9-RS-013,2,Rebellion Zion,ban,4,Franco,https://liquipedia.net/mobilelegends/MPL/Indonesia/Season_9/Regular_Season | https://github.com/LiTianYeoh/MLBB_Tournament_Analysis/blob/94ea36800e80c9e89a2356a0b81d3eeafbd6a4f7/analysis/data/consolidated_game_data_20240505.csv
9,S9-RS-013,2,Rebellion Zion,ban,5,Selena,https://liquipedia.net/mobilelegends/MPL/Indonesia/Season_9/Regular_Season | https://github.com/LiTianYeoh/MLBB_Tournament_Analysis/blob/94ea36800e80c9e89a2356a0b81d3eeafbd6a4f7/analysis/data/consolidated_game_data_20240505.csv
9,S9-RS-013,2,Rebellion Zion,pick,1,Paquito,https://liquipedia.net/mobilelegends/MPL/Indonesia/Season_9/Regular_Season | https://github.com/LiTianYeoh/MLBB_Tournament_Analysis/blob/94ea36800e80c9e89a2356a0b81d3eeafbd6a4f7/analysis/data/consolidated_game_data_20240505.csv
9,S9-RS-013,2,Rebellion Zion,pick,2,Natalia,https://liquipedia.net/mobilelegends/MPL/Indonesia/Season_9/Regular_Season | https://github.com/LiTianYeoh/MLBB_Tournament_Analysis/blob/94ea36800e80c9e89a2356a0b81d3eeafbd6a4f7/analysis/data/consolidated_game_data_20240505.csv
9,S9-RS-013,2,Rebellion Zion,pick,3,Gloo,https://liquipedia.net/mobilelegends/MPL/Indonesia/Season_9/Regular_Season | https://github.com/LiTianYeoh/MLBB_Tournament_Analysis/blob/94ea36800e80c9e89a2356a0b81d3eeafbd6a4f7/analysis/data/consolidated_game_data_20240505.csv
9,S9-RS-013,2,Rebellion Zion,pick,4,Popol and Kupa,https://liquipedia.net/mobilelegends/MPL/Indonesia/Season_9/Regular_Season | https://github.com/LiTianYeoh/MLBB_Tournament_Analysis/blob/94ea36800e80c9e89a2356a0b81d3eeafbd6a4f7/analysis/data/consolidated_game_data_20240505.csv
9,S9-RS-013,2,Rebellion Zion,pick,5,Yve,https://liquipedia.net/mobilelegends/MPL/Indonesia/Season_9/Regular_Season | https://github.com/LiTianYeoh/MLBB_Tournament_Analysis/blob/94ea36800e80c9e89a2356a0b81d3eeafbd6a4f7/analysis/data/consolidated_game_data_20240505.csv
9,S9-RS-014,1,Bigetron Alpha,ban,1,Valentina,https://liquipedia.net/mobilelegends/MPL/Indonesia/Season_9/Regular_Season | https://github.com/LiTianYeoh/MLBB_Tournament_Analysis/blob/94ea36800e80c9e89a2356a0b81d3eeafbd6a4f7/analysis/data/consolidated_game_data_20240505.csv
9,S9-RS-014,1,Bigetron Alpha,ban,2,Lancelot,https://liquipedia.net/mobilelegends/MPL/Indonesia/Season_9/Regular_Season | https://github.com/LiTianYeoh/MLBB_Tournament_Analysis/blob/94ea36800e80c9e89a2356a0b81d3eeafbd6a4f7/analysis/data/consolidated_game_data_20240505.csv
9,S9-RS-014,1,Bigetron Alpha,ban,3,Fanny,https://liquipedia.net/mobilelegends/MPL/Indonesia/Season_9/Regular_Season | https://github.com/LiTianYeoh/MLBB_Tournament_Analysis/blob/94ea36800e80c9e89a2356a0b81d3eeafbd6a4f7/analysis/data/consolidated_game_data_20240505.csv
9,S9-RS-014,1,Bigetron Alpha,ban,4,Wanwan,https://liquipedia.net/mobilelegends/MPL/Indonesia/Season_9/Regular_Season | https://github.com/LiTianYeoh/MLBB_Tournament_Analysis/blob/94ea36800e80c9e89a2356a0b81d3eeafbd6a4f7/analysis/data/consolidated_game_data_20240505.csv
9,S9-RS-014,1,Bigetron Alpha,ban,5,Beatrix,https://liquipedia.net/mobilelegends/MPL/Indonesia/Season_9/Regular_Season | https://github.com/LiTianYeoh/MLBB_Tournament_Analysis/blob/94ea36800e80c9e89a2356a0b81d3eeafbd6a4f7/analysis/data/consolidated_game_data_20240505.csv
9,S9-RS-014,1,Bigetron Alpha,pick,1,Khufra,https://liquipedia.net/mobilelegends/MPL/Indonesia/Season_9/Regular_Season | https://github.com/LiTianYeoh/MLBB_Tournament_Analysis/blob/94ea36800e80c9e89a2356a0b81d3eeafbd6a4f7/analysis/data/consolidated_game_data_20240505.csv
9,S9-RS-014,1,Bigetron Alpha,pick,2,Chou,https://liquipedia.net/mobilelegends/MPL/Indonesia/Season_9/Regular_Season | https://github.com/LiTianYeoh/MLBB_Tournament_Analysis/blob/94ea36800e80c9e89a2356a0b81d3eeafbd6a4f7/analysis/data/consolidated_game_data_20240505.csv
9,S9-RS-014,1,Bigetron Alpha,pick,3,Ling,https://liquipedia.net/mobilelegends/MPL/Indonesia/Season_9/Regular_Season | https://github.com/LiTianYeoh/MLBB_Tournament_Analysis/blob/94ea36800e80c9e89a2356a0b81d3eeafbd6a4f7/analysis/data/consolidated_game_data_20240505.csv
9,S9-RS-014,1,Bigetron Alpha,pick,4,Faramis,https://liquipedia.net/mobilelegends/MPL/Indonesia/Season_9/Regular_Season | https://github.com/LiTianYeoh/MLBB_Tournament_Analysis/blob/94ea36800e80c9e89a2356a0b81d3eeafbd6a4f7/analysis/data/consolidated_game_data_20240505.csv
9,S9-RS-014,1,Bigetron Alpha,pick,5,Alice,https://liquipedia.net/mobilelegends/MPL/Indonesia/Season_9/Regular_Season | https://github.com/LiTianYeoh/MLBB_Tournament_Analysis/blob/94ea36800e80c9e89a2356a0b81d3eeafbd6a4f7/analysis/data/consolidated_game_data_20240505.csv
9,S9-RS-014,1,RRQ Hoshi,ban,1,Pharsa,https://liquipedia.net/mobilelegends/MPL/Indonesia/Season_9/Regular_Season | https://github.com/LiTianYeoh/MLBB_Tournament_Analysis/blob/94ea36800e80c9e89a2356a0b81d3eeafbd6a4f7/analysis/data/consolidated_game_data_20240505.csv
9,S9-RS-014,1,RRQ Hoshi,ban,2,Yu Zhong,https://liquipedia.net/mobilelegends/MPL/Indonesia/Season_9/Regular_Season | https://github.com/LiTianYeoh/MLBB_Tournament_Analysis/blob/94ea36800e80c9e89a2356a0b81d3eeafbd6a4f7/analysis/data/consolidated_game_data_20240505.csv
9,S9-RS-014,1,RRQ Hoshi,ban,3,Selena,https://liquipedia.net/mobilelegends/MPL/Indonesia/Season_9/Regular_Season | https://github.com/LiTianYeoh/MLBB_Tournament_Analysis/blob/94ea36800e80c9e89a2356a0b81d3eeafbd6a4f7/analysis/data/consolidated_game_data_20240505.csv
9,S9-RS-014,1,RRQ Hoshi,ban,4,Johnson,https://liquipedia.net/mobilelegends/MPL/Indonesia/Season_9/Regular_Season | https://github.com/LiTianYeoh/MLBB_Tournament_Analysis/blob/94ea36800e80c9e89a2356a0b81d3eeafbd6a4f7/analysis/data/consolidated_game_data_20240505.csv
9,S9-RS-014,1,RRQ Hoshi,ban,5,Cecilion,https://liquipedia.net/mobilelegends/MPL/Indonesia/Season_9/Regular_Season | https://github.com/LiTianYeoh/MLBB_Tournament_Analysis/blob/94ea36800e80c9e89a2356a0b81d3eeafbd6a4f7/analysis/data/consolidated_game_data_20240505.csv
9,S9-RS-014,1,RRQ Hoshi,pick,1,Popol and Kupa,https://liquipedia.net/mobilelegends/MPL/Indonesia/Season_9/Regular_Season | https://github.com/LiTianYeoh/MLBB_Tournament_Analysis/blob/94ea36800e80c9e89a2356a0b81d3eeafbd6a4f7/analysis/data/consolidated_game_data_20240505.csv
9,S9-RS-014,1,RRQ Hoshi,pick,2,Edith,https://liquipedia.net/mobilelegends/MPL/Indonesia/Season_9/Regular_Season | https://github.com/LiTianYeoh/MLBB_Tournament_Analysis/blob/94ea36800e80c9e89a2356a0b81d3eeafbd6a4f7/analysis/data/consolidated_game_data_20240505.csv
9,S9-RS-014,1,RRQ Hoshi,pick,3,Hayabusa,https://liquipedia.net/mobilelegends/MPL/Indonesia/Season_9/Regular_Season | https://github.com/LiTianYeoh/MLBB_Tournament_Analysis/blob/94ea36800e80c9e89a2356a0b81d3eeafbd6a4f7/analysis/data/consolidated_game_data_20240505.csv
9,S9-RS-014,1,RRQ Hoshi,pick,4,Yve,https://liquipedia.net/mobilelegends/MPL/Indonesia/Season_9/Regular_Season | https://github.com/LiTianYeoh/MLBB_Tournament_Analysis/blob/94ea36800e80c9e89a2356a0b81d3eeafbd6a4f7/analysis/data/consolidated_game_data_20240505.csv
9,S9-RS-014,1,RRQ Hoshi,pick,5,Gloo,https://liquipedia.net/mobilelegends/MPL/Indonesia/Season_9/Regular_Season | https://github.com/LiTianYeoh/MLBB_Tournament_Analysis/blob/94ea36800e80c9e89a2356a0b81d3eeafbd6a4f7/analysis/data/consolidated_game_data_20240505.csv
9,S9-RS-014,2,Bigetron Alpha,ban,1,Valentina,https://liquipedia.net/mobilelegends/MPL/Indonesia/Season_9/Regular_Season | https://github.com/LiTianYeoh/MLBB_Tournament_Analysis/blob/94ea36800e80c9e89a2356a0b81d3eeafbd6a4f7/analysis/data/consolidated_game_data_20240505.csv
9,S9-RS-014,2,Bigetron Alpha,ban,2,Lancelot,https://liquipedia.net/mobilelegends/MPL/Indonesia/Season_9/Regular_Season | https://github.com/LiTianYeoh/MLBB_Tournament_Analysis/blob/94ea36800e80c9e89a2356a0b81d3eeafbd6a4f7/analysis/data/consolidated_game_data_20240505.csv
9,S9-RS-014,2,Bigetron Alpha,ban,3,Fanny,https://liquipedia.net/mobilelegends/MPL/Indonesia/Season_9/Regular_Season | https://github.com/LiTianYeoh/MLBB_Tournament_Analysis/blob/94ea36800e80c9e89a2356a0b81d3eeafbd6a4f7/analysis/data/consolidated_game_data_20240505.csv
9,S9-RS-014,2,Bigetron Alpha,ban,4,Yi Sun-Shin,https://liquipedia.net/mobilelegends/MPL/Indonesia/Season_9/Regular_Season | https://github.com/LiTianYeoh/MLBB_Tournament_Analysis/blob/94ea36800e80c9e89a2356a0b81d3eeafbd6a4f7/analysis/data/consolidated_game_data_20240505.csv
9,S9-RS-014,2,Bigetron Alpha,ban,5,Ling,https://liquipedia.net/mobilelegends/MPL/Indonesia/Season_9/Regular_Season | https://github.com/LiTianYeoh/MLBB_Tournament_Analysis/blob/94ea36800e80c9e89a2356a0b81d3eeafbd6a4f7/analysis/data/consolidated_game_data_20240505.csv
9,S9-RS-014,2,Bigetron Alpha,pick,1,Khufra,https://liquipedia.net/mobilelegends/MPL/Indonesia/Season_9/Regular_Season | https://github.com/LiTianYeoh/MLBB_Tournament_Analysis/blob/94ea36800e80c9e89a2356a0b81d3eeafbd6a4f7/analysis/data/consolidated_game_data_20240505.csv
9,S9-RS-014,2,Bigetron Alpha,pick,2,Esmeralda,https://liquipedia.net/mobilelegends/MPL/Indonesia/Season_9/Regular_Season | https://github.com/LiTianYeoh/MLBB_Tournament_Analysis/blob/94ea36800e80c9e89a2356a0b81d3eeafbd6a4f7/analysis/data/consolidated_game_data_20240505.csv
9,S9-RS-014,2,Bigetron Alpha,pick,3,Popol and Kupa,https://liquipedia.net/mobilelegends/MPL/Indonesia/Season_9/Regular_Season | https://github.com/LiTianYeoh/MLBB_Tournament_Analysis/blob/94ea36800e80c9e89a2356a0b81d3eeafbd6a4f7/analysis/data/consolidated_game_data_20240505.csv
9,S9-RS-014,2,Bigetron Alpha,pick,4,Paquito,https://liquipedia.net/mobilelegends/MPL/Indonesia/Season_9/Regular_Season | https://github.com/LiTianYeoh/MLBB_Tournament_Analysis/blob/94ea36800e80c9e89a2356a0b81d3eeafbd6a4f7/analysis/data/consolidated_game_data_20240505.csv
9,S9-RS-014,2,Bigetron Alpha,pick,5,Faramis,https://liquipedia.net/mobilelegends/MPL/Indonesia/Season_9/Regular_Season | https://github.com/LiTianYeoh/MLBB_Tournament_Analysis/blob/94ea36800e80c9e89a2356a0b81d3eeafbd6a4f7/analysis/data/consolidated_game_data_20240505.csv
9,S9-RS-014,2,RRQ Hoshi,ban,1,Hayabusa,https://liquipedia.net/mobilelegends/MPL/Indonesia/Season_9/Regular_Season | https://github.com/LiTianYeoh/MLBB_Tournament_Analysis/blob/94ea36800e80c9e89a2356a0b81d3eeafbd6a4f7/analysis/data/consolidated_game_data_20240505.csv
9,S9-RS-014,2,RRQ Hoshi,ban,2,Pharsa,https://liquipedia.net/mobilelegends/MPL/Indonesia/Season_9/Regular_Season | https://github.com/LiTianYeoh/MLBB_Tournament_Analysis/blob/94ea36800e80c9e89a2356a0b81d3eeafbd6a4f7/analysis/data/consolidated_game_data_20240505.csv
9,S9-RS-014,2,RRQ Hoshi,ban,3,Selena,https://liquipedia.net/mobilelegends/MPL/Indonesia/Season_9/Regular_Season | https://github.com/LiTianYeoh/MLBB_Tournament_Analysis/blob/94ea36800e80c9e89a2356a0b81d3eeafbd6a4f7/analysis/data/consolidated_game_data_20240505.csv
9,S9-RS-014,2,RRQ Hoshi,ban,4,Johnson,https://liquipedia.net/mobilelegends/MPL/Indonesia/Season_9/Regular_Season | https://github.com/LiTianYeoh/MLBB_Tournament_Analysis/blob/94ea36800e80c9e89a2356a0b81d3eeafbd6a4f7/analysis/data/consolidated_game_data_20240505.csv
9,S9-RS-014,2,RRQ Hoshi,ban,5,Cecilion,https://liquipedia.net/mobilelegends/MPL/Indonesia/Season_9/Regular_Season | https://github.com/LiTianYeoh/MLBB_Tournament_Analysis/blob/94ea36800e80c9e89a2356a0b81d3eeafbd6a4f7/analysis/data/consolidated_game_data_20240505.csv
9,S9-RS-014,2,RRQ Hoshi,pick,1,Gloo,https://liquipedia.net/mobilelegends/MPL/Indonesia/Season_9/Regular_Season | https://github.com/LiTianYeoh/MLBB_Tournament_Analysis/blob/94ea36800e80c9e89a2356a0b81d3eeafbd6a4f7/analysis/data/consolidated_game_data_20240505.csv
9,S9-RS-014,2,RRQ Hoshi,pick,2,Roger,https://liquipedia.net/mobilelegends/MPL/Indonesia/Season_9/Regular_Season | https://github.com/LiTianYeoh/MLBB_Tournament_Analysis/blob/94ea36800e80c9e89a2356a0b81d3eeafbd6a4f7/analysis/data/consolidated_game_data_20240505.csv
9,S9-RS-014,2,RRQ Hoshi,pick,3,Yve,https://liquipedia.net/mobilelegends/MPL/Indonesia/Season_9/Regular_Season | https://github.com/LiTianYeoh/MLBB_Tournament_Analysis/blob/94ea36800e80c9e89a2356a0b81d3eeafbd6a4f7/analysis/data/consolidated_game_data_20240505.csv
9,S9-RS-014,2,RRQ Hoshi,pick,4,Beatrix,https://liquipedia.net/mobilelegends/MPL/Indonesia/Season_9/Regular_Season | https://github.com/LiTianYeoh/MLBB_Tournament_Analysis/blob/94ea36800e80c9e89a2356a0b81d3eeafbd6a4f7/analysis/data/consolidated_game_data_20240505.csv
9,S9-RS-014,2,RRQ Hoshi,pick,5,Chou,https://liquipedia.net/mobilelegends/MPL/Indonesia/Season_9/Regular_Season | https://github.com/LiTianYeoh/MLBB_Tournament_Analysis/blob/94ea36800e80c9e89a2356a0b81d3eeafbd6a4f7/analysis/data/consolidated_game_data_20240505.csv
9,S9-RS-015,1,AURA Fire,ban,1,Sun,https://liquipedia.net/mobilelegends/MPL/Indonesia/Season_9/Regular_Season | https://github.com/LiTianYeoh/MLBB_Tournament_Analysis/blob/94ea36800e80c9e89a2356a0b81d3eeafbd6a4f7/analysis/data/consolidated_game_data_20240505.csv
9,S9-RS-015,1,AURA Fire,ban,2,Chou,https://liquipedia.net/mobilelegends/MPL/Indonesia/Season_9/Regular_Season | https://github.com/LiTianYeoh/MLBB_Tournament_Analysis/blob/94ea36800e80c9e89a2356a0b81d3eeafbd6a4f7/analysis/data/consolidated_game_data_20240505.csv
9,S9-RS-015,1,AURA Fire,ban,3,Natalia,https://liquipedia.net/mobilelegends/MPL/Indonesia/Season_9/Regular_Season | https://github.com/LiTianYeoh/MLBB_Tournament_Analysis/blob/94ea36800e80c9e89a2356a0b81d3eeafbd6a4f7/analysis/data/consolidated_game_data_20240505.csv
9,S9-RS-015,1,AURA Fire,ban,4,Harith,https://liquipedia.net/mobilelegends/MPL/Indonesia/Season_9/Regular_Season | https://github.com/LiTianYeoh/MLBB_Tournament_Analysis/blob/94ea36800e80c9e89a2356a0b81d3eeafbd6a4f7/analysis/data/consolidated_game_data_20240505.csv
9,S9-RS-015,1,AURA Fire,ban,5,Yin,https://liquipedia.net/mobilelegends/MPL/Indonesia/Season_9/Regular_Season | https://github.com/LiTianYeoh/MLBB_Tournament_Analysis/blob/94ea36800e80c9e89a2356a0b81d3eeafbd6a4f7/analysis/data/consolidated_game_data_20240505.csv
9,S9-RS-015,1,AURA Fire,pick,1,Aulus,https://liquipedia.net/mobilelegends/MPL/Indonesia/Season_9/Regular_Season | https://github.com/LiTianYeoh/MLBB_Tournament_Analysis/blob/94ea36800e80c9e89a2356a0b81d3eeafbd6a4f7/analysis/data/consolidated_game_data_20240505.csv
9,S9-RS-015,1,AURA Fire,pick,2,Pharsa,https://liquipedia.net/mobilelegends/MPL/Indonesia/Season_9/Regular_Season | https://github.com/LiTianYeoh/MLBB_Tournament_Analysis/blob/94ea36800e80c9e89a2356a0b81d3eeafbd6a4f7/analysis/data/consolidated_game_data_20240505.csv
9,S9-RS-015,1,AURA Fire,pick,3,Yu Zhong,https://liquipedia.net/mobilelegends/MPL/Indonesia/Season_9/Regular_Season | https://github.com/LiTianYeoh/MLBB_Tournament_Analysis/blob/94ea36800e80c9e89a2356a0b81d3eeafbd6a4f7/analysis/data/consolidated_game_data_20240505.csv
9,S9-RS-015,1,AURA Fire,pick,4,Paquito,https://liquipedia.net/mobilelegends/MPL/Indonesia/Season_9/Regular_Season | https://github.com/LiTianYeoh/MLBB_Tournament_Analysis/blob/94ea36800e80c9e89a2356a0b81d3eeafbd6a4f7/analysis/data/consolidated_game_data_20240505.csv
9,S9-RS-015,1,AURA Fire,pick,5,Kadita,https://liquipedia.net/mobilelegends/MPL/Indonesia/Season_9/Regular_Season | https://github.com/LiTianYeoh/MLBB_Tournament_Analysis/blob/94ea36800e80c9e89a2356a0b81d3eeafbd6a4f7/analysis/data/consolidated_game_data_20240505.csv
9,S9-RS-015,1,Alter Ego,ban,1,Mathilda,https://liquipedia.net/mobilelegends/MPL/Indonesia/Season_9/Regular_Season | https://github.com/LiTianYeoh/MLBB_Tournament_Analysis/blob/94ea36800e80c9e89a2356a0b81d3eeafbd6a4f7/analysis/data/consolidated_game_data_20240505.csv
9,S9-RS-015,1,Alter Ego,ban,2,Khufra,https://liquipedia.net/mobilelegends/MPL/Indonesia/Season_9/Regular_Season | https://github.com/LiTianYeoh/MLBB_Tournament_Analysis/blob/94ea36800e80c9e89a2356a0b81d3eeafbd6a4f7/analysis/data/consolidated_game_data_20240505.csv
9,S9-RS-015,1,Alter Ego,ban,3,Yve,https://liquipedia.net/mobilelegends/MPL/Indonesia/Season_9/Regular_Season | https://github.com/LiTianYeoh/MLBB_Tournament_Analysis/blob/94ea36800e80c9e89a2356a0b81d3eeafbd6a4f7/analysis/data/consolidated_game_data_20240505.csv
9,S9-RS-015,1,Alter Ego,ban,4,Valentina,https://liquipedia.net/mobilelegends/MPL/Indonesia/Season_9/Regular_Season | https://github.com/LiTianYeoh/MLBB_Tournament_Analysis/blob/94ea36800e80c9e89a2356a0b81d3eeafbd6a4f7/analysis/data/consolidated_game_data_20240505.csv
9,S9-RS-015,1,Alter Ego,ban,5,Fanny,https://liquipedia.net/mobilelegends/MPL/Indonesia/Season_9/Regular_Season | https://github.com/LiTianYeoh/MLBB_Tournament_Analysis/blob/94ea36800e80c9e89a2356a0b81d3eeafbd6a4f7/analysis/data/consolidated_game_data_20240505.csv
9,S9-RS-015,1,Alter Ego,pick,1,Beatrix,https://liquipedia.net/mobilelegends/MPL/Indonesia/Season_9/Regular_Season | https://github.com/LiTianYeoh/MLBB_Tournament_Analysis/blob/94ea36800e80c9e89a2356a0b81d3eeafbd6a4f7/analysis/data/consolidated_game_data_20240505.csv
9,S9-RS-015,1,Alter Ego,pick,2,Hayabusa,https://liquipedia.net/mobilelegends/MPL/Indonesia/Season_9/Regular_Season | https://github.com/LiTianYeoh/MLBB_Tournament_Analysis/blob/94ea36800e80c9e89a2356a0b81d3eeafbd6a4f7/analysis/data/consolidated_game_data_20240505.csv
9,S9-RS-015,1,Alter Ego,pick,3,Edith,https://liquipedia.net/mobilelegends/MPL/Indonesia/Season_9/Regular_Season | https://github.com/LiTianYeoh/MLBB_Tournament_Analysis/blob/94ea36800e80c9e89a2356a0b81d3eeafbd6a4f7/analysis/data/consolidated_game_data_20240505.csv
9,S9-RS-015,1,Alter Ego,pick,4,Esmeralda,https://liquipedia.net/mobilelegends/MPL/Indonesia/Season_9/Regular_Season | https://github.com/LiTianYeoh/MLBB_Tournament_Analysis/blob/94ea36800e80c9e89a2356a0b81d3eeafbd6a4f7/analysis/data/consolidated_game_data_20240505.csv
9,S9-RS-015,1,Alter Ego,pick,5,Lylia,https://liquipedia.net/mobilelegends/MPL/Indonesia/Season_9/Regular_Season | https://github.com/LiTianYeoh/MLBB_Tournament_Analysis/blob/94ea36800e80c9e89a2356a0b81d3eeafbd6a4f7/analysis/data/consolidated_game_data_20240505.csv
9,S9-RS-015,2,AURA Fire,ban,1,Valentina,https://liquipedia.net/mobilelegends/MPL/Indonesia/Season_9/Regular_Season | https://github.com/LiTianYeoh/MLBB_Tournament_Analysis/blob/94ea36800e80c9e89a2356a0b81d3eeafbd6a4f7/analysis/data/consolidated_game_data_20240505.csv
9,S9-RS-015,2,AURA Fire,ban,2,Sun,https://liquipedia.net/mobilelegends/MPL/Indonesia/Season_9/Regular_Season | https://github.com/LiTianYeoh/MLBB_Tournament_Analysis/blob/94ea36800e80c9e89a2356a0b81d3eeafbd6a4f7/analysis/data/consolidated_game_data_20240505.csv
9,S9-RS-015,2,AURA Fire,ban,3,Chou,https://liquipedia.net/mobilelegends/MPL/Indonesia/Season_9/Regular_Season | https://github.com/LiTianYeoh/MLBB_Tournament_Analysis/blob/94ea36800e80c9e89a2356a0b81d3eeafbd6a4f7/analysis/data/consolidated_game_data_20240505.csv
9,S9-RS-015,2,AURA Fire,ban,4,Harith,https://liquipedia.net/mobilelegends/MPL/Indonesia/Season_9/Regular_Season | https://github.com/LiTianYeoh/MLBB_Tournament_Analysis/blob/94ea36800e80c9e89a2356a0b81d3eeafbd6a4f7/analysis/data/consolidated_game_data_20240505.csv
9,S9-RS-015,2,AURA Fire,ban,5,Selena,https://liquipedia.net/mobilelegends/MPL/Indonesia/Season_9/Regular_Season | https://github.com/LiTianYeoh/MLBB_Tournament_Analysis/blob/94ea36800e80c9e89a2356a0b81d3eeafbd6a4f7/analysis/data/consolidated_game_data_20240505.csv
9,S9-RS-015,2,AURA Fire,pick,1,Lylia,https://liquipedia.net/mobilelegends/MPL/Indonesia/Season_9/Regular_Season | https://github.com/LiTianYeoh/MLBB_Tournament_Analysis/blob/94ea36800e80c9e89a2356a0b81d3eeafbd6a4f7/analysis/data/consolidated_game_data_20240505.csv
9,S9-RS-015,2,AURA Fire,pick,2,Aulus,https://liquipedia.net/mobilelegends/MPL/Indonesia/Season_9/Regular_Season | https://github.com/LiTianYeoh/MLBB_Tournament_Analysis/blob/94ea36800e80c9e89a2356a0b81d3eeafbd6a4f7/analysis/data/consolidated_game_data_20240505.csv
9,S9-RS-015,2,AURA Fire,pick,3,Yu Zhong,https://liquipedia.net/mobilelegends/MPL/Indonesia/Season_9/Regular_Season | https://github.com/LiTianYeoh/MLBB_Tournament_Analysis/blob/94ea36800e80c9e89a2356a0b81d3eeafbd6a4f7/analysis/data/consolidated_game_data_20240505.csv
9,S9-RS-015,2,AURA Fire,pick,4,Rafaela,https://liquipedia.net/mobilelegends/MPL/Indonesia/Season_9/Regular_Season | https://github.com/LiTianYeoh/MLBB_Tournament_Analysis/blob/94ea36800e80c9e89a2356a0b81d3eeafbd6a4f7/analysis/data/consolidated_game_data_20240505.csv
9,S9-RS-015,2,AURA Fire,pick,5,Paquito,https://liquipedia.net/mobilelegends/MPL/Indonesia/Season_9/Regular_Season | https://github.com/LiTianYeoh/MLBB_Tournament_Analysis/blob/94ea36800e80c9e89a2356a0b81d3eeafbd6a4f7/analysis/data/consolidated_game_data_20240505.csv
9,S9-RS-015,2,Alter Ego,ban,1,Kadita,https://liquipedia.net/mobilelegends/MPL/Indonesia/Season_9/Regular_Season | https://github.com/LiTianYeoh/MLBB_Tournament_Analysis/blob/94ea36800e80c9e89a2356a0b81d3eeafbd6a4f7/analysis/data/consolidated_game_data_20240505.csv
9,S9-RS-015,2,Alter Ego,ban,2,Gloo,https://liquipedia.net/mobilelegends/MPL/Indonesia/Season_9/Regular_Season | https://github.com/LiTianYeoh/MLBB_Tournament_Analysis/blob/94ea36800e80c9e89a2356a0b81d3eeafbd6a4f7/analysis/data/consolidated_game_data_20240505.csv
9,S9-RS-015,2,Alter Ego,ban,3,Esmeralda,https://liquipedia.net/mobilelegends/MPL/Indonesia/Season_9/Regular_Season | https://github.com/LiTianYeoh/MLBB_Tournament_Analysis/blob/94ea36800e80c9e89a2356a0b81d3eeafbd6a4f7/analysis/data/consolidated_game_data_20240505.csv
9,S9-RS-015,2,Alter Ego,ban,4,Fanny,https://liquipedia.net/mobilelegends/MPL/Indonesia/Season_9/Regular_Season | https://github.com/LiTianYeoh/MLBB_Tournament_Analysis/blob/94ea36800e80c9e89a2356a0b81d3eeafbd6a4f7/analysis/data/consolidated_game_data_20240505.csv
9,S9-RS-015,2,Alter Ego,ban,5,Yve,https://liquipedia.net/mobilelegends/MPL/Indonesia/Season_9/Regular_Season | https://github.com/LiTianYeoh/MLBB_Tournament_Analysis/blob/94ea36800e80c9e89a2356a0b81d3eeafbd6a4f7/analysis/data/consolidated_game_data_20240505.csv
9,S9-RS-015,2,Alter Ego,pick,1,Kagura,https://liquipedia.net/mobilelegends/MPL/Indonesia/Season_9/Regular_Season | https://github.com/LiTianYeoh/MLBB_Tournament_Analysis/blob/94ea36800e80c9e89a2356a0b81d3eeafbd6a4f7/analysis/data/consolidated_game_data_20240505.csv
9,S9-RS-015,2,Alter Ego,pick,2,Kimmy,https://liquipedia.net/mobilelegends/MPL/Indonesia/Season_9/Regular_Season | https://github.com/LiTianYeoh/MLBB_Tournament_Analysis/blob/94ea36800e80c9e89a2356a0b81d3eeafbd6a4f7/analysis/data/consolidated_game_data_20240505.csv
9,S9-RS-015,2,Alter Ego,pick,3,Yin,https://liquipedia.net/mobilelegends/MPL/Indonesia/Season_9/Regular_Season | https://github.com/LiTianYeoh/MLBB_Tournament_Analysis/blob/94ea36800e80c9e89a2356a0b81d3eeafbd6a4f7/analysis/data/consolidated_game_data_20240505.csv
9,S9-RS-015,2,Alter Ego,pick,4,Natalia,https://liquipedia.net/mobilelegends/MPL/Indonesia/Season_9/Regular_Season | https://github.com/LiTianYeoh/MLBB_Tournament_Analysis/blob/94ea36800e80c9e89a2356a0b81d3eeafbd6a4f7/analysis/data/consolidated_game_data_20240505.csv
9,S9-RS-015,2,Alter Ego,pick,5,Phoveus,https://liquipedia.net/mobilelegends/MPL/Indonesia/Season_9/Regular_Season | https://github.com/LiTianYeoh/MLBB_Tournament_Analysis/blob/94ea36800e80c9e89a2356a0b81d3eeafbd6a4f7/analysis/data/consolidated_game_data_20240505.csv
9,S9-RS-015,3,AURA Fire,ban,1,Sun,https://liquipedia.net/mobilelegends/MPL/Indonesia/Season_9/Regular_Season | https://github.com/LiTianYeoh/MLBB_Tournament_Analysis/blob/94ea36800e80c9e89a2356a0b81d3eeafbd6a4f7/analysis/data/consolidated_game_data_20240505.csv
9,S9-RS-015,3,AURA Fire,ban,2,Chou,https://liquipedia.net/mobilelegends/MPL/Indonesia/Season_9/Regular_Season | https://github.com/LiTianYeoh/MLBB_Tournament_Analysis/blob/94ea36800e80c9e89a2356a0b81d3eeafbd6a4f7/analysis/data/consolidated_game_data_20240505.csv
9,S9-RS-015,3,AURA Fire,ban,3,Natalia,https://liquipedia.net/mobilelegends/MPL/Indonesia/Season_9/Regular_Season | https://github.com/LiTianYeoh/MLBB_Tournament_Analysis/blob/94ea36800e80c9e89a2356a0b81d3eeafbd6a4f7/analysis/data/consolidated_game_data_20240505.csv
9,S9-RS-015,3,AURA Fire,ban,4,Selena,https://liquipedia.net/mobilelegends/MPL/Indonesia/Season_9/Regular_Season | https://github.com/LiTianYeoh/MLBB_Tournament_Analysis/blob/94ea36800e80c9e89a2356a0b81d3eeafbd6a4f7/analysis/data/consolidated_game_data_20240505.csv
9,S9-RS-015,3,AURA Fire,ban,5,Mathilda,https://liquipedia.net/mobilelegends/MPL/Indonesia/Season_9/Regular_Season | https://github.com/LiTianYeoh/MLBB_Tournament_Analysis/blob/94ea36800e80c9e89a2356a0b81d3eeafbd6a4f7/analysis/data/consolidated_game_data_20240505.csv
9,S9-RS-015,3,AURA Fire,pick,1,Esmeralda,https://liquipedia.net/mobilelegends/MPL/Indonesia/Season_9/Regular_Season | https://github.com/LiTianYeoh/MLBB_Tournament_Analysis/blob/94ea36800e80c9e89a2356a0b81d3eeafbd6a4f7/analysis/data/consolidated_game_data_20240505.csv
9,S9-RS-015,3,AURA Fire,pick,2,Pharsa,https://liquipedia.net/mobilelegends/MPL/Indonesia/Season_9/Regular_Season | https://github.com/LiTianYeoh/MLBB_Tournament_Analysis/blob/94ea36800e80c9e89a2356a0b81d3eeafbd6a4f7/analysis/data/consolidated_game_data_20240505.csv
9,S9-RS-015,3,AURA Fire,pick,3,Beatrix,https://liquipedia.net/mobilelegends/MPL/Indonesia/Season_9/Regular_Season | https://github.com/LiTianYeoh/MLBB_Tournament_Analysis/blob/94ea36800e80c9e89a2356a0b81d3eeafbd6a4f7/analysis/data/consolidated_game_data_20240505.csv
9,S9-RS-015,3,AURA Fire,pick,4,Ruby,https://liquipedia.net/mobilelegends/MPL/Indonesia/Season_9/Regular_Season | https://github.com/LiTianYeoh/MLBB_Tournament_Analysis/blob/94ea36800e80c9e89a2356a0b81d3eeafbd6a4f7/analysis/data/consolidated_game_data_20240505.csv
9,S9-RS-015,3,AURA Fire,pick,5,Ling,https://liquipedia.net/mobilelegends/MPL/Indonesia/Season_9/Regular_Season | https://github.com/LiTianYeoh/MLBB_Tournament_Analysis/blob/94ea36800e80c9e89a2356a0b81d3eeafbd6a4f7/analysis/data/consolidated_game_data_20240505.csv
9,S9-RS-015,3,Alter Ego,ban,1,Karina,https://liquipedia.net/mobilelegends/MPL/Indonesia/Season_9/Regular_Season | https://github.com/LiTianYeoh/MLBB_Tournament_Analysis/blob/94ea36800e80c9e89a2356a0b81d3eeafbd6a4f7/analysis/data/consolidated_game_data_20240505.csv
9,S9-RS-015,3,Alter Ego,ban,2,Kadita,https://liquipedia.net/mobilelegends/MPL/Indonesia/Season_9/Regular_Season | https://github.com/LiTianYeoh/MLBB_Tournament_Analysis/blob/94ea36800e80c9e89a2356a0b81d3eeafbd6a4f7/analysis/data/consolidated_game_data_20240505.csv
9,S9-RS-015,3,Alter Ego,ban,3,Yve,https://liquipedia.net/mobilelegends/MPL/Indonesia/Season_9/Regular_Season | https://github.com/LiTianYeoh/MLBB_Tournament_Analysis/blob/94ea36800e80c9e89a2356a0b81d3eeafbd6a4f7/analysis/data/consolidated_game_data_20240505.csv
9,S9-RS-015,3,Alter Ego,ban,4,Fanny,https://liquipedia.net/mobilelegends/MPL/Indonesia/Season_9/Regular_Season | https://github.com/LiTianYeoh/MLBB_Tournament_Analysis/blob/94ea36800e80c9e89a2356a0b81d3eeafbd6a4f7/analysis/data/consolidated_game_data_20240505.csv
9,S9-RS-015,3,Alter Ego,ban,5,Valentina,https://liquipedia.net/mobilelegends/MPL/Indonesia/Season_9/Regular_Season | https://github.com/LiTianYeoh/MLBB_Tournament_Analysis/blob/94ea36800e80c9e89a2356a0b81d3eeafbd6a4f7/analysis/data/consolidated_game_data_20240505.csv
9,S9-RS-015,3,Alter Ego,pick,1,Paquito,https://liquipedia.net/mobilelegends/MPL/Indonesia/Season_9/Regular_Season | https://github.com/LiTianYeoh/MLBB_Tournament_Analysis/blob/94ea36800e80c9e89a2356a0b81d3eeafbd6a4f7/analysis/data/consolidated_game_data_20240505.csv
9,S9-RS-015,3,Alter Ego,pick,2,Khufra,https://liquipedia.net/mobilelegends/MPL/Indonesia/Season_9/Regular_Season | https://github.com/LiTianYeoh/MLBB_Tournament_Analysis/blob/94ea36800e80c9e89a2356a0b81d3eeafbd6a4f7/analysis/data/consolidated_game_data_20240505.csv
9,S9-RS-015,3,Alter Ego,pick,3,Yu Zhong,https://liquipedia.net/mobilelegends/MPL/Indonesia/Season_9/Regular_Season | https://github.com/LiTianYeoh/MLBB_Tournament_Analysis/blob/94ea36800e80c9e89a2356a0b81d3eeafbd6a4f7/analysis/data/consolidated_game_data_20240505.csv
9,S9-RS-015,3,Alter Ego,pick,4,Lylia,https://liquipedia.net/mobilelegends/MPL/Indonesia/Season_9/Regular_Season | https://github.com/LiTianYeoh/MLBB_Tournament_Analysis/blob/94ea36800e80c9e89a2356a0b81d3eeafbd6a4f7/analysis/data/consolidated_game_data_20240505.csv
9,S9-RS-015,3,Alter Ego,pick,5,Aulus,https://liquipedia.net/mobilelegends/MPL/Indonesia/Season_9/Regular_Season | https://github.com/LiTianYeoh/MLBB_Tournament_Analysis/blob/94ea36800e80c9e89a2356a0b81d3eeafbd6a4f7/analysis/data/consolidated_game_data_20240505.csv
9,S9-RS-016,1,EVOS Legends,ban,1,Natalia,https://liquipedia.net/mobilelegends/MPL/Indonesia/Season_9/Regular_Season | https://github.com/LiTianYeoh/MLBB_Tournament_Analysis/blob/94ea36800e80c9e89a2356a0b81d3eeafbd6a4f7/analysis/data/consolidated_game_data_20240505.csv
9,S9-RS-016,1,EVOS Legends,ban,2,Diggie,https://liquipedia.net/mobilelegends/MPL/Indonesia/Season_9/Regular_Season | https://github.com/LiTianYeoh/MLBB_Tournament_Analysis/blob/94ea36800e80c9e89a2356a0b81d3eeafbd6a4f7/analysis/data/consolidated_game_data_20240505.csv
9,S9-RS-016,1,EVOS Legends,ban,3,Mathilda,https://liquipedia.net/mobilelegends/MPL/Indonesia/Season_9/Regular_Season | https://github.com/LiTianYeoh/MLBB_Tournament_Analysis/blob/94ea36800e80c9e89a2356a0b81d3eeafbd6a4f7/analysis/data/consolidated_game_data_20240505.csv
9,S9-RS-016,1,EVOS Legends,ban,4,Fanny,https://liquipedia.net/mobilelegends/MPL/Indonesia/Season_9/Regular_Season | https://github.com/LiTianYeoh/MLBB_Tournament_Analysis/blob/94ea36800e80c9e89a2356a0b81d3eeafbd6a4f7/analysis/data/consolidated_game_data_20240505.csv
9,S9-RS-016,1,EVOS Legends,ban,5,Wanwan,https://liquipedia.net/mobilelegends/MPL/Indonesia/Season_9/Regular_Season | https://github.com/LiTianYeoh/MLBB_Tournament_Analysis/blob/94ea36800e80c9e89a2356a0b81d3eeafbd6a4f7/analysis/data/consolidated_game_data_20240505.csv
9,S9-RS-016,1,EVOS Legends,pick,1,Lancelot,https://liquipedia.net/mobilelegends/MPL/Indonesia/Season_9/Regular_Season | https://github.com/LiTianYeoh/MLBB_Tournament_Analysis/blob/94ea36800e80c9e89a2356a0b81d3eeafbd6a4f7/analysis/data/consolidated_game_data_20240505.csv
9,S9-RS-016,1,EVOS Legends,pick,2,Kadita,https://liquipedia.net/mobilelegends/MPL/Indonesia/Season_9/Regular_Season | https://github.com/LiTianYeoh/MLBB_Tournament_Analysis/blob/94ea36800e80c9e89a2356a0b81d3eeafbd6a4f7/analysis/data/consolidated_game_data_20240505.csv
9,S9-RS-016,1,EVOS Legends,pick,3,Johnson,https://liquipedia.net/mobilelegends/MPL/Indonesia/Season_9/Regular_Season | https://github.com/LiTianYeoh/MLBB_Tournament_Analysis/blob/94ea36800e80c9e89a2356a0b81d3eeafbd6a4f7/analysis/data/consolidated_game_data_20240505.csv
9,S9-RS-016,1,EVOS Legends,pick,4,Cecilion,https://liquipedia.net/mobilelegends/MPL/Indonesia/Season_9/Regular_Season | https://github.com/LiTianYeoh/MLBB_Tournament_Analysis/blob/94ea36800e80c9e89a2356a0b81d3eeafbd6a4f7/analysis/data/consolidated_game_data_20240505.csv
9,S9-RS-016,1,EVOS Legends,pick,5,Yu Zhong,https://liquipedia.net/mobilelegends/MPL/Indonesia/Season_9/Regular_Season | https://github.com/LiTianYeoh/MLBB_Tournament_Analysis/blob/94ea36800e80c9e89a2356a0b81d3eeafbd6a4f7/analysis/data/consolidated_game_data_20240505.csv
9,S9-RS-016,1,ONIC Esports,ban,1,Uranus,https://liquipedia.net/mobilelegends/MPL/Indonesia/Season_9/Regular_Season | https://github.com/LiTianYeoh/MLBB_Tournament_Analysis/blob/94ea36800e80c9e89a2356a0b81d3eeafbd6a4f7/analysis/data/consolidated_game_data_20240505.csv
9,S9-RS-016,1,ONIC Esports,ban,2,Gloo,https://liquipedia.net/mobilelegends/MPL/Indonesia/Season_9/Regular_Season | https://github.com/LiTianYeoh/MLBB_Tournament_Analysis/blob/94ea36800e80c9e89a2356a0b81d3eeafbd6a4f7/analysis/data/consolidated_game_data_20240505.csv
9,S9-RS-016,1,ONIC Esports,ban,3,Chou,https://liquipedia.net/mobilelegends/MPL/Indonesia/Season_9/Regular_Season | https://github.com/LiTianYeoh/MLBB_Tournament_Analysis/blob/94ea36800e80c9e89a2356a0b81d3eeafbd6a4f7/analysis/data/consolidated_game_data_20240505.csv
9,S9-RS-016,1,ONIC Esports,ban,4,Esmeralda,https://liquipedia.net/mobilelegends/MPL/Indonesia/Season_9/Regular_Season | https://github.com/LiTianYeoh/MLBB_Tournament_Analysis/blob/94ea36800e80c9e89a2356a0b81d3eeafbd6a4f7/analysis/data/consolidated_game_data_20240505.csv
9,S9-RS-016,1,ONIC Esports,ban,5,Valentina,https://liquipedia.net/mobilelegends/MPL/Indonesia/Season_9/Regular_Season | https://github.com/LiTianYeoh/MLBB_Tournament_Analysis/blob/94ea36800e80c9e89a2356a0b81d3eeafbd6a4f7/analysis/data/consolidated_game_data_20240505.csv
9,S9-RS-016,1,ONIC Esports,pick,1,Aldous,https://liquipedia.net/mobilelegends/MPL/Indonesia/Season_9/Regular_Season | https://github.com/LiTianYeoh/MLBB_Tournament_Analysis/blob/94ea36800e80c9e89a2356a0b81d3eeafbd6a4f7/analysis/data/consolidated_game_data_20240505.csv
9,S9-RS-016,1,ONIC Esports,pick,2,Yi Sun-Shin,https://liquipedia.net/mobilelegends/MPL/Indonesia/Season_9/Regular_Season | https://github.com/LiTianYeoh/MLBB_Tournament_Analysis/blob/94ea36800e80c9e89a2356a0b81d3eeafbd6a4f7/analysis/data/consolidated_game_data_20240505.csv
9,S9-RS-016,1,ONIC Esports,pick,3,Phoveus,https://liquipedia.net/mobilelegends/MPL/Indonesia/Season_9/Regular_Season | https://github.com/LiTianYeoh/MLBB_Tournament_Analysis/blob/94ea36800e80c9e89a2356a0b81d3eeafbd6a4f7/analysis/data/consolidated_game_data_20240505.csv
9,S9-RS-016,1,ONIC Esports,pick,4,Edith,https://liquipedia.net/mobilelegends/MPL/Indonesia/Season_9/Regular_Season | https://github.com/LiTianYeoh/MLBB_Tournament_Analysis/blob/94ea36800e80c9e89a2356a0b81d3eeafbd6a4f7/analysis/data/consolidated_game_data_20240505.csv
9,S9-RS-016,1,ONIC Esports,pick,5,Selena,https://liquipedia.net/mobilelegends/MPL/Indonesia/Season_9/Regular_Season | https://github.com/LiTianYeoh/MLBB_Tournament_Analysis/blob/94ea36800e80c9e89a2356a0b81d3eeafbd6a4f7/analysis/data/consolidated_game_data_20240505.csv
9,S9-RS-016,2,EVOS Legends,ban,1,Selena,https://liquipedia.net/mobilelegends/MPL/Indonesia/Season_9/Regular_Season | https://github.com/LiTianYeoh/MLBB_Tournament_Analysis/blob/94ea36800e80c9e89a2356a0b81d3eeafbd6a4f7/analysis/data/consolidated_game_data_20240505.csv
9,S9-RS-016,2,EVOS Legends,ban,2,Mathilda,https://liquipedia.net/mobilelegends/MPL/Indonesia/Season_9/Regular_Season | https://github.com/LiTianYeoh/MLBB_Tournament_Analysis/blob/94ea36800e80c9e89a2356a0b81d3eeafbd6a4f7/analysis/data/consolidated_game_data_20240505.csv
9,S9-RS-016,2,EVOS Legends,ban,3,Natalia,https://liquipedia.net/mobilelegends/MPL/Indonesia/Season_9/Regular_Season | https://github.com/LiTianYeoh/MLBB_Tournament_Analysis/blob/94ea36800e80c9e89a2356a0b81d3eeafbd6a4f7/analysis/data/consolidated_game_data_20240505.csv
9,S9-RS-016,2,EVOS Legends,ban,4,Beatrix,https://liquipedia.net/mobilelegends/MPL/Indonesia/Season_9/Regular_Season | https://github.com/LiTianYeoh/MLBB_Tournament_Analysis/blob/94ea36800e80c9e89a2356a0b81d3eeafbd6a4f7/analysis/data/consolidated_game_data_20240505.csv
9,S9-RS-016,2,EVOS Legends,ban,5,Aldous,https://liquipedia.net/mobilelegends/MPL/Indonesia/Season_9/Regular_Season | https://github.com/LiTianYeoh/MLBB_Tournament_Analysis/blob/94ea36800e80c9e89a2356a0b81d3eeafbd6a4f7/analysis/data/consolidated_game_data_20240505.csv
9,S9-RS-016,2,EVOS Legends,pick,1,Chou,https://liquipedia.net/mobilelegends/MPL/Indonesia/Season_9/Regular_Season | https://github.com/LiTianYeoh/MLBB_Tournament_Analysis/blob/94ea36800e80c9e89a2356a0b81d3eeafbd6a4f7/analysis/data/consolidated_game_data_20240505.csv
9,S9-RS-016,2,EVOS Legends,pick,2,Ling,https://liquipedia.net/mobilelegends/MPL/Indonesia/Season_9/Regular_Season | https://github.com/LiTianYeoh/MLBB_Tournament_Analysis/blob/94ea36800e80c9e89a2356a0b81d3eeafbd6a4f7/analysis/data/consolidated_game_data_20240505.csv
9,S9-RS-016,2,EVOS Legends,pick,3,Angela,https://liquipedia.net/mobilelegends/MPL/Indonesia/Season_9/Regular_Season | https://github.com/LiTianYeoh/MLBB_Tournament_Analysis/blob/94ea36800e80c9e89a2356a0b81d3eeafbd6a4f7/analysis/data/consolidated_game_data_20240505.csv
9,S9-RS-016,2,EVOS Legends,pick,4,Lylia,https://liquipedia.net/mobilelegends/MPL/Indonesia/Season_9/Regular_Season | https://github.com/LiTianYeoh/MLBB_Tournament_Analysis/blob/94ea36800e80c9e89a2356a0b81d3eeafbd6a4f7/analysis/data/consolidated_game_data_20240505.csv
9,S9-RS-016,2,EVOS Legends,pick,5,Clint,https://liquipedia.net/mobilelegends/MPL/Indonesia/Season_9/Regular_Season | https://github.com/LiTianYeoh/MLBB_Tournament_Analysis/blob/94ea36800e80c9e89a2356a0b81d3eeafbd6a4f7/analysis/data/consolidated_game_data_20240505.csv
9,S9-RS-016,2,ONIC Esports,ban,1,Yu Zhong,https://liquipedia.net/mobilelegends/MPL/Indonesia/Season_9/Regular_Season | https://github.com/LiTianYeoh/MLBB_Tournament_Analysis/blob/94ea36800e80c9e89a2356a0b81d3eeafbd6a4f7/analysis/data/consolidated_game_data_20240505.csv
9,S9-RS-016,2,ONIC Esports,ban,2,Phoveus,https://liquipedia.net/mobilelegends/MPL/Indonesia/Season_9/Regular_Season | https://github.com/LiTianYeoh/MLBB_Tournament_Analysis/blob/94ea36800e80c9e89a2356a0b81d3eeafbd6a4f7/analysis/data/consolidated_game_data_20240505.csv
9,S9-RS-016,2,ONIC Esports,ban,3,Fanny,https://liquipedia.net/mobilelegends/MPL/Indonesia/Season_9/Regular_Season | https://github.com/LiTianYeoh/MLBB_Tournament_Analysis/blob/94ea36800e80c9e89a2356a0b81d3eeafbd6a4f7/analysis/data/consolidated_game_data_20240505.csv
9,S9-RS-016,2,ONIC Esports,ban,4,Esmeralda,https://liquipedia.net/mobilelegends/MPL/Indonesia/Season_9/Regular_Season | https://github.com/LiTianYeoh/MLBB_Tournament_Analysis/blob/94ea36800e80c9e89a2356a0b81d3eeafbd6a4f7/analysis/data/consolidated_game_data_20240505.csv
9,S9-RS-016,2,ONIC Esports,ban,5,Valentina,https://liquipedia.net/mobilelegends/MPL/Indonesia/Season_9/Regular_Season | https://github.com/LiTianYeoh/MLBB_Tournament_Analysis/blob/94ea36800e80c9e89a2356a0b81d3eeafbd6a4f7/analysis/data/consolidated_game_data_20240505.csv
9,S9-RS-016,2,ONIC Esports,pick,1,Popol and Kupa,https://liquipedia.net/mobilelegends/MPL/Indonesia/Season_9/Regular_Season | https://github.com/LiTianYeoh/MLBB_Tournament_Analysis/blob/94ea36800e80c9e89a2356a0b81d3eeafbd6a4f7/analysis/data/consolidated_game_data_20240505.csv
9,S9-RS-016,2,ONIC Esports,pick,2,Khufra,https://liquipedia.net/mobilelegends/MPL/Indonesia/Season_9/Regular_Season | https://github.com/LiTianYeoh/MLBB_Tournament_Analysis/blob/94ea36800e80c9e89a2356a0b81d3eeafbd6a4f7/analysis/data/consolidated_game_data_20240505.csv
9,S9-RS-016,2,ONIC Esports,pick,3,Ruby,https://liquipedia.net/mobilelegends/MPL/Indonesia/Season_9/Regular_Season | https://github.com/LiTianYeoh/MLBB_Tournament_Analysis/blob/94ea36800e80c9e89a2356a0b81d3eeafbd6a4f7/analysis/data/consolidated_game_data_20240505.csv
9,S9-RS-016,2,ONIC Esports,pick,4,Yve,https://liquipedia.net/mobilelegends/MPL/Indonesia/Season_9/Regular_Season | https://github.com/LiTianYeoh/MLBB_Tournament_Analysis/blob/94ea36800e80c9e89a2356a0b81d3eeafbd6a4f7/analysis/data/consolidated_game_data_20240505.csv
9,S9-RS-016,2,ONIC Esports,pick,5,Lancelot,https://liquipedia.net/mobilelegends/MPL/Indonesia/Season_9/Regular_Season | https://github.com/LiTianYeoh/MLBB_Tournament_Analysis/blob/94ea36800e80c9e89a2356a0b81d3eeafbd6a4f7/analysis/data/consolidated_game_data_20240505.csv
9,S9-RS-017,1,Rebellion Zion,ban,1,Pharsa,https://liquipedia.net/mobilelegends/MPL/Indonesia/Season_9/Regular_Season | https://github.com/LiTianYeoh/MLBB_Tournament_Analysis/blob/94ea36800e80c9e89a2356a0b81d3eeafbd6a4f7/analysis/data/consolidated_game_data_20240505.csv
9,S9-RS-017,1,Rebellion Zion,ban,2,Fanny,https://liquipedia.net/mobilelegends/MPL/Indonesia/Season_9/Regular_Season | https://github.com/LiTianYeoh/MLBB_Tournament_Analysis/blob/94ea36800e80c9e89a2356a0b81d3eeafbd6a4f7/analysis/data/consolidated_game_data_20240505.csv
9,S9-RS-017,1,Rebellion Zion,ban,3,Kadita,https://liquipedia.net/mobilelegends/MPL/Indonesia/Season_9/Regular_Season | https://github.com/LiTianYeoh/MLBB_Tournament_Analysis/blob/94ea36800e80c9e89a2356a0b81d3eeafbd6a4f7/analysis/data/consolidated_game_data_20240505.csv
9,S9-RS-017,1,Rebellion Zion,ban,4,Ling,https://liquipedia.net/mobilelegends/MPL/Indonesia/Season_9/Regular_Season | https://github.com/LiTianYeoh/MLBB_Tournament_Analysis/blob/94ea36800e80c9e89a2356a0b81d3eeafbd6a4f7/analysis/data/consolidated_game_data_20240505.csv
9,S9-RS-017,1,Rebellion Zion,ban,5,Karina,https://liquipedia.net/mobilelegends/MPL/Indonesia/Season_9/Regular_Season | https://github.com/LiTianYeoh/MLBB_Tournament_Analysis/blob/94ea36800e80c9e89a2356a0b81d3eeafbd6a4f7/analysis/data/consolidated_game_data_20240505.csv
9,S9-RS-017,1,Rebellion Zion,pick,1,Yve,https://liquipedia.net/mobilelegends/MPL/Indonesia/Season_9/Regular_Season | https://github.com/LiTianYeoh/MLBB_Tournament_Analysis/blob/94ea36800e80c9e89a2356a0b81d3eeafbd6a4f7/analysis/data/consolidated_game_data_20240505.csv
9,S9-RS-017,1,Rebellion Zion,pick,2,Ruby,https://liquipedia.net/mobilelegends/MPL/Indonesia/Season_9/Regular_Season | https://github.com/LiTianYeoh/MLBB_Tournament_Analysis/blob/94ea36800e80c9e89a2356a0b81d3eeafbd6a4f7/analysis/data/consolidated_game_data_20240505.csv
9,S9-RS-017,1,Rebellion Zion,pick,3,Chou,https://liquipedia.net/mobilelegends/MPL/Indonesia/Season_9/Regular_Season | https://github.com/LiTianYeoh/MLBB_Tournament_Analysis/blob/94ea36800e80c9e89a2356a0b81d3eeafbd6a4f7/analysis/data/consolidated_game_data_20240505.csv
9,S9-RS-017,1,Rebellion Zion,pick,4,Popol and Kupa,https://liquipedia.net/mobilelegends/MPL/Indonesia/Season_9/Regular_Season | https://github.com/LiTianYeoh/MLBB_Tournament_Analysis/blob/94ea36800e80c9e89a2356a0b81d3eeafbd6a4f7/analysis/data/consolidated_game_data_20240505.csv
9,S9-RS-017,1,Rebellion Zion,pick,5,Yin,https://liquipedia.net/mobilelegends/MPL/Indonesia/Season_9/Regular_Season | https://github.com/LiTianYeoh/MLBB_Tournament_Analysis/blob/94ea36800e80c9e89a2356a0b81d3eeafbd6a4f7/analysis/data/consolidated_game_data_20240505.csv
9,S9-RS-017,1,AURA Fire,ban,1,Kimmy,https://liquipedia.net/mobilelegends/MPL/Indonesia/Season_9/Regular_Season | https://github.com/LiTianYeoh/MLBB_Tournament_Analysis/blob/94ea36800e80c9e89a2356a0b81d3eeafbd6a4f7/analysis/data/consolidated_game_data_20240505.csv
9,S9-RS-017,1,AURA Fire,ban,2,Khaleed,https://liquipedia.net/mobilelegends/MPL/Indonesia/Season_9/Regular_Season | https://github.com/LiTianYeoh/MLBB_Tournament_Analysis/blob/94ea36800e80c9e89a2356a0b81d3eeafbd6a4f7/analysis/data/consolidated_game_data_20240505.csv
9,S9-RS-017,1,AURA Fire,ban,3,Hayabusa,https://liquipedia.net/mobilelegends/MPL/Indonesia/Season_9/Regular_Season | https://github.com/LiTianYeoh/MLBB_Tournament_Analysis/blob/94ea36800e80c9e89a2356a0b81d3eeafbd6a4f7/analysis/data/consolidated_game_data_20240505.csv
9,S9-RS-017,1,AURA Fire,ban,4,Lancelot,https://liquipedia.net/mobilelegends/MPL/Indonesia/Season_9/Regular_Season | https://github.com/LiTianYeoh/MLBB_Tournament_Analysis/blob/94ea36800e80c9e89a2356a0b81d3eeafbd6a4f7/analysis/data/consolidated_game_data_20240505.csv
9,S9-RS-017,1,AURA Fire,ban,5,Valentina,https://liquipedia.net/mobilelegends/MPL/Indonesia/Season_9/Regular_Season | https://github.com/LiTianYeoh/MLBB_Tournament_Analysis/blob/94ea36800e80c9e89a2356a0b81d3eeafbd6a4f7/analysis/data/consolidated_game_data_20240505.csv
9,S9-RS-017,1,AURA Fire,pick,1,Mathilda,https://liquipedia.net/mobilelegends/MPL/Indonesia/Season_9/Regular_Season | https://github.com/LiTianYeoh/MLBB_Tournament_Analysis/blob/94ea36800e80c9e89a2356a0b81d3eeafbd6a4f7/analysis/data/consolidated_game_data_20240505.csv
9,S9-RS-017,1,AURA Fire,pick,2,Beatrix,https://liquipedia.net/mobilelegends/MPL/Indonesia/Season_9/Regular_Season | https://github.com/LiTianYeoh/MLBB_Tournament_Analysis/blob/94ea36800e80c9e89a2356a0b81d3eeafbd6a4f7/analysis/data/consolidated_game_data_20240505.csv
9,S9-RS-017,1,AURA Fire,pick,3,Lylia,https://liquipedia.net/mobilelegends/MPL/Indonesia/Season_9/Regular_Season | https://github.com/LiTianYeoh/MLBB_Tournament_Analysis/blob/94ea36800e80c9e89a2356a0b81d3eeafbd6a4f7/analysis/data/consolidated_game_data_20240505.csv
9,S9-RS-017,1,AURA Fire,pick,4,Esmeralda,https://liquipedia.net/mobilelegends/MPL/Indonesia/Season_9/Regular_Season | https://github.com/LiTianYeoh/MLBB_Tournament_Analysis/blob/94ea36800e80c9e89a2356a0b81d3eeafbd6a4f7/analysis/data/consolidated_game_data_20240505.csv
9,S9-RS-017,1,AURA Fire,pick,5,Khufra,https://liquipedia.net/mobilelegends/MPL/Indonesia/Season_9/Regular_Season | https://github.com/LiTianYeoh/MLBB_Tournament_Analysis/blob/94ea36800e80c9e89a2356a0b81d3eeafbd6a4f7/analysis/data/consolidated_game_data_20240505.csv
9,S9-RS-017,2,Rebellion Zion,ban,1,Fanny,https://liquipedia.net/mobilelegends/MPL/Indonesia/Season_9/Regular_Season | https://github.com/LiTianYeoh/MLBB_Tournament_Analysis/blob/94ea36800e80c9e89a2356a0b81d3eeafbd6a4f7/analysis/data/consolidated_game_data_20240505.csv
9,S9-RS-017,2,Rebellion Zion,ban,2,Yve,https://liquipedia.net/mobilelegends/MPL/Indonesia/Season_9/Regular_Season | https://github.com/LiTianYeoh/MLBB_Tournament_Analysis/blob/94ea36800e80c9e89a2356a0b81d3eeafbd6a4f7/analysis/data/consolidated_game_data_20240505.csv
9,S9-RS-017,2,Rebellion Zion,ban,3,Pharsa,https://liquipedia.net/mobilelegends/MPL/Indonesia/Season_9/Regular_Season | https://github.com/LiTianYeoh/MLBB_Tournament_Analysis/blob/94ea36800e80c9e89a2356a0b81d3eeafbd6a4f7/analysis/data/consolidated_game_data_20240505.csv
9,S9-RS-017,2,Rebellion Zion,ban,4,Karina,https://liquipedia.net/mobilelegends/MPL/Indonesia/Season_9/Regular_Season | https://github.com/LiTianYeoh/MLBB_Tournament_Analysis/blob/94ea36800e80c9e89a2356a0b81d3eeafbd6a4f7/analysis/data/consolidated_game_data_20240505.csv
9,S9-RS-017,2,Rebellion Zion,ban,5,Aulus,https://liquipedia.net/mobilelegends/MPL/Indonesia/Season_9/Regular_Season | https://github.com/LiTianYeoh/MLBB_Tournament_Analysis/blob/94ea36800e80c9e89a2356a0b81d3eeafbd6a4f7/analysis/data/consolidated_game_data_20240505.csv
9,S9-RS-017,2,Rebellion Zion,pick,1,Mathilda,https://liquipedia.net/mobilelegends/MPL/Indonesia/Season_9/Regular_Season | https://github.com/LiTianYeoh/MLBB_Tournament_Analysis/blob/94ea36800e80c9e89a2356a0b81d3eeafbd6a4f7/analysis/data/consolidated_game_data_20240505.csv
9,S9-RS-017,2,Rebellion Zion,pick,2,Beatrix,https://liquipedia.net/mobilelegends/MPL/Indonesia/Season_9/Regular_Season | https://github.com/LiTianYeoh/MLBB_Tournament_Analysis/blob/94ea36800e80c9e89a2356a0b81d3eeafbd6a4f7/analysis/data/consolidated_game_data_20240505.csv
9,S9-RS-017,2,Rebellion Zion,pick,3,Yu Zhong,https://liquipedia.net/mobilelegends/MPL/Indonesia/Season_9/Regular_Season | https://github.com/LiTianYeoh/MLBB_Tournament_Analysis/blob/94ea36800e80c9e89a2356a0b81d3eeafbd6a4f7/analysis/data/consolidated_game_data_20240505.csv
9,S9-RS-017,2,Rebellion Zion,pick,4,Ling,https://liquipedia.net/mobilelegends/MPL/Indonesia/Season_9/Regular_Season | https://github.com/LiTianYeoh/MLBB_Tournament_Analysis/blob/94ea36800e80c9e89a2356a0b81d3eeafbd6a4f7/analysis/data/consolidated_game_data_20240505.csv
9,S9-RS-017,2,Rebellion Zion,pick,5,Lunox,https://liquipedia.net/mobilelegends/MPL/Indonesia/Season_9/Regular_Season | https://github.com/LiTianYeoh/MLBB_Tournament_Analysis/blob/94ea36800e80c9e89a2356a0b81d3eeafbd6a4f7/analysis/data/consolidated_game_data_20240505.csv
9,S9-RS-017,2,AURA Fire,ban,1,Lylia,https://liquipedia.net/mobilelegends/MPL/Indonesia/Season_9/Regular_Season | https://github.com/LiTianYeoh/MLBB_Tournament_Analysis/blob/94ea36800e80c9e89a2356a0b81d3eeafbd6a4f7/analysis/data/consolidated_game_data_20240505.csv
9,S9-RS-017,2,AURA Fire,ban,2,Cecilion,https://liquipedia.net/mobilelegends/MPL/Indonesia/Season_9/Regular_Season | https://github.com/LiTianYeoh/MLBB_Tournament_Analysis/blob/94ea36800e80c9e89a2356a0b81d3eeafbd6a4f7/analysis/data/consolidated_game_data_20240505.csv
9,S9-RS-017,2,AURA Fire,ban,3,Natalia,https://liquipedia.net/mobilelegends/MPL/Indonesia/Season_9/Regular_Season | https://github.com/LiTianYeoh/MLBB_Tournament_Analysis/blob/94ea36800e80c9e89a2356a0b81d3eeafbd6a4f7/analysis/data/consolidated_game_data_20240505.csv
9,S9-RS-017,2,AURA Fire,ban,4,Hayabusa,https://liquipedia.net/mobilelegends/MPL/Indonesia/Season_9/Regular_Season | https://github.com/LiTianYeoh/MLBB_Tournament_Analysis/blob/94ea36800e80c9e89a2356a0b81d3eeafbd6a4f7/analysis/data/consolidated_game_data_20240505.csv
9,S9-RS-017,2,AURA Fire,ban,5,Lancelot,https://liquipedia.net/mobilelegends/MPL/Indonesia/Season_9/Regular_Season | https://github.com/LiTianYeoh/MLBB_Tournament_Analysis/blob/94ea36800e80c9e89a2356a0b81d3eeafbd6a4f7/analysis/data/consolidated_game_data_20240505.csv
9,S9-RS-017,2,AURA Fire,pick,1,Kagura,https://liquipedia.net/mobilelegends/MPL/Indonesia/Season_9/Regular_Season | https://github.com/LiTianYeoh/MLBB_Tournament_Analysis/blob/94ea36800e80c9e89a2356a0b81d3eeafbd6a4f7/analysis/data/consolidated_game_data_20240505.csv
9,S9-RS-017,2,AURA Fire,pick,2,Chou,https://liquipedia.net/mobilelegends/MPL/Indonesia/Season_9/Regular_Season | https://github.com/LiTianYeoh/MLBB_Tournament_Analysis/blob/94ea36800e80c9e89a2356a0b81d3eeafbd6a4f7/analysis/data/consolidated_game_data_20240505.csv
9,S9-RS-017,2,AURA Fire,pick,3,Esmeralda,https://liquipedia.net/mobilelegends/MPL/Indonesia/Season_9/Regular_Season | https://github.com/LiTianYeoh/MLBB_Tournament_Analysis/blob/94ea36800e80c9e89a2356a0b81d3eeafbd6a4f7/analysis/data/consolidated_game_data_20240505.csv
9,S9-RS-017,2,AURA Fire,pick,4,Khufra,https://liquipedia.net/mobilelegends/MPL/Indonesia/Season_9/Regular_Season | https://github.com/LiTianYeoh/MLBB_Tournament_Analysis/blob/94ea36800e80c9e89a2356a0b81d3eeafbd6a4f7/analysis/data/consolidated_game_data_20240505.csv
9,S9-RS-017,2,AURA Fire,pick,5,Valentina,https://liquipedia.net/mobilelegends/MPL/Indonesia/Season_9/Regular_Season | https://github.com/LiTianYeoh/MLBB_Tournament_Analysis/blob/94ea36800e80c9e89a2356a0b81d3eeafbd6a4f7/analysis/data/consolidated_game_data_20240505.csv
9,S9-RS-018,1,Bigetron Alpha,ban,1,Valentina,https://liquipedia.net/mobilelegends/MPL/Indonesia/Season_9/Regular_Season | https://github.com/LiTianYeoh/MLBB_Tournament_Analysis/blob/94ea36800e80c9e89a2356a0b81d3eeafbd6a4f7/analysis/data/consolidated_game_data_20240505.csv
9,S9-RS-018,1,Bigetron Alpha,ban,2,Mathilda,https://liquipedia.net/mobilelegends/MPL/Indonesia/Season_9/Regular_Season | https://github.com/LiTianYeoh/MLBB_Tournament_Analysis/blob/94ea36800e80c9e89a2356a0b81d3eeafbd6a4f7/analysis/data/consolidated_game_data_20240505.csv
9,S9-RS-018,1,Bigetron Alpha,ban,3,Selena,https://liquipedia.net/mobilelegends/MPL/Indonesia/Season_9/Regular_Season | https://github.com/LiTianYeoh/MLBB_Tournament_Analysis/blob/94ea36800e80c9e89a2356a0b81d3eeafbd6a4f7/analysis/data/consolidated_game_data_20240505.csv
9,S9-RS-018,1,Bigetron Alpha,ban,4,Pharsa,https://liquipedia.net/mobilelegends/MPL/Indonesia/Season_9/Regular_Season | https://github.com/LiTianYeoh/MLBB_Tournament_Analysis/blob/94ea36800e80c9e89a2356a0b81d3eeafbd6a4f7/analysis/data/consolidated_game_data_20240505.csv
9,S9-RS-018,1,Bigetron Alpha,ban,5,Lylia,https://liquipedia.net/mobilelegends/MPL/Indonesia/Season_9/Regular_Season | https://github.com/LiTianYeoh/MLBB_Tournament_Analysis/blob/94ea36800e80c9e89a2356a0b81d3eeafbd6a4f7/analysis/data/consolidated_game_data_20240505.csv
9,S9-RS-018,1,Bigetron Alpha,pick,1,Esmeralda,https://liquipedia.net/mobilelegends/MPL/Indonesia/Season_9/Regular_Season | https://github.com/LiTianYeoh/MLBB_Tournament_Analysis/blob/94ea36800e80c9e89a2356a0b81d3eeafbd6a4f7/analysis/data/consolidated_game_data_20240505.csv
9,S9-RS-018,1,Bigetron Alpha,pick,2,Yve,https://liquipedia.net/mobilelegends/MPL/Indonesia/Season_9/Regular_Season | https://github.com/LiTianYeoh/MLBB_Tournament_Analysis/blob/94ea36800e80c9e89a2356a0b81d3eeafbd6a4f7/analysis/data/consolidated_game_data_20240505.csv
9,S9-RS-018,1,Bigetron Alpha,pick,3,Brody,https://liquipedia.net/mobilelegends/MPL/Indonesia/Season_9/Regular_Season | https://github.com/LiTianYeoh/MLBB_Tournament_Analysis/blob/94ea36800e80c9e89a2356a0b81d3eeafbd6a4f7/analysis/data/consolidated_game_data_20240505.csv
9,S9-RS-018,1,Bigetron Alpha,pick,4,Roger,https://liquipedia.net/mobilelegends/MPL/Indonesia/Season_9/Regular_Season | https://github.com/LiTianYeoh/MLBB_Tournament_Analysis/blob/94ea36800e80c9e89a2356a0b81d3eeafbd6a4f7/analysis/data/consolidated_game_data_20240505.csv
9,S9-RS-018,1,Bigetron Alpha,pick,5,Franco,https://liquipedia.net/mobilelegends/MPL/Indonesia/Season_9/Regular_Season | https://github.com/LiTianYeoh/MLBB_Tournament_Analysis/blob/94ea36800e80c9e89a2356a0b81d3eeafbd6a4f7/analysis/data/consolidated_game_data_20240505.csv
9,S9-RS-018,1,Alter Ego,ban,1,Hayabusa,https://liquipedia.net/mobilelegends/MPL/Indonesia/Season_9/Regular_Season | https://github.com/LiTianYeoh/MLBB_Tournament_Analysis/blob/94ea36800e80c9e89a2356a0b81d3eeafbd6a4f7/analysis/data/consolidated_game_data_20240505.csv
9,S9-RS-018,1,Alter Ego,ban,2,Karina,https://liquipedia.net/mobilelegends/MPL/Indonesia/Season_9/Regular_Season | https://github.com/LiTianYeoh/MLBB_Tournament_Analysis/blob/94ea36800e80c9e89a2356a0b81d3eeafbd6a4f7/analysis/data/consolidated_game_data_20240505.csv
9,S9-RS-018,1,Alter Ego,ban,3,Lancelot,https://liquipedia.net/mobilelegends/MPL/Indonesia/Season_9/Regular_Season | https://github.com/LiTianYeoh/MLBB_Tournament_Analysis/blob/94ea36800e80c9e89a2356a0b81d3eeafbd6a4f7/analysis/data/consolidated_game_data_20240505.csv
9,S9-RS-018,1,Alter Ego,ban,4,Paquito,https://liquipedia.net/mobilelegends/MPL/Indonesia/Season_9/Regular_Season | https://github.com/LiTianYeoh/MLBB_Tournament_Analysis/blob/94ea36800e80c9e89a2356a0b81d3eeafbd6a4f7/analysis/data/consolidated_game_data_20240505.csv
9,S9-RS-018,1,Alter Ego,ban,5,Chou,https://liquipedia.net/mobilelegends/MPL/Indonesia/Season_9/Regular_Season | https://github.com/LiTianYeoh/MLBB_Tournament_Analysis/blob/94ea36800e80c9e89a2356a0b81d3eeafbd6a4f7/analysis/data/consolidated_game_data_20240505.csv
9,S9-RS-018,1,Alter Ego,pick,1,Kagura,https://liquipedia.net/mobilelegends/MPL/Indonesia/Season_9/Regular_Season | https://github.com/LiTianYeoh/MLBB_Tournament_Analysis/blob/94ea36800e80c9e89a2356a0b81d3eeafbd6a4f7/analysis/data/consolidated_game_data_20240505.csv
9,S9-RS-018,1,Alter Ego,pick,2,Beatrix,https://liquipedia.net/mobilelegends/MPL/Indonesia/Season_9/Regular_Season | https://github.com/LiTianYeoh/MLBB_Tournament_Analysis/blob/94ea36800e80c9e89a2356a0b81d3eeafbd6a4f7/analysis/data/consolidated_game_data_20240505.csv
9,S9-RS-018,1,Alter Ego,pick,3,Uranus,https://liquipedia.net/mobilelegends/MPL/Indonesia/Season_9/Regular_Season | https://github.com/LiTianYeoh/MLBB_Tournament_Analysis/blob/94ea36800e80c9e89a2356a0b81d3eeafbd6a4f7/analysis/data/consolidated_game_data_20240505.csv
9,S9-RS-018,1,Alter Ego,pick,4,Natalia,https://liquipedia.net/mobilelegends/MPL/Indonesia/Season_9/Regular_Season | https://github.com/LiTianYeoh/MLBB_Tournament_Analysis/blob/94ea36800e80c9e89a2356a0b81d3eeafbd6a4f7/analysis/data/consolidated_game_data_20240505.csv
9,S9-RS-018,1,Alter Ego,pick,5,Fanny,https://liquipedia.net/mobilelegends/MPL/Indonesia/Season_9/Regular_Season | https://github.com/LiTianYeoh/MLBB_Tournament_Analysis/blob/94ea36800e80c9e89a2356a0b81d3eeafbd6a4f7/analysis/data/consolidated_game_data_20240505.csv
9,S9-RS-018,2,Bigetron Alpha,ban,1,Valentina,https://liquipedia.net/mobilelegends/MPL/Indonesia/Season_9/Regular_Season | https://github.com/LiTianYeoh/MLBB_Tournament_Analysis/blob/94ea36800e80c9e89a2356a0b81d3eeafbd6a4f7/analysis/data/consolidated_game_data_20240505.csv
9,S9-RS-018,2,Bigetron Alpha,ban,2,Natalia,https://liquipedia.net/mobilelegends/MPL/Indonesia/Season_9/Regular_Season | https://github.com/LiTianYeoh/MLBB_Tournament_Analysis/blob/94ea36800e80c9e89a2356a0b81d3eeafbd6a4f7/analysis/data/consolidated_game_data_20240505.csv
9,S9-RS-018,2,Bigetron Alpha,ban,3,Fanny,https://liquipedia.net/mobilelegends/MPL/Indonesia/Season_9/Regular_Season | https://github.com/LiTianYeoh/MLBB_Tournament_Analysis/blob/94ea36800e80c9e89a2356a0b81d3eeafbd6a4f7/analysis/data/consolidated_game_data_20240505.csv
9,S9-RS-018,2,Bigetron Alpha,ban,4,Karina,https://liquipedia.net/mobilelegends/MPL/Indonesia/Season_9/Regular_Season | https://github.com/LiTianYeoh/MLBB_Tournament_Analysis/blob/94ea36800e80c9e89a2356a0b81d3eeafbd6a4f7/analysis/data/consolidated_game_data_20240505.csv
9,S9-RS-018,2,Bigetron Alpha,ban,5,Hayabusa,https://liquipedia.net/mobilelegends/MPL/Indonesia/Season_9/Regular_Season | https://github.com/LiTianYeoh/MLBB_Tournament_Analysis/blob/94ea36800e80c9e89a2356a0b81d3eeafbd6a4f7/analysis/data/consolidated_game_data_20240505.csv
9,S9-RS-018,2,Bigetron Alpha,pick,1,Mathilda,https://liquipedia.net/mobilelegends/MPL/Indonesia/Season_9/Regular_Season | https://github.com/LiTianYeoh/MLBB_Tournament_Analysis/blob/94ea36800e80c9e89a2356a0b81d3eeafbd6a4f7/analysis/data/consolidated_game_data_20240505.csv
9,S9-RS-018,2,Bigetron Alpha,pick,2,Esmeralda,https://liquipedia.net/mobilelegends/MPL/Indonesia/Season_9/Regular_Season | https://github.com/LiTianYeoh/MLBB_Tournament_Analysis/blob/94ea36800e80c9e89a2356a0b81d3eeafbd6a4f7/analysis/data/consolidated_game_data_20240505.csv
9,S9-RS-018,2,Bigetron Alpha,pick,3,Yu Zhong,https://liquipedia.net/mobilelegends/MPL/Indonesia/Season_9/Regular_Season | https://github.com/LiTianYeoh/MLBB_Tournament_Analysis/blob/94ea36800e80c9e89a2356a0b81d3eeafbd6a4f7/analysis/data/consolidated_game_data_20240505.csv
9,S9-RS-018,2,Bigetron Alpha,pick,4,Clint,https://liquipedia.net/mobilelegends/MPL/Indonesia/Season_9/Regular_Season | https://github.com/LiTianYeoh/MLBB_Tournament_Analysis/blob/94ea36800e80c9e89a2356a0b81d3eeafbd6a4f7/analysis/data/consolidated_game_data_20240505.csv
9,S9-RS-018,2,Bigetron Alpha,pick,5,Aamon,https://liquipedia.net/mobilelegends/MPL/Indonesia/Season_9/Regular_Season | https://github.com/LiTianYeoh/MLBB_Tournament_Analysis/blob/94ea36800e80c9e89a2356a0b81d3eeafbd6a4f7/analysis/data/consolidated_game_data_20240505.csv
9,S9-RS-018,2,Alter Ego,ban,1,Yi Sun-Shin,https://liquipedia.net/mobilelegends/MPL/Indonesia/Season_9/Regular_Season | https://github.com/LiTianYeoh/MLBB_Tournament_Analysis/blob/94ea36800e80c9e89a2356a0b81d3eeafbd6a4f7/analysis/data/consolidated_game_data_20240505.csv
9,S9-RS-018,2,Alter Ego,ban,2,Ling,https://liquipedia.net/mobilelegends/MPL/Indonesia/Season_9/Regular_Season | https://github.com/LiTianYeoh/MLBB_Tournament_Analysis/blob/94ea36800e80c9e89a2356a0b81d3eeafbd6a4f7/analysis/data/consolidated_game_data_20240505.csv
9,S9-RS-018,2,Alter Ego,ban,3,Lancelot,https://liquipedia.net/mobilelegends/MPL/Indonesia/Season_9/Regular_Season | https://github.com/LiTianYeoh/MLBB_Tournament_Analysis/blob/94ea36800e80c9e89a2356a0b81d3eeafbd6a4f7/analysis/data/consolidated_game_data_20240505.csv
9,S9-RS-018,2,Alter Ego,ban,4,Paquito,https://liquipedia.net/mobilelegends/MPL/Indonesia/Season_9/Regular_Season | https://github.com/LiTianYeoh/MLBB_Tournament_Analysis/blob/94ea36800e80c9e89a2356a0b81d3eeafbd6a4f7/analysis/data/consolidated_game_data_20240505.csv
9,S9-RS-018,2,Alter Ego,ban,5,Selena,https://liquipedia.net/mobilelegends/MPL/Indonesia/Season_9/Regular_Season | https://github.com/LiTianYeoh/MLBB_Tournament_Analysis/blob/94ea36800e80c9e89a2356a0b81d3eeafbd6a4f7/analysis/data/consolidated_game_data_20240505.csv
9,S9-RS-018,2,Alter Ego,pick,1,Yin,https://liquipedia.net/mobilelegends/MPL/Indonesia/Season_9/Regular_Season | https://github.com/LiTianYeoh/MLBB_Tournament_Analysis/blob/94ea36800e80c9e89a2356a0b81d3eeafbd6a4f7/analysis/data/consolidated_game_data_20240505.csv
9,S9-RS-018,2,Alter Ego,pick,2,Ruby,https://liquipedia.net/mobilelegends/MPL/Indonesia/Season_9/Regular_Season | https://github.com/LiTianYeoh/MLBB_Tournament_Analysis/blob/94ea36800e80c9e89a2356a0b81d3eeafbd6a4f7/analysis/data/consolidated_game_data_20240505.csv
9,S9-RS-018,2,Alter Ego,pick,3,Beatrix,https://liquipedia.net/mobilelegends/MPL/Indonesia/Season_9/Regular_Season | https://github.com/LiTianYeoh/MLBB_Tournament_Analysis/blob/94ea36800e80c9e89a2356a0b81d3eeafbd6a4f7/analysis/data/consolidated_game_data_20240505.csv
9,S9-RS-018,2,Alter Ego,pick,4,Uranus,https://liquipedia.net/mobilelegends/MPL/Indonesia/Season_9/Regular_Season | https://github.com/LiTianYeoh/MLBB_Tournament_Analysis/blob/94ea36800e80c9e89a2356a0b81d3eeafbd6a4f7/analysis/data/consolidated_game_data_20240505.csv
9,S9-RS-018,2,Alter Ego,pick,5,Yve,https://liquipedia.net/mobilelegends/MPL/Indonesia/Season_9/Regular_Season | https://github.com/LiTianYeoh/MLBB_Tournament_Analysis/blob/94ea36800e80c9e89a2356a0b81d3eeafbd6a4f7/analysis/data/consolidated_game_data_20240505.csv
9,S9-RS-019,1,RRQ Hoshi,ban,1,Uranus,https://liquipedia.net/mobilelegends/MPL/Indonesia/Season_9/Regular_Season | https://github.com/LiTianYeoh/MLBB_Tournament_Analysis/blob/94ea36800e80c9e89a2356a0b81d3eeafbd6a4f7/analysis/data/consolidated_game_data_20240505.csv
9,S9-RS-019,1,RRQ Hoshi,ban,2,Phoveus,https://liquipedia.net/mobilelegends/MPL/Indonesia/Season_9/Regular_Season | https://github.com/LiTianYeoh/MLBB_Tournament_Analysis/blob/94ea36800e80c9e89a2356a0b81d3eeafbd6a4f7/analysis/data/consolidated_game_data_20240505.csv
9,S9-RS-019,1,RRQ Hoshi,ban,3,Selena,https://liquipedia.net/mobilelegends/MPL/Indonesia/Season_9/Regular_Season | https://github.com/LiTianYeoh/MLBB_Tournament_Analysis/blob/94ea36800e80c9e89a2356a0b81d3eeafbd6a4f7/analysis/data/consolidated_game_data_20240505.csv
9,S9-RS-019,1,RRQ Hoshi,ban,4,Aulus,https://liquipedia.net/mobilelegends/MPL/Indonesia/Season_9/Regular_Season | https://github.com/LiTianYeoh/MLBB_Tournament_Analysis/blob/94ea36800e80c9e89a2356a0b81d3eeafbd6a4f7/analysis/data/consolidated_game_data_20240505.csv
9,S9-RS-019,1,RRQ Hoshi,ban,5,Lancelot,https://liquipedia.net/mobilelegends/MPL/Indonesia/Season_9/Regular_Season | https://github.com/LiTianYeoh/MLBB_Tournament_Analysis/blob/94ea36800e80c9e89a2356a0b81d3eeafbd6a4f7/analysis/data/consolidated_game_data_20240505.csv
9,S9-RS-019,1,RRQ Hoshi,pick,1,Fanny,https://liquipedia.net/mobilelegends/MPL/Indonesia/Season_9/Regular_Season | https://github.com/LiTianYeoh/MLBB_Tournament_Analysis/blob/94ea36800e80c9e89a2356a0b81d3eeafbd6a4f7/analysis/data/consolidated_game_data_20240505.csv
9,S9-RS-019,1,RRQ Hoshi,pick,2,Chou,https://liquipedia.net/mobilelegends/MPL/Indonesia/Season_9/Regular_Season | https://github.com/LiTianYeoh/MLBB_Tournament_Analysis/blob/94ea36800e80c9e89a2356a0b81d3eeafbd6a4f7/analysis/data/consolidated_game_data_20240505.csv
9,S9-RS-019,1,RRQ Hoshi,pick,3,Lylia,https://liquipedia.net/mobilelegends/MPL/Indonesia/Season_9/Regular_Season | https://github.com/LiTianYeoh/MLBB_Tournament_Analysis/blob/94ea36800e80c9e89a2356a0b81d3eeafbd6a4f7/analysis/data/consolidated_game_data_20240505.csv
9,S9-RS-019,1,RRQ Hoshi,pick,4,Wanwan,https://liquipedia.net/mobilelegends/MPL/Indonesia/Season_9/Regular_Season | https://github.com/LiTianYeoh/MLBB_Tournament_Analysis/blob/94ea36800e80c9e89a2356a0b81d3eeafbd6a4f7/analysis/data/consolidated_game_data_20240505.csv
9,S9-RS-019,1,RRQ Hoshi,pick,5,Popol and Kupa,https://liquipedia.net/mobilelegends/MPL/Indonesia/Season_9/Regular_Season | https://github.com/LiTianYeoh/MLBB_Tournament_Analysis/blob/94ea36800e80c9e89a2356a0b81d3eeafbd6a4f7/analysis/data/consolidated_game_data_20240505.csv
9,S9-RS-019,1,EVOS Legends,ban,1,Gloo,https://liquipedia.net/mobilelegends/MPL/Indonesia/Season_9/Regular_Season | https://github.com/LiTianYeoh/MLBB_Tournament_Analysis/blob/94ea36800e80c9e89a2356a0b81d3eeafbd6a4f7/analysis/data/consolidated_game_data_20240505.csv
9,S9-RS-019,1,EVOS Legends,ban,2,Ruby,https://liquipedia.net/mobilelegends/MPL/Indonesia/Season_9/Regular_Season | https://github.com/LiTianYeoh/MLBB_Tournament_Analysis/blob/94ea36800e80c9e89a2356a0b81d3eeafbd6a4f7/analysis/data/consolidated_game_data_20240505.csv
9,S9-RS-019,1,EVOS Legends,ban,3,Cecilion,https://liquipedia.net/mobilelegends/MPL/Indonesia/Season_9/Regular_Season | https://github.com/LiTianYeoh/MLBB_Tournament_Analysis/blob/94ea36800e80c9e89a2356a0b81d3eeafbd6a4f7/analysis/data/consolidated_game_data_20240505.csv
9,S9-RS-019,1,EVOS Legends,ban,4,Valentina,https://liquipedia.net/mobilelegends/MPL/Indonesia/Season_9/Regular_Season | https://github.com/LiTianYeoh/MLBB_Tournament_Analysis/blob/94ea36800e80c9e89a2356a0b81d3eeafbd6a4f7/analysis/data/consolidated_game_data_20240505.csv
9,S9-RS-019,1,EVOS Legends,ban,5,Mathilda,https://liquipedia.net/mobilelegends/MPL/Indonesia/Season_9/Regular_Season | https://github.com/LiTianYeoh/MLBB_Tournament_Analysis/blob/94ea36800e80c9e89a2356a0b81d3eeafbd6a4f7/analysis/data/consolidated_game_data_20240505.csv
9,S9-RS-019,1,EVOS Legends,pick,1,Ling,https://liquipedia.net/mobilelegends/MPL/Indonesia/Season_9/Regular_Season | https://github.com/LiTianYeoh/MLBB_Tournament_Analysis/blob/94ea36800e80c9e89a2356a0b81d3eeafbd6a4f7/analysis/data/consolidated_game_data_20240505.csv
9,S9-RS-019,1,EVOS Legends,pick,2,Paquito,https://liquipedia.net/mobilelegends/MPL/Indonesia/Season_9/Regular_Season | https://github.com/LiTianYeoh/MLBB_Tournament_Analysis/blob/94ea36800e80c9e89a2356a0b81d3eeafbd6a4f7/analysis/data/consolidated_game_data_20240505.csv
9,S9-RS-019,1,EVOS Legends,pick,3,Khufra,https://liquipedia.net/mobilelegends/MPL/Indonesia/Season_9/Regular_Season | https://github.com/LiTianYeoh/MLBB_Tournament_Analysis/blob/94ea36800e80c9e89a2356a0b81d3eeafbd6a4f7/analysis/data/consolidated_game_data_20240505.csv
9,S9-RS-019,1,EVOS Legends,pick,4,Esmeralda,https://liquipedia.net/mobilelegends/MPL/Indonesia/Season_9/Regular_Season | https://github.com/LiTianYeoh/MLBB_Tournament_Analysis/blob/94ea36800e80c9e89a2356a0b81d3eeafbd6a4f7/analysis/data/consolidated_game_data_20240505.csv
9,S9-RS-019,1,EVOS Legends,pick,5,Yve,https://liquipedia.net/mobilelegends/MPL/Indonesia/Season_9/Regular_Season | https://github.com/LiTianYeoh/MLBB_Tournament_Analysis/blob/94ea36800e80c9e89a2356a0b81d3eeafbd6a4f7/analysis/data/consolidated_game_data_20240505.csv
9,S9-RS-019,2,RRQ Hoshi,ban,1,Valentina,https://liquipedia.net/mobilelegends/MPL/Indonesia/Season_9/Regular_Season | https://github.com/LiTianYeoh/MLBB_Tournament_Analysis/blob/94ea36800e80c9e89a2356a0b81d3eeafbd6a4f7/analysis/data/consolidated_game_data_20240505.csv
9,S9-RS-019,2,RRQ Hoshi,ban,2,Lancelot,https://liquipedia.net/mobilelegends/MPL/Indonesia/Season_9/Regular_Season | https://github.com/LiTianYeoh/MLBB_Tournament_Analysis/blob/94ea36800e80c9e89a2356a0b81d3eeafbd6a4f7/analysis/data/consolidated_game_data_20240505.csv
9,S9-RS-019,2,RRQ Hoshi,ban,3,Uranus,https://liquipedia.net/mobilelegends/MPL/Indonesia/Season_9/Regular_Season | https://github.com/LiTianYeoh/MLBB_Tournament_Analysis/blob/94ea36800e80c9e89a2356a0b81d3eeafbd6a4f7/analysis/data/consolidated_game_data_20240505.csv
9,S9-RS-019,2,RRQ Hoshi,ban,4,Yu Zhong,https://liquipedia.net/mobilelegends/MPL/Indonesia/Season_9/Regular_Season | https://github.com/LiTianYeoh/MLBB_Tournament_Analysis/blob/94ea36800e80c9e89a2356a0b81d3eeafbd6a4f7/analysis/data/consolidated_game_data_20240505.csv
9,S9-RS-019,2,RRQ Hoshi,ban,5,Phoveus,https://liquipedia.net/mobilelegends/MPL/Indonesia/Season_9/Regular_Season | https://github.com/LiTianYeoh/MLBB_Tournament_Analysis/blob/94ea36800e80c9e89a2356a0b81d3eeafbd6a4f7/analysis/data/consolidated_game_data_20240505.csv
9,S9-RS-019,2,RRQ Hoshi,pick,1,Gloo,https://liquipedia.net/mobilelegends/MPL/Indonesia/Season_9/Regular_Season | https://github.com/LiTianYeoh/MLBB_Tournament_Analysis/blob/94ea36800e80c9e89a2356a0b81d3eeafbd6a4f7/analysis/data/consolidated_game_data_20240505.csv
9,S9-RS-019,2,RRQ Hoshi,pick,2,Mathilda,https://liquipedia.net/mobilelegends/MPL/Indonesia/Season_9/Regular_Season | https://github.com/LiTianYeoh/MLBB_Tournament_Analysis/blob/94ea36800e80c9e89a2356a0b81d3eeafbd6a4f7/analysis/data/consolidated_game_data_20240505.csv
9,S9-RS-019,2,RRQ Hoshi,pick,3,Hayabusa,https://liquipedia.net/mobilelegends/MPL/Indonesia/Season_9/Regular_Season | https://github.com/LiTianYeoh/MLBB_Tournament_Analysis/blob/94ea36800e80c9e89a2356a0b81d3eeafbd6a4f7/analysis/data/consolidated_game_data_20240505.csv
9,S9-RS-019,2,RRQ Hoshi,pick,4,Lylia,https://liquipedia.net/mobilelegends/MPL/Indonesia/Season_9/Regular_Season | https://github.com/LiTianYeoh/MLBB_Tournament_Analysis/blob/94ea36800e80c9e89a2356a0b81d3eeafbd6a4f7/analysis/data/consolidated_game_data_20240505.csv
9,S9-RS-019,2,RRQ Hoshi,pick,5,Beatrix,https://liquipedia.net/mobilelegends/MPL/Indonesia/Season_9/Regular_Season | https://github.com/LiTianYeoh/MLBB_Tournament_Analysis/blob/94ea36800e80c9e89a2356a0b81d3eeafbd6a4f7/analysis/data/consolidated_game_data_20240505.csv
9,S9-RS-019,2,EVOS Legends,ban,1,Popol and Kupa,https://liquipedia.net/mobilelegends/MPL/Indonesia/Season_9/Regular_Season | https://github.com/LiTianYeoh/MLBB_Tournament_Analysis/blob/94ea36800e80c9e89a2356a0b81d3eeafbd6a4f7/analysis/data/consolidated_game_data_20240505.csv
9,S9-RS-019,2,EVOS Legends,ban,2,Wanwan,https://liquipedia.net/mobilelegends/MPL/Indonesia/Season_9/Regular_Season | https://github.com/LiTianYeoh/MLBB_Tournament_Analysis/blob/94ea36800e80c9e89a2356a0b81d3eeafbd6a4f7/analysis/data/consolidated_game_data_20240505.csv
9,S9-RS-019,2,EVOS Legends,ban,3,Cecilion,https://liquipedia.net/mobilelegends/MPL/Indonesia/Season_9/Regular_Season | https://github.com/LiTianYeoh/MLBB_Tournament_Analysis/blob/94ea36800e80c9e89a2356a0b81d3eeafbd6a4f7/analysis/data/consolidated_game_data_20240505.csv
9,S9-RS-019,2,EVOS Legends,ban,4,Fanny,https://liquipedia.net/mobilelegends/MPL/Indonesia/Season_9/Regular_Season | https://github.com/LiTianYeoh/MLBB_Tournament_Analysis/blob/94ea36800e80c9e89a2356a0b81d3eeafbd6a4f7/analysis/data/consolidated_game_data_20240505.csv
9,S9-RS-019,2,EVOS Legends,ban,5,Ling,https://liquipedia.net/mobilelegends/MPL/Indonesia/Season_9/Regular_Season | https://github.com/LiTianYeoh/MLBB_Tournament_Analysis/blob/94ea36800e80c9e89a2356a0b81d3eeafbd6a4f7/analysis/data/consolidated_game_data_20240505.csv
9,S9-RS-019,2,EVOS Legends,pick,1,Paquito,https://liquipedia.net/mobilelegends/MPL/Indonesia/Season_9/Regular_Season | https://github.com/LiTianYeoh/MLBB_Tournament_Analysis/blob/94ea36800e80c9e89a2356a0b81d3eeafbd6a4f7/analysis/data/consolidated_game_data_20240505.csv
9,S9-RS-019,2,EVOS Legends,pick,2,Ruby,https://liquipedia.net/mobilelegends/MPL/Indonesia/Season_9/Regular_Season | https://github.com/LiTianYeoh/MLBB_Tournament_Analysis/blob/94ea36800e80c9e89a2356a0b81d3eeafbd6a4f7/analysis/data/consolidated_game_data_20240505.csv
9,S9-RS-019,2,EVOS Legends,pick,3,Aulus,https://liquipedia.net/mobilelegends/MPL/Indonesia/Season_9/Regular_Season | https://github.com/LiTianYeoh/MLBB_Tournament_Analysis/blob/94ea36800e80c9e89a2356a0b81d3eeafbd6a4f7/analysis/data/consolidated_game_data_20240505.csv
9,S9-RS-019,2,EVOS Legends,pick,4,Diggie,https://liquipedia.net/mobilelegends/MPL/Indonesia/Season_9/Regular_Season | https://github.com/LiTianYeoh/MLBB_Tournament_Analysis/blob/94ea36800e80c9e89a2356a0b81d3eeafbd6a4f7/analysis/data/consolidated_game_data_20240505.csv
9,S9-RS-019,2,EVOS Legends,pick,5,Yve,https://liquipedia.net/mobilelegends/MPL/Indonesia/Season_9/Regular_Season | https://github.com/LiTianYeoh/MLBB_Tournament_Analysis/blob/94ea36800e80c9e89a2356a0b81d3eeafbd6a4f7/analysis/data/consolidated_game_data_20240505.csv
9,S9-RS-019,3,RRQ Hoshi,ban,1,Uranus,https://liquipedia.net/mobilelegends/MPL/Indonesia/Season_9/Regular_Season | https://github.com/LiTianYeoh/MLBB_Tournament_Analysis/blob/94ea36800e80c9e89a2356a0b81d3eeafbd6a4f7/analysis/data/consolidated_game_data_20240505.csv
9,S9-RS-019,3,RRQ Hoshi,ban,2,Phoveus,https://liquipedia.net/mobilelegends/MPL/Indonesia/Season_9/Regular_Season | https://github.com/LiTianYeoh/MLBB_Tournament_Analysis/blob/94ea36800e80c9e89a2356a0b81d3eeafbd6a4f7/analysis/data/consolidated_game_data_20240505.csv
9,S9-RS-019,3,RRQ Hoshi,ban,3,Aulus,https://liquipedia.net/mobilelegends/MPL/Indonesia/Season_9/Regular_Season | https://github.com/LiTianYeoh/MLBB_Tournament_Analysis/blob/94ea36800e80c9e89a2356a0b81d3eeafbd6a4f7/analysis/data/consolidated_game_data_20240505.csv
9,S9-RS-019,3,RRQ Hoshi,ban,4,Ruby,https://liquipedia.net/mobilelegends/MPL/Indonesia/Season_9/Regular_Season | https://github.com/LiTianYeoh/MLBB_Tournament_Analysis/blob/94ea36800e80c9e89a2356a0b81d3eeafbd6a4f7/analysis/data/consolidated_game_data_20240505.csv
9,S9-RS-019,3,RRQ Hoshi,ban,5,Yu Zhong,https://liquipedia.net/mobilelegends/MPL/Indonesia/Season_9/Regular_Season | https://github.com/LiTianYeoh/MLBB_Tournament_Analysis/blob/94ea36800e80c9e89a2356a0b81d3eeafbd6a4f7/analysis/data/consolidated_game_data_20240505.csv
9,S9-RS-019,3,RRQ Hoshi,pick,1,Natalia,https://liquipedia.net/mobilelegends/MPL/Indonesia/Season_9/Regular_Season | https://github.com/LiTianYeoh/MLBB_Tournament_Analysis/blob/94ea36800e80c9e89a2356a0b81d3eeafbd6a4f7/analysis/data/consolidated_game_data_20240505.csv
9,S9-RS-019,3,RRQ Hoshi,pick,2,Chou,https://liquipedia.net/mobilelegends/MPL/Indonesia/Season_9/Regular_Season | https://github.com/LiTianYeoh/MLBB_Tournament_Analysis/blob/94ea36800e80c9e89a2356a0b81d3eeafbd6a4f7/analysis/data/consolidated_game_data_20240505.csv
9,S9-RS-019,3,RRQ Hoshi,pick,3,Selena,https://liquipedia.net/mobilelegends/MPL/Indonesia/Season_9/Regular_Season | https://github.com/LiTianYeoh/MLBB_Tournament_Analysis/blob/94ea36800e80c9e89a2356a0b81d3eeafbd6a4f7/analysis/data/consolidated_game_data_20240505.csv
9,S9-RS-019,3,RRQ Hoshi,pick,4,Miya,https://liquipedia.net/mobilelegends/MPL/Indonesia/Season_9/Regular_Season | https://github.com/LiTianYeoh/MLBB_Tournament_Analysis/blob/94ea36800e80c9e89a2356a0b81d3eeafbd6a4f7/analysis/data/consolidated_game_data_20240505.csv
9,S9-RS-019,3,RRQ Hoshi,pick,5,Fanny,https://liquipedia.net/mobilelegends/MPL/Indonesia/Season_9/Regular_Season | https://github.com/LiTianYeoh/MLBB_Tournament_Analysis/blob/94ea36800e80c9e89a2356a0b81d3eeafbd6a4f7/analysis/data/consolidated_game_data_20240505.csv
9,S9-RS-019,3,EVOS Legends,ban,1,Lylia,https://liquipedia.net/mobilelegends/MPL/Indonesia/Season_9/Regular_Season | https://github.com/LiTianYeoh/MLBB_Tournament_Analysis/blob/94ea36800e80c9e89a2356a0b81d3eeafbd6a4f7/analysis/data/consolidated_game_data_20240505.csv
9,S9-RS-019,3,EVOS Legends,ban,2,Wanwan,https://liquipedia.net/mobilelegends/MPL/Indonesia/Season_9/Regular_Season | https://github.com/LiTianYeoh/MLBB_Tournament_Analysis/blob/94ea36800e80c9e89a2356a0b81d3eeafbd6a4f7/analysis/data/consolidated_game_data_20240505.csv
9,S9-RS-019,3,EVOS Legends,ban,3,Ling,https://liquipedia.net/mobilelegends/MPL/Indonesia/Season_9/Regular_Season | https://github.com/LiTianYeoh/MLBB_Tournament_Analysis/blob/94ea36800e80c9e89a2356a0b81d3eeafbd6a4f7/analysis/data/consolidated_game_data_20240505.csv
9,S9-RS-019,3,EVOS Legends,ban,4,Cecilion,https://liquipedia.net/mobilelegends/MPL/Indonesia/Season_9/Regular_Season | https://github.com/LiTianYeoh/MLBB_Tournament_Analysis/blob/94ea36800e80c9e89a2356a0b81d3eeafbd6a4f7/analysis/data/consolidated_game_data_20240505.csv
9,S9-RS-019,3,EVOS Legends,ban,5,Valentina,https://liquipedia.net/mobilelegends/MPL/Indonesia/Season_9/Regular_Season | https://github.com/LiTianYeoh/MLBB_Tournament_Analysis/blob/94ea36800e80c9e89a2356a0b81d3eeafbd6a4f7/analysis/data/consolidated_game_data_20240505.csv
9,S9-RS-019,3,EVOS Legends,pick,1,Khufra,https://liquipedia.net/mobilelegends/MPL/Indonesia/Season_9/Regular_Season | https://github.com/LiTianYeoh/MLBB_Tournament_Analysis/blob/94ea36800e80c9e89a2356a0b81d3eeafbd6a4f7/analysis/data/consolidated_game_data_20240505.csv
9,S9-RS-019,3,EVOS Legends,pick,2,Brody,https://liquipedia.net/mobilelegends/MPL/Indonesia/Season_9/Regular_Season | https://github.com/LiTianYeoh/MLBB_Tournament_Analysis/blob/94ea36800e80c9e89a2356a0b81d3eeafbd6a4f7/analysis/data/consolidated_game_data_20240505.csv
9,S9-RS-019,3,EVOS Legends,pick,3,Lancelot,https://liquipedia.net/mobilelegends/MPL/Indonesia/Season_9/Regular_Season | https://github.com/LiTianYeoh/MLBB_Tournament_Analysis/blob/94ea36800e80c9e89a2356a0b81d3eeafbd6a4f7/analysis/data/consolidated_game_data_20240505.csv
9,S9-RS-019,3,EVOS Legends,pick,4,Yve,https://liquipedia.net/mobilelegends/MPL/Indonesia/Season_9/Regular_Season | https://github.com/LiTianYeoh/MLBB_Tournament_Analysis/blob/94ea36800e80c9e89a2356a0b81d3eeafbd6a4f7/analysis/data/consolidated_game_data_20240505.csv
9,S9-RS-019,3,EVOS Legends,pick,5,Mathilda,https://liquipedia.net/mobilelegends/MPL/Indonesia/Season_9/Regular_Season | https://github.com/LiTianYeoh/MLBB_Tournament_Analysis/blob/94ea36800e80c9e89a2356a0b81d3eeafbd6a4f7/analysis/data/consolidated_game_data_20240505.csv
9,S9-RS-020,1,Geek Fam ID,ban,1,Lancelot,https://liquipedia.net/mobilelegends/MPL/Indonesia/Season_9/Regular_Season | https://github.com/LiTianYeoh/MLBB_Tournament_Analysis/blob/94ea36800e80c9e89a2356a0b81d3eeafbd6a4f7/analysis/data/consolidated_game_data_20240505.csv
9,S9-RS-020,1,Geek Fam ID,ban,2,Esmeralda,https://liquipedia.net/mobilelegends/MPL/Indonesia/Season_9/Regular_Season | https://github.com/LiTianYeoh/MLBB_Tournament_Analysis/blob/94ea36800e80c9e89a2356a0b81d3eeafbd6a4f7/analysis/data/consolidated_game_data_20240505.csv
9,S9-RS-020,1,Geek Fam ID,ban,3,Selena,https://liquipedia.net/mobilelegends/MPL/Indonesia/Season_9/Regular_Season | https://github.com/LiTianYeoh/MLBB_Tournament_Analysis/blob/94ea36800e80c9e89a2356a0b81d3eeafbd6a4f7/analysis/data/consolidated_game_data_20240505.csv
9,S9-RS-020,1,Geek Fam ID,ban,4,Popol and Kupa,https://liquipedia.net/mobilelegends/MPL/Indonesia/Season_9/Regular_Season | https://github.com/LiTianYeoh/MLBB_Tournament_Analysis/blob/94ea36800e80c9e89a2356a0b81d3eeafbd6a4f7/analysis/data/consolidated_game_data_20240505.csv
9,S9-RS-020,1,Geek Fam ID,ban,5,Kaja,https://liquipedia.net/mobilelegends/MPL/Indonesia/Season_9/Regular_Season | https://github.com/LiTianYeoh/MLBB_Tournament_Analysis/blob/94ea36800e80c9e89a2356a0b81d3eeafbd6a4f7/analysis/data/consolidated_game_data_20240505.csv
9,S9-RS-020,1,Geek Fam ID,pick,1,Phoveus,https://liquipedia.net/mobilelegends/MPL/Indonesia/Season_9/Regular_Season | https://github.com/LiTianYeoh/MLBB_Tournament_Analysis/blob/94ea36800e80c9e89a2356a0b81d3eeafbd6a4f7/analysis/data/consolidated_game_data_20240505.csv
9,S9-RS-020,1,Geek Fam ID,pick,2,Beatrix,https://liquipedia.net/mobilelegends/MPL/Indonesia/Season_9/Regular_Season | https://github.com/LiTianYeoh/MLBB_Tournament_Analysis/blob/94ea36800e80c9e89a2356a0b81d3eeafbd6a4f7/analysis/data/consolidated_game_data_20240505.csv
9,S9-RS-020,1,Geek Fam ID,pick,3,Ruby,https://liquipedia.net/mobilelegends/MPL/Indonesia/Season_9/Regular_Season | https://github.com/LiTianYeoh/MLBB_Tournament_Analysis/blob/94ea36800e80c9e89a2356a0b81d3eeafbd6a4f7/analysis/data/consolidated_game_data_20240505.csv
9,S9-RS-020,1,Geek Fam ID,pick,4,Kimmy,https://liquipedia.net/mobilelegends/MPL/Indonesia/Season_9/Regular_Season | https://github.com/LiTianYeoh/MLBB_Tournament_Analysis/blob/94ea36800e80c9e89a2356a0b81d3eeafbd6a4f7/analysis/data/consolidated_game_data_20240505.csv
9,S9-RS-020,1,Geek Fam ID,pick,5,Pharsa,https://liquipedia.net/mobilelegends/MPL/Indonesia/Season_9/Regular_Season | https://github.com/LiTianYeoh/MLBB_Tournament_Analysis/blob/94ea36800e80c9e89a2356a0b81d3eeafbd6a4f7/analysis/data/consolidated_game_data_20240505.csv
9,S9-RS-020,1,ONIC Esports,ban,1,Cecilion,https://liquipedia.net/mobilelegends/MPL/Indonesia/Season_9/Regular_Season | https://github.com/LiTianYeoh/MLBB_Tournament_Analysis/blob/94ea36800e80c9e89a2356a0b81d3eeafbd6a4f7/analysis/data/consolidated_game_data_20240505.csv
9,S9-RS-020,1,ONIC Esports,ban,2,Lylia,https://liquipedia.net/mobilelegends/MPL/Indonesia/Season_9/Regular_Season | https://github.com/LiTianYeoh/MLBB_Tournament_Analysis/blob/94ea36800e80c9e89a2356a0b81d3eeafbd6a4f7/analysis/data/consolidated_game_data_20240505.csv
9,S9-RS-020,1,ONIC Esports,ban,3,Yve,https://liquipedia.net/mobilelegends/MPL/Indonesia/Season_9/Regular_Season | https://github.com/LiTianYeoh/MLBB_Tournament_Analysis/blob/94ea36800e80c9e89a2356a0b81d3eeafbd6a4f7/analysis/data/consolidated_game_data_20240505.csv
9,S9-RS-020,1,ONIC Esports,ban,4,Mathilda,https://liquipedia.net/mobilelegends/MPL/Indonesia/Season_9/Regular_Season | https://github.com/LiTianYeoh/MLBB_Tournament_Analysis/blob/94ea36800e80c9e89a2356a0b81d3eeafbd6a4f7/analysis/data/consolidated_game_data_20240505.csv
9,S9-RS-020,1,ONIC Esports,ban,5,Valentina,https://liquipedia.net/mobilelegends/MPL/Indonesia/Season_9/Regular_Season | https://github.com/LiTianYeoh/MLBB_Tournament_Analysis/blob/94ea36800e80c9e89a2356a0b81d3eeafbd6a4f7/analysis/data/consolidated_game_data_20240505.csv
9,S9-RS-020,1,ONIC Esports,pick,1,Claude,https://liquipedia.net/mobilelegends/MPL/Indonesia/Season_9/Regular_Season | https://github.com/LiTianYeoh/MLBB_Tournament_Analysis/blob/94ea36800e80c9e89a2356a0b81d3eeafbd6a4f7/analysis/data/consolidated_game_data_20240505.csv
9,S9-RS-020,1,ONIC Esports,pick,2,Rafaela,https://liquipedia.net/mobilelegends/MPL/Indonesia/Season_9/Regular_Season | https://github.com/LiTianYeoh/MLBB_Tournament_Analysis/blob/94ea36800e80c9e89a2356a0b81d3eeafbd6a4f7/analysis/data/consolidated_game_data_20240505.csv
9,S9-RS-020,1,ONIC Esports,pick,3,Karina,https://liquipedia.net/mobilelegends/MPL/Indonesia/Season_9/Regular_Season | https://github.com/LiTianYeoh/MLBB_Tournament_Analysis/blob/94ea36800e80c9e89a2356a0b81d3eeafbd6a4f7/analysis/data/consolidated_game_data_20240505.csv
9,S9-RS-020,1,ONIC Esports,pick,4,Uranus,https://liquipedia.net/mobilelegends/MPL/Indonesia/Season_9/Regular_Season | https://github.com/LiTianYeoh/MLBB_Tournament_Analysis/blob/94ea36800e80c9e89a2356a0b81d3eeafbd6a4f7/analysis/data/consolidated_game_data_20240505.csv
9,S9-RS-020,1,ONIC Esports,pick,5,Chou,https://liquipedia.net/mobilelegends/MPL/Indonesia/Season_9/Regular_Season | https://github.com/LiTianYeoh/MLBB_Tournament_Analysis/blob/94ea36800e80c9e89a2356a0b81d3eeafbd6a4f7/analysis/data/consolidated_game_data_20240505.csv
9,S9-RS-020,2,Geek Fam ID,ban,1,Lancelot,https://liquipedia.net/mobilelegends/MPL/Indonesia/Season_9/Regular_Season | https://github.com/LiTianYeoh/MLBB_Tournament_Analysis/blob/94ea36800e80c9e89a2356a0b81d3eeafbd6a4f7/analysis/data/consolidated_game_data_20240505.csv
9,S9-RS-020,2,Geek Fam ID,ban,2,Valentina,https://liquipedia.net/mobilelegends/MPL/Indonesia/Season_9/Regular_Season | https://github.com/LiTianYeoh/MLBB_Tournament_Analysis/blob/94ea36800e80c9e89a2356a0b81d3eeafbd6a4f7/analysis/data/consolidated_game_data_20240505.csv
9,S9-RS-020,2,Geek Fam ID,ban,3,Selena,https://liquipedia.net/mobilelegends/MPL/Indonesia/Season_9/Regular_Season | https://github.com/LiTianYeoh/MLBB_Tournament_Analysis/blob/94ea36800e80c9e89a2356a0b81d3eeafbd6a4f7/analysis/data/consolidated_game_data_20240505.csv
9,S9-RS-020,2,Geek Fam ID,ban,4,Popol and Kupa,https://liquipedia.net/mobilelegends/MPL/Indonesia/Season_9/Regular_Season | https://github.com/LiTianYeoh/MLBB_Tournament_Analysis/blob/94ea36800e80c9e89a2356a0b81d3eeafbd6a4f7/analysis/data/consolidated_game_data_20240505.csv
9,S9-RS-020,2,Geek Fam ID,ban,5,Rafaela,https://liquipedia.net/mobilelegends/MPL/Indonesia/Season_9/Regular_Season | https://github.com/LiTianYeoh/MLBB_Tournament_Analysis/blob/94ea36800e80c9e89a2356a0b81d3eeafbd6a4f7/analysis/data/consolidated_game_data_20240505.csv
9,S9-RS-020,2,Geek Fam ID,pick,1,Beatrix,https://liquipedia.net/mobilelegends/MPL/Indonesia/Season_9/Regular_Season | https://github.com/LiTianYeoh/MLBB_Tournament_Analysis/blob/94ea36800e80c9e89a2356a0b81d3eeafbd6a4f7/analysis/data/consolidated_game_data_20240505.csv
9,S9-RS-020,2,Geek Fam ID,pick,2,Esmeralda,https://liquipedia.net/mobilelegends/MPL/Indonesia/Season_9/Regular_Season | https://github.com/LiTianYeoh/MLBB_Tournament_Analysis/blob/94ea36800e80c9e89a2356a0b81d3eeafbd6a4f7/analysis/data/consolidated_game_data_20240505.csv
9,S9-RS-020,2,Geek Fam ID,pick,3,Paquito,https://liquipedia.net/mobilelegends/MPL/Indonesia/Season_9/Regular_Season | https://github.com/LiTianYeoh/MLBB_Tournament_Analysis/blob/94ea36800e80c9e89a2356a0b81d3eeafbd6a4f7/analysis/data/consolidated_game_data_20240505.csv
9,S9-RS-020,2,Geek Fam ID,pick,4,Khufra,https://liquipedia.net/mobilelegends/MPL/Indonesia/Season_9/Regular_Season | https://github.com/LiTianYeoh/MLBB_Tournament_Analysis/blob/94ea36800e80c9e89a2356a0b81d3eeafbd6a4f7/analysis/data/consolidated_game_data_20240505.csv
9,S9-RS-020,2,Geek Fam ID,pick,5,Pharsa,https://liquipedia.net/mobilelegends/MPL/Indonesia/Season_9/Regular_Season | https://github.com/LiTianYeoh/MLBB_Tournament_Analysis/blob/94ea36800e80c9e89a2356a0b81d3eeafbd6a4f7/analysis/data/consolidated_game_data_20240505.csv
9,S9-RS-020,2,ONIC Esports,ban,1,Cecilion,https://liquipedia.net/mobilelegends/MPL/Indonesia/Season_9/Regular_Season | https://github.com/LiTianYeoh/MLBB_Tournament_Analysis/blob/94ea36800e80c9e89a2356a0b81d3eeafbd6a4f7/analysis/data/consolidated_game_data_20240505.csv
9,S9-RS-020,2,ONIC Esports,ban,2,Kagura,https://liquipedia.net/mobilelegends/MPL/Indonesia/Season_9/Regular_Season | https://github.com/LiTianYeoh/MLBB_Tournament_Analysis/blob/94ea36800e80c9e89a2356a0b81d3eeafbd6a4f7/analysis/data/consolidated_game_data_20240505.csv
9,S9-RS-020,2,ONIC Esports,ban,3,Lylia,https://liquipedia.net/mobilelegends/MPL/Indonesia/Season_9/Regular_Season | https://github.com/LiTianYeoh/MLBB_Tournament_Analysis/blob/94ea36800e80c9e89a2356a0b81d3eeafbd6a4f7/analysis/data/consolidated_game_data_20240505.csv
9,S9-RS-020,2,ONIC Esports,ban,4,Yve,https://liquipedia.net/mobilelegends/MPL/Indonesia/Season_9/Regular_Season | https://github.com/LiTianYeoh/MLBB_Tournament_Analysis/blob/94ea36800e80c9e89a2356a0b81d3eeafbd6a4f7/analysis/data/consolidated_game_data_20240505.csv
9,S9-RS-020,2,ONIC Esports,ban,5,Mathilda,https://liquipedia.net/mobilelegends/MPL/Indonesia/Season_9/Regular_Season | https://github.com/LiTianYeoh/MLBB_Tournament_Analysis/blob/94ea36800e80c9e89a2356a0b81d3eeafbd6a4f7/analysis/data/consolidated_game_data_20240505.csv
9,S9-RS-020,2,ONIC Esports,pick,1,Miya,https://liquipedia.net/mobilelegends/MPL/Indonesia/Season_9/Regular_Season | https://github.com/LiTianYeoh/MLBB_Tournament_Analysis/blob/94ea36800e80c9e89a2356a0b81d3eeafbd6a4f7/analysis/data/consolidated_game_data_20240505.csv
9,S9-RS-020,2,ONIC Esports,pick,2,Minotaur,https://liquipedia.net/mobilelegends/MPL/Indonesia/Season_9/Regular_Season | https://github.com/LiTianYeoh/MLBB_Tournament_Analysis/blob/94ea36800e80c9e89a2356a0b81d3eeafbd6a4f7/analysis/data/consolidated_game_data_20240505.csv
9,S9-RS-020,2,ONIC Esports,pick,3,Ling,https://liquipedia.net/mobilelegends/MPL/Indonesia/Season_9/Regular_Season | https://github.com/LiTianYeoh/MLBB_Tournament_Analysis/blob/94ea36800e80c9e89a2356a0b81d3eeafbd6a4f7/analysis/data/consolidated_game_data_20240505.csv
9,S9-RS-020,2,ONIC Esports,pick,4,Uranus,https://liquipedia.net/mobilelegends/MPL/Indonesia/Season_9/Regular_Season | https://github.com/LiTianYeoh/MLBB_Tournament_Analysis/blob/94ea36800e80c9e89a2356a0b81d3eeafbd6a4f7/analysis/data/consolidated_game_data_20240505.csv
9,S9-RS-020,2,ONIC Esports,pick,5,Chou,https://liquipedia.net/mobilelegends/MPL/Indonesia/Season_9/Regular_Season | https://github.com/LiTianYeoh/MLBB_Tournament_Analysis/blob/94ea36800e80c9e89a2356a0b81d3eeafbd6a4f7/analysis/data/consolidated_game_data_20240505.csv
9,S9-RS-021,1,RRQ Hoshi,ban,1,Phoveus,https://liquipedia.net/mobilelegends/MPL/Indonesia/Season_9/Regular_Season | https://github.com/LiTianYeoh/MLBB_Tournament_Analysis/blob/94ea36800e80c9e89a2356a0b81d3eeafbd6a4f7/analysis/data/consolidated_game_data_20240505.csv
9,S9-RS-021,1,RRQ Hoshi,ban,2,Mathilda,https://liquipedia.net/mobilelegends/MPL/Indonesia/Season_9/Regular_Season | https://github.com/LiTianYeoh/MLBB_Tournament_Analysis/blob/94ea36800e80c9e89a2356a0b81d3eeafbd6a4f7/analysis/data/consolidated_game_data_20240505.csv
9,S9-RS-021,1,RRQ Hoshi,ban,3,Natalia,https://liquipedia.net/mobilelegends/MPL/Indonesia/Season_9/Regular_Season | https://github.com/LiTianYeoh/MLBB_Tournament_Analysis/blob/94ea36800e80c9e89a2356a0b81d3eeafbd6a4f7/analysis/data/consolidated_game_data_20240505.csv
9,S9-RS-021,1,RRQ Hoshi,ban,4,Aldous,https://liquipedia.net/mobilelegends/MPL/Indonesia/Season_9/Regular_Season | https://github.com/LiTianYeoh/MLBB_Tournament_Analysis/blob/94ea36800e80c9e89a2356a0b81d3eeafbd6a4f7/analysis/data/consolidated_game_data_20240505.csv
9,S9-RS-021,1,RRQ Hoshi,ban,5,Ling,https://liquipedia.net/mobilelegends/MPL/Indonesia/Season_9/Regular_Season | https://github.com/LiTianYeoh/MLBB_Tournament_Analysis/blob/94ea36800e80c9e89a2356a0b81d3eeafbd6a4f7/analysis/data/consolidated_game_data_20240505.csv
9,S9-RS-021,1,RRQ Hoshi,pick,1,Lancelot,https://liquipedia.net/mobilelegends/MPL/Indonesia/Season_9/Regular_Season | https://github.com/LiTianYeoh/MLBB_Tournament_Analysis/blob/94ea36800e80c9e89a2356a0b81d3eeafbd6a4f7/analysis/data/consolidated_game_data_20240505.csv
9,S9-RS-021,1,RRQ Hoshi,pick,2,Beatrix,https://liquipedia.net/mobilelegends/MPL/Indonesia/Season_9/Regular_Season | https://github.com/LiTianYeoh/MLBB_Tournament_Analysis/blob/94ea36800e80c9e89a2356a0b81d3eeafbd6a4f7/analysis/data/consolidated_game_data_20240505.csv
9,S9-RS-021,1,RRQ Hoshi,pick,3,Chou,https://liquipedia.net/mobilelegends/MPL/Indonesia/Season_9/Regular_Season | https://github.com/LiTianYeoh/MLBB_Tournament_Analysis/blob/94ea36800e80c9e89a2356a0b81d3eeafbd6a4f7/analysis/data/consolidated_game_data_20240505.csv
9,S9-RS-021,1,RRQ Hoshi,pick,4,Dyrroth,https://liquipedia.net/mobilelegends/MPL/Indonesia/Season_9/Regular_Season | https://github.com/LiTianYeoh/MLBB_Tournament_Analysis/blob/94ea36800e80c9e89a2356a0b81d3eeafbd6a4f7/analysis/data/consolidated_game_data_20240505.csv
9,S9-RS-021,1,RRQ Hoshi,pick,5,Kagura,https://liquipedia.net/mobilelegends/MPL/Indonesia/Season_9/Regular_Season | https://github.com/LiTianYeoh/MLBB_Tournament_Analysis/blob/94ea36800e80c9e89a2356a0b81d3eeafbd6a4f7/analysis/data/consolidated_game_data_20240505.csv
9,S9-RS-021,1,Rebellion Zion,ban,1,Lunox,https://liquipedia.net/mobilelegends/MPL/Indonesia/Season_9/Regular_Season | https://github.com/LiTianYeoh/MLBB_Tournament_Analysis/blob/94ea36800e80c9e89a2356a0b81d3eeafbd6a4f7/analysis/data/consolidated_game_data_20240505.csv
9,S9-RS-021,1,Rebellion Zion,ban,2,Cecilion,https://liquipedia.net/mobilelegends/MPL/Indonesia/Season_9/Regular_Season | https://github.com/LiTianYeoh/MLBB_Tournament_Analysis/blob/94ea36800e80c9e89a2356a0b81d3eeafbd6a4f7/analysis/data/consolidated_game_data_20240505.csv
9,S9-RS-021,1,Rebellion Zion,ban,3,Selena,https://liquipedia.net/mobilelegends/MPL/Indonesia/Season_9/Regular_Season | https://github.com/LiTianYeoh/MLBB_Tournament_Analysis/blob/94ea36800e80c9e89a2356a0b81d3eeafbd6a4f7/analysis/data/consolidated_game_data_20240505.csv
9,S9-RS-021,1,Rebellion Zion,ban,4,Fanny,https://liquipedia.net/mobilelegends/MPL/Indonesia/Season_9/Regular_Season | https://github.com/LiTianYeoh/MLBB_Tournament_Analysis/blob/94ea36800e80c9e89a2356a0b81d3eeafbd6a4f7/analysis/data/consolidated_game_data_20240505.csv
9,S9-RS-021,1,Rebellion Zion,ban,5,Valentina,https://liquipedia.net/mobilelegends/MPL/Indonesia/Season_9/Regular_Season | https://github.com/LiTianYeoh/MLBB_Tournament_Analysis/blob/94ea36800e80c9e89a2356a0b81d3eeafbd6a4f7/analysis/data/consolidated_game_data_20240505.csv
9,S9-RS-021,1,Rebellion Zion,pick,1,Brody,https://liquipedia.net/mobilelegends/MPL/Indonesia/Season_9/Regular_Season | https://github.com/LiTianYeoh/MLBB_Tournament_Analysis/blob/94ea36800e80c9e89a2356a0b81d3eeafbd6a4f7/analysis/data/consolidated_game_data_20240505.csv
9,S9-RS-021,1,Rebellion Zion,pick,2,Hayabusa,https://liquipedia.net/mobilelegends/MPL/Indonesia/Season_9/Regular_Season | https://github.com/LiTianYeoh/MLBB_Tournament_Analysis/blob/94ea36800e80c9e89a2356a0b81d3eeafbd6a4f7/analysis/data/consolidated_game_data_20240505.csv
9,S9-RS-021,1,Rebellion Zion,pick,3,Ruby,https://liquipedia.net/mobilelegends/MPL/Indonesia/Season_9/Regular_Season | https://github.com/LiTianYeoh/MLBB_Tournament_Analysis/blob/94ea36800e80c9e89a2356a0b81d3eeafbd6a4f7/analysis/data/consolidated_game_data_20240505.csv
9,S9-RS-021,1,Rebellion Zion,pick,4,Esmeralda,https://liquipedia.net/mobilelegends/MPL/Indonesia/Season_9/Regular_Season | https://github.com/LiTianYeoh/MLBB_Tournament_Analysis/blob/94ea36800e80c9e89a2356a0b81d3eeafbd6a4f7/analysis/data/consolidated_game_data_20240505.csv
9,S9-RS-021,1,Rebellion Zion,pick,5,Yve,https://liquipedia.net/mobilelegends/MPL/Indonesia/Season_9/Regular_Season | https://github.com/LiTianYeoh/MLBB_Tournament_Analysis/blob/94ea36800e80c9e89a2356a0b81d3eeafbd6a4f7/analysis/data/consolidated_game_data_20240505.csv
9,S9-RS-021,2,RRQ Hoshi,ban,1,Valentina,https://liquipedia.net/mobilelegends/MPL/Indonesia/Season_9/Regular_Season | https://github.com/LiTianYeoh/MLBB_Tournament_Analysis/blob/94ea36800e80c9e89a2356a0b81d3eeafbd6a4f7/analysis/data/consolidated_game_data_20240505.csv
9,S9-RS-021,2,RRQ Hoshi,ban,2,Yve,https://liquipedia.net/mobilelegends/MPL/Indonesia/Season_9/Regular_Season | https://github.com/LiTianYeoh/MLBB_Tournament_Analysis/blob/94ea36800e80c9e89a2356a0b81d3eeafbd6a4f7/analysis/data/consolidated_game_data_20240505.csv
9,S9-RS-021,2,RRQ Hoshi,ban,3,Phoveus,https://liquipedia.net/mobilelegends/MPL/Indonesia/Season_9/Regular_Season | https://github.com/LiTianYeoh/MLBB_Tournament_Analysis/blob/94ea36800e80c9e89a2356a0b81d3eeafbd6a4f7/analysis/data/consolidated_game_data_20240505.csv
9,S9-RS-021,2,RRQ Hoshi,ban,4,Aulus,https://liquipedia.net/mobilelegends/MPL/Indonesia/Season_9/Regular_Season | https://github.com/LiTianYeoh/MLBB_Tournament_Analysis/blob/94ea36800e80c9e89a2356a0b81d3eeafbd6a4f7/analysis/data/consolidated_game_data_20240505.csv
9,S9-RS-021,2,RRQ Hoshi,ban,5,Yin,https://liquipedia.net/mobilelegends/MPL/Indonesia/Season_9/Regular_Season | https://github.com/LiTianYeoh/MLBB_Tournament_Analysis/blob/94ea36800e80c9e89a2356a0b81d3eeafbd6a4f7/analysis/data/consolidated_game_data_20240505.csv
9,S9-RS-021,2,RRQ Hoshi,pick,1,Chou,https://liquipedia.net/mobilelegends/MPL/Indonesia/Season_9/Regular_Season | https://github.com/LiTianYeoh/MLBB_Tournament_Analysis/blob/94ea36800e80c9e89a2356a0b81d3eeafbd6a4f7/analysis/data/consolidated_game_data_20240505.csv
9,S9-RS-021,2,RRQ Hoshi,pick,2,Mathilda,https://liquipedia.net/mobilelegends/MPL/Indonesia/Season_9/Regular_Season | https://github.com/LiTianYeoh/MLBB_Tournament_Analysis/blob/94ea36800e80c9e89a2356a0b81d3eeafbd6a4f7/analysis/data/consolidated_game_data_20240505.csv
9,S9-RS-021,2,RRQ Hoshi,pick,3,Ling,https://liquipedia.net/mobilelegends/MPL/Indonesia/Season_9/Regular_Season | https://github.com/LiTianYeoh/MLBB_Tournament_Analysis/blob/94ea36800e80c9e89a2356a0b81d3eeafbd6a4f7/analysis/data/consolidated_game_data_20240505.csv
9,S9-RS-021,2,RRQ Hoshi,pick,4,Aldous,https://liquipedia.net/mobilelegends/MPL/Indonesia/Season_9/Regular_Season | https://github.com/LiTianYeoh/MLBB_Tournament_Analysis/blob/94ea36800e80c9e89a2356a0b81d3eeafbd6a4f7/analysis/data/consolidated_game_data_20240505.csv
9,S9-RS-021,2,RRQ Hoshi,pick,5,Angela,https://liquipedia.net/mobilelegends/MPL/Indonesia/Season_9/Regular_Season | https://github.com/LiTianYeoh/MLBB_Tournament_Analysis/blob/94ea36800e80c9e89a2356a0b81d3eeafbd6a4f7/analysis/data/consolidated_game_data_20240505.csv
9,S9-RS-021,2,Rebellion Zion,ban,1,Kagura,https://liquipedia.net/mobilelegends/MPL/Indonesia/Season_9/Regular_Season | https://github.com/LiTianYeoh/MLBB_Tournament_Analysis/blob/94ea36800e80c9e89a2356a0b81d3eeafbd6a4f7/analysis/data/consolidated_game_data_20240505.csv
9,S9-RS-021,2,Rebellion Zion,ban,2,Selena,https://liquipedia.net/mobilelegends/MPL/Indonesia/Season_9/Regular_Season | https://github.com/LiTianYeoh/MLBB_Tournament_Analysis/blob/94ea36800e80c9e89a2356a0b81d3eeafbd6a4f7/analysis/data/consolidated_game_data_20240505.csv
9,S9-RS-021,2,Rebellion Zion,ban,3,Esmeralda,https://liquipedia.net/mobilelegends/MPL/Indonesia/Season_9/Regular_Season | https://github.com/LiTianYeoh/MLBB_Tournament_Analysis/blob/94ea36800e80c9e89a2356a0b81d3eeafbd6a4f7/analysis/data/consolidated_game_data_20240505.csv
9,S9-RS-021,2,Rebellion Zion,ban,4,Lancelot,https://liquipedia.net/mobilelegends/MPL/Indonesia/Season_9/Regular_Season | https://github.com/LiTianYeoh/MLBB_Tournament_Analysis/blob/94ea36800e80c9e89a2356a0b81d3eeafbd6a4f7/analysis/data/consolidated_game_data_20240505.csv
9,S9-RS-021,2,Rebellion Zion,ban,5,Fanny,https://liquipedia.net/mobilelegends/MPL/Indonesia/Season_9/Regular_Season | https://github.com/LiTianYeoh/MLBB_Tournament_Analysis/blob/94ea36800e80c9e89a2356a0b81d3eeafbd6a4f7/analysis/data/consolidated_game_data_20240505.csv
9,S9-RS-021,2,Rebellion Zion,pick,1,Paquito,https://liquipedia.net/mobilelegends/MPL/Indonesia/Season_9/Regular_Season | https://github.com/LiTianYeoh/MLBB_Tournament_Analysis/blob/94ea36800e80c9e89a2356a0b81d3eeafbd6a4f7/analysis/data/consolidated_game_data_20240505.csv
9,S9-RS-021,2,Rebellion Zion,pick,2,Karrie,https://liquipedia.net/mobilelegends/MPL/Indonesia/Season_9/Regular_Season | https://github.com/LiTianYeoh/MLBB_Tournament_Analysis/blob/94ea36800e80c9e89a2356a0b81d3eeafbd6a4f7/analysis/data/consolidated_game_data_20240505.csv
9,S9-RS-021,2,Rebellion Zion,pick,3,Natalia,https://liquipedia.net/mobilelegends/MPL/Indonesia/Season_9/Regular_Season | https://github.com/LiTianYeoh/MLBB_Tournament_Analysis/blob/94ea36800e80c9e89a2356a0b81d3eeafbd6a4f7/analysis/data/consolidated_game_data_20240505.csv
9,S9-RS-021,2,Rebellion Zion,pick,4,Ruby,https://liquipedia.net/mobilelegends/MPL/Indonesia/Season_9/Regular_Season | https://github.com/LiTianYeoh/MLBB_Tournament_Analysis/blob/94ea36800e80c9e89a2356a0b81d3eeafbd6a4f7/analysis/data/consolidated_game_data_20240505.csv
9,S9-RS-021,2,Rebellion Zion,pick,5,Cecilion,https://liquipedia.net/mobilelegends/MPL/Indonesia/Season_9/Regular_Season | https://github.com/LiTianYeoh/MLBB_Tournament_Analysis/blob/94ea36800e80c9e89a2356a0b81d3eeafbd6a4f7/analysis/data/consolidated_game_data_20240505.csv
9,S9-RS-021,3,RRQ Hoshi,ban,1,Natalia,https://liquipedia.net/mobilelegends/MPL/Indonesia/Season_9/Regular_Season | https://github.com/LiTianYeoh/MLBB_Tournament_Analysis/blob/94ea36800e80c9e89a2356a0b81d3eeafbd6a4f7/analysis/data/consolidated_game_data_20240505.csv
9,S9-RS-021,3,RRQ Hoshi,ban,2,Phoveus,https://liquipedia.net/mobilelegends/MPL/Indonesia/Season_9/Regular_Season | https://github.com/LiTianYeoh/MLBB_Tournament_Analysis/blob/94ea36800e80c9e89a2356a0b81d3eeafbd6a4f7/analysis/data/consolidated_game_data_20240505.csv
9,S9-RS-021,3,RRQ Hoshi,ban,3,Mathilda,https://liquipedia.net/mobilelegends/MPL/Indonesia/Season_9/Regular_Season | https://github.com/LiTianYeoh/MLBB_Tournament_Analysis/blob/94ea36800e80c9e89a2356a0b81d3eeafbd6a4f7/analysis/data/consolidated_game_data_20240505.csv
9,S9-RS-021,3,RRQ Hoshi,ban,4,Cecilion,https://liquipedia.net/mobilelegends/MPL/Indonesia/Season_9/Regular_Season | https://github.com/LiTianYeoh/MLBB_Tournament_Analysis/blob/94ea36800e80c9e89a2356a0b81d3eeafbd6a4f7/analysis/data/consolidated_game_data_20240505.csv
9,S9-RS-021,3,RRQ Hoshi,ban,5,Kagura,https://liquipedia.net/mobilelegends/MPL/Indonesia/Season_9/Regular_Season | https://github.com/LiTianYeoh/MLBB_Tournament_Analysis/blob/94ea36800e80c9e89a2356a0b81d3eeafbd6a4f7/analysis/data/consolidated_game_data_20240505.csv
9,S9-RS-021,3,RRQ Hoshi,pick,1,Yve,https://liquipedia.net/mobilelegends/MPL/Indonesia/Season_9/Regular_Season | https://github.com/LiTianYeoh/MLBB_Tournament_Analysis/blob/94ea36800e80c9e89a2356a0b81d3eeafbd6a4f7/analysis/data/consolidated_game_data_20240505.csv
9,S9-RS-021,3,RRQ Hoshi,pick,2,Hayabusa,https://liquipedia.net/mobilelegends/MPL/Indonesia/Season_9/Regular_Season | https://github.com/LiTianYeoh/MLBB_Tournament_Analysis/blob/94ea36800e80c9e89a2356a0b81d3eeafbd6a4f7/analysis/data/consolidated_game_data_20240505.csv
9,S9-RS-021,3,RRQ Hoshi,pick,3,Beatrix,https://liquipedia.net/mobilelegends/MPL/Indonesia/Season_9/Regular_Season | https://github.com/LiTianYeoh/MLBB_Tournament_Analysis/blob/94ea36800e80c9e89a2356a0b81d3eeafbd6a4f7/analysis/data/consolidated_game_data_20240505.csv
9,S9-RS-021,3,RRQ Hoshi,pick,4,Kaja,https://liquipedia.net/mobilelegends/MPL/Indonesia/Season_9/Regular_Season | https://github.com/LiTianYeoh/MLBB_Tournament_Analysis/blob/94ea36800e80c9e89a2356a0b81d3eeafbd6a4f7/analysis/data/consolidated_game_data_20240505.csv
9,S9-RS-021,3,RRQ Hoshi,pick,5,Edith,https://liquipedia.net/mobilelegends/MPL/Indonesia/Season_9/Regular_Season | https://github.com/LiTianYeoh/MLBB_Tournament_Analysis/blob/94ea36800e80c9e89a2356a0b81d3eeafbd6a4f7/analysis/data/consolidated_game_data_20240505.csv
9,S9-RS-021,3,Rebellion Zion,ban,1,Barats,https://liquipedia.net/mobilelegends/MPL/Indonesia/Season_9/Regular_Season | https://github.com/LiTianYeoh/MLBB_Tournament_Analysis/blob/94ea36800e80c9e89a2356a0b81d3eeafbd6a4f7/analysis/data/consolidated_game_data_20240505.csv
9,S9-RS-021,3,Rebellion Zion,ban,2,Ruby,https://liquipedia.net/mobilelegends/MPL/Indonesia/Season_9/Regular_Season | https://github.com/LiTianYeoh/MLBB_Tournament_Analysis/blob/94ea36800e80c9e89a2356a0b81d3eeafbd6a4f7/analysis/data/consolidated_game_data_20240505.csv
9,S9-RS-021,3,Rebellion Zion,ban,3,Esmeralda,https://liquipedia.net/mobilelegends/MPL/Indonesia/Season_9/Regular_Season | https://github.com/LiTianYeoh/MLBB_Tournament_Analysis/blob/94ea36800e80c9e89a2356a0b81d3eeafbd6a4f7/analysis/data/consolidated_game_data_20240505.csv
9,S9-RS-021,3,Rebellion Zion,ban,4,Lancelot,https://liquipedia.net/mobilelegends/MPL/Indonesia/Season_9/Regular_Season | https://github.com/LiTianYeoh/MLBB_Tournament_Analysis/blob/94ea36800e80c9e89a2356a0b81d3eeafbd6a4f7/analysis/data/consolidated_game_data_20240505.csv
9,S9-RS-021,3,Rebellion Zion,ban,5,Valentina,https://liquipedia.net/mobilelegends/MPL/Indonesia/Season_9/Regular_Season | https://github.com/LiTianYeoh/MLBB_Tournament_Analysis/blob/94ea36800e80c9e89a2356a0b81d3eeafbd6a4f7/analysis/data/consolidated_game_data_20240505.csv
9,S9-RS-021,3,Rebellion Zion,pick,1,Kadita,https://liquipedia.net/mobilelegends/MPL/Indonesia/Season_9/Regular_Season | https://github.com/LiTianYeoh/MLBB_Tournament_Analysis/blob/94ea36800e80c9e89a2356a0b81d3eeafbd6a4f7/analysis/data/consolidated_game_data_20240505.csv
9,S9-RS-021,3,Rebellion Zion,pick,2,Lunox,https://liquipedia.net/mobilelegends/MPL/Indonesia/Season_9/Regular_Season | https://github.com/LiTianYeoh/MLBB_Tournament_Analysis/blob/94ea36800e80c9e89a2356a0b81d3eeafbd6a4f7/analysis/data/consolidated_game_data_20240505.csv
9,S9-RS-021,3,Rebellion Zion,pick,3,Aldous,https://liquipedia.net/mobilelegends/MPL/Indonesia/Season_9/Regular_Season | https://github.com/LiTianYeoh/MLBB_Tournament_Analysis/blob/94ea36800e80c9e89a2356a0b81d3eeafbd6a4f7/analysis/data/consolidated_game_data_20240505.csv
9,S9-RS-021,3,Rebellion Zion,pick,4,Khufra,https://liquipedia.net/mobilelegends/MPL/Indonesia/Season_9/Regular_Season | https://github.com/LiTianYeoh/MLBB_Tournament_Analysis/blob/94ea36800e80c9e89a2356a0b81d3eeafbd6a4f7/analysis/data/consolidated_game_data_20240505.csv
9,S9-RS-021,3,Rebellion Zion,pick,5,Fanny,https://liquipedia.net/mobilelegends/MPL/Indonesia/Season_9/Regular_Season | https://github.com/LiTianYeoh/MLBB_Tournament_Analysis/blob/94ea36800e80c9e89a2356a0b81d3eeafbd6a4f7/analysis/data/consolidated_game_data_20240505.csv
9,S9-RS-022,1,AURA Fire,ban,1,Franco,https://liquipedia.net/mobilelegends/MPL/Indonesia/Season_9/Regular_Season | https://github.com/LiTianYeoh/MLBB_Tournament_Analysis/blob/94ea36800e80c9e89a2356a0b81d3eeafbd6a4f7/analysis/data/consolidated_game_data_20240505.csv
9,S9-RS-022,1,AURA Fire,ban,2,Rafaela,https://liquipedia.net/mobilelegends/MPL/Indonesia/Season_9/Regular_Season | https://github.com/LiTianYeoh/MLBB_Tournament_Analysis/blob/94ea36800e80c9e89a2356a0b81d3eeafbd6a4f7/analysis/data/consolidated_game_data_20240505.csv
9,S9-RS-022,1,AURA Fire,ban,3,Lancelot,https://liquipedia.net/mobilelegends/MPL/Indonesia/Season_9/Regular_Season | https://github.com/LiTianYeoh/MLBB_Tournament_Analysis/blob/94ea36800e80c9e89a2356a0b81d3eeafbd6a4f7/analysis/data/consolidated_game_data_20240505.csv
9,S9-RS-022,1,AURA Fire,ban,4,Wanwan,https://liquipedia.net/mobilelegends/MPL/Indonesia/Season_9/Regular_Season | https://github.com/LiTianYeoh/MLBB_Tournament_Analysis/blob/94ea36800e80c9e89a2356a0b81d3eeafbd6a4f7/analysis/data/consolidated_game_data_20240505.csv
9,S9-RS-022,1,AURA Fire,ban,5,Ruby,https://liquipedia.net/mobilelegends/MPL/Indonesia/Season_9/Regular_Season | https://github.com/LiTianYeoh/MLBB_Tournament_Analysis/blob/94ea36800e80c9e89a2356a0b81d3eeafbd6a4f7/analysis/data/consolidated_game_data_20240505.csv
9,S9-RS-022,1,AURA Fire,pick,1,Esmeralda,https://liquipedia.net/mobilelegends/MPL/Indonesia/Season_9/Regular_Season | https://github.com/LiTianYeoh/MLBB_Tournament_Analysis/blob/94ea36800e80c9e89a2356a0b81d3eeafbd6a4f7/analysis/data/consolidated_game_data_20240505.csv
9,S9-RS-022,1,AURA Fire,pick,2,Khufra,https://liquipedia.net/mobilelegends/MPL/Indonesia/Season_9/Regular_Season | https://github.com/LiTianYeoh/MLBB_Tournament_Analysis/blob/94ea36800e80c9e89a2356a0b81d3eeafbd6a4f7/analysis/data/consolidated_game_data_20240505.csv
9,S9-RS-022,1,AURA Fire,pick,3,Lylia,https://liquipedia.net/mobilelegends/MPL/Indonesia/Season_9/Regular_Season | https://github.com/LiTianYeoh/MLBB_Tournament_Analysis/blob/94ea36800e80c9e89a2356a0b81d3eeafbd6a4f7/analysis/data/consolidated_game_data_20240505.csv
9,S9-RS-022,1,AURA Fire,pick,4,Brody,https://liquipedia.net/mobilelegends/MPL/Indonesia/Season_9/Regular_Season | https://github.com/LiTianYeoh/MLBB_Tournament_Analysis/blob/94ea36800e80c9e89a2356a0b81d3eeafbd6a4f7/analysis/data/consolidated_game_data_20240505.csv
9,S9-RS-022,1,AURA Fire,pick,5,Paquito,https://liquipedia.net/mobilelegends/MPL/Indonesia/Season_9/Regular_Season | https://github.com/LiTianYeoh/MLBB_Tournament_Analysis/blob/94ea36800e80c9e89a2356a0b81d3eeafbd6a4f7/analysis/data/consolidated_game_data_20240505.csv
9,S9-RS-022,1,Geek Fam ID,ban,1,Benedetta,https://liquipedia.net/mobilelegends/MPL/Indonesia/Season_9/Regular_Season | https://github.com/LiTianYeoh/MLBB_Tournament_Analysis/blob/94ea36800e80c9e89a2356a0b81d3eeafbd6a4f7/analysis/data/consolidated_game_data_20240505.csv
9,S9-RS-022,1,Geek Fam ID,ban,2,Ling,https://liquipedia.net/mobilelegends/MPL/Indonesia/Season_9/Regular_Season | https://github.com/LiTianYeoh/MLBB_Tournament_Analysis/blob/94ea36800e80c9e89a2356a0b81d3eeafbd6a4f7/analysis/data/consolidated_game_data_20240505.csv
9,S9-RS-022,1,Geek Fam ID,ban,3,Valentina,https://liquipedia.net/mobilelegends/MPL/Indonesia/Season_9/Regular_Season | https://github.com/LiTianYeoh/MLBB_Tournament_Analysis/blob/94ea36800e80c9e89a2356a0b81d3eeafbd6a4f7/analysis/data/consolidated_game_data_20240505.csv
9,S9-RS-022,1,Geek Fam ID,ban,4,Fanny,https://liquipedia.net/mobilelegends/MPL/Indonesia/Season_9/Regular_Season | https://github.com/LiTianYeoh/MLBB_Tournament_Analysis/blob/94ea36800e80c9e89a2356a0b81d3eeafbd6a4f7/analysis/data/consolidated_game_data_20240505.csv
9,S9-RS-022,1,Geek Fam ID,ban,5,Aulus,https://liquipedia.net/mobilelegends/MPL/Indonesia/Season_9/Regular_Season | https://github.com/LiTianYeoh/MLBB_Tournament_Analysis/blob/94ea36800e80c9e89a2356a0b81d3eeafbd6a4f7/analysis/data/consolidated_game_data_20240505.csv
9,S9-RS-022,1,Geek Fam ID,pick,1,Beatrix,https://liquipedia.net/mobilelegends/MPL/Indonesia/Season_9/Regular_Season | https://github.com/LiTianYeoh/MLBB_Tournament_Analysis/blob/94ea36800e80c9e89a2356a0b81d3eeafbd6a4f7/analysis/data/consolidated_game_data_20240505.csv
9,S9-RS-022,1,Geek Fam ID,pick,2,Uranus,https://liquipedia.net/mobilelegends/MPL/Indonesia/Season_9/Regular_Season | https://github.com/LiTianYeoh/MLBB_Tournament_Analysis/blob/94ea36800e80c9e89a2356a0b81d3eeafbd6a4f7/analysis/data/consolidated_game_data_20240505.csv
9,S9-RS-022,1,Geek Fam ID,pick,3,Hayabusa,https://liquipedia.net/mobilelegends/MPL/Indonesia/Season_9/Regular_Season | https://github.com/LiTianYeoh/MLBB_Tournament_Analysis/blob/94ea36800e80c9e89a2356a0b81d3eeafbd6a4f7/analysis/data/consolidated_game_data_20240505.csv
9,S9-RS-022,1,Geek Fam ID,pick,4,Yve,https://liquipedia.net/mobilelegends/MPL/Indonesia/Season_9/Regular_Season | https://github.com/LiTianYeoh/MLBB_Tournament_Analysis/blob/94ea36800e80c9e89a2356a0b81d3eeafbd6a4f7/analysis/data/consolidated_game_data_20240505.csv
9,S9-RS-022,1,Geek Fam ID,pick,5,Chou,https://liquipedia.net/mobilelegends/MPL/Indonesia/Season_9/Regular_Season | https://github.com/LiTianYeoh/MLBB_Tournament_Analysis/blob/94ea36800e80c9e89a2356a0b81d3eeafbd6a4f7/analysis/data/consolidated_game_data_20240505.csv
9,S9-RS-022,2,AURA Fire,ban,1,Valentina,https://liquipedia.net/mobilelegends/MPL/Indonesia/Season_9/Regular_Season | https://github.com/LiTianYeoh/MLBB_Tournament_Analysis/blob/94ea36800e80c9e89a2356a0b81d3eeafbd6a4f7/analysis/data/consolidated_game_data_20240505.csv
9,S9-RS-022,2,AURA Fire,ban,2,Lancelot,https://liquipedia.net/mobilelegends/MPL/Indonesia/Season_9/Regular_Season | https://github.com/LiTianYeoh/MLBB_Tournament_Analysis/blob/94ea36800e80c9e89a2356a0b81d3eeafbd6a4f7/analysis/data/consolidated_game_data_20240505.csv
9,S9-RS-022,2,AURA Fire,ban,3,Rafaela,https://liquipedia.net/mobilelegends/MPL/Indonesia/Season_9/Regular_Season | https://github.com/LiTianYeoh/MLBB_Tournament_Analysis/blob/94ea36800e80c9e89a2356a0b81d3eeafbd6a4f7/analysis/data/consolidated_game_data_20240505.csv
9,S9-RS-022,2,AURA Fire,ban,4,Popol and Kupa,https://liquipedia.net/mobilelegends/MPL/Indonesia/Season_9/Regular_Season | https://github.com/LiTianYeoh/MLBB_Tournament_Analysis/blob/94ea36800e80c9e89a2356a0b81d3eeafbd6a4f7/analysis/data/consolidated_game_data_20240505.csv
9,S9-RS-022,2,AURA Fire,ban,5,Lunox,https://liquipedia.net/mobilelegends/MPL/Indonesia/Season_9/Regular_Season | https://github.com/LiTianYeoh/MLBB_Tournament_Analysis/blob/94ea36800e80c9e89a2356a0b81d3eeafbd6a4f7/analysis/data/consolidated_game_data_20240505.csv
9,S9-RS-022,2,AURA Fire,pick,1,Yve,https://liquipedia.net/mobilelegends/MPL/Indonesia/Season_9/Regular_Season | https://github.com/LiTianYeoh/MLBB_Tournament_Analysis/blob/94ea36800e80c9e89a2356a0b81d3eeafbd6a4f7/analysis/data/consolidated_game_data_20240505.csv
9,S9-RS-022,2,AURA Fire,pick,2,Natalia,https://liquipedia.net/mobilelegends/MPL/Indonesia/Season_9/Regular_Season | https://github.com/LiTianYeoh/MLBB_Tournament_Analysis/blob/94ea36800e80c9e89a2356a0b81d3eeafbd6a4f7/analysis/data/consolidated_game_data_20240505.csv
9,S9-RS-022,2,AURA Fire,pick,3,Uranus,https://liquipedia.net/mobilelegends/MPL/Indonesia/Season_9/Regular_Season | https://github.com/LiTianYeoh/MLBB_Tournament_Analysis/blob/94ea36800e80c9e89a2356a0b81d3eeafbd6a4f7/analysis/data/consolidated_game_data_20240505.csv
9,S9-RS-022,2,AURA Fire,pick,4,Karrie,https://liquipedia.net/mobilelegends/MPL/Indonesia/Season_9/Regular_Season | https://github.com/LiTianYeoh/MLBB_Tournament_Analysis/blob/94ea36800e80c9e89a2356a0b81d3eeafbd6a4f7/analysis/data/consolidated_game_data_20240505.csv
9,S9-RS-022,2,AURA Fire,pick,5,Helcurt,https://liquipedia.net/mobilelegends/MPL/Indonesia/Season_9/Regular_Season | https://github.com/LiTianYeoh/MLBB_Tournament_Analysis/blob/94ea36800e80c9e89a2356a0b81d3eeafbd6a4f7/analysis/data/consolidated_game_data_20240505.csv
9,S9-RS-022,2,Geek Fam ID,ban,1,Yu Zhong,https://liquipedia.net/mobilelegends/MPL/Indonesia/Season_9/Regular_Season | https://github.com/LiTianYeoh/MLBB_Tournament_Analysis/blob/94ea36800e80c9e89a2356a0b81d3eeafbd6a4f7/analysis/data/consolidated_game_data_20240505.csv
9,S9-RS-022,2,Geek Fam ID,ban,2,Beatrix,https://liquipedia.net/mobilelegends/MPL/Indonesia/Season_9/Regular_Season | https://github.com/LiTianYeoh/MLBB_Tournament_Analysis/blob/94ea36800e80c9e89a2356a0b81d3eeafbd6a4f7/analysis/data/consolidated_game_data_20240505.csv
9,S9-RS-022,2,Geek Fam ID,ban,3,Paquito,https://liquipedia.net/mobilelegends/MPL/Indonesia/Season_9/Regular_Season | https://github.com/LiTianYeoh/MLBB_Tournament_Analysis/blob/94ea36800e80c9e89a2356a0b81d3eeafbd6a4f7/analysis/data/consolidated_game_data_20240505.csv
9,S9-RS-022,2,Geek Fam ID,ban,4,Fanny,https://liquipedia.net/mobilelegends/MPL/Indonesia/Season_9/Regular_Season | https://github.com/LiTianYeoh/MLBB_Tournament_Analysis/blob/94ea36800e80c9e89a2356a0b81d3eeafbd6a4f7/analysis/data/consolidated_game_data_20240505.csv
9,S9-RS-022,2,Geek Fam ID,ban,5,Aulus,https://liquipedia.net/mobilelegends/MPL/Indonesia/Season_9/Regular_Season | https://github.com/LiTianYeoh/MLBB_Tournament_Analysis/blob/94ea36800e80c9e89a2356a0b81d3eeafbd6a4f7/analysis/data/consolidated_game_data_20240505.csv
9,S9-RS-022,2,Geek Fam ID,pick,1,Kimmy,https://liquipedia.net/mobilelegends/MPL/Indonesia/Season_9/Regular_Season | https://github.com/LiTianYeoh/MLBB_Tournament_Analysis/blob/94ea36800e80c9e89a2356a0b81d3eeafbd6a4f7/analysis/data/consolidated_game_data_20240505.csv
9,S9-RS-022,2,Geek Fam ID,pick,2,Selena,https://liquipedia.net/mobilelegends/MPL/Indonesia/Season_9/Regular_Season | https://github.com/LiTianYeoh/MLBB_Tournament_Analysis/blob/94ea36800e80c9e89a2356a0b81d3eeafbd6a4f7/analysis/data/consolidated_game_data_20240505.csv
9,S9-RS-022,2,Geek Fam ID,pick,3,Roger,https://liquipedia.net/mobilelegends/MPL/Indonesia/Season_9/Regular_Season | https://github.com/LiTianYeoh/MLBB_Tournament_Analysis/blob/94ea36800e80c9e89a2356a0b81d3eeafbd6a4f7/analysis/data/consolidated_game_data_20240505.csv
9,S9-RS-022,2,Geek Fam ID,pick,4,Chou,https://liquipedia.net/mobilelegends/MPL/Indonesia/Season_9/Regular_Season | https://github.com/LiTianYeoh/MLBB_Tournament_Analysis/blob/94ea36800e80c9e89a2356a0b81d3eeafbd6a4f7/analysis/data/consolidated_game_data_20240505.csv
9,S9-RS-022,2,Geek Fam ID,pick,5,Esmeralda,https://liquipedia.net/mobilelegends/MPL/Indonesia/Season_9/Regular_Season | https://github.com/LiTianYeoh/MLBB_Tournament_Analysis/blob/94ea36800e80c9e89a2356a0b81d3eeafbd6a4f7/analysis/data/consolidated_game_data_20240505.csv
9,S9-RS-023,1,ONIC Esports,ban,1,Valentina,https://liquipedia.net/mobilelegends/MPL/Indonesia/Season_9/Regular_Season | https://github.com/LiTianYeoh/MLBB_Tournament_Analysis/blob/94ea36800e80c9e89a2356a0b81d3eeafbd6a4f7/analysis/data/consolidated_game_data_20240505.csv
9,S9-RS-023,1,ONIC Esports,ban,2,Cecilion,https://liquipedia.net/mobilelegends/MPL/Indonesia/Season_9/Regular_Season | https://github.com/LiTianYeoh/MLBB_Tournament_Analysis/blob/94ea36800e80c9e89a2356a0b81d3eeafbd6a4f7/analysis/data/consolidated_game_data_20240505.csv
9,S9-RS-023,1,ONIC Esports,ban,3,Johnson,https://liquipedia.net/mobilelegends/MPL/Indonesia/Season_9/Regular_Season | https://github.com/LiTianYeoh/MLBB_Tournament_Analysis/blob/94ea36800e80c9e89a2356a0b81d3eeafbd6a4f7/analysis/data/consolidated_game_data_20240505.csv
9,S9-RS-023,1,ONIC Esports,ban,4,Yve,https://liquipedia.net/mobilelegends/MPL/Indonesia/Season_9/Regular_Season | https://github.com/LiTianYeoh/MLBB_Tournament_Analysis/blob/94ea36800e80c9e89a2356a0b81d3eeafbd6a4f7/analysis/data/consolidated_game_data_20240505.csv
9,S9-RS-023,1,ONIC Esports,ban,5,Lylia,https://liquipedia.net/mobilelegends/MPL/Indonesia/Season_9/Regular_Season | https://github.com/LiTianYeoh/MLBB_Tournament_Analysis/blob/94ea36800e80c9e89a2356a0b81d3eeafbd6a4f7/analysis/data/consolidated_game_data_20240505.csv
9,S9-RS-023,1,ONIC Esports,pick,1,Selena,https://liquipedia.net/mobilelegends/MPL/Indonesia/Season_9/Regular_Season | https://github.com/LiTianYeoh/MLBB_Tournament_Analysis/blob/94ea36800e80c9e89a2356a0b81d3eeafbd6a4f7/analysis/data/consolidated_game_data_20240505.csv
9,S9-RS-023,1,ONIC Esports,pick,2,Chou,https://liquipedia.net/mobilelegends/MPL/Indonesia/Season_9/Regular_Season | https://github.com/LiTianYeoh/MLBB_Tournament_Analysis/blob/94ea36800e80c9e89a2356a0b81d3eeafbd6a4f7/analysis/data/consolidated_game_data_20240505.csv
9,S9-RS-023,1,ONIC Esports,pick,3,Franco,https://liquipedia.net/mobilelegends/MPL/Indonesia/Season_9/Regular_Season | https://github.com/LiTianYeoh/MLBB_Tournament_Analysis/blob/94ea36800e80c9e89a2356a0b81d3eeafbd6a4f7/analysis/data/consolidated_game_data_20240505.csv
9,S9-RS-023,1,ONIC Esports,pick,4,Paquito,https://liquipedia.net/mobilelegends/MPL/Indonesia/Season_9/Regular_Season | https://github.com/LiTianYeoh/MLBB_Tournament_Analysis/blob/94ea36800e80c9e89a2356a0b81d3eeafbd6a4f7/analysis/data/consolidated_game_data_20240505.csv
9,S9-RS-023,1,ONIC Esports,pick,5,Wanwan,https://liquipedia.net/mobilelegends/MPL/Indonesia/Season_9/Regular_Season | https://github.com/LiTianYeoh/MLBB_Tournament_Analysis/blob/94ea36800e80c9e89a2356a0b81d3eeafbd6a4f7/analysis/data/consolidated_game_data_20240505.csv
9,S9-RS-023,1,Bigetron Alpha,ban,1,Moskov,https://liquipedia.net/mobilelegends/MPL/Indonesia/Season_9/Regular_Season | https://github.com/LiTianYeoh/MLBB_Tournament_Analysis/blob/94ea36800e80c9e89a2356a0b81d3eeafbd6a4f7/analysis/data/consolidated_game_data_20240505.csv
9,S9-RS-023,1,Bigetron Alpha,ban,2,Brody,https://liquipedia.net/mobilelegends/MPL/Indonesia/Season_9/Regular_Season | https://github.com/LiTianYeoh/MLBB_Tournament_Analysis/blob/94ea36800e80c9e89a2356a0b81d3eeafbd6a4f7/analysis/data/consolidated_game_data_20240505.csv
9,S9-RS-023,1,Bigetron Alpha,ban,3,Diggie,https://liquipedia.net/mobilelegends/MPL/Indonesia/Season_9/Regular_Season | https://github.com/LiTianYeoh/MLBB_Tournament_Analysis/blob/94ea36800e80c9e89a2356a0b81d3eeafbd6a4f7/analysis/data/consolidated_game_data_20240505.csv
9,S9-RS-023,1,Bigetron Alpha,ban,4,Aulus,https://liquipedia.net/mobilelegends/MPL/Indonesia/Season_9/Regular_Season | https://github.com/LiTianYeoh/MLBB_Tournament_Analysis/blob/94ea36800e80c9e89a2356a0b81d3eeafbd6a4f7/analysis/data/consolidated_game_data_20240505.csv
9,S9-RS-023,1,Bigetron Alpha,ban,5,Phoveus,https://liquipedia.net/mobilelegends/MPL/Indonesia/Season_9/Regular_Season | https://github.com/LiTianYeoh/MLBB_Tournament_Analysis/blob/94ea36800e80c9e89a2356a0b81d3eeafbd6a4f7/analysis/data/consolidated_game_data_20240505.csv
9,S9-RS-023,1,Bigetron Alpha,pick,1,Natalia,https://liquipedia.net/mobilelegends/MPL/Indonesia/Season_9/Regular_Season | https://github.com/LiTianYeoh/MLBB_Tournament_Analysis/blob/94ea36800e80c9e89a2356a0b81d3eeafbd6a4f7/analysis/data/consolidated_game_data_20240505.csv
9,S9-RS-023,1,Bigetron Alpha,pick,2,Ruby,https://liquipedia.net/mobilelegends/MPL/Indonesia/Season_9/Regular_Season | https://github.com/LiTianYeoh/MLBB_Tournament_Analysis/blob/94ea36800e80c9e89a2356a0b81d3eeafbd6a4f7/analysis/data/consolidated_game_data_20240505.csv
9,S9-RS-023,1,Bigetron Alpha,pick,3,Fanny,https://liquipedia.net/mobilelegends/MPL/Indonesia/Season_9/Regular_Season | https://github.com/LiTianYeoh/MLBB_Tournament_Analysis/blob/94ea36800e80c9e89a2356a0b81d3eeafbd6a4f7/analysis/data/consolidated_game_data_20240505.csv
9,S9-RS-023,1,Bigetron Alpha,pick,4,Kagura,https://liquipedia.net/mobilelegends/MPL/Indonesia/Season_9/Regular_Season | https://github.com/LiTianYeoh/MLBB_Tournament_Analysis/blob/94ea36800e80c9e89a2356a0b81d3eeafbd6a4f7/analysis/data/consolidated_game_data_20240505.csv
9,S9-RS-023,1,Bigetron Alpha,pick,5,Uranus,https://liquipedia.net/mobilelegends/MPL/Indonesia/Season_9/Regular_Season | https://github.com/LiTianYeoh/MLBB_Tournament_Analysis/blob/94ea36800e80c9e89a2356a0b81d3eeafbd6a4f7/analysis/data/consolidated_game_data_20240505.csv
9,S9-RS-023,2,ONIC Esports,ban,1,Valentina,https://liquipedia.net/mobilelegends/MPL/Indonesia/Season_9/Regular_Season | https://github.com/LiTianYeoh/MLBB_Tournament_Analysis/blob/94ea36800e80c9e89a2356a0b81d3eeafbd6a4f7/analysis/data/consolidated_game_data_20240505.csv
9,S9-RS-023,2,ONIC Esports,ban,2,Cecilion,https://liquipedia.net/mobilelegends/MPL/Indonesia/Season_9/Regular_Season | https://github.com/LiTianYeoh/MLBB_Tournament_Analysis/blob/94ea36800e80c9e89a2356a0b81d3eeafbd6a4f7/analysis/data/consolidated_game_data_20240505.csv
9,S9-RS-023,2,ONIC Esports,ban,3,Johnson,https://liquipedia.net/mobilelegends/MPL/Indonesia/Season_9/Regular_Season | https://github.com/LiTianYeoh/MLBB_Tournament_Analysis/blob/94ea36800e80c9e89a2356a0b81d3eeafbd6a4f7/analysis/data/consolidated_game_data_20240505.csv
9,S9-RS-023,2,ONIC Esports,ban,4,Brody,https://liquipedia.net/mobilelegends/MPL/Indonesia/Season_9/Regular_Season | https://github.com/LiTianYeoh/MLBB_Tournament_Analysis/blob/94ea36800e80c9e89a2356a0b81d3eeafbd6a4f7/analysis/data/consolidated_game_data_20240505.csv
9,S9-RS-023,2,ONIC Esports,ban,5,Moskov,https://liquipedia.net/mobilelegends/MPL/Indonesia/Season_9/Regular_Season | https://github.com/LiTianYeoh/MLBB_Tournament_Analysis/blob/94ea36800e80c9e89a2356a0b81d3eeafbd6a4f7/analysis/data/consolidated_game_data_20240505.csv
9,S9-RS-023,2,ONIC Esports,pick,1,Franco,https://liquipedia.net/mobilelegends/MPL/Indonesia/Season_9/Regular_Season | https://github.com/LiTianYeoh/MLBB_Tournament_Analysis/blob/94ea36800e80c9e89a2356a0b81d3eeafbd6a4f7/analysis/data/consolidated_game_data_20240505.csv
9,S9-RS-023,2,ONIC Esports,pick,2,Diggie,https://liquipedia.net/mobilelegends/MPL/Indonesia/Season_9/Regular_Season | https://github.com/LiTianYeoh/MLBB_Tournament_Analysis/blob/94ea36800e80c9e89a2356a0b81d3eeafbd6a4f7/analysis/data/consolidated_game_data_20240505.csv
9,S9-RS-023,2,ONIC Esports,pick,3,Fanny,https://liquipedia.net/mobilelegends/MPL/Indonesia/Season_9/Regular_Season | https://github.com/LiTianYeoh/MLBB_Tournament_Analysis/blob/94ea36800e80c9e89a2356a0b81d3eeafbd6a4f7/analysis/data/consolidated_game_data_20240505.csv
9,S9-RS-023,2,ONIC Esports,pick,4,Paquito,https://liquipedia.net/mobilelegends/MPL/Indonesia/Season_9/Regular_Season | https://github.com/LiTianYeoh/MLBB_Tournament_Analysis/blob/94ea36800e80c9e89a2356a0b81d3eeafbd6a4f7/analysis/data/consolidated_game_data_20240505.csv
9,S9-RS-023,2,ONIC Esports,pick,5,Melissa,https://liquipedia.net/mobilelegends/MPL/Indonesia/Season_9/Regular_Season | https://github.com/LiTianYeoh/MLBB_Tournament_Analysis/blob/94ea36800e80c9e89a2356a0b81d3eeafbd6a4f7/analysis/data/consolidated_game_data_20240505.csv
9,S9-RS-023,2,Bigetron Alpha,ban,1,Esmeralda,https://liquipedia.net/mobilelegends/MPL/Indonesia/Season_9/Regular_Season | https://github.com/LiTianYeoh/MLBB_Tournament_Analysis/blob/94ea36800e80c9e89a2356a0b81d3eeafbd6a4f7/analysis/data/consolidated_game_data_20240505.csv
9,S9-RS-023,2,Bigetron Alpha,ban,2,Uranus,https://liquipedia.net/mobilelegends/MPL/Indonesia/Season_9/Regular_Season | https://github.com/LiTianYeoh/MLBB_Tournament_Analysis/blob/94ea36800e80c9e89a2356a0b81d3eeafbd6a4f7/analysis/data/consolidated_game_data_20240505.csv
9,S9-RS-023,2,Bigetron Alpha,ban,3,Selena,https://liquipedia.net/mobilelegends/MPL/Indonesia/Season_9/Regular_Season | https://github.com/LiTianYeoh/MLBB_Tournament_Analysis/blob/94ea36800e80c9e89a2356a0b81d3eeafbd6a4f7/analysis/data/consolidated_game_data_20240505.csv
9,S9-RS-023,2,Bigetron Alpha,ban,4,Aulus,https://liquipedia.net/mobilelegends/MPL/Indonesia/Season_9/Regular_Season | https://github.com/LiTianYeoh/MLBB_Tournament_Analysis/blob/94ea36800e80c9e89a2356a0b81d3eeafbd6a4f7/analysis/data/consolidated_game_data_20240505.csv
9,S9-RS-023,2,Bigetron Alpha,ban,5,Phoveus,https://liquipedia.net/mobilelegends/MPL/Indonesia/Season_9/Regular_Season | https://github.com/LiTianYeoh/MLBB_Tournament_Analysis/blob/94ea36800e80c9e89a2356a0b81d3eeafbd6a4f7/analysis/data/consolidated_game_data_20240505.csv
9,S9-RS-023,2,Bigetron Alpha,pick,1,Beatrix,https://liquipedia.net/mobilelegends/MPL/Indonesia/Season_9/Regular_Season | https://github.com/LiTianYeoh/MLBB_Tournament_Analysis/blob/94ea36800e80c9e89a2356a0b81d3eeafbd6a4f7/analysis/data/consolidated_game_data_20240505.csv
9,S9-RS-023,2,Bigetron Alpha,pick,2,Ruby,https://liquipedia.net/mobilelegends/MPL/Indonesia/Season_9/Regular_Season | https://github.com/LiTianYeoh/MLBB_Tournament_Analysis/blob/94ea36800e80c9e89a2356a0b81d3eeafbd6a4f7/analysis/data/consolidated_game_data_20240505.csv
9,S9-RS-023,2,Bigetron Alpha,pick,3,Lylia,https://liquipedia.net/mobilelegends/MPL/Indonesia/Season_9/Regular_Season | https://github.com/LiTianYeoh/MLBB_Tournament_Analysis/blob/94ea36800e80c9e89a2356a0b81d3eeafbd6a4f7/analysis/data/consolidated_game_data_20240505.csv
9,S9-RS-023,2,Bigetron Alpha,pick,4,Lancelot,https://liquipedia.net/mobilelegends/MPL/Indonesia/Season_9/Regular_Season | https://github.com/LiTianYeoh/MLBB_Tournament_Analysis/blob/94ea36800e80c9e89a2356a0b81d3eeafbd6a4f7/analysis/data/consolidated_game_data_20240505.csv
9,S9-RS-023,2,Bigetron Alpha,pick,5,Chou,https://liquipedia.net/mobilelegends/MPL/Indonesia/Season_9/Regular_Season | https://github.com/LiTianYeoh/MLBB_Tournament_Analysis/blob/94ea36800e80c9e89a2356a0b81d3eeafbd6a4f7/analysis/data/consolidated_game_data_20240505.csv
9,S9-RS-024,1,AURA Fire,ban,1,Lancelot,https://liquipedia.net/mobilelegends/MPL/Indonesia/Season_9/Regular_Season | https://github.com/LiTianYeoh/MLBB_Tournament_Analysis/blob/94ea36800e80c9e89a2356a0b81d3eeafbd6a4f7/analysis/data/consolidated_game_data_20240505.csv
9,S9-RS-024,1,AURA Fire,ban,2,Beatrix,https://liquipedia.net/mobilelegends/MPL/Indonesia/Season_9/Regular_Season | https://github.com/LiTianYeoh/MLBB_Tournament_Analysis/blob/94ea36800e80c9e89a2356a0b81d3eeafbd6a4f7/analysis/data/consolidated_game_data_20240505.csv
9,S9-RS-024,1,AURA Fire,ban,3,Chou,https://liquipedia.net/mobilelegends/MPL/Indonesia/Season_9/Regular_Season | https://github.com/LiTianYeoh/MLBB_Tournament_Analysis/blob/94ea36800e80c9e89a2356a0b81d3eeafbd6a4f7/analysis/data/consolidated_game_data_20240505.csv
9,S9-RS-024,1,AURA Fire,ban,4,Ruby,https://liquipedia.net/mobilelegends/MPL/Indonesia/Season_9/Regular_Season | https://github.com/LiTianYeoh/MLBB_Tournament_Analysis/blob/94ea36800e80c9e89a2356a0b81d3eeafbd6a4f7/analysis/data/consolidated_game_data_20240505.csv
9,S9-RS-024,1,AURA Fire,ban,5,Uranus,https://liquipedia.net/mobilelegends/MPL/Indonesia/Season_9/Regular_Season | https://github.com/LiTianYeoh/MLBB_Tournament_Analysis/blob/94ea36800e80c9e89a2356a0b81d3eeafbd6a4f7/analysis/data/consolidated_game_data_20240505.csv
9,S9-RS-024,1,AURA Fire,pick,1,Esmeralda,https://liquipedia.net/mobilelegends/MPL/Indonesia/Season_9/Regular_Season | https://github.com/LiTianYeoh/MLBB_Tournament_Analysis/blob/94ea36800e80c9e89a2356a0b81d3eeafbd6a4f7/analysis/data/consolidated_game_data_20240505.csv
9,S9-RS-024,1,AURA Fire,pick,2,Yu Zhong,https://liquipedia.net/mobilelegends/MPL/Indonesia/Season_9/Regular_Season | https://github.com/LiTianYeoh/MLBB_Tournament_Analysis/blob/94ea36800e80c9e89a2356a0b81d3eeafbd6a4f7/analysis/data/consolidated_game_data_20240505.csv
9,S9-RS-024,1,AURA Fire,pick,3,Pharsa,https://liquipedia.net/mobilelegends/MPL/Indonesia/Season_9/Regular_Season | https://github.com/LiTianYeoh/MLBB_Tournament_Analysis/blob/94ea36800e80c9e89a2356a0b81d3eeafbd6a4f7/analysis/data/consolidated_game_data_20240505.csv
9,S9-RS-024,1,AURA Fire,pick,4,Khufra,https://liquipedia.net/mobilelegends/MPL/Indonesia/Season_9/Regular_Season | https://github.com/LiTianYeoh/MLBB_Tournament_Analysis/blob/94ea36800e80c9e89a2356a0b81d3eeafbd6a4f7/analysis/data/consolidated_game_data_20240505.csv
9,S9-RS-024,1,AURA Fire,pick,5,Karina,https://liquipedia.net/mobilelegends/MPL/Indonesia/Season_9/Regular_Season | https://github.com/LiTianYeoh/MLBB_Tournament_Analysis/blob/94ea36800e80c9e89a2356a0b81d3eeafbd6a4f7/analysis/data/consolidated_game_data_20240505.csv
9,S9-RS-024,1,RRQ Hoshi,ban,1,Natalia,https://liquipedia.net/mobilelegends/MPL/Indonesia/Season_9/Regular_Season | https://github.com/LiTianYeoh/MLBB_Tournament_Analysis/blob/94ea36800e80c9e89a2356a0b81d3eeafbd6a4f7/analysis/data/consolidated_game_data_20240505.csv
9,S9-RS-024,1,RRQ Hoshi,ban,2,Kadita,https://liquipedia.net/mobilelegends/MPL/Indonesia/Season_9/Regular_Season | https://github.com/LiTianYeoh/MLBB_Tournament_Analysis/blob/94ea36800e80c9e89a2356a0b81d3eeafbd6a4f7/analysis/data/consolidated_game_data_20240505.csv
9,S9-RS-024,1,RRQ Hoshi,ban,3,Valentina,https://liquipedia.net/mobilelegends/MPL/Indonesia/Season_9/Regular_Season | https://github.com/LiTianYeoh/MLBB_Tournament_Analysis/blob/94ea36800e80c9e89a2356a0b81d3eeafbd6a4f7/analysis/data/consolidated_game_data_20240505.csv
9,S9-RS-024,1,RRQ Hoshi,ban,4,Aulus,https://liquipedia.net/mobilelegends/MPL/Indonesia/Season_9/Regular_Season | https://github.com/LiTianYeoh/MLBB_Tournament_Analysis/blob/94ea36800e80c9e89a2356a0b81d3eeafbd6a4f7/analysis/data/consolidated_game_data_20240505.csv
9,S9-RS-024,1,RRQ Hoshi,ban,5,Fanny,https://liquipedia.net/mobilelegends/MPL/Indonesia/Season_9/Regular_Season | https://github.com/LiTianYeoh/MLBB_Tournament_Analysis/blob/94ea36800e80c9e89a2356a0b81d3eeafbd6a4f7/analysis/data/consolidated_game_data_20240505.csv
9,S9-RS-024,1,RRQ Hoshi,pick,1,Popol and Kupa,https://liquipedia.net/mobilelegends/MPL/Indonesia/Season_9/Regular_Season | https://github.com/LiTianYeoh/MLBB_Tournament_Analysis/blob/94ea36800e80c9e89a2356a0b81d3eeafbd6a4f7/analysis/data/consolidated_game_data_20240505.csv
9,S9-RS-024,1,RRQ Hoshi,pick,2,Paquito,https://liquipedia.net/mobilelegends/MPL/Indonesia/Season_9/Regular_Season | https://github.com/LiTianYeoh/MLBB_Tournament_Analysis/blob/94ea36800e80c9e89a2356a0b81d3eeafbd6a4f7/analysis/data/consolidated_game_data_20240505.csv
9,S9-RS-024,1,RRQ Hoshi,pick,3,Hayabusa,https://liquipedia.net/mobilelegends/MPL/Indonesia/Season_9/Regular_Season | https://github.com/LiTianYeoh/MLBB_Tournament_Analysis/blob/94ea36800e80c9e89a2356a0b81d3eeafbd6a4f7/analysis/data/consolidated_game_data_20240505.csv
9,S9-RS-024,1,RRQ Hoshi,pick,4,Mathilda,https://liquipedia.net/mobilelegends/MPL/Indonesia/Season_9/Regular_Season | https://github.com/LiTianYeoh/MLBB_Tournament_Analysis/blob/94ea36800e80c9e89a2356a0b81d3eeafbd6a4f7/analysis/data/consolidated_game_data_20240505.csv
9,S9-RS-024,1,RRQ Hoshi,pick,5,Yve,https://liquipedia.net/mobilelegends/MPL/Indonesia/Season_9/Regular_Season | https://github.com/LiTianYeoh/MLBB_Tournament_Analysis/blob/94ea36800e80c9e89a2356a0b81d3eeafbd6a4f7/analysis/data/consolidated_game_data_20240505.csv
9,S9-RS-024,2,AURA Fire,ban,1,Valentina,https://liquipedia.net/mobilelegends/MPL/Indonesia/Season_9/Regular_Season | https://github.com/LiTianYeoh/MLBB_Tournament_Analysis/blob/94ea36800e80c9e89a2356a0b81d3eeafbd6a4f7/analysis/data/consolidated_game_data_20240505.csv
9,S9-RS-024,2,AURA Fire,ban,2,Lancelot,https://liquipedia.net/mobilelegends/MPL/Indonesia/Season_9/Regular_Season | https://github.com/LiTianYeoh/MLBB_Tournament_Analysis/blob/94ea36800e80c9e89a2356a0b81d3eeafbd6a4f7/analysis/data/consolidated_game_data_20240505.csv
9,S9-RS-024,2,AURA Fire,ban,3,Mathilda,https://liquipedia.net/mobilelegends/MPL/Indonesia/Season_9/Regular_Season | https://github.com/LiTianYeoh/MLBB_Tournament_Analysis/blob/94ea36800e80c9e89a2356a0b81d3eeafbd6a4f7/analysis/data/consolidated_game_data_20240505.csv
9,S9-RS-024,2,AURA Fire,ban,4,Rafaela,https://liquipedia.net/mobilelegends/MPL/Indonesia/Season_9/Regular_Season | https://github.com/LiTianYeoh/MLBB_Tournament_Analysis/blob/94ea36800e80c9e89a2356a0b81d3eeafbd6a4f7/analysis/data/consolidated_game_data_20240505.csv
9,S9-RS-024,2,AURA Fire,ban,5,Khufra,https://liquipedia.net/mobilelegends/MPL/Indonesia/Season_9/Regular_Season | https://github.com/LiTianYeoh/MLBB_Tournament_Analysis/blob/94ea36800e80c9e89a2356a0b81d3eeafbd6a4f7/analysis/data/consolidated_game_data_20240505.csv
9,S9-RS-024,2,AURA Fire,pick,1,Esmeralda,https://liquipedia.net/mobilelegends/MPL/Indonesia/Season_9/Regular_Season | https://github.com/LiTianYeoh/MLBB_Tournament_Analysis/blob/94ea36800e80c9e89a2356a0b81d3eeafbd6a4f7/analysis/data/consolidated_game_data_20240505.csv
9,S9-RS-024,2,AURA Fire,pick,2,Chou,https://liquipedia.net/mobilelegends/MPL/Indonesia/Season_9/Regular_Season | https://github.com/LiTianYeoh/MLBB_Tournament_Analysis/blob/94ea36800e80c9e89a2356a0b81d3eeafbd6a4f7/analysis/data/consolidated_game_data_20240505.csv
9,S9-RS-024,2,AURA Fire,pick,3,Lylia,https://liquipedia.net/mobilelegends/MPL/Indonesia/Season_9/Regular_Season | https://github.com/LiTianYeoh/MLBB_Tournament_Analysis/blob/94ea36800e80c9e89a2356a0b81d3eeafbd6a4f7/analysis/data/consolidated_game_data_20240505.csv
9,S9-RS-024,2,AURA Fire,pick,4,Uranus,https://liquipedia.net/mobilelegends/MPL/Indonesia/Season_9/Regular_Season | https://github.com/LiTianYeoh/MLBB_Tournament_Analysis/blob/94ea36800e80c9e89a2356a0b81d3eeafbd6a4f7/analysis/data/consolidated_game_data_20240505.csv
9,S9-RS-024,2,AURA Fire,pick,5,Edith,https://liquipedia.net/mobilelegends/MPL/Indonesia/Season_9/Regular_Season | https://github.com/LiTianYeoh/MLBB_Tournament_Analysis/blob/94ea36800e80c9e89a2356a0b81d3eeafbd6a4f7/analysis/data/consolidated_game_data_20240505.csv
9,S9-RS-024,2,RRQ Hoshi,ban,1,Ling,https://liquipedia.net/mobilelegends/MPL/Indonesia/Season_9/Regular_Season | https://github.com/LiTianYeoh/MLBB_Tournament_Analysis/blob/94ea36800e80c9e89a2356a0b81d3eeafbd6a4f7/analysis/data/consolidated_game_data_20240505.csv
9,S9-RS-024,2,RRQ Hoshi,ban,2,Natalia,https://liquipedia.net/mobilelegends/MPL/Indonesia/Season_9/Regular_Season | https://github.com/LiTianYeoh/MLBB_Tournament_Analysis/blob/94ea36800e80c9e89a2356a0b81d3eeafbd6a4f7/analysis/data/consolidated_game_data_20240505.csv
9,S9-RS-024,2,RRQ Hoshi,ban,3,Kadita,https://liquipedia.net/mobilelegends/MPL/Indonesia/Season_9/Regular_Season | https://github.com/LiTianYeoh/MLBB_Tournament_Analysis/blob/94ea36800e80c9e89a2356a0b81d3eeafbd6a4f7/analysis/data/consolidated_game_data_20240505.csv
9,S9-RS-024,2,RRQ Hoshi,ban,4,Aulus,https://liquipedia.net/mobilelegends/MPL/Indonesia/Season_9/Regular_Season | https://github.com/LiTianYeoh/MLBB_Tournament_Analysis/blob/94ea36800e80c9e89a2356a0b81d3eeafbd6a4f7/analysis/data/consolidated_game_data_20240505.csv
9,S9-RS-024,2,RRQ Hoshi,ban,5,Fanny,https://liquipedia.net/mobilelegends/MPL/Indonesia/Season_9/Regular_Season | https://github.com/LiTianYeoh/MLBB_Tournament_Analysis/blob/94ea36800e80c9e89a2356a0b81d3eeafbd6a4f7/analysis/data/consolidated_game_data_20240505.csv
9,S9-RS-024,2,RRQ Hoshi,pick,1,Dyrroth,https://liquipedia.net/mobilelegends/MPL/Indonesia/Season_9/Regular_Season | https://github.com/LiTianYeoh/MLBB_Tournament_Analysis/blob/94ea36800e80c9e89a2356a0b81d3eeafbd6a4f7/analysis/data/consolidated_game_data_20240505.csv
9,S9-RS-024,2,RRQ Hoshi,pick,2,Ruby,https://liquipedia.net/mobilelegends/MPL/Indonesia/Season_9/Regular_Season | https://github.com/LiTianYeoh/MLBB_Tournament_Analysis/blob/94ea36800e80c9e89a2356a0b81d3eeafbd6a4f7/analysis/data/consolidated_game_data_20240505.csv
9,S9-RS-024,2,RRQ Hoshi,pick,3,Beatrix,https://liquipedia.net/mobilelegends/MPL/Indonesia/Season_9/Regular_Season | https://github.com/LiTianYeoh/MLBB_Tournament_Analysis/blob/94ea36800e80c9e89a2356a0b81d3eeafbd6a4f7/analysis/data/consolidated_game_data_20240505.csv
9,S9-RS-024,2,RRQ Hoshi,pick,4,Hayabusa,https://liquipedia.net/mobilelegends/MPL/Indonesia/Season_9/Regular_Season | https://github.com/LiTianYeoh/MLBB_Tournament_Analysis/blob/94ea36800e80c9e89a2356a0b81d3eeafbd6a4f7/analysis/data/consolidated_game_data_20240505.csv
9,S9-RS-024,2,RRQ Hoshi,pick,5,Yve,https://liquipedia.net/mobilelegends/MPL/Indonesia/Season_9/Regular_Season | https://github.com/LiTianYeoh/MLBB_Tournament_Analysis/blob/94ea36800e80c9e89a2356a0b81d3eeafbd6a4f7/analysis/data/consolidated_game_data_20240505.csv
9,S9-RS-025,1,Geek Fam ID,ban,1,Johnson,https://liquipedia.net/mobilelegends/MPL/Indonesia/Season_9/Regular_Season | https://github.com/LiTianYeoh/MLBB_Tournament_Analysis/blob/94ea36800e80c9e89a2356a0b81d3eeafbd6a4f7/analysis/data/consolidated_game_data_20240505.csv
9,S9-RS-025,1,Geek Fam ID,ban,2,Valentina,https://liquipedia.net/mobilelegends/MPL/Indonesia/Season_9/Regular_Season | https://github.com/LiTianYeoh/MLBB_Tournament_Analysis/blob/94ea36800e80c9e89a2356a0b81d3eeafbd6a4f7/analysis/data/consolidated_game_data_20240505.csv
9,S9-RS-025,1,Geek Fam ID,ban,3,Cecilion,https://liquipedia.net/mobilelegends/MPL/Indonesia/Season_9/Regular_Season | https://github.com/LiTianYeoh/MLBB_Tournament_Analysis/blob/94ea36800e80c9e89a2356a0b81d3eeafbd6a4f7/analysis/data/consolidated_game_data_20240505.csv
9,S9-RS-025,1,Geek Fam ID,ban,4,Popol and Kupa,https://liquipedia.net/mobilelegends/MPL/Indonesia/Season_9/Regular_Season | https://github.com/LiTianYeoh/MLBB_Tournament_Analysis/blob/94ea36800e80c9e89a2356a0b81d3eeafbd6a4f7/analysis/data/consolidated_game_data_20240505.csv
9,S9-RS-025,1,Geek Fam ID,ban,5,Mathilda,https://liquipedia.net/mobilelegends/MPL/Indonesia/Season_9/Regular_Season | https://github.com/LiTianYeoh/MLBB_Tournament_Analysis/blob/94ea36800e80c9e89a2356a0b81d3eeafbd6a4f7/analysis/data/consolidated_game_data_20240505.csv
9,S9-RS-025,1,Geek Fam ID,pick,1,Beatrix,https://liquipedia.net/mobilelegends/MPL/Indonesia/Season_9/Regular_Season | https://github.com/LiTianYeoh/MLBB_Tournament_Analysis/blob/94ea36800e80c9e89a2356a0b81d3eeafbd6a4f7/analysis/data/consolidated_game_data_20240505.csv
9,S9-RS-025,1,Geek Fam ID,pick,2,Ruby,https://liquipedia.net/mobilelegends/MPL/Indonesia/Season_9/Regular_Season | https://github.com/LiTianYeoh/MLBB_Tournament_Analysis/blob/94ea36800e80c9e89a2356a0b81d3eeafbd6a4f7/analysis/data/consolidated_game_data_20240505.csv
9,S9-RS-025,1,Geek Fam ID,pick,3,Ling,https://liquipedia.net/mobilelegends/MPL/Indonesia/Season_9/Regular_Season | https://github.com/LiTianYeoh/MLBB_Tournament_Analysis/blob/94ea36800e80c9e89a2356a0b81d3eeafbd6a4f7/analysis/data/consolidated_game_data_20240505.csv
9,S9-RS-025,1,Geek Fam ID,pick,4,Lylia,https://liquipedia.net/mobilelegends/MPL/Indonesia/Season_9/Regular_Season | https://github.com/LiTianYeoh/MLBB_Tournament_Analysis/blob/94ea36800e80c9e89a2356a0b81d3eeafbd6a4f7/analysis/data/consolidated_game_data_20240505.csv
9,S9-RS-025,1,Geek Fam ID,pick,5,Paquito,https://liquipedia.net/mobilelegends/MPL/Indonesia/Season_9/Regular_Season | https://github.com/LiTianYeoh/MLBB_Tournament_Analysis/blob/94ea36800e80c9e89a2356a0b81d3eeafbd6a4f7/analysis/data/consolidated_game_data_20240505.csv
9,S9-RS-025,1,Bigetron Alpha,ban,1,Eudora,https://liquipedia.net/mobilelegends/MPL/Indonesia/Season_9/Regular_Season | https://github.com/LiTianYeoh/MLBB_Tournament_Analysis/blob/94ea36800e80c9e89a2356a0b81d3eeafbd6a4f7/analysis/data/consolidated_game_data_20240505.csv
9,S9-RS-025,1,Bigetron Alpha,ban,2,Angela,https://liquipedia.net/mobilelegends/MPL/Indonesia/Season_9/Regular_Season | https://github.com/LiTianYeoh/MLBB_Tournament_Analysis/blob/94ea36800e80c9e89a2356a0b81d3eeafbd6a4f7/analysis/data/consolidated_game_data_20240505.csv
9,S9-RS-025,1,Bigetron Alpha,ban,3,Chou,https://liquipedia.net/mobilelegends/MPL/Indonesia/Season_9/Regular_Season | https://github.com/LiTianYeoh/MLBB_Tournament_Analysis/blob/94ea36800e80c9e89a2356a0b81d3eeafbd6a4f7/analysis/data/consolidated_game_data_20240505.csv
9,S9-RS-025,1,Bigetron Alpha,ban,4,Franco,https://liquipedia.net/mobilelegends/MPL/Indonesia/Season_9/Regular_Season | https://github.com/LiTianYeoh/MLBB_Tournament_Analysis/blob/94ea36800e80c9e89a2356a0b81d3eeafbd6a4f7/analysis/data/consolidated_game_data_20240505.csv
9,S9-RS-025,1,Bigetron Alpha,ban,5,Selena,https://liquipedia.net/mobilelegends/MPL/Indonesia/Season_9/Regular_Season | https://github.com/LiTianYeoh/MLBB_Tournament_Analysis/blob/94ea36800e80c9e89a2356a0b81d3eeafbd6a4f7/analysis/data/consolidated_game_data_20240505.csv
9,S9-RS-025,1,Bigetron Alpha,pick,1,Lolita,https://liquipedia.net/mobilelegends/MPL/Indonesia/Season_9/Regular_Season | https://github.com/LiTianYeoh/MLBB_Tournament_Analysis/blob/94ea36800e80c9e89a2356a0b81d3eeafbd6a4f7/analysis/data/consolidated_game_data_20240505.csv
9,S9-RS-025,1,Bigetron Alpha,pick,2,Lunox,https://liquipedia.net/mobilelegends/MPL/Indonesia/Season_9/Regular_Season | https://github.com/LiTianYeoh/MLBB_Tournament_Analysis/blob/94ea36800e80c9e89a2356a0b81d3eeafbd6a4f7/analysis/data/consolidated_game_data_20240505.csv
9,S9-RS-025,1,Bigetron Alpha,pick,3,Yve,https://liquipedia.net/mobilelegends/MPL/Indonesia/Season_9/Regular_Season | https://github.com/LiTianYeoh/MLBB_Tournament_Analysis/blob/94ea36800e80c9e89a2356a0b81d3eeafbd6a4f7/analysis/data/consolidated_game_data_20240505.csv
9,S9-RS-025,1,Bigetron Alpha,pick,4,Barats,https://liquipedia.net/mobilelegends/MPL/Indonesia/Season_9/Regular_Season | https://github.com/LiTianYeoh/MLBB_Tournament_Analysis/blob/94ea36800e80c9e89a2356a0b81d3eeafbd6a4f7/analysis/data/consolidated_game_data_20240505.csv
9,S9-RS-025,1,Bigetron Alpha,pick,5,Fanny,https://liquipedia.net/mobilelegends/MPL/Indonesia/Season_9/Regular_Season | https://github.com/LiTianYeoh/MLBB_Tournament_Analysis/blob/94ea36800e80c9e89a2356a0b81d3eeafbd6a4f7/analysis/data/consolidated_game_data_20240505.csv
9,S9-RS-025,2,Geek Fam ID,ban,1,Johnson,https://liquipedia.net/mobilelegends/MPL/Indonesia/Season_9/Regular_Season | https://github.com/LiTianYeoh/MLBB_Tournament_Analysis/blob/94ea36800e80c9e89a2356a0b81d3eeafbd6a4f7/analysis/data/consolidated_game_data_20240505.csv
9,S9-RS-025,2,Geek Fam ID,ban,2,Cecilion,https://liquipedia.net/mobilelegends/MPL/Indonesia/Season_9/Regular_Season | https://github.com/LiTianYeoh/MLBB_Tournament_Analysis/blob/94ea36800e80c9e89a2356a0b81d3eeafbd6a4f7/analysis/data/consolidated_game_data_20240505.csv
9,S9-RS-025,2,Geek Fam ID,ban,3,Natalia,https://liquipedia.net/mobilelegends/MPL/Indonesia/Season_9/Regular_Season | https://github.com/LiTianYeoh/MLBB_Tournament_Analysis/blob/94ea36800e80c9e89a2356a0b81d3eeafbd6a4f7/analysis/data/consolidated_game_data_20240505.csv
9,S9-RS-025,2,Geek Fam ID,ban,4,Khufra,https://liquipedia.net/mobilelegends/MPL/Indonesia/Season_9/Regular_Season | https://github.com/LiTianYeoh/MLBB_Tournament_Analysis/blob/94ea36800e80c9e89a2356a0b81d3eeafbd6a4f7/analysis/data/consolidated_game_data_20240505.csv
9,S9-RS-025,2,Geek Fam ID,ban,5,Ruby,https://liquipedia.net/mobilelegends/MPL/Indonesia/Season_9/Regular_Season | https://github.com/LiTianYeoh/MLBB_Tournament_Analysis/blob/94ea36800e80c9e89a2356a0b81d3eeafbd6a4f7/analysis/data/consolidated_game_data_20240505.csv
9,S9-RS-025,2,Geek Fam ID,pick,1,Chou,https://liquipedia.net/mobilelegends/MPL/Indonesia/Season_9/Regular_Season | https://github.com/LiTianYeoh/MLBB_Tournament_Analysis/blob/94ea36800e80c9e89a2356a0b81d3eeafbd6a4f7/analysis/data/consolidated_game_data_20240505.csv
9,S9-RS-025,2,Geek Fam ID,pick,2,Selena,https://liquipedia.net/mobilelegends/MPL/Indonesia/Season_9/Regular_Season | https://github.com/LiTianYeoh/MLBB_Tournament_Analysis/blob/94ea36800e80c9e89a2356a0b81d3eeafbd6a4f7/analysis/data/consolidated_game_data_20240505.csv
9,S9-RS-025,2,Geek Fam ID,pick,3,Hayabusa,https://liquipedia.net/mobilelegends/MPL/Indonesia/Season_9/Regular_Season | https://github.com/LiTianYeoh/MLBB_Tournament_Analysis/blob/94ea36800e80c9e89a2356a0b81d3eeafbd6a4f7/analysis/data/consolidated_game_data_20240505.csv
9,S9-RS-025,2,Geek Fam ID,pick,4,Kimmy,https://liquipedia.net/mobilelegends/MPL/Indonesia/Season_9/Regular_Season | https://github.com/LiTianYeoh/MLBB_Tournament_Analysis/blob/94ea36800e80c9e89a2356a0b81d3eeafbd6a4f7/analysis/data/consolidated_game_data_20240505.csv
9,S9-RS-025,2,Geek Fam ID,pick,5,Franco,https://liquipedia.net/mobilelegends/MPL/Indonesia/Season_9/Regular_Season | https://github.com/LiTianYeoh/MLBB_Tournament_Analysis/blob/94ea36800e80c9e89a2356a0b81d3eeafbd6a4f7/analysis/data/consolidated_game_data_20240505.csv
9,S9-RS-025,2,Bigetron Alpha,ban,1,Uranus,https://liquipedia.net/mobilelegends/MPL/Indonesia/Season_9/Regular_Season | https://github.com/LiTianYeoh/MLBB_Tournament_Analysis/blob/94ea36800e80c9e89a2356a0b81d3eeafbd6a4f7/analysis/data/consolidated_game_data_20240505.csv
9,S9-RS-025,2,Bigetron Alpha,ban,2,Esmeralda,https://liquipedia.net/mobilelegends/MPL/Indonesia/Season_9/Regular_Season | https://github.com/LiTianYeoh/MLBB_Tournament_Analysis/blob/94ea36800e80c9e89a2356a0b81d3eeafbd6a4f7/analysis/data/consolidated_game_data_20240505.csv
9,S9-RS-025,2,Bigetron Alpha,ban,3,Fanny,https://liquipedia.net/mobilelegends/MPL/Indonesia/Season_9/Regular_Season | https://github.com/LiTianYeoh/MLBB_Tournament_Analysis/blob/94ea36800e80c9e89a2356a0b81d3eeafbd6a4f7/analysis/data/consolidated_game_data_20240505.csv
9,S9-RS-025,2,Bigetron Alpha,ban,4,Lancelot,https://liquipedia.net/mobilelegends/MPL/Indonesia/Season_9/Regular_Season | https://github.com/LiTianYeoh/MLBB_Tournament_Analysis/blob/94ea36800e80c9e89a2356a0b81d3eeafbd6a4f7/analysis/data/consolidated_game_data_20240505.csv
9,S9-RS-025,2,Bigetron Alpha,ban,5,Valentina,https://liquipedia.net/mobilelegends/MPL/Indonesia/Season_9/Regular_Season | https://github.com/LiTianYeoh/MLBB_Tournament_Analysis/blob/94ea36800e80c9e89a2356a0b81d3eeafbd6a4f7/analysis/data/consolidated_game_data_20240505.csv
9,S9-RS-025,2,Bigetron Alpha,pick,1,Mathilda,https://liquipedia.net/mobilelegends/MPL/Indonesia/Season_9/Regular_Season | https://github.com/LiTianYeoh/MLBB_Tournament_Analysis/blob/94ea36800e80c9e89a2356a0b81d3eeafbd6a4f7/analysis/data/consolidated_game_data_20240505.csv
9,S9-RS-025,2,Bigetron Alpha,pick,2,Beatrix,https://liquipedia.net/mobilelegends/MPL/Indonesia/Season_9/Regular_Season | https://github.com/LiTianYeoh/MLBB_Tournament_Analysis/blob/94ea36800e80c9e89a2356a0b81d3eeafbd6a4f7/analysis/data/consolidated_game_data_20240505.csv
9,S9-RS-025,2,Bigetron Alpha,pick,3,Phoveus,https://liquipedia.net/mobilelegends/MPL/Indonesia/Season_9/Regular_Season | https://github.com/LiTianYeoh/MLBB_Tournament_Analysis/blob/94ea36800e80c9e89a2356a0b81d3eeafbd6a4f7/analysis/data/consolidated_game_data_20240505.csv
9,S9-RS-025,2,Bigetron Alpha,pick,4,Ling,https://liquipedia.net/mobilelegends/MPL/Indonesia/Season_9/Regular_Season | https://github.com/LiTianYeoh/MLBB_Tournament_Analysis/blob/94ea36800e80c9e89a2356a0b81d3eeafbd6a4f7/analysis/data/consolidated_game_data_20240505.csv
9,S9-RS-025,2,Bigetron Alpha,pick,5,Yve,https://liquipedia.net/mobilelegends/MPL/Indonesia/Season_9/Regular_Season | https://github.com/LiTianYeoh/MLBB_Tournament_Analysis/blob/94ea36800e80c9e89a2356a0b81d3eeafbd6a4f7/analysis/data/consolidated_game_data_20240505.csv
9,S9-RS-025,3,Geek Fam ID,ban,1,Johnson,https://liquipedia.net/mobilelegends/MPL/Indonesia/Season_9/Regular_Season | https://github.com/LiTianYeoh/MLBB_Tournament_Analysis/blob/94ea36800e80c9e89a2356a0b81d3eeafbd6a4f7/analysis/data/consolidated_game_data_20240505.csv
9,S9-RS-025,3,Geek Fam ID,ban,2,Valentina,https://liquipedia.net/mobilelegends/MPL/Indonesia/Season_9/Regular_Season | https://github.com/LiTianYeoh/MLBB_Tournament_Analysis/blob/94ea36800e80c9e89a2356a0b81d3eeafbd6a4f7/analysis/data/consolidated_game_data_20240505.csv
9,S9-RS-025,3,Geek Fam ID,ban,3,Cecilion,https://liquipedia.net/mobilelegends/MPL/Indonesia/Season_9/Regular_Season | https://github.com/LiTianYeoh/MLBB_Tournament_Analysis/blob/94ea36800e80c9e89a2356a0b81d3eeafbd6a4f7/analysis/data/consolidated_game_data_20240505.csv
9,S9-RS-025,3,Geek Fam ID,ban,4,Phoveus,https://liquipedia.net/mobilelegends/MPL/Indonesia/Season_9/Regular_Season | https://github.com/LiTianYeoh/MLBB_Tournament_Analysis/blob/94ea36800e80c9e89a2356a0b81d3eeafbd6a4f7/analysis/data/consolidated_game_data_20240505.csv
9,S9-RS-025,3,Geek Fam ID,ban,5,Yu Zhong,https://liquipedia.net/mobilelegends/MPL/Indonesia/Season_9/Regular_Season | https://github.com/LiTianYeoh/MLBB_Tournament_Analysis/blob/94ea36800e80c9e89a2356a0b81d3eeafbd6a4f7/analysis/data/consolidated_game_data_20240505.csv
9,S9-RS-025,3,Geek Fam ID,pick,1,Ruby,https://liquipedia.net/mobilelegends/MPL/Indonesia/Season_9/Regular_Season | https://github.com/LiTianYeoh/MLBB_Tournament_Analysis/blob/94ea36800e80c9e89a2356a0b81d3eeafbd6a4f7/analysis/data/consolidated_game_data_20240505.csv
9,S9-RS-025,3,Geek Fam ID,pick,2,Paquito,https://liquipedia.net/mobilelegends/MPL/Indonesia/Season_9/Regular_Season | https://github.com/LiTianYeoh/MLBB_Tournament_Analysis/blob/94ea36800e80c9e89a2356a0b81d3eeafbd6a4f7/analysis/data/consolidated_game_data_20240505.csv
9,S9-RS-025,3,Geek Fam ID,pick,3,Roger,https://liquipedia.net/mobilelegends/MPL/Indonesia/Season_9/Regular_Season | https://github.com/LiTianYeoh/MLBB_Tournament_Analysis/blob/94ea36800e80c9e89a2356a0b81d3eeafbd6a4f7/analysis/data/consolidated_game_data_20240505.csv
9,S9-RS-025,3,Geek Fam ID,pick,4,Beatrix,https://liquipedia.net/mobilelegends/MPL/Indonesia/Season_9/Regular_Season | https://github.com/LiTianYeoh/MLBB_Tournament_Analysis/blob/94ea36800e80c9e89a2356a0b81d3eeafbd6a4f7/analysis/data/consolidated_game_data_20240505.csv
9,S9-RS-025,3,Geek Fam ID,pick,5,Kagura,https://liquipedia.net/mobilelegends/MPL/Indonesia/Season_9/Regular_Season | https://github.com/LiTianYeoh/MLBB_Tournament_Analysis/blob/94ea36800e80c9e89a2356a0b81d3eeafbd6a4f7/analysis/data/consolidated_game_data_20240505.csv
9,S9-RS-025,3,Bigetron Alpha,ban,1,Wanwan,https://liquipedia.net/mobilelegends/MPL/Indonesia/Season_9/Regular_Season | https://github.com/LiTianYeoh/MLBB_Tournament_Analysis/blob/94ea36800e80c9e89a2356a0b81d3eeafbd6a4f7/analysis/data/consolidated_game_data_20240505.csv
9,S9-RS-025,3,Bigetron Alpha,ban,2,Lylia,https://liquipedia.net/mobilelegends/MPL/Indonesia/Season_9/Regular_Season | https://github.com/LiTianYeoh/MLBB_Tournament_Analysis/blob/94ea36800e80c9e89a2356a0b81d3eeafbd6a4f7/analysis/data/consolidated_game_data_20240505.csv
9,S9-RS-025,3,Bigetron Alpha,ban,3,Fanny,https://liquipedia.net/mobilelegends/MPL/Indonesia/Season_9/Regular_Season | https://github.com/LiTianYeoh/MLBB_Tournament_Analysis/blob/94ea36800e80c9e89a2356a0b81d3eeafbd6a4f7/analysis/data/consolidated_game_data_20240505.csv
9,S9-RS-025,3,Bigetron Alpha,ban,4,Ling,https://liquipedia.net/mobilelegends/MPL/Indonesia/Season_9/Regular_Season | https://github.com/LiTianYeoh/MLBB_Tournament_Analysis/blob/94ea36800e80c9e89a2356a0b81d3eeafbd6a4f7/analysis/data/consolidated_game_data_20240505.csv
9,S9-RS-025,3,Bigetron Alpha,ban,5,Lancelot,https://liquipedia.net/mobilelegends/MPL/Indonesia/Season_9/Regular_Season | https://github.com/LiTianYeoh/MLBB_Tournament_Analysis/blob/94ea36800e80c9e89a2356a0b81d3eeafbd6a4f7/analysis/data/consolidated_game_data_20240505.csv
9,S9-RS-025,3,Bigetron Alpha,pick,1,Brody,https://liquipedia.net/mobilelegends/MPL/Indonesia/Season_9/Regular_Season | https://github.com/LiTianYeoh/MLBB_Tournament_Analysis/blob/94ea36800e80c9e89a2356a0b81d3eeafbd6a4f7/analysis/data/consolidated_game_data_20240505.csv
9,S9-RS-025,3,Bigetron Alpha,pick,2,Harley,https://liquipedia.net/mobilelegends/MPL/Indonesia/Season_9/Regular_Season | https://github.com/LiTianYeoh/MLBB_Tournament_Analysis/blob/94ea36800e80c9e89a2356a0b81d3eeafbd6a4f7/analysis/data/consolidated_game_data_20240505.csv
9,S9-RS-025,3,Bigetron Alpha,pick,3,Edith,https://liquipedia.net/mobilelegends/MPL/Indonesia/Season_9/Regular_Season | https://github.com/LiTianYeoh/MLBB_Tournament_Analysis/blob/94ea36800e80c9e89a2356a0b81d3eeafbd6a4f7/analysis/data/consolidated_game_data_20240505.csv
9,S9-RS-025,3,Bigetron Alpha,pick,4,Barats,https://liquipedia.net/mobilelegends/MPL/Indonesia/Season_9/Regular_Season | https://github.com/LiTianYeoh/MLBB_Tournament_Analysis/blob/94ea36800e80c9e89a2356a0b81d3eeafbd6a4f7/analysis/data/consolidated_game_data_20240505.csv
9,S9-RS-025,3,Bigetron Alpha,pick,5,Yve,https://liquipedia.net/mobilelegends/MPL/Indonesia/Season_9/Regular_Season | https://github.com/LiTianYeoh/MLBB_Tournament_Analysis/blob/94ea36800e80c9e89a2356a0b81d3eeafbd6a4f7/analysis/data/consolidated_game_data_20240505.csv
9,S9-RS-026,1,EVOS Legends,ban,1,Phoveus,https://liquipedia.net/mobilelegends/MPL/Indonesia/Season_9/Regular_Season | https://github.com/LiTianYeoh/MLBB_Tournament_Analysis/blob/94ea36800e80c9e89a2356a0b81d3eeafbd6a4f7/analysis/data/consolidated_game_data_20240505.csv
9,S9-RS-026,1,EVOS Legends,ban,2,Natalia,https://liquipedia.net/mobilelegends/MPL/Indonesia/Season_9/Regular_Season | https://github.com/LiTianYeoh/MLBB_Tournament_Analysis/blob/94ea36800e80c9e89a2356a0b81d3eeafbd6a4f7/analysis/data/consolidated_game_data_20240505.csv
9,S9-RS-026,1,EVOS Legends,ban,3,Beatrix,https://liquipedia.net/mobilelegends/MPL/Indonesia/Season_9/Regular_Season | https://github.com/LiTianYeoh/MLBB_Tournament_Analysis/blob/94ea36800e80c9e89a2356a0b81d3eeafbd6a4f7/analysis/data/consolidated_game_data_20240505.csv
9,S9-RS-026,1,EVOS Legends,ban,4,Paquito,https://liquipedia.net/mobilelegends/MPL/Indonesia/Season_9/Regular_Season | https://github.com/LiTianYeoh/MLBB_Tournament_Analysis/blob/94ea36800e80c9e89a2356a0b81d3eeafbd6a4f7/analysis/data/consolidated_game_data_20240505.csv
9,S9-RS-026,1,EVOS Legends,ban,5,Chou,https://liquipedia.net/mobilelegends/MPL/Indonesia/Season_9/Regular_Season | https://github.com/LiTianYeoh/MLBB_Tournament_Analysis/blob/94ea36800e80c9e89a2356a0b81d3eeafbd6a4f7/analysis/data/consolidated_game_data_20240505.csv
9,S9-RS-026,1,EVOS Legends,pick,1,Lancelot,https://liquipedia.net/mobilelegends/MPL/Indonesia/Season_9/Regular_Season | https://github.com/LiTianYeoh/MLBB_Tournament_Analysis/blob/94ea36800e80c9e89a2356a0b81d3eeafbd6a4f7/analysis/data/consolidated_game_data_20240505.csv
9,S9-RS-026,1,EVOS Legends,pick,2,Uranus,https://liquipedia.net/mobilelegends/MPL/Indonesia/Season_9/Regular_Season | https://github.com/LiTianYeoh/MLBB_Tournament_Analysis/blob/94ea36800e80c9e89a2356a0b81d3eeafbd6a4f7/analysis/data/consolidated_game_data_20240505.csv
9,S9-RS-026,1,EVOS Legends,pick,3,Kagura,https://liquipedia.net/mobilelegends/MPL/Indonesia/Season_9/Regular_Season | https://github.com/LiTianYeoh/MLBB_Tournament_Analysis/blob/94ea36800e80c9e89a2356a0b81d3eeafbd6a4f7/analysis/data/consolidated_game_data_20240505.csv
9,S9-RS-026,1,EVOS Legends,pick,4,Khufra,https://liquipedia.net/mobilelegends/MPL/Indonesia/Season_9/Regular_Season | https://github.com/LiTianYeoh/MLBB_Tournament_Analysis/blob/94ea36800e80c9e89a2356a0b81d3eeafbd6a4f7/analysis/data/consolidated_game_data_20240505.csv
9,S9-RS-026,1,EVOS Legends,pick,5,Selena,https://liquipedia.net/mobilelegends/MPL/Indonesia/Season_9/Regular_Season | https://github.com/LiTianYeoh/MLBB_Tournament_Analysis/blob/94ea36800e80c9e89a2356a0b81d3eeafbd6a4f7/analysis/data/consolidated_game_data_20240505.csv
9,S9-RS-026,1,Alter Ego,ban,1,Brody,https://liquipedia.net/mobilelegends/MPL/Indonesia/Season_9/Regular_Season | https://github.com/LiTianYeoh/MLBB_Tournament_Analysis/blob/94ea36800e80c9e89a2356a0b81d3eeafbd6a4f7/analysis/data/consolidated_game_data_20240505.csv
9,S9-RS-026,1,Alter Ego,ban,2,Wanwan,https://liquipedia.net/mobilelegends/MPL/Indonesia/Season_9/Regular_Season | https://github.com/LiTianYeoh/MLBB_Tournament_Analysis/blob/94ea36800e80c9e89a2356a0b81d3eeafbd6a4f7/analysis/data/consolidated_game_data_20240505.csv
9,S9-RS-026,1,Alter Ego,ban,3,Fanny,https://liquipedia.net/mobilelegends/MPL/Indonesia/Season_9/Regular_Season | https://github.com/LiTianYeoh/MLBB_Tournament_Analysis/blob/94ea36800e80c9e89a2356a0b81d3eeafbd6a4f7/analysis/data/consolidated_game_data_20240505.csv
9,S9-RS-026,1,Alter Ego,ban,4,Yve,https://liquipedia.net/mobilelegends/MPL/Indonesia/Season_9/Regular_Season | https://github.com/LiTianYeoh/MLBB_Tournament_Analysis/blob/94ea36800e80c9e89a2356a0b81d3eeafbd6a4f7/analysis/data/consolidated_game_data_20240505.csv
9,S9-RS-026,1,Alter Ego,ban,5,Valentina,https://liquipedia.net/mobilelegends/MPL/Indonesia/Season_9/Regular_Season | https://github.com/LiTianYeoh/MLBB_Tournament_Analysis/blob/94ea36800e80c9e89a2356a0b81d3eeafbd6a4f7/analysis/data/consolidated_game_data_20240505.csv
9,S9-RS-026,1,Alter Ego,pick,1,Harith,https://liquipedia.net/mobilelegends/MPL/Indonesia/Season_9/Regular_Season | https://github.com/LiTianYeoh/MLBB_Tournament_Analysis/blob/94ea36800e80c9e89a2356a0b81d3eeafbd6a4f7/analysis/data/consolidated_game_data_20240505.csv
9,S9-RS-026,1,Alter Ego,pick,2,Lylia,https://liquipedia.net/mobilelegends/MPL/Indonesia/Season_9/Regular_Season | https://github.com/LiTianYeoh/MLBB_Tournament_Analysis/blob/94ea36800e80c9e89a2356a0b81d3eeafbd6a4f7/analysis/data/consolidated_game_data_20240505.csv
9,S9-RS-026,1,Alter Ego,pick,3,Hayabusa,https://liquipedia.net/mobilelegends/MPL/Indonesia/Season_9/Regular_Season | https://github.com/LiTianYeoh/MLBB_Tournament_Analysis/blob/94ea36800e80c9e89a2356a0b81d3eeafbd6a4f7/analysis/data/consolidated_game_data_20240505.csv
9,S9-RS-026,1,Alter Ego,pick,4,Mathilda,https://liquipedia.net/mobilelegends/MPL/Indonesia/Season_9/Regular_Season | https://github.com/LiTianYeoh/MLBB_Tournament_Analysis/blob/94ea36800e80c9e89a2356a0b81d3eeafbd6a4f7/analysis/data/consolidated_game_data_20240505.csv
9,S9-RS-026,1,Alter Ego,pick,5,Yu Zhong,https://liquipedia.net/mobilelegends/MPL/Indonesia/Season_9/Regular_Season | https://github.com/LiTianYeoh/MLBB_Tournament_Analysis/blob/94ea36800e80c9e89a2356a0b81d3eeafbd6a4f7/analysis/data/consolidated_game_data_20240505.csv
9,S9-RS-026,2,EVOS Legends,ban,1,Natalia,https://liquipedia.net/mobilelegends/MPL/Indonesia/Season_9/Regular_Season | https://github.com/LiTianYeoh/MLBB_Tournament_Analysis/blob/94ea36800e80c9e89a2356a0b81d3eeafbd6a4f7/analysis/data/consolidated_game_data_20240505.csv
9,S9-RS-026,2,EVOS Legends,ban,2,Valentina,https://liquipedia.net/mobilelegends/MPL/Indonesia/Season_9/Regular_Season | https://github.com/LiTianYeoh/MLBB_Tournament_Analysis/blob/94ea36800e80c9e89a2356a0b81d3eeafbd6a4f7/analysis/data/consolidated_game_data_20240505.csv
9,S9-RS-026,2,EVOS Legends,ban,3,Yin,https://liquipedia.net/mobilelegends/MPL/Indonesia/Season_9/Regular_Season | https://github.com/LiTianYeoh/MLBB_Tournament_Analysis/blob/94ea36800e80c9e89a2356a0b81d3eeafbd6a4f7/analysis/data/consolidated_game_data_20240505.csv
9,S9-RS-026,2,EVOS Legends,ban,4,Phoveus,https://liquipedia.net/mobilelegends/MPL/Indonesia/Season_9/Regular_Season | https://github.com/LiTianYeoh/MLBB_Tournament_Analysis/blob/94ea36800e80c9e89a2356a0b81d3eeafbd6a4f7/analysis/data/consolidated_game_data_20240505.csv
9,S9-RS-026,2,EVOS Legends,ban,5,Edith,https://liquipedia.net/mobilelegends/MPL/Indonesia/Season_9/Regular_Season | https://github.com/LiTianYeoh/MLBB_Tournament_Analysis/blob/94ea36800e80c9e89a2356a0b81d3eeafbd6a4f7/analysis/data/consolidated_game_data_20240505.csv
9,S9-RS-026,2,EVOS Legends,pick,1,Aulus,https://liquipedia.net/mobilelegends/MPL/Indonesia/Season_9/Regular_Season | https://github.com/LiTianYeoh/MLBB_Tournament_Analysis/blob/94ea36800e80c9e89a2356a0b81d3eeafbd6a4f7/analysis/data/consolidated_game_data_20240505.csv
9,S9-RS-026,2,EVOS Legends,pick,2,Mathilda,https://liquipedia.net/mobilelegends/MPL/Indonesia/Season_9/Regular_Season | https://github.com/LiTianYeoh/MLBB_Tournament_Analysis/blob/94ea36800e80c9e89a2356a0b81d3eeafbd6a4f7/analysis/data/consolidated_game_data_20240505.csv
9,S9-RS-026,2,EVOS Legends,pick,3,Chou,https://liquipedia.net/mobilelegends/MPL/Indonesia/Season_9/Regular_Season | https://github.com/LiTianYeoh/MLBB_Tournament_Analysis/blob/94ea36800e80c9e89a2356a0b81d3eeafbd6a4f7/analysis/data/consolidated_game_data_20240505.csv
9,S9-RS-026,2,EVOS Legends,pick,4,Yu Zhong,https://liquipedia.net/mobilelegends/MPL/Indonesia/Season_9/Regular_Season | https://github.com/LiTianYeoh/MLBB_Tournament_Analysis/blob/94ea36800e80c9e89a2356a0b81d3eeafbd6a4f7/analysis/data/consolidated_game_data_20240505.csv
9,S9-RS-026,2,EVOS Legends,pick,5,Cecilion,https://liquipedia.net/mobilelegends/MPL/Indonesia/Season_9/Regular_Season | https://github.com/LiTianYeoh/MLBB_Tournament_Analysis/blob/94ea36800e80c9e89a2356a0b81d3eeafbd6a4f7/analysis/data/consolidated_game_data_20240505.csv
9,S9-RS-026,2,Alter Ego,ban,1,Brody,https://liquipedia.net/mobilelegends/MPL/Indonesia/Season_9/Regular_Season | https://github.com/LiTianYeoh/MLBB_Tournament_Analysis/blob/94ea36800e80c9e89a2356a0b81d3eeafbd6a4f7/analysis/data/consolidated_game_data_20240505.csv
9,S9-RS-026,2,Alter Ego,ban,2,Kagura,https://liquipedia.net/mobilelegends/MPL/Indonesia/Season_9/Regular_Season | https://github.com/LiTianYeoh/MLBB_Tournament_Analysis/blob/94ea36800e80c9e89a2356a0b81d3eeafbd6a4f7/analysis/data/consolidated_game_data_20240505.csv
9,S9-RS-026,2,Alter Ego,ban,3,Lancelot,https://liquipedia.net/mobilelegends/MPL/Indonesia/Season_9/Regular_Season | https://github.com/LiTianYeoh/MLBB_Tournament_Analysis/blob/94ea36800e80c9e89a2356a0b81d3eeafbd6a4f7/analysis/data/consolidated_game_data_20240505.csv
9,S9-RS-026,2,Alter Ego,ban,4,Fanny,https://liquipedia.net/mobilelegends/MPL/Indonesia/Season_9/Regular_Season | https://github.com/LiTianYeoh/MLBB_Tournament_Analysis/blob/94ea36800e80c9e89a2356a0b81d3eeafbd6a4f7/analysis/data/consolidated_game_data_20240505.csv
9,S9-RS-026,2,Alter Ego,ban,5,Selena,https://liquipedia.net/mobilelegends/MPL/Indonesia/Season_9/Regular_Season | https://github.com/LiTianYeoh/MLBB_Tournament_Analysis/blob/94ea36800e80c9e89a2356a0b81d3eeafbd6a4f7/analysis/data/consolidated_game_data_20240505.csv
9,S9-RS-026,2,Alter Ego,pick,1,Esmeralda,https://liquipedia.net/mobilelegends/MPL/Indonesia/Season_9/Regular_Season | https://github.com/LiTianYeoh/MLBB_Tournament_Analysis/blob/94ea36800e80c9e89a2356a0b81d3eeafbd6a4f7/analysis/data/consolidated_game_data_20240505.csv
9,S9-RS-026,2,Alter Ego,pick,2,Ruby,https://liquipedia.net/mobilelegends/MPL/Indonesia/Season_9/Regular_Season | https://github.com/LiTianYeoh/MLBB_Tournament_Analysis/blob/94ea36800e80c9e89a2356a0b81d3eeafbd6a4f7/analysis/data/consolidated_game_data_20240505.csv
9,S9-RS-026,2,Alter Ego,pick,3,Beatrix,https://liquipedia.net/mobilelegends/MPL/Indonesia/Season_9/Regular_Season | https://github.com/LiTianYeoh/MLBB_Tournament_Analysis/blob/94ea36800e80c9e89a2356a0b81d3eeafbd6a4f7/analysis/data/consolidated_game_data_20240505.csv
9,S9-RS-026,2,Alter Ego,pick,4,Hayabusa,https://liquipedia.net/mobilelegends/MPL/Indonesia/Season_9/Regular_Season | https://github.com/LiTianYeoh/MLBB_Tournament_Analysis/blob/94ea36800e80c9e89a2356a0b81d3eeafbd6a4f7/analysis/data/consolidated_game_data_20240505.csv
9,S9-RS-026,2,Alter Ego,pick,5,Yve,https://liquipedia.net/mobilelegends/MPL/Indonesia/Season_9/Regular_Season | https://github.com/LiTianYeoh/MLBB_Tournament_Analysis/blob/94ea36800e80c9e89a2356a0b81d3eeafbd6a4f7/analysis/data/consolidated_game_data_20240505.csv
9,S9-RS-026,3,EVOS Legends,ban,1,Natalia,https://liquipedia.net/mobilelegends/MPL/Indonesia/Season_9/Regular_Season | https://github.com/LiTianYeoh/MLBB_Tournament_Analysis/blob/94ea36800e80c9e89a2356a0b81d3eeafbd6a4f7/analysis/data/consolidated_game_data_20240505.csv
9,S9-RS-026,3,EVOS Legends,ban,2,Beatrix,https://liquipedia.net/mobilelegends/MPL/Indonesia/Season_9/Regular_Season | https://github.com/LiTianYeoh/MLBB_Tournament_Analysis/blob/94ea36800e80c9e89a2356a0b81d3eeafbd6a4f7/analysis/data/consolidated_game_data_20240505.csv
9,S9-RS-026,3,EVOS Legends,ban,3,Phoveus,https://liquipedia.net/mobilelegends/MPL/Indonesia/Season_9/Regular_Season | https://github.com/LiTianYeoh/MLBB_Tournament_Analysis/blob/94ea36800e80c9e89a2356a0b81d3eeafbd6a4f7/analysis/data/consolidated_game_data_20240505.csv
9,S9-RS-026,3,EVOS Legends,ban,4,Pharsa,https://liquipedia.net/mobilelegends/MPL/Indonesia/Season_9/Regular_Season | https://github.com/LiTianYeoh/MLBB_Tournament_Analysis/blob/94ea36800e80c9e89a2356a0b81d3eeafbd6a4f7/analysis/data/consolidated_game_data_20240505.csv
9,S9-RS-026,3,EVOS Legends,ban,5,Kagura,https://liquipedia.net/mobilelegends/MPL/Indonesia/Season_9/Regular_Season | https://github.com/LiTianYeoh/MLBB_Tournament_Analysis/blob/94ea36800e80c9e89a2356a0b81d3eeafbd6a4f7/analysis/data/consolidated_game_data_20240505.csv
9,S9-RS-026,3,EVOS Legends,pick,1,Yve,https://liquipedia.net/mobilelegends/MPL/Indonesia/Season_9/Regular_Season | https://github.com/LiTianYeoh/MLBB_Tournament_Analysis/blob/94ea36800e80c9e89a2356a0b81d3eeafbd6a4f7/analysis/data/consolidated_game_data_20240505.csv
9,S9-RS-026,3,EVOS Legends,pick,2,Uranus,https://liquipedia.net/mobilelegends/MPL/Indonesia/Season_9/Regular_Season | https://github.com/LiTianYeoh/MLBB_Tournament_Analysis/blob/94ea36800e80c9e89a2356a0b81d3eeafbd6a4f7/analysis/data/consolidated_game_data_20240505.csv
9,S9-RS-026,3,EVOS Legends,pick,3,Ling,https://liquipedia.net/mobilelegends/MPL/Indonesia/Season_9/Regular_Season | https://github.com/LiTianYeoh/MLBB_Tournament_Analysis/blob/94ea36800e80c9e89a2356a0b81d3eeafbd6a4f7/analysis/data/consolidated_game_data_20240505.csv
9,S9-RS-026,3,EVOS Legends,pick,4,Chou,https://liquipedia.net/mobilelegends/MPL/Indonesia/Season_9/Regular_Season | https://github.com/LiTianYeoh/MLBB_Tournament_Analysis/blob/94ea36800e80c9e89a2356a0b81d3eeafbd6a4f7/analysis/data/consolidated_game_data_20240505.csv
9,S9-RS-026,3,EVOS Legends,pick,5,Melissa,https://liquipedia.net/mobilelegends/MPL/Indonesia/Season_9/Regular_Season | https://github.com/LiTianYeoh/MLBB_Tournament_Analysis/blob/94ea36800e80c9e89a2356a0b81d3eeafbd6a4f7/analysis/data/consolidated_game_data_20240505.csv
9,S9-RS-026,3,Alter Ego,ban,1,Harith,https://liquipedia.net/mobilelegends/MPL/Indonesia/Season_9/Regular_Season | https://github.com/LiTianYeoh/MLBB_Tournament_Analysis/blob/94ea36800e80c9e89a2356a0b81d3eeafbd6a4f7/analysis/data/consolidated_game_data_20240505.csv
9,S9-RS-026,3,Alter Ego,ban,2,Wanwan,https://liquipedia.net/mobilelegends/MPL/Indonesia/Season_9/Regular_Season | https://github.com/LiTianYeoh/MLBB_Tournament_Analysis/blob/94ea36800e80c9e89a2356a0b81d3eeafbd6a4f7/analysis/data/consolidated_game_data_20240505.csv
9,S9-RS-026,3,Alter Ego,ban,3,Lancelot,https://liquipedia.net/mobilelegends/MPL/Indonesia/Season_9/Regular_Season | https://github.com/LiTianYeoh/MLBB_Tournament_Analysis/blob/94ea36800e80c9e89a2356a0b81d3eeafbd6a4f7/analysis/data/consolidated_game_data_20240505.csv
9,S9-RS-026,3,Alter Ego,ban,4,Fanny,https://liquipedia.net/mobilelegends/MPL/Indonesia/Season_9/Regular_Season | https://github.com/LiTianYeoh/MLBB_Tournament_Analysis/blob/94ea36800e80c9e89a2356a0b81d3eeafbd6a4f7/analysis/data/consolidated_game_data_20240505.csv
9,S9-RS-026,3,Alter Ego,ban,5,Valentina,https://liquipedia.net/mobilelegends/MPL/Indonesia/Season_9/Regular_Season | https://github.com/LiTianYeoh/MLBB_Tournament_Analysis/blob/94ea36800e80c9e89a2356a0b81d3eeafbd6a4f7/analysis/data/consolidated_game_data_20240505.csv
9,S9-RS-026,3,Alter Ego,pick,1,Dyrroth,https://liquipedia.net/mobilelegends/MPL/Indonesia/Season_9/Regular_Season | https://github.com/LiTianYeoh/MLBB_Tournament_Analysis/blob/94ea36800e80c9e89a2356a0b81d3eeafbd6a4f7/analysis/data/consolidated_game_data_20240505.csv
9,S9-RS-026,3,Alter Ego,pick,2,Lylia,https://liquipedia.net/mobilelegends/MPL/Indonesia/Season_9/Regular_Season | https://github.com/LiTianYeoh/MLBB_Tournament_Analysis/blob/94ea36800e80c9e89a2356a0b81d3eeafbd6a4f7/analysis/data/consolidated_game_data_20240505.csv
9,S9-RS-026,3,Alter Ego,pick,3,Yin,https://liquipedia.net/mobilelegends/MPL/Indonesia/Season_9/Regular_Season | https://github.com/LiTianYeoh/MLBB_Tournament_Analysis/blob/94ea36800e80c9e89a2356a0b81d3eeafbd6a4f7/analysis/data/consolidated_game_data_20240505.csv
9,S9-RS-026,3,Alter Ego,pick,4,Mathilda,https://liquipedia.net/mobilelegends/MPL/Indonesia/Season_9/Regular_Season | https://github.com/LiTianYeoh/MLBB_Tournament_Analysis/blob/94ea36800e80c9e89a2356a0b81d3eeafbd6a4f7/analysis/data/consolidated_game_data_20240505.csv
9,S9-RS-026,3,Alter Ego,pick,5,Yu Zhong,https://liquipedia.net/mobilelegends/MPL/Indonesia/Season_9/Regular_Season | https://github.com/LiTianYeoh/MLBB_Tournament_Analysis/blob/94ea36800e80c9e89a2356a0b81d3eeafbd6a4f7/analysis/data/consolidated_game_data_20240505.csv
9,S9-RS-027,1,Rebellion Zion,ban,1,Fanny,https://liquipedia.net/mobilelegends/MPL/Indonesia/Season_9/Regular_Season | https://github.com/LiTianYeoh/MLBB_Tournament_Analysis/blob/94ea36800e80c9e89a2356a0b81d3eeafbd6a4f7/analysis/data/consolidated_game_data_20240505.csv
9,S9-RS-027,1,Rebellion Zion,ban,2,Selena,https://liquipedia.net/mobilelegends/MPL/Indonesia/Season_9/Regular_Season | https://github.com/LiTianYeoh/MLBB_Tournament_Analysis/blob/94ea36800e80c9e89a2356a0b81d3eeafbd6a4f7/analysis/data/consolidated_game_data_20240505.csv
9,S9-RS-027,1,Rebellion Zion,ban,3,Hayabusa,https://liquipedia.net/mobilelegends/MPL/Indonesia/Season_9/Regular_Season | https://github.com/LiTianYeoh/MLBB_Tournament_Analysis/blob/94ea36800e80c9e89a2356a0b81d3eeafbd6a4f7/analysis/data/consolidated_game_data_20240505.csv
9,S9-RS-027,1,Rebellion Zion,ban,4,Cecilion,https://liquipedia.net/mobilelegends/MPL/Indonesia/Season_9/Regular_Season | https://github.com/LiTianYeoh/MLBB_Tournament_Analysis/blob/94ea36800e80c9e89a2356a0b81d3eeafbd6a4f7/analysis/data/consolidated_game_data_20240505.csv
9,S9-RS-027,1,Rebellion Zion,ban,5,Uranus,https://liquipedia.net/mobilelegends/MPL/Indonesia/Season_9/Regular_Season | https://github.com/LiTianYeoh/MLBB_Tournament_Analysis/blob/94ea36800e80c9e89a2356a0b81d3eeafbd6a4f7/analysis/data/consolidated_game_data_20240505.csv
9,S9-RS-027,1,Rebellion Zion,pick,1,Yve,https://liquipedia.net/mobilelegends/MPL/Indonesia/Season_9/Regular_Season | https://github.com/LiTianYeoh/MLBB_Tournament_Analysis/blob/94ea36800e80c9e89a2356a0b81d3eeafbd6a4f7/analysis/data/consolidated_game_data_20240505.csv
9,S9-RS-027,1,Rebellion Zion,pick,2,Aulus,https://liquipedia.net/mobilelegends/MPL/Indonesia/Season_9/Regular_Season | https://github.com/LiTianYeoh/MLBB_Tournament_Analysis/blob/94ea36800e80c9e89a2356a0b81d3eeafbd6a4f7/analysis/data/consolidated_game_data_20240505.csv
9,S9-RS-027,1,Rebellion Zion,pick,3,Esmeralda,https://liquipedia.net/mobilelegends/MPL/Indonesia/Season_9/Regular_Season | https://github.com/LiTianYeoh/MLBB_Tournament_Analysis/blob/94ea36800e80c9e89a2356a0b81d3eeafbd6a4f7/analysis/data/consolidated_game_data_20240505.csv
9,S9-RS-027,1,Rebellion Zion,pick,4,Chou,https://liquipedia.net/mobilelegends/MPL/Indonesia/Season_9/Regular_Season | https://github.com/LiTianYeoh/MLBB_Tournament_Analysis/blob/94ea36800e80c9e89a2356a0b81d3eeafbd6a4f7/analysis/data/consolidated_game_data_20240505.csv
9,S9-RS-027,1,Rebellion Zion,pick,5,Khufra,https://liquipedia.net/mobilelegends/MPL/Indonesia/Season_9/Regular_Season | https://github.com/LiTianYeoh/MLBB_Tournament_Analysis/blob/94ea36800e80c9e89a2356a0b81d3eeafbd6a4f7/analysis/data/consolidated_game_data_20240505.csv
9,S9-RS-027,1,EVOS Legends,ban,1,Popol and Kupa,https://liquipedia.net/mobilelegends/MPL/Indonesia/Season_9/Regular_Season | https://github.com/LiTianYeoh/MLBB_Tournament_Analysis/blob/94ea36800e80c9e89a2356a0b81d3eeafbd6a4f7/analysis/data/consolidated_game_data_20240505.csv
9,S9-RS-027,1,EVOS Legends,ban,2,Diggie,https://liquipedia.net/mobilelegends/MPL/Indonesia/Season_9/Regular_Season | https://github.com/LiTianYeoh/MLBB_Tournament_Analysis/blob/94ea36800e80c9e89a2356a0b81d3eeafbd6a4f7/analysis/data/consolidated_game_data_20240505.csv
9,S9-RS-027,1,EVOS Legends,ban,3,Lancelot,https://liquipedia.net/mobilelegends/MPL/Indonesia/Season_9/Regular_Season | https://github.com/LiTianYeoh/MLBB_Tournament_Analysis/blob/94ea36800e80c9e89a2356a0b81d3eeafbd6a4f7/analysis/data/consolidated_game_data_20240505.csv
9,S9-RS-027,1,EVOS Legends,ban,4,Natalia,https://liquipedia.net/mobilelegends/MPL/Indonesia/Season_9/Regular_Season | https://github.com/LiTianYeoh/MLBB_Tournament_Analysis/blob/94ea36800e80c9e89a2356a0b81d3eeafbd6a4f7/analysis/data/consolidated_game_data_20240505.csv
9,S9-RS-027,1,EVOS Legends,ban,5,Valentina,https://liquipedia.net/mobilelegends/MPL/Indonesia/Season_9/Regular_Season | https://github.com/LiTianYeoh/MLBB_Tournament_Analysis/blob/94ea36800e80c9e89a2356a0b81d3eeafbd6a4f7/analysis/data/consolidated_game_data_20240505.csv
9,S9-RS-027,1,EVOS Legends,pick,1,Ruby,https://liquipedia.net/mobilelegends/MPL/Indonesia/Season_9/Regular_Season | https://github.com/LiTianYeoh/MLBB_Tournament_Analysis/blob/94ea36800e80c9e89a2356a0b81d3eeafbd6a4f7/analysis/data/consolidated_game_data_20240505.csv
9,S9-RS-027,1,EVOS Legends,pick,2,Pharsa,https://liquipedia.net/mobilelegends/MPL/Indonesia/Season_9/Regular_Season | https://github.com/LiTianYeoh/MLBB_Tournament_Analysis/blob/94ea36800e80c9e89a2356a0b81d3eeafbd6a4f7/analysis/data/consolidated_game_data_20240505.csv
9,S9-RS-027,1,EVOS Legends,pick,3,Beatrix,https://liquipedia.net/mobilelegends/MPL/Indonesia/Season_9/Regular_Season | https://github.com/LiTianYeoh/MLBB_Tournament_Analysis/blob/94ea36800e80c9e89a2356a0b81d3eeafbd6a4f7/analysis/data/consolidated_game_data_20240505.csv
9,S9-RS-027,1,EVOS Legends,pick,4,Mathilda,https://liquipedia.net/mobilelegends/MPL/Indonesia/Season_9/Regular_Season | https://github.com/LiTianYeoh/MLBB_Tournament_Analysis/blob/94ea36800e80c9e89a2356a0b81d3eeafbd6a4f7/analysis/data/consolidated_game_data_20240505.csv
9,S9-RS-027,1,EVOS Legends,pick,5,Paquito,https://liquipedia.net/mobilelegends/MPL/Indonesia/Season_9/Regular_Season | https://github.com/LiTianYeoh/MLBB_Tournament_Analysis/blob/94ea36800e80c9e89a2356a0b81d3eeafbd6a4f7/analysis/data/consolidated_game_data_20240505.csv
9,S9-RS-027,2,Rebellion Zion,ban,1,Valentina,https://liquipedia.net/mobilelegends/MPL/Indonesia/Season_9/Regular_Season | https://github.com/LiTianYeoh/MLBB_Tournament_Analysis/blob/94ea36800e80c9e89a2356a0b81d3eeafbd6a4f7/analysis/data/consolidated_game_data_20240505.csv
9,S9-RS-027,2,Rebellion Zion,ban,2,Lancelot,https://liquipedia.net/mobilelegends/MPL/Indonesia/Season_9/Regular_Season | https://github.com/LiTianYeoh/MLBB_Tournament_Analysis/blob/94ea36800e80c9e89a2356a0b81d3eeafbd6a4f7/analysis/data/consolidated_game_data_20240505.csv
9,S9-RS-027,2,Rebellion Zion,ban,3,Fanny,https://liquipedia.net/mobilelegends/MPL/Indonesia/Season_9/Regular_Season | https://github.com/LiTianYeoh/MLBB_Tournament_Analysis/blob/94ea36800e80c9e89a2356a0b81d3eeafbd6a4f7/analysis/data/consolidated_game_data_20240505.csv
9,S9-RS-027,2,Rebellion Zion,ban,4,Angela,https://liquipedia.net/mobilelegends/MPL/Indonesia/Season_9/Regular_Season | https://github.com/LiTianYeoh/MLBB_Tournament_Analysis/blob/94ea36800e80c9e89a2356a0b81d3eeafbd6a4f7/analysis/data/consolidated_game_data_20240505.csv
9,S9-RS-027,2,Rebellion Zion,ban,5,Khufra,https://liquipedia.net/mobilelegends/MPL/Indonesia/Season_9/Regular_Season | https://github.com/LiTianYeoh/MLBB_Tournament_Analysis/blob/94ea36800e80c9e89a2356a0b81d3eeafbd6a4f7/analysis/data/consolidated_game_data_20240505.csv
9,S9-RS-027,2,Rebellion Zion,pick,1,Aulus,https://liquipedia.net/mobilelegends/MPL/Indonesia/Season_9/Regular_Season | https://github.com/LiTianYeoh/MLBB_Tournament_Analysis/blob/94ea36800e80c9e89a2356a0b81d3eeafbd6a4f7/analysis/data/consolidated_game_data_20240505.csv
9,S9-RS-027,2,Rebellion Zion,pick,2,Mathilda,https://liquipedia.net/mobilelegends/MPL/Indonesia/Season_9/Regular_Season | https://github.com/LiTianYeoh/MLBB_Tournament_Analysis/blob/94ea36800e80c9e89a2356a0b81d3eeafbd6a4f7/analysis/data/consolidated_game_data_20240505.csv
9,S9-RS-027,2,Rebellion Zion,pick,3,Kagura,https://liquipedia.net/mobilelegends/MPL/Indonesia/Season_9/Regular_Season | https://github.com/LiTianYeoh/MLBB_Tournament_Analysis/blob/94ea36800e80c9e89a2356a0b81d3eeafbd6a4f7/analysis/data/consolidated_game_data_20240505.csv
9,S9-RS-027,2,Rebellion Zion,pick,4,Khaleed,https://liquipedia.net/mobilelegends/MPL/Indonesia/Season_9/Regular_Season | https://github.com/LiTianYeoh/MLBB_Tournament_Analysis/blob/94ea36800e80c9e89a2356a0b81d3eeafbd6a4f7/analysis/data/consolidated_game_data_20240505.csv
9,S9-RS-027,2,Rebellion Zion,pick,5,Clint,https://liquipedia.net/mobilelegends/MPL/Indonesia/Season_9/Regular_Season | https://github.com/LiTianYeoh/MLBB_Tournament_Analysis/blob/94ea36800e80c9e89a2356a0b81d3eeafbd6a4f7/analysis/data/consolidated_game_data_20240505.csv
9,S9-RS-027,2,EVOS Legends,ban,1,Ruby,https://liquipedia.net/mobilelegends/MPL/Indonesia/Season_9/Regular_Season | https://github.com/LiTianYeoh/MLBB_Tournament_Analysis/blob/94ea36800e80c9e89a2356a0b81d3eeafbd6a4f7/analysis/data/consolidated_game_data_20240505.csv
9,S9-RS-027,2,EVOS Legends,ban,2,Chou,https://liquipedia.net/mobilelegends/MPL/Indonesia/Season_9/Regular_Season | https://github.com/LiTianYeoh/MLBB_Tournament_Analysis/blob/94ea36800e80c9e89a2356a0b81d3eeafbd6a4f7/analysis/data/consolidated_game_data_20240505.csv
9,S9-RS-027,2,EVOS Legends,ban,3,Yin,https://liquipedia.net/mobilelegends/MPL/Indonesia/Season_9/Regular_Season | https://github.com/LiTianYeoh/MLBB_Tournament_Analysis/blob/94ea36800e80c9e89a2356a0b81d3eeafbd6a4f7/analysis/data/consolidated_game_data_20240505.csv
9,S9-RS-027,2,EVOS Legends,ban,4,Cecilion,https://liquipedia.net/mobilelegends/MPL/Indonesia/Season_9/Regular_Season | https://github.com/LiTianYeoh/MLBB_Tournament_Analysis/blob/94ea36800e80c9e89a2356a0b81d3eeafbd6a4f7/analysis/data/consolidated_game_data_20240505.csv
9,S9-RS-027,2,EVOS Legends,ban,5,Natalia,https://liquipedia.net/mobilelegends/MPL/Indonesia/Season_9/Regular_Season | https://github.com/LiTianYeoh/MLBB_Tournament_Analysis/blob/94ea36800e80c9e89a2356a0b81d3eeafbd6a4f7/analysis/data/consolidated_game_data_20240505.csv
9,S9-RS-027,2,EVOS Legends,pick,1,Wanwan,https://liquipedia.net/mobilelegends/MPL/Indonesia/Season_9/Regular_Season | https://github.com/LiTianYeoh/MLBB_Tournament_Analysis/blob/94ea36800e80c9e89a2356a0b81d3eeafbd6a4f7/analysis/data/consolidated_game_data_20240505.csv
9,S9-RS-027,2,EVOS Legends,pick,2,Floryn,https://liquipedia.net/mobilelegends/MPL/Indonesia/Season_9/Regular_Season | https://github.com/LiTianYeoh/MLBB_Tournament_Analysis/blob/94ea36800e80c9e89a2356a0b81d3eeafbd6a4f7/analysis/data/consolidated_game_data_20240505.csv
9,S9-RS-027,2,EVOS Legends,pick,3,Esmeralda,https://liquipedia.net/mobilelegends/MPL/Indonesia/Season_9/Regular_Season | https://github.com/LiTianYeoh/MLBB_Tournament_Analysis/blob/94ea36800e80c9e89a2356a0b81d3eeafbd6a4f7/analysis/data/consolidated_game_data_20240505.csv
9,S9-RS-027,2,EVOS Legends,pick,4,Ling,https://liquipedia.net/mobilelegends/MPL/Indonesia/Season_9/Regular_Season | https://github.com/LiTianYeoh/MLBB_Tournament_Analysis/blob/94ea36800e80c9e89a2356a0b81d3eeafbd6a4f7/analysis/data/consolidated_game_data_20240505.csv
9,S9-RS-027,2,EVOS Legends,pick,5,Yve,https://liquipedia.net/mobilelegends/MPL/Indonesia/Season_9/Regular_Season | https://github.com/LiTianYeoh/MLBB_Tournament_Analysis/blob/94ea36800e80c9e89a2356a0b81d3eeafbd6a4f7/analysis/data/consolidated_game_data_20240505.csv
9,S9-RS-028,1,Alter Ego,ban,1,Chou,https://liquipedia.net/mobilelegends/MPL/Indonesia/Season_9/Regular_Season | https://github.com/LiTianYeoh/MLBB_Tournament_Analysis/blob/94ea36800e80c9e89a2356a0b81d3eeafbd6a4f7/analysis/data/consolidated_game_data_20240505.csv
9,S9-RS-028,1,Alter Ego,ban,2,Selena,https://liquipedia.net/mobilelegends/MPL/Indonesia/Season_9/Regular_Season | https://github.com/LiTianYeoh/MLBB_Tournament_Analysis/blob/94ea36800e80c9e89a2356a0b81d3eeafbd6a4f7/analysis/data/consolidated_game_data_20240505.csv
9,S9-RS-028,1,Alter Ego,ban,3,Esmeralda,https://liquipedia.net/mobilelegends/MPL/Indonesia/Season_9/Regular_Season | https://github.com/LiTianYeoh/MLBB_Tournament_Analysis/blob/94ea36800e80c9e89a2356a0b81d3eeafbd6a4f7/analysis/data/consolidated_game_data_20240505.csv
9,S9-RS-028,1,Alter Ego,ban,4,Melissa,https://liquipedia.net/mobilelegends/MPL/Indonesia/Season_9/Regular_Season | https://github.com/LiTianYeoh/MLBB_Tournament_Analysis/blob/94ea36800e80c9e89a2356a0b81d3eeafbd6a4f7/analysis/data/consolidated_game_data_20240505.csv
9,S9-RS-028,1,Alter Ego,ban,5,Kagura,https://liquipedia.net/mobilelegends/MPL/Indonesia/Season_9/Regular_Season | https://github.com/LiTianYeoh/MLBB_Tournament_Analysis/blob/94ea36800e80c9e89a2356a0b81d3eeafbd6a4f7/analysis/data/consolidated_game_data_20240505.csv
9,S9-RS-028,1,Alter Ego,pick,1,Lancelot,https://liquipedia.net/mobilelegends/MPL/Indonesia/Season_9/Regular_Season | https://github.com/LiTianYeoh/MLBB_Tournament_Analysis/blob/94ea36800e80c9e89a2356a0b81d3eeafbd6a4f7/analysis/data/consolidated_game_data_20240505.csv
9,S9-RS-028,1,Alter Ego,pick,2,Khufra,https://liquipedia.net/mobilelegends/MPL/Indonesia/Season_9/Regular_Season | https://github.com/LiTianYeoh/MLBB_Tournament_Analysis/blob/94ea36800e80c9e89a2356a0b81d3eeafbd6a4f7/analysis/data/consolidated_game_data_20240505.csv
9,S9-RS-028,1,Alter Ego,pick,3,Uranus,https://liquipedia.net/mobilelegends/MPL/Indonesia/Season_9/Regular_Season | https://github.com/LiTianYeoh/MLBB_Tournament_Analysis/blob/94ea36800e80c9e89a2356a0b81d3eeafbd6a4f7/analysis/data/consolidated_game_data_20240505.csv
9,S9-RS-028,1,Alter Ego,pick,4,Kimmy,https://liquipedia.net/mobilelegends/MPL/Indonesia/Season_9/Regular_Season | https://github.com/LiTianYeoh/MLBB_Tournament_Analysis/blob/94ea36800e80c9e89a2356a0b81d3eeafbd6a4f7/analysis/data/consolidated_game_data_20240505.csv
9,S9-RS-028,1,Alter Ego,pick,5,Luo Yi,https://liquipedia.net/mobilelegends/MPL/Indonesia/Season_9/Regular_Season | https://github.com/LiTianYeoh/MLBB_Tournament_Analysis/blob/94ea36800e80c9e89a2356a0b81d3eeafbd6a4f7/analysis/data/consolidated_game_data_20240505.csv
9,S9-RS-028,1,ONIC Esports,ban,1,Beatrix,https://liquipedia.net/mobilelegends/MPL/Indonesia/Season_9/Regular_Season | https://github.com/LiTianYeoh/MLBB_Tournament_Analysis/blob/94ea36800e80c9e89a2356a0b81d3eeafbd6a4f7/analysis/data/consolidated_game_data_20240505.csv
9,S9-RS-028,1,ONIC Esports,ban,2,Lylia,https://liquipedia.net/mobilelegends/MPL/Indonesia/Season_9/Regular_Season | https://github.com/LiTianYeoh/MLBB_Tournament_Analysis/blob/94ea36800e80c9e89a2356a0b81d3eeafbd6a4f7/analysis/data/consolidated_game_data_20240505.csv
9,S9-RS-028,1,ONIC Esports,ban,3,Phoveus,https://liquipedia.net/mobilelegends/MPL/Indonesia/Season_9/Regular_Season | https://github.com/LiTianYeoh/MLBB_Tournament_Analysis/blob/94ea36800e80c9e89a2356a0b81d3eeafbd6a4f7/analysis/data/consolidated_game_data_20240505.csv
9,S9-RS-028,1,ONIC Esports,ban,4,Yve,https://liquipedia.net/mobilelegends/MPL/Indonesia/Season_9/Regular_Season | https://github.com/LiTianYeoh/MLBB_Tournament_Analysis/blob/94ea36800e80c9e89a2356a0b81d3eeafbd6a4f7/analysis/data/consolidated_game_data_20240505.csv
9,S9-RS-028,1,ONIC Esports,ban,5,Valentina,https://liquipedia.net/mobilelegends/MPL/Indonesia/Season_9/Regular_Season | https://github.com/LiTianYeoh/MLBB_Tournament_Analysis/blob/94ea36800e80c9e89a2356a0b81d3eeafbd6a4f7/analysis/data/consolidated_game_data_20240505.csv
9,S9-RS-028,1,ONIC Esports,pick,1,Ling,https://liquipedia.net/mobilelegends/MPL/Indonesia/Season_9/Regular_Season | https://github.com/LiTianYeoh/MLBB_Tournament_Analysis/blob/94ea36800e80c9e89a2356a0b81d3eeafbd6a4f7/analysis/data/consolidated_game_data_20240505.csv
9,S9-RS-028,1,ONIC Esports,pick,2,Diggie,https://liquipedia.net/mobilelegends/MPL/Indonesia/Season_9/Regular_Season | https://github.com/LiTianYeoh/MLBB_Tournament_Analysis/blob/94ea36800e80c9e89a2356a0b81d3eeafbd6a4f7/analysis/data/consolidated_game_data_20240505.csv
9,S9-RS-028,1,ONIC Esports,pick,3,Dyrroth,https://liquipedia.net/mobilelegends/MPL/Indonesia/Season_9/Regular_Season | https://github.com/LiTianYeoh/MLBB_Tournament_Analysis/blob/94ea36800e80c9e89a2356a0b81d3eeafbd6a4f7/analysis/data/consolidated_game_data_20240505.csv
9,S9-RS-028,1,ONIC Esports,pick,4,Paquito,https://liquipedia.net/mobilelegends/MPL/Indonesia/Season_9/Regular_Season | https://github.com/LiTianYeoh/MLBB_Tournament_Analysis/blob/94ea36800e80c9e89a2356a0b81d3eeafbd6a4f7/analysis/data/consolidated_game_data_20240505.csv
9,S9-RS-028,1,ONIC Esports,pick,5,Mathilda,https://liquipedia.net/mobilelegends/MPL/Indonesia/Season_9/Regular_Season | https://github.com/LiTianYeoh/MLBB_Tournament_Analysis/blob/94ea36800e80c9e89a2356a0b81d3eeafbd6a4f7/analysis/data/consolidated_game_data_20240505.csv
9,S9-RS-028,2,Alter Ego,ban,1,Chou,https://liquipedia.net/mobilelegends/MPL/Indonesia/Season_9/Regular_Season | https://github.com/LiTianYeoh/MLBB_Tournament_Analysis/blob/94ea36800e80c9e89a2356a0b81d3eeafbd6a4f7/analysis/data/consolidated_game_data_20240505.csv
9,S9-RS-028,2,Alter Ego,ban,2,Selena,https://liquipedia.net/mobilelegends/MPL/Indonesia/Season_9/Regular_Season | https://github.com/LiTianYeoh/MLBB_Tournament_Analysis/blob/94ea36800e80c9e89a2356a0b81d3eeafbd6a4f7/analysis/data/consolidated_game_data_20240505.csv
9,S9-RS-028,2,Alter Ego,ban,3,Fanny,https://liquipedia.net/mobilelegends/MPL/Indonesia/Season_9/Regular_Season | https://github.com/LiTianYeoh/MLBB_Tournament_Analysis/blob/94ea36800e80c9e89a2356a0b81d3eeafbd6a4f7/analysis/data/consolidated_game_data_20240505.csv
9,S9-RS-028,2,Alter Ego,ban,4,Yu Zhong,https://liquipedia.net/mobilelegends/MPL/Indonesia/Season_9/Regular_Season | https://github.com/LiTianYeoh/MLBB_Tournament_Analysis/blob/94ea36800e80c9e89a2356a0b81d3eeafbd6a4f7/analysis/data/consolidated_game_data_20240505.csv
9,S9-RS-028,2,Alter Ego,ban,5,Franco,https://liquipedia.net/mobilelegends/MPL/Indonesia/Season_9/Regular_Season | https://github.com/LiTianYeoh/MLBB_Tournament_Analysis/blob/94ea36800e80c9e89a2356a0b81d3eeafbd6a4f7/analysis/data/consolidated_game_data_20240505.csv
9,S9-RS-028,2,Alter Ego,pick,1,Yve,https://liquipedia.net/mobilelegends/MPL/Indonesia/Season_9/Regular_Season | https://github.com/LiTianYeoh/MLBB_Tournament_Analysis/blob/94ea36800e80c9e89a2356a0b81d3eeafbd6a4f7/analysis/data/consolidated_game_data_20240505.csv
9,S9-RS-028,2,Alter Ego,pick,2,Aulus,https://liquipedia.net/mobilelegends/MPL/Indonesia/Season_9/Regular_Season | https://github.com/LiTianYeoh/MLBB_Tournament_Analysis/blob/94ea36800e80c9e89a2356a0b81d3eeafbd6a4f7/analysis/data/consolidated_game_data_20240505.csv
9,S9-RS-028,2,Alter Ego,pick,3,Esmeralda,https://liquipedia.net/mobilelegends/MPL/Indonesia/Season_9/Regular_Season | https://github.com/LiTianYeoh/MLBB_Tournament_Analysis/blob/94ea36800e80c9e89a2356a0b81d3eeafbd6a4f7/analysis/data/consolidated_game_data_20240505.csv
9,S9-RS-028,2,Alter Ego,pick,4,Natalia,https://liquipedia.net/mobilelegends/MPL/Indonesia/Season_9/Regular_Season | https://github.com/LiTianYeoh/MLBB_Tournament_Analysis/blob/94ea36800e80c9e89a2356a0b81d3eeafbd6a4f7/analysis/data/consolidated_game_data_20240505.csv
9,S9-RS-028,2,Alter Ego,pick,5,Phoveus,https://liquipedia.net/mobilelegends/MPL/Indonesia/Season_9/Regular_Season | https://github.com/LiTianYeoh/MLBB_Tournament_Analysis/blob/94ea36800e80c9e89a2356a0b81d3eeafbd6a4f7/analysis/data/consolidated_game_data_20240505.csv
9,S9-RS-028,2,ONIC Esports,ban,1,Brody,https://liquipedia.net/mobilelegends/MPL/Indonesia/Season_9/Regular_Season | https://github.com/LiTianYeoh/MLBB_Tournament_Analysis/blob/94ea36800e80c9e89a2356a0b81d3eeafbd6a4f7/analysis/data/consolidated_game_data_20240505.csv
9,S9-RS-028,2,ONIC Esports,ban,2,Beatrix,https://liquipedia.net/mobilelegends/MPL/Indonesia/Season_9/Regular_Season | https://github.com/LiTianYeoh/MLBB_Tournament_Analysis/blob/94ea36800e80c9e89a2356a0b81d3eeafbd6a4f7/analysis/data/consolidated_game_data_20240505.csv
9,S9-RS-028,2,ONIC Esports,ban,3,Lancelot,https://liquipedia.net/mobilelegends/MPL/Indonesia/Season_9/Regular_Season | https://github.com/LiTianYeoh/MLBB_Tournament_Analysis/blob/94ea36800e80c9e89a2356a0b81d3eeafbd6a4f7/analysis/data/consolidated_game_data_20240505.csv
9,S9-RS-028,2,ONIC Esports,ban,4,Uranus,https://liquipedia.net/mobilelegends/MPL/Indonesia/Season_9/Regular_Season | https://github.com/LiTianYeoh/MLBB_Tournament_Analysis/blob/94ea36800e80c9e89a2356a0b81d3eeafbd6a4f7/analysis/data/consolidated_game_data_20240505.csv
9,S9-RS-028,2,ONIC Esports,ban,5,Valentina,https://liquipedia.net/mobilelegends/MPL/Indonesia/Season_9/Regular_Season | https://github.com/LiTianYeoh/MLBB_Tournament_Analysis/blob/94ea36800e80c9e89a2356a0b81d3eeafbd6a4f7/analysis/data/consolidated_game_data_20240505.csv
9,S9-RS-028,2,ONIC Esports,pick,1,Angela,https://liquipedia.net/mobilelegends/MPL/Indonesia/Season_9/Regular_Season | https://github.com/LiTianYeoh/MLBB_Tournament_Analysis/blob/94ea36800e80c9e89a2356a0b81d3eeafbd6a4f7/analysis/data/consolidated_game_data_20240505.csv
9,S9-RS-028,2,ONIC Esports,pick,2,Thamuz,https://liquipedia.net/mobilelegends/MPL/Indonesia/Season_9/Regular_Season | https://github.com/LiTianYeoh/MLBB_Tournament_Analysis/blob/94ea36800e80c9e89a2356a0b81d3eeafbd6a4f7/analysis/data/consolidated_game_data_20240505.csv
9,S9-RS-028,2,ONIC Esports,pick,3,Ling,https://liquipedia.net/mobilelegends/MPL/Indonesia/Season_9/Regular_Season | https://github.com/LiTianYeoh/MLBB_Tournament_Analysis/blob/94ea36800e80c9e89a2356a0b81d3eeafbd6a4f7/analysis/data/consolidated_game_data_20240505.csv
9,S9-RS-028,2,ONIC Esports,pick,4,Mathilda,https://liquipedia.net/mobilelegends/MPL/Indonesia/Season_9/Regular_Season | https://github.com/LiTianYeoh/MLBB_Tournament_Analysis/blob/94ea36800e80c9e89a2356a0b81d3eeafbd6a4f7/analysis/data/consolidated_game_data_20240505.csv
9,S9-RS-028,2,ONIC Esports,pick,5,Kagura,https://liquipedia.net/mobilelegends/MPL/Indonesia/Season_9/Regular_Season | https://github.com/LiTianYeoh/MLBB_Tournament_Analysis/blob/94ea36800e80c9e89a2356a0b81d3eeafbd6a4f7/analysis/data/consolidated_game_data_20240505.csv
9,S9-RS-029,1,AURA Fire,ban,1,Hayabusa,https://liquipedia.net/mobilelegends/MPL/Indonesia/Season_9/Regular_Season | https://github.com/LiTianYeoh/MLBB_Tournament_Analysis/blob/94ea36800e80c9e89a2356a0b81d3eeafbd6a4f7/analysis/data/consolidated_game_data_20240505.csv
9,S9-RS-029,1,AURA Fire,ban,2,Selena,https://liquipedia.net/mobilelegends/MPL/Indonesia/Season_9/Regular_Season | https://github.com/LiTianYeoh/MLBB_Tournament_Analysis/blob/94ea36800e80c9e89a2356a0b81d3eeafbd6a4f7/analysis/data/consolidated_game_data_20240505.csv
9,S9-RS-029,1,AURA Fire,ban,3,Lancelot,https://liquipedia.net/mobilelegends/MPL/Indonesia/Season_9/Regular_Season | https://github.com/LiTianYeoh/MLBB_Tournament_Analysis/blob/94ea36800e80c9e89a2356a0b81d3eeafbd6a4f7/analysis/data/consolidated_game_data_20240505.csv
9,S9-RS-029,1,AURA Fire,ban,4,Ling,https://liquipedia.net/mobilelegends/MPL/Indonesia/Season_9/Regular_Season | https://github.com/LiTianYeoh/MLBB_Tournament_Analysis/blob/94ea36800e80c9e89a2356a0b81d3eeafbd6a4f7/analysis/data/consolidated_game_data_20240505.csv
9,S9-RS-029,1,AURA Fire,ban,5,Yin,https://liquipedia.net/mobilelegends/MPL/Indonesia/Season_9/Regular_Season | https://github.com/LiTianYeoh/MLBB_Tournament_Analysis/blob/94ea36800e80c9e89a2356a0b81d3eeafbd6a4f7/analysis/data/consolidated_game_data_20240505.csv
9,S9-RS-029,1,AURA Fire,pick,1,Aulus,https://liquipedia.net/mobilelegends/MPL/Indonesia/Season_9/Regular_Season | https://github.com/LiTianYeoh/MLBB_Tournament_Analysis/blob/94ea36800e80c9e89a2356a0b81d3eeafbd6a4f7/analysis/data/consolidated_game_data_20240505.csv
9,S9-RS-029,1,AURA Fire,pick,2,Pharsa,https://liquipedia.net/mobilelegends/MPL/Indonesia/Season_9/Regular_Season | https://github.com/LiTianYeoh/MLBB_Tournament_Analysis/blob/94ea36800e80c9e89a2356a0b81d3eeafbd6a4f7/analysis/data/consolidated_game_data_20240505.csv
9,S9-RS-029,1,AURA Fire,pick,3,Yu Zhong,https://liquipedia.net/mobilelegends/MPL/Indonesia/Season_9/Regular_Season | https://github.com/LiTianYeoh/MLBB_Tournament_Analysis/blob/94ea36800e80c9e89a2356a0b81d3eeafbd6a4f7/analysis/data/consolidated_game_data_20240505.csv
9,S9-RS-029,1,AURA Fire,pick,4,Rafaela,https://liquipedia.net/mobilelegends/MPL/Indonesia/Season_9/Regular_Season | https://github.com/LiTianYeoh/MLBB_Tournament_Analysis/blob/94ea36800e80c9e89a2356a0b81d3eeafbd6a4f7/analysis/data/consolidated_game_data_20240505.csv
9,S9-RS-029,1,AURA Fire,pick,5,Hylos,https://liquipedia.net/mobilelegends/MPL/Indonesia/Season_9/Regular_Season | https://github.com/LiTianYeoh/MLBB_Tournament_Analysis/blob/94ea36800e80c9e89a2356a0b81d3eeafbd6a4f7/analysis/data/consolidated_game_data_20240505.csv
9,S9-RS-029,1,EVOS Legends,ban,1,Paquito,https://liquipedia.net/mobilelegends/MPL/Indonesia/Season_9/Regular_Season | https://github.com/LiTianYeoh/MLBB_Tournament_Analysis/blob/94ea36800e80c9e89a2356a0b81d3eeafbd6a4f7/analysis/data/consolidated_game_data_20240505.csv
9,S9-RS-029,1,EVOS Legends,ban,2,Uranus,https://liquipedia.net/mobilelegends/MPL/Indonesia/Season_9/Regular_Season | https://github.com/LiTianYeoh/MLBB_Tournament_Analysis/blob/94ea36800e80c9e89a2356a0b81d3eeafbd6a4f7/analysis/data/consolidated_game_data_20240505.csv
9,S9-RS-029,1,EVOS Legends,ban,3,Fanny,https://liquipedia.net/mobilelegends/MPL/Indonesia/Season_9/Regular_Season | https://github.com/LiTianYeoh/MLBB_Tournament_Analysis/blob/94ea36800e80c9e89a2356a0b81d3eeafbd6a4f7/analysis/data/consolidated_game_data_20240505.csv
9,S9-RS-029,1,EVOS Legends,ban,4,Yve,https://liquipedia.net/mobilelegends/MPL/Indonesia/Season_9/Regular_Season | https://github.com/LiTianYeoh/MLBB_Tournament_Analysis/blob/94ea36800e80c9e89a2356a0b81d3eeafbd6a4f7/analysis/data/consolidated_game_data_20240505.csv
9,S9-RS-029,1,EVOS Legends,ban,5,Valentina,https://liquipedia.net/mobilelegends/MPL/Indonesia/Season_9/Regular_Season | https://github.com/LiTianYeoh/MLBB_Tournament_Analysis/blob/94ea36800e80c9e89a2356a0b81d3eeafbd6a4f7/analysis/data/consolidated_game_data_20240505.csv
9,S9-RS-029,1,EVOS Legends,pick,1,X.Borg,https://liquipedia.net/mobilelegends/MPL/Indonesia/Season_9/Regular_Season | https://github.com/LiTianYeoh/MLBB_Tournament_Analysis/blob/94ea36800e80c9e89a2356a0b81d3eeafbd6a4f7/analysis/data/consolidated_game_data_20240505.csv
9,S9-RS-029,1,EVOS Legends,pick,2,Karina,https://liquipedia.net/mobilelegends/MPL/Indonesia/Season_9/Regular_Season | https://github.com/LiTianYeoh/MLBB_Tournament_Analysis/blob/94ea36800e80c9e89a2356a0b81d3eeafbd6a4f7/analysis/data/consolidated_game_data_20240505.csv
9,S9-RS-029,1,EVOS Legends,pick,3,Natalia,https://liquipedia.net/mobilelegends/MPL/Indonesia/Season_9/Regular_Season | https://github.com/LiTianYeoh/MLBB_Tournament_Analysis/blob/94ea36800e80c9e89a2356a0b81d3eeafbd6a4f7/analysis/data/consolidated_game_data_20240505.csv
9,S9-RS-029,1,EVOS Legends,pick,4,Cecilion,https://liquipedia.net/mobilelegends/MPL/Indonesia/Season_9/Regular_Season | https://github.com/LiTianYeoh/MLBB_Tournament_Analysis/blob/94ea36800e80c9e89a2356a0b81d3eeafbd6a4f7/analysis/data/consolidated_game_data_20240505.csv
9,S9-RS-029,1,EVOS Legends,pick,5,Esmeralda,https://liquipedia.net/mobilelegends/MPL/Indonesia/Season_9/Regular_Season | https://github.com/LiTianYeoh/MLBB_Tournament_Analysis/blob/94ea36800e80c9e89a2356a0b81d3eeafbd6a4f7/analysis/data/consolidated_game_data_20240505.csv
9,S9-RS-029,2,AURA Fire,ban,1,Valentina,https://liquipedia.net/mobilelegends/MPL/Indonesia/Season_9/Regular_Season | https://github.com/LiTianYeoh/MLBB_Tournament_Analysis/blob/94ea36800e80c9e89a2356a0b81d3eeafbd6a4f7/analysis/data/consolidated_game_data_20240505.csv
9,S9-RS-029,2,AURA Fire,ban,2,Hayabusa,https://liquipedia.net/mobilelegends/MPL/Indonesia/Season_9/Regular_Season | https://github.com/LiTianYeoh/MLBB_Tournament_Analysis/blob/94ea36800e80c9e89a2356a0b81d3eeafbd6a4f7/analysis/data/consolidated_game_data_20240505.csv
9,S9-RS-029,2,AURA Fire,ban,3,Selena,https://liquipedia.net/mobilelegends/MPL/Indonesia/Season_9/Regular_Season | https://github.com/LiTianYeoh/MLBB_Tournament_Analysis/blob/94ea36800e80c9e89a2356a0b81d3eeafbd6a4f7/analysis/data/consolidated_game_data_20240505.csv
9,S9-RS-029,2,AURA Fire,ban,4,Rafaela,https://liquipedia.net/mobilelegends/MPL/Indonesia/Season_9/Regular_Season | https://github.com/LiTianYeoh/MLBB_Tournament_Analysis/blob/94ea36800e80c9e89a2356a0b81d3eeafbd6a4f7/analysis/data/consolidated_game_data_20240505.csv
9,S9-RS-029,2,AURA Fire,ban,5,Mathilda,https://liquipedia.net/mobilelegends/MPL/Indonesia/Season_9/Regular_Season | https://github.com/LiTianYeoh/MLBB_Tournament_Analysis/blob/94ea36800e80c9e89a2356a0b81d3eeafbd6a4f7/analysis/data/consolidated_game_data_20240505.csv
9,S9-RS-029,2,AURA Fire,pick,1,Yve,https://liquipedia.net/mobilelegends/MPL/Indonesia/Season_9/Regular_Season | https://github.com/LiTianYeoh/MLBB_Tournament_Analysis/blob/94ea36800e80c9e89a2356a0b81d3eeafbd6a4f7/analysis/data/consolidated_game_data_20240505.csv
9,S9-RS-029,2,AURA Fire,pick,2,Esmeralda,https://liquipedia.net/mobilelegends/MPL/Indonesia/Season_9/Regular_Season | https://github.com/LiTianYeoh/MLBB_Tournament_Analysis/blob/94ea36800e80c9e89a2356a0b81d3eeafbd6a4f7/analysis/data/consolidated_game_data_20240505.csv
9,S9-RS-029,2,AURA Fire,pick,3,Ling,https://liquipedia.net/mobilelegends/MPL/Indonesia/Season_9/Regular_Season | https://github.com/LiTianYeoh/MLBB_Tournament_Analysis/blob/94ea36800e80c9e89a2356a0b81d3eeafbd6a4f7/analysis/data/consolidated_game_data_20240505.csv
9,S9-RS-029,2,AURA Fire,pick,4,Ruby,https://liquipedia.net/mobilelegends/MPL/Indonesia/Season_9/Regular_Season | https://github.com/LiTianYeoh/MLBB_Tournament_Analysis/blob/94ea36800e80c9e89a2356a0b81d3eeafbd6a4f7/analysis/data/consolidated_game_data_20240505.csv
9,S9-RS-029,2,AURA Fire,pick,5,Kadita,https://liquipedia.net/mobilelegends/MPL/Indonesia/Season_9/Regular_Season | https://github.com/LiTianYeoh/MLBB_Tournament_Analysis/blob/94ea36800e80c9e89a2356a0b81d3eeafbd6a4f7/analysis/data/consolidated_game_data_20240505.csv
9,S9-RS-029,2,EVOS Legends,ban,1,Yu Zhong,https://liquipedia.net/mobilelegends/MPL/Indonesia/Season_9/Regular_Season | https://github.com/LiTianYeoh/MLBB_Tournament_Analysis/blob/94ea36800e80c9e89a2356a0b81d3eeafbd6a4f7/analysis/data/consolidated_game_data_20240505.csv
9,S9-RS-029,2,EVOS Legends,ban,2,Chou,https://liquipedia.net/mobilelegends/MPL/Indonesia/Season_9/Regular_Season | https://github.com/LiTianYeoh/MLBB_Tournament_Analysis/blob/94ea36800e80c9e89a2356a0b81d3eeafbd6a4f7/analysis/data/consolidated_game_data_20240505.csv
9,S9-RS-029,2,EVOS Legends,ban,3,Fanny,https://liquipedia.net/mobilelegends/MPL/Indonesia/Season_9/Regular_Season | https://github.com/LiTianYeoh/MLBB_Tournament_Analysis/blob/94ea36800e80c9e89a2356a0b81d3eeafbd6a4f7/analysis/data/consolidated_game_data_20240505.csv
9,S9-RS-029,2,EVOS Legends,ban,4,Aulus,https://liquipedia.net/mobilelegends/MPL/Indonesia/Season_9/Regular_Season | https://github.com/LiTianYeoh/MLBB_Tournament_Analysis/blob/94ea36800e80c9e89a2356a0b81d3eeafbd6a4f7/analysis/data/consolidated_game_data_20240505.csv
9,S9-RS-029,2,EVOS Legends,ban,5,Natalia,https://liquipedia.net/mobilelegends/MPL/Indonesia/Season_9/Regular_Season | https://github.com/LiTianYeoh/MLBB_Tournament_Analysis/blob/94ea36800e80c9e89a2356a0b81d3eeafbd6a4f7/analysis/data/consolidated_game_data_20240505.csv
9,S9-RS-029,2,EVOS Legends,pick,1,Beatrix,https://liquipedia.net/mobilelegends/MPL/Indonesia/Season_9/Regular_Season | https://github.com/LiTianYeoh/MLBB_Tournament_Analysis/blob/94ea36800e80c9e89a2356a0b81d3eeafbd6a4f7/analysis/data/consolidated_game_data_20240505.csv
9,S9-RS-029,2,EVOS Legends,pick,2,Khufra,https://liquipedia.net/mobilelegends/MPL/Indonesia/Season_9/Regular_Season | https://github.com/LiTianYeoh/MLBB_Tournament_Analysis/blob/94ea36800e80c9e89a2356a0b81d3eeafbd6a4f7/analysis/data/consolidated_game_data_20240505.csv
9,S9-RS-029,2,EVOS Legends,pick,3,Pharsa,https://liquipedia.net/mobilelegends/MPL/Indonesia/Season_9/Regular_Season | https://github.com/LiTianYeoh/MLBB_Tournament_Analysis/blob/94ea36800e80c9e89a2356a0b81d3eeafbd6a4f7/analysis/data/consolidated_game_data_20240505.csv
9,S9-RS-029,2,EVOS Legends,pick,4,Uranus,https://liquipedia.net/mobilelegends/MPL/Indonesia/Season_9/Regular_Season | https://github.com/LiTianYeoh/MLBB_Tournament_Analysis/blob/94ea36800e80c9e89a2356a0b81d3eeafbd6a4f7/analysis/data/consolidated_game_data_20240505.csv
9,S9-RS-029,2,EVOS Legends,pick,5,Lancelot,https://liquipedia.net/mobilelegends/MPL/Indonesia/Season_9/Regular_Season | https://github.com/LiTianYeoh/MLBB_Tournament_Analysis/blob/94ea36800e80c9e89a2356a0b81d3eeafbd6a4f7/analysis/data/consolidated_game_data_20240505.csv
9,S9-RS-030,1,RRQ Hoshi,ban,1,Johnson,https://liquipedia.net/mobilelegends/MPL/Indonesia/Season_9/Regular_Season | https://github.com/LiTianYeoh/MLBB_Tournament_Analysis/blob/94ea36800e80c9e89a2356a0b81d3eeafbd6a4f7/analysis/data/consolidated_game_data_20240505.csv
9,S9-RS-030,1,RRQ Hoshi,ban,2,Cecilion,https://liquipedia.net/mobilelegends/MPL/Indonesia/Season_9/Regular_Season | https://github.com/LiTianYeoh/MLBB_Tournament_Analysis/blob/94ea36800e80c9e89a2356a0b81d3eeafbd6a4f7/analysis/data/consolidated_game_data_20240505.csv
9,S9-RS-030,1,RRQ Hoshi,ban,3,Franco,https://liquipedia.net/mobilelegends/MPL/Indonesia/Season_9/Regular_Season | https://github.com/LiTianYeoh/MLBB_Tournament_Analysis/blob/94ea36800e80c9e89a2356a0b81d3eeafbd6a4f7/analysis/data/consolidated_game_data_20240505.csv
9,S9-RS-030,1,RRQ Hoshi,ban,4,Yu Zhong,https://liquipedia.net/mobilelegends/MPL/Indonesia/Season_9/Regular_Season | https://github.com/LiTianYeoh/MLBB_Tournament_Analysis/blob/94ea36800e80c9e89a2356a0b81d3eeafbd6a4f7/analysis/data/consolidated_game_data_20240505.csv
9,S9-RS-030,1,RRQ Hoshi,ban,5,Brody,https://liquipedia.net/mobilelegends/MPL/Indonesia/Season_9/Regular_Season | https://github.com/LiTianYeoh/MLBB_Tournament_Analysis/blob/94ea36800e80c9e89a2356a0b81d3eeafbd6a4f7/analysis/data/consolidated_game_data_20240505.csv
9,S9-RS-030,1,RRQ Hoshi,pick,1,Yve,https://liquipedia.net/mobilelegends/MPL/Indonesia/Season_9/Regular_Season | https://github.com/LiTianYeoh/MLBB_Tournament_Analysis/blob/94ea36800e80c9e89a2356a0b81d3eeafbd6a4f7/analysis/data/consolidated_game_data_20240505.csv
9,S9-RS-030,1,RRQ Hoshi,pick,2,Beatrix,https://liquipedia.net/mobilelegends/MPL/Indonesia/Season_9/Regular_Season | https://github.com/LiTianYeoh/MLBB_Tournament_Analysis/blob/94ea36800e80c9e89a2356a0b81d3eeafbd6a4f7/analysis/data/consolidated_game_data_20240505.csv
9,S9-RS-030,1,RRQ Hoshi,pick,3,Ling,https://liquipedia.net/mobilelegends/MPL/Indonesia/Season_9/Regular_Season | https://github.com/LiTianYeoh/MLBB_Tournament_Analysis/blob/94ea36800e80c9e89a2356a0b81d3eeafbd6a4f7/analysis/data/consolidated_game_data_20240505.csv
9,S9-RS-030,1,RRQ Hoshi,pick,4,Uranus,https://liquipedia.net/mobilelegends/MPL/Indonesia/Season_9/Regular_Season | https://github.com/LiTianYeoh/MLBB_Tournament_Analysis/blob/94ea36800e80c9e89a2356a0b81d3eeafbd6a4f7/analysis/data/consolidated_game_data_20240505.csv
9,S9-RS-030,1,RRQ Hoshi,pick,5,Ruby,https://liquipedia.net/mobilelegends/MPL/Indonesia/Season_9/Regular_Season | https://github.com/LiTianYeoh/MLBB_Tournament_Analysis/blob/94ea36800e80c9e89a2356a0b81d3eeafbd6a4f7/analysis/data/consolidated_game_data_20240505.csv
9,S9-RS-030,1,Bigetron Alpha,ban,1,Gloo,https://liquipedia.net/mobilelegends/MPL/Indonesia/Season_9/Regular_Season | https://github.com/LiTianYeoh/MLBB_Tournament_Analysis/blob/94ea36800e80c9e89a2356a0b81d3eeafbd6a4f7/analysis/data/consolidated_game_data_20240505.csv
9,S9-RS-030,1,Bigetron Alpha,ban,2,Dyrroth,https://liquipedia.net/mobilelegends/MPL/Indonesia/Season_9/Regular_Season | https://github.com/LiTianYeoh/MLBB_Tournament_Analysis/blob/94ea36800e80c9e89a2356a0b81d3eeafbd6a4f7/analysis/data/consolidated_game_data_20240505.csv
9,S9-RS-030,1,Bigetron Alpha,ban,3,Fanny,https://liquipedia.net/mobilelegends/MPL/Indonesia/Season_9/Regular_Season | https://github.com/LiTianYeoh/MLBB_Tournament_Analysis/blob/94ea36800e80c9e89a2356a0b81d3eeafbd6a4f7/analysis/data/consolidated_game_data_20240505.csv
9,S9-RS-030,1,Bigetron Alpha,ban,4,Lancelot,https://liquipedia.net/mobilelegends/MPL/Indonesia/Season_9/Regular_Season | https://github.com/LiTianYeoh/MLBB_Tournament_Analysis/blob/94ea36800e80c9e89a2356a0b81d3eeafbd6a4f7/analysis/data/consolidated_game_data_20240505.csv
9,S9-RS-030,1,Bigetron Alpha,ban,5,Valentina,https://liquipedia.net/mobilelegends/MPL/Indonesia/Season_9/Regular_Season | https://github.com/LiTianYeoh/MLBB_Tournament_Analysis/blob/94ea36800e80c9e89a2356a0b81d3eeafbd6a4f7/analysis/data/consolidated_game_data_20240505.csv
9,S9-RS-030,1,Bigetron Alpha,pick,1,Natalia,https://liquipedia.net/mobilelegends/MPL/Indonesia/Season_9/Regular_Season | https://github.com/LiTianYeoh/MLBB_Tournament_Analysis/blob/94ea36800e80c9e89a2356a0b81d3eeafbd6a4f7/analysis/data/consolidated_game_data_20240505.csv
9,S9-RS-030,1,Bigetron Alpha,pick,2,Kagura,https://liquipedia.net/mobilelegends/MPL/Indonesia/Season_9/Regular_Season | https://github.com/LiTianYeoh/MLBB_Tournament_Analysis/blob/94ea36800e80c9e89a2356a0b81d3eeafbd6a4f7/analysis/data/consolidated_game_data_20240505.csv
9,S9-RS-030,1,Bigetron Alpha,pick,3,Esmeralda,https://liquipedia.net/mobilelegends/MPL/Indonesia/Season_9/Regular_Season | https://github.com/LiTianYeoh/MLBB_Tournament_Analysis/blob/94ea36800e80c9e89a2356a0b81d3eeafbd6a4f7/analysis/data/consolidated_game_data_20240505.csv
9,S9-RS-030,1,Bigetron Alpha,pick,4,Hayabusa,https://liquipedia.net/mobilelegends/MPL/Indonesia/Season_9/Regular_Season | https://github.com/LiTianYeoh/MLBB_Tournament_Analysis/blob/94ea36800e80c9e89a2356a0b81d3eeafbd6a4f7/analysis/data/consolidated_game_data_20240505.csv
9,S9-RS-030,1,Bigetron Alpha,pick,5,Chou,https://liquipedia.net/mobilelegends/MPL/Indonesia/Season_9/Regular_Season | https://github.com/LiTianYeoh/MLBB_Tournament_Analysis/blob/94ea36800e80c9e89a2356a0b81d3eeafbd6a4f7/analysis/data/consolidated_game_data_20240505.csv
9,S9-RS-030,2,RRQ Hoshi,ban,1,Valentina,https://liquipedia.net/mobilelegends/MPL/Indonesia/Season_9/Regular_Season | https://github.com/LiTianYeoh/MLBB_Tournament_Analysis/blob/94ea36800e80c9e89a2356a0b81d3eeafbd6a4f7/analysis/data/consolidated_game_data_20240505.csv
9,S9-RS-030,2,RRQ Hoshi,ban,2,Johnson,https://liquipedia.net/mobilelegends/MPL/Indonesia/Season_9/Regular_Season | https://github.com/LiTianYeoh/MLBB_Tournament_Analysis/blob/94ea36800e80c9e89a2356a0b81d3eeafbd6a4f7/analysis/data/consolidated_game_data_20240505.csv
9,S9-RS-030,2,RRQ Hoshi,ban,3,Cecilion,https://liquipedia.net/mobilelegends/MPL/Indonesia/Season_9/Regular_Season | https://github.com/LiTianYeoh/MLBB_Tournament_Analysis/blob/94ea36800e80c9e89a2356a0b81d3eeafbd6a4f7/analysis/data/consolidated_game_data_20240505.csv
9,S9-RS-030,2,RRQ Hoshi,ban,4,Mathilda,https://liquipedia.net/mobilelegends/MPL/Indonesia/Season_9/Regular_Season | https://github.com/LiTianYeoh/MLBB_Tournament_Analysis/blob/94ea36800e80c9e89a2356a0b81d3eeafbd6a4f7/analysis/data/consolidated_game_data_20240505.csv
9,S9-RS-030,2,RRQ Hoshi,ban,5,Ruby,https://liquipedia.net/mobilelegends/MPL/Indonesia/Season_9/Regular_Season | https://github.com/LiTianYeoh/MLBB_Tournament_Analysis/blob/94ea36800e80c9e89a2356a0b81d3eeafbd6a4f7/analysis/data/consolidated_game_data_20240505.csv
9,S9-RS-030,2,RRQ Hoshi,pick,1,Yu Zhong,https://liquipedia.net/mobilelegends/MPL/Indonesia/Season_9/Regular_Season | https://github.com/LiTianYeoh/MLBB_Tournament_Analysis/blob/94ea36800e80c9e89a2356a0b81d3eeafbd6a4f7/analysis/data/consolidated_game_data_20240505.csv
9,S9-RS-030,2,RRQ Hoshi,pick,2,Franco,https://liquipedia.net/mobilelegends/MPL/Indonesia/Season_9/Regular_Season | https://github.com/LiTianYeoh/MLBB_Tournament_Analysis/blob/94ea36800e80c9e89a2356a0b81d3eeafbd6a4f7/analysis/data/consolidated_game_data_20240505.csv
9,S9-RS-030,2,RRQ Hoshi,pick,3,Hayabusa,https://liquipedia.net/mobilelegends/MPL/Indonesia/Season_9/Regular_Season | https://github.com/LiTianYeoh/MLBB_Tournament_Analysis/blob/94ea36800e80c9e89a2356a0b81d3eeafbd6a4f7/analysis/data/consolidated_game_data_20240505.csv
9,S9-RS-030,2,RRQ Hoshi,pick,4,Pharsa,https://liquipedia.net/mobilelegends/MPL/Indonesia/Season_9/Regular_Season | https://github.com/LiTianYeoh/MLBB_Tournament_Analysis/blob/94ea36800e80c9e89a2356a0b81d3eeafbd6a4f7/analysis/data/consolidated_game_data_20240505.csv
9,S9-RS-030,2,RRQ Hoshi,pick,5,Brody,https://liquipedia.net/mobilelegends/MPL/Indonesia/Season_9/Regular_Season | https://github.com/LiTianYeoh/MLBB_Tournament_Analysis/blob/94ea36800e80c9e89a2356a0b81d3eeafbd6a4f7/analysis/data/consolidated_game_data_20240505.csv
9,S9-RS-030,2,Bigetron Alpha,ban,1,Lylia,https://liquipedia.net/mobilelegends/MPL/Indonesia/Season_9/Regular_Season | https://github.com/LiTianYeoh/MLBB_Tournament_Analysis/blob/94ea36800e80c9e89a2356a0b81d3eeafbd6a4f7/analysis/data/consolidated_game_data_20240505.csv
9,S9-RS-030,2,Bigetron Alpha,ban,2,Popol and Kupa,https://liquipedia.net/mobilelegends/MPL/Indonesia/Season_9/Regular_Season | https://github.com/LiTianYeoh/MLBB_Tournament_Analysis/blob/94ea36800e80c9e89a2356a0b81d3eeafbd6a4f7/analysis/data/consolidated_game_data_20240505.csv
9,S9-RS-030,2,Bigetron Alpha,ban,3,Fanny,https://liquipedia.net/mobilelegends/MPL/Indonesia/Season_9/Regular_Season | https://github.com/LiTianYeoh/MLBB_Tournament_Analysis/blob/94ea36800e80c9e89a2356a0b81d3eeafbd6a4f7/analysis/data/consolidated_game_data_20240505.csv
9,S9-RS-030,2,Bigetron Alpha,ban,4,Lancelot,https://liquipedia.net/mobilelegends/MPL/Indonesia/Season_9/Regular_Season | https://github.com/LiTianYeoh/MLBB_Tournament_Analysis/blob/94ea36800e80c9e89a2356a0b81d3eeafbd6a4f7/analysis/data/consolidated_game_data_20240505.csv
9,S9-RS-030,2,Bigetron Alpha,ban,5,Ling,https://liquipedia.net/mobilelegends/MPL/Indonesia/Season_9/Regular_Season | https://github.com/LiTianYeoh/MLBB_Tournament_Analysis/blob/94ea36800e80c9e89a2356a0b81d3eeafbd6a4f7/analysis/data/consolidated_game_data_20240505.csv
9,S9-RS-030,2,Bigetron Alpha,pick,1,Jawhead,https://liquipedia.net/mobilelegends/MPL/Indonesia/Season_9/Regular_Season | https://github.com/LiTianYeoh/MLBB_Tournament_Analysis/blob/94ea36800e80c9e89a2356a0b81d3eeafbd6a4f7/analysis/data/consolidated_game_data_20240505.csv
9,S9-RS-030,2,Bigetron Alpha,pick,2,Chou,https://liquipedia.net/mobilelegends/MPL/Indonesia/Season_9/Regular_Season | https://github.com/LiTianYeoh/MLBB_Tournament_Analysis/blob/94ea36800e80c9e89a2356a0b81d3eeafbd6a4f7/analysis/data/consolidated_game_data_20240505.csv
9,S9-RS-030,2,Bigetron Alpha,pick,3,Paquito,https://liquipedia.net/mobilelegends/MPL/Indonesia/Season_9/Regular_Season | https://github.com/LiTianYeoh/MLBB_Tournament_Analysis/blob/94ea36800e80c9e89a2356a0b81d3eeafbd6a4f7/analysis/data/consolidated_game_data_20240505.csv
9,S9-RS-030,2,Bigetron Alpha,pick,4,Beatrix,https://liquipedia.net/mobilelegends/MPL/Indonesia/Season_9/Regular_Season | https://github.com/LiTianYeoh/MLBB_Tournament_Analysis/blob/94ea36800e80c9e89a2356a0b81d3eeafbd6a4f7/analysis/data/consolidated_game_data_20240505.csv
9,S9-RS-030,2,Bigetron Alpha,pick,5,Yve,https://liquipedia.net/mobilelegends/MPL/Indonesia/Season_9/Regular_Season | https://github.com/LiTianYeoh/MLBB_Tournament_Analysis/blob/94ea36800e80c9e89a2356a0b81d3eeafbd6a4f7/analysis/data/consolidated_game_data_20240505.csv
9,S9-RS-031,1,Geek Fam ID,ban,1,Natalia,https://liquipedia.net/mobilelegends/MPL/Indonesia/Season_9/Regular_Season | https://github.com/LiTianYeoh/MLBB_Tournament_Analysis/blob/94ea36800e80c9e89a2356a0b81d3eeafbd6a4f7/analysis/data/consolidated_game_data_20240505.csv
9,S9-RS-031,1,Geek Fam ID,ban,2,Esmeralda,https://liquipedia.net/mobilelegends/MPL/Indonesia/Season_9/Regular_Season | https://github.com/LiTianYeoh/MLBB_Tournament_Analysis/blob/94ea36800e80c9e89a2356a0b81d3eeafbd6a4f7/analysis/data/consolidated_game_data_20240505.csv
9,S9-RS-031,1,Geek Fam ID,ban,3,Uranus,https://liquipedia.net/mobilelegends/MPL/Indonesia/Season_9/Regular_Season | https://github.com/LiTianYeoh/MLBB_Tournament_Analysis/blob/94ea36800e80c9e89a2356a0b81d3eeafbd6a4f7/analysis/data/consolidated_game_data_20240505.csv
9,S9-RS-031,1,Geek Fam ID,ban,4,Ruby,https://liquipedia.net/mobilelegends/MPL/Indonesia/Season_9/Regular_Season | https://github.com/LiTianYeoh/MLBB_Tournament_Analysis/blob/94ea36800e80c9e89a2356a0b81d3eeafbd6a4f7/analysis/data/consolidated_game_data_20240505.csv
9,S9-RS-031,1,Geek Fam ID,ban,5,Paquito,https://liquipedia.net/mobilelegends/MPL/Indonesia/Season_9/Regular_Season | https://github.com/LiTianYeoh/MLBB_Tournament_Analysis/blob/94ea36800e80c9e89a2356a0b81d3eeafbd6a4f7/analysis/data/consolidated_game_data_20240505.csv
9,S9-RS-031,1,Geek Fam ID,pick,1,Chou,https://liquipedia.net/mobilelegends/MPL/Indonesia/Season_9/Regular_Season | https://github.com/LiTianYeoh/MLBB_Tournament_Analysis/blob/94ea36800e80c9e89a2356a0b81d3eeafbd6a4f7/analysis/data/consolidated_game_data_20240505.csv
9,S9-RS-031,1,Geek Fam ID,pick,2,Lylia,https://liquipedia.net/mobilelegends/MPL/Indonesia/Season_9/Regular_Season | https://github.com/LiTianYeoh/MLBB_Tournament_Analysis/blob/94ea36800e80c9e89a2356a0b81d3eeafbd6a4f7/analysis/data/consolidated_game_data_20240505.csv
9,S9-RS-031,1,Geek Fam ID,pick,3,Beatrix,https://liquipedia.net/mobilelegends/MPL/Indonesia/Season_9/Regular_Season | https://github.com/LiTianYeoh/MLBB_Tournament_Analysis/blob/94ea36800e80c9e89a2356a0b81d3eeafbd6a4f7/analysis/data/consolidated_game_data_20240505.csv
9,S9-RS-031,1,Geek Fam ID,pick,4,X.Borg,https://liquipedia.net/mobilelegends/MPL/Indonesia/Season_9/Regular_Season | https://github.com/LiTianYeoh/MLBB_Tournament_Analysis/blob/94ea36800e80c9e89a2356a0b81d3eeafbd6a4f7/analysis/data/consolidated_game_data_20240505.csv
9,S9-RS-031,1,Geek Fam ID,pick,5,Belerick,https://liquipedia.net/mobilelegends/MPL/Indonesia/Season_9/Regular_Season | https://github.com/LiTianYeoh/MLBB_Tournament_Analysis/blob/94ea36800e80c9e89a2356a0b81d3eeafbd6a4f7/analysis/data/consolidated_game_data_20240505.csv
9,S9-RS-031,1,Alter Ego,ban,1,Hylos,https://liquipedia.net/mobilelegends/MPL/Indonesia/Season_9/Regular_Season | https://github.com/LiTianYeoh/MLBB_Tournament_Analysis/blob/94ea36800e80c9e89a2356a0b81d3eeafbd6a4f7/analysis/data/consolidated_game_data_20240505.csv
9,S9-RS-031,1,Alter Ego,ban,2,Yu Zhong,https://liquipedia.net/mobilelegends/MPL/Indonesia/Season_9/Regular_Season | https://github.com/LiTianYeoh/MLBB_Tournament_Analysis/blob/94ea36800e80c9e89a2356a0b81d3eeafbd6a4f7/analysis/data/consolidated_game_data_20240505.csv
9,S9-RS-031,1,Alter Ego,ban,3,Fanny,https://liquipedia.net/mobilelegends/MPL/Indonesia/Season_9/Regular_Season | https://github.com/LiTianYeoh/MLBB_Tournament_Analysis/blob/94ea36800e80c9e89a2356a0b81d3eeafbd6a4f7/analysis/data/consolidated_game_data_20240505.csv
9,S9-RS-031,1,Alter Ego,ban,4,Selena,https://liquipedia.net/mobilelegends/MPL/Indonesia/Season_9/Regular_Season | https://github.com/LiTianYeoh/MLBB_Tournament_Analysis/blob/94ea36800e80c9e89a2356a0b81d3eeafbd6a4f7/analysis/data/consolidated_game_data_20240505.csv
9,S9-RS-031,1,Alter Ego,ban,5,Valentina,https://liquipedia.net/mobilelegends/MPL/Indonesia/Season_9/Regular_Season | https://github.com/LiTianYeoh/MLBB_Tournament_Analysis/blob/94ea36800e80c9e89a2356a0b81d3eeafbd6a4f7/analysis/data/consolidated_game_data_20240505.csv
9,S9-RS-031,1,Alter Ego,pick,1,Kimmy,https://liquipedia.net/mobilelegends/MPL/Indonesia/Season_9/Regular_Season | https://github.com/LiTianYeoh/MLBB_Tournament_Analysis/blob/94ea36800e80c9e89a2356a0b81d3eeafbd6a4f7/analysis/data/consolidated_game_data_20240505.csv
9,S9-RS-031,1,Alter Ego,pick,2,Franco,https://liquipedia.net/mobilelegends/MPL/Indonesia/Season_9/Regular_Season | https://github.com/LiTianYeoh/MLBB_Tournament_Analysis/blob/94ea36800e80c9e89a2356a0b81d3eeafbd6a4f7/analysis/data/consolidated_game_data_20240505.csv
9,S9-RS-031,1,Alter Ego,pick,3,Aulus,https://liquipedia.net/mobilelegends/MPL/Indonesia/Season_9/Regular_Season | https://github.com/LiTianYeoh/MLBB_Tournament_Analysis/blob/94ea36800e80c9e89a2356a0b81d3eeafbd6a4f7/analysis/data/consolidated_game_data_20240505.csv
9,S9-RS-031,1,Alter Ego,pick,4,Yve,https://liquipedia.net/mobilelegends/MPL/Indonesia/Season_9/Regular_Season | https://github.com/LiTianYeoh/MLBB_Tournament_Analysis/blob/94ea36800e80c9e89a2356a0b81d3eeafbd6a4f7/analysis/data/consolidated_game_data_20240505.csv
9,S9-RS-031,1,Alter Ego,pick,5,Phoveus,https://liquipedia.net/mobilelegends/MPL/Indonesia/Season_9/Regular_Season | https://github.com/LiTianYeoh/MLBB_Tournament_Analysis/blob/94ea36800e80c9e89a2356a0b81d3eeafbd6a4f7/analysis/data/consolidated_game_data_20240505.csv
9,S9-RS-031,2,Geek Fam ID,ban,1,Natalia,https://liquipedia.net/mobilelegends/MPL/Indonesia/Season_9/Regular_Season | https://github.com/LiTianYeoh/MLBB_Tournament_Analysis/blob/94ea36800e80c9e89a2356a0b81d3eeafbd6a4f7/analysis/data/consolidated_game_data_20240505.csv
9,S9-RS-031,2,Geek Fam ID,ban,2,Phoveus,https://liquipedia.net/mobilelegends/MPL/Indonesia/Season_9/Regular_Season | https://github.com/LiTianYeoh/MLBB_Tournament_Analysis/blob/94ea36800e80c9e89a2356a0b81d3eeafbd6a4f7/analysis/data/consolidated_game_data_20240505.csv
9,S9-RS-031,2,Geek Fam ID,ban,3,Beatrix,https://liquipedia.net/mobilelegends/MPL/Indonesia/Season_9/Regular_Season | https://github.com/LiTianYeoh/MLBB_Tournament_Analysis/blob/94ea36800e80c9e89a2356a0b81d3eeafbd6a4f7/analysis/data/consolidated_game_data_20240505.csv
9,S9-RS-031,2,Geek Fam ID,ban,4,Wanwan,https://liquipedia.net/mobilelegends/MPL/Indonesia/Season_9/Regular_Season | https://github.com/LiTianYeoh/MLBB_Tournament_Analysis/blob/94ea36800e80c9e89a2356a0b81d3eeafbd6a4f7/analysis/data/consolidated_game_data_20240505.csv
9,S9-RS-031,2,Geek Fam ID,ban,5,Lancelot,https://liquipedia.net/mobilelegends/MPL/Indonesia/Season_9/Regular_Season | https://github.com/LiTianYeoh/MLBB_Tournament_Analysis/blob/94ea36800e80c9e89a2356a0b81d3eeafbd6a4f7/analysis/data/consolidated_game_data_20240505.csv
9,S9-RS-031,2,Geek Fam ID,pick,1,Yve,https://liquipedia.net/mobilelegends/MPL/Indonesia/Season_9/Regular_Season | https://github.com/LiTianYeoh/MLBB_Tournament_Analysis/blob/94ea36800e80c9e89a2356a0b81d3eeafbd6a4f7/analysis/data/consolidated_game_data_20240505.csv
9,S9-RS-031,2,Geek Fam ID,pick,2,Ruby,https://liquipedia.net/mobilelegends/MPL/Indonesia/Season_9/Regular_Season | https://github.com/LiTianYeoh/MLBB_Tournament_Analysis/blob/94ea36800e80c9e89a2356a0b81d3eeafbd6a4f7/analysis/data/consolidated_game_data_20240505.csv
9,S9-RS-031,2,Geek Fam ID,pick,3,Uranus,https://liquipedia.net/mobilelegends/MPL/Indonesia/Season_9/Regular_Season | https://github.com/LiTianYeoh/MLBB_Tournament_Analysis/blob/94ea36800e80c9e89a2356a0b81d3eeafbd6a4f7/analysis/data/consolidated_game_data_20240505.csv
9,S9-RS-031,2,Geek Fam ID,pick,4,Balmond,https://liquipedia.net/mobilelegends/MPL/Indonesia/Season_9/Regular_Season | https://github.com/LiTianYeoh/MLBB_Tournament_Analysis/blob/94ea36800e80c9e89a2356a0b81d3eeafbd6a4f7/analysis/data/consolidated_game_data_20240505.csv
9,S9-RS-031,2,Geek Fam ID,pick,5,Brody,https://liquipedia.net/mobilelegends/MPL/Indonesia/Season_9/Regular_Season | https://github.com/LiTianYeoh/MLBB_Tournament_Analysis/blob/94ea36800e80c9e89a2356a0b81d3eeafbd6a4f7/analysis/data/consolidated_game_data_20240505.csv
9,S9-RS-031,2,Alter Ego,ban,1,Popol and Kupa,https://liquipedia.net/mobilelegends/MPL/Indonesia/Season_9/Regular_Season | https://github.com/LiTianYeoh/MLBB_Tournament_Analysis/blob/94ea36800e80c9e89a2356a0b81d3eeafbd6a4f7/analysis/data/consolidated_game_data_20240505.csv
9,S9-RS-031,2,Alter Ego,ban,2,Aulus,https://liquipedia.net/mobilelegends/MPL/Indonesia/Season_9/Regular_Season | https://github.com/LiTianYeoh/MLBB_Tournament_Analysis/blob/94ea36800e80c9e89a2356a0b81d3eeafbd6a4f7/analysis/data/consolidated_game_data_20240505.csv
9,S9-RS-031,2,Alter Ego,ban,3,Fanny,https://liquipedia.net/mobilelegends/MPL/Indonesia/Season_9/Regular_Season | https://github.com/LiTianYeoh/MLBB_Tournament_Analysis/blob/94ea36800e80c9e89a2356a0b81d3eeafbd6a4f7/analysis/data/consolidated_game_data_20240505.csv
9,S9-RS-031,2,Alter Ego,ban,4,Selena,https://liquipedia.net/mobilelegends/MPL/Indonesia/Season_9/Regular_Season | https://github.com/LiTianYeoh/MLBB_Tournament_Analysis/blob/94ea36800e80c9e89a2356a0b81d3eeafbd6a4f7/analysis/data/consolidated_game_data_20240505.csv
9,S9-RS-031,2,Alter Ego,ban,5,Valentina,https://liquipedia.net/mobilelegends/MPL/Indonesia/Season_9/Regular_Season | https://github.com/LiTianYeoh/MLBB_Tournament_Analysis/blob/94ea36800e80c9e89a2356a0b81d3eeafbd6a4f7/analysis/data/consolidated_game_data_20240505.csv
9,S9-RS-031,2,Alter Ego,pick,1,Clint,https://liquipedia.net/mobilelegends/MPL/Indonesia/Season_9/Regular_Season | https://github.com/LiTianYeoh/MLBB_Tournament_Analysis/blob/94ea36800e80c9e89a2356a0b81d3eeafbd6a4f7/analysis/data/consolidated_game_data_20240505.csv
9,S9-RS-031,2,Alter Ego,pick,2,Hayabusa,https://liquipedia.net/mobilelegends/MPL/Indonesia/Season_9/Regular_Season | https://github.com/LiTianYeoh/MLBB_Tournament_Analysis/blob/94ea36800e80c9e89a2356a0b81d3eeafbd6a4f7/analysis/data/consolidated_game_data_20240505.csv
9,S9-RS-031,2,Alter Ego,pick,3,Lylia,https://liquipedia.net/mobilelegends/MPL/Indonesia/Season_9/Regular_Season | https://github.com/LiTianYeoh/MLBB_Tournament_Analysis/blob/94ea36800e80c9e89a2356a0b81d3eeafbd6a4f7/analysis/data/consolidated_game_data_20240505.csv
9,S9-RS-031,2,Alter Ego,pick,4,Chou,https://liquipedia.net/mobilelegends/MPL/Indonesia/Season_9/Regular_Season | https://github.com/LiTianYeoh/MLBB_Tournament_Analysis/blob/94ea36800e80c9e89a2356a0b81d3eeafbd6a4f7/analysis/data/consolidated_game_data_20240505.csv
9,S9-RS-031,2,Alter Ego,pick,5,Esmeralda,https://liquipedia.net/mobilelegends/MPL/Indonesia/Season_9/Regular_Season | https://github.com/LiTianYeoh/MLBB_Tournament_Analysis/blob/94ea36800e80c9e89a2356a0b81d3eeafbd6a4f7/analysis/data/consolidated_game_data_20240505.csv
9,S9-RS-032,1,Bigetron Alpha,ban,1,Mathilda,https://liquipedia.net/mobilelegends/MPL/Indonesia/Season_9/Regular_Season | https://github.com/LiTianYeoh/MLBB_Tournament_Analysis/blob/94ea36800e80c9e89a2356a0b81d3eeafbd6a4f7/analysis/data/consolidated_game_data_20240505.csv
9,S9-RS-032,1,Bigetron Alpha,ban,2,Fanny,https://liquipedia.net/mobilelegends/MPL/Indonesia/Season_9/Regular_Season | https://github.com/LiTianYeoh/MLBB_Tournament_Analysis/blob/94ea36800e80c9e89a2356a0b81d3eeafbd6a4f7/analysis/data/consolidated_game_data_20240505.csv
9,S9-RS-032,1,Bigetron Alpha,ban,3,Yve,https://liquipedia.net/mobilelegends/MPL/Indonesia/Season_9/Regular_Season | https://github.com/LiTianYeoh/MLBB_Tournament_Analysis/blob/94ea36800e80c9e89a2356a0b81d3eeafbd6a4f7/analysis/data/consolidated_game_data_20240505.csv
9,S9-RS-032,1,Bigetron Alpha,ban,4,Kagura,https://liquipedia.net/mobilelegends/MPL/Indonesia/Season_9/Regular_Season | https://github.com/LiTianYeoh/MLBB_Tournament_Analysis/blob/94ea36800e80c9e89a2356a0b81d3eeafbd6a4f7/analysis/data/consolidated_game_data_20240505.csv
9,S9-RS-032,1,Bigetron Alpha,ban,5,Ruby,https://liquipedia.net/mobilelegends/MPL/Indonesia/Season_9/Regular_Season | https://github.com/LiTianYeoh/MLBB_Tournament_Analysis/blob/94ea36800e80c9e89a2356a0b81d3eeafbd6a4f7/analysis/data/consolidated_game_data_20240505.csv
9,S9-RS-032,1,Bigetron Alpha,pick,1,Helcurt,https://liquipedia.net/mobilelegends/MPL/Indonesia/Season_9/Regular_Season | https://github.com/LiTianYeoh/MLBB_Tournament_Analysis/blob/94ea36800e80c9e89a2356a0b81d3eeafbd6a4f7/analysis/data/consolidated_game_data_20240505.csv
9,S9-RS-032,1,Bigetron Alpha,pick,2,Selena,https://liquipedia.net/mobilelegends/MPL/Indonesia/Season_9/Regular_Season | https://github.com/LiTianYeoh/MLBB_Tournament_Analysis/blob/94ea36800e80c9e89a2356a0b81d3eeafbd6a4f7/analysis/data/consolidated_game_data_20240505.csv
9,S9-RS-032,1,Bigetron Alpha,pick,3,Yu Zhong,https://liquipedia.net/mobilelegends/MPL/Indonesia/Season_9/Regular_Season | https://github.com/LiTianYeoh/MLBB_Tournament_Analysis/blob/94ea36800e80c9e89a2356a0b81d3eeafbd6a4f7/analysis/data/consolidated_game_data_20240505.csv
9,S9-RS-032,1,Bigetron Alpha,pick,4,Cecilion,https://liquipedia.net/mobilelegends/MPL/Indonesia/Season_9/Regular_Season | https://github.com/LiTianYeoh/MLBB_Tournament_Analysis/blob/94ea36800e80c9e89a2356a0b81d3eeafbd6a4f7/analysis/data/consolidated_game_data_20240505.csv
9,S9-RS-032,1,Bigetron Alpha,pick,5,Minsitthar,https://liquipedia.net/mobilelegends/MPL/Indonesia/Season_9/Regular_Season | https://github.com/LiTianYeoh/MLBB_Tournament_Analysis/blob/94ea36800e80c9e89a2356a0b81d3eeafbd6a4f7/analysis/data/consolidated_game_data_20240505.csv
9,S9-RS-032,1,Rebellion Zion,ban,1,Mathilda,https://liquipedia.net/mobilelegends/MPL/Indonesia/Season_9/Regular_Season | https://github.com/LiTianYeoh/MLBB_Tournament_Analysis/blob/94ea36800e80c9e89a2356a0b81d3eeafbd6a4f7/analysis/data/consolidated_game_data_20240505.csv
9,S9-RS-032,1,Rebellion Zion,ban,2,Aulus,https://liquipedia.net/mobilelegends/MPL/Indonesia/Season_9/Regular_Season | https://github.com/LiTianYeoh/MLBB_Tournament_Analysis/blob/94ea36800e80c9e89a2356a0b81d3eeafbd6a4f7/analysis/data/consolidated_game_data_20240505.csv
9,S9-RS-032,1,Rebellion Zion,ban,3,Johnson,https://liquipedia.net/mobilelegends/MPL/Indonesia/Season_9/Regular_Season | https://github.com/LiTianYeoh/MLBB_Tournament_Analysis/blob/94ea36800e80c9e89a2356a0b81d3eeafbd6a4f7/analysis/data/consolidated_game_data_20240505.csv
9,S9-RS-032,1,Rebellion Zion,ban,4,Franco,https://liquipedia.net/mobilelegends/MPL/Indonesia/Season_9/Regular_Season | https://github.com/LiTianYeoh/MLBB_Tournament_Analysis/blob/94ea36800e80c9e89a2356a0b81d3eeafbd6a4f7/analysis/data/consolidated_game_data_20240505.csv
9,S9-RS-032,1,Rebellion Zion,ban,5,Valentina,https://liquipedia.net/mobilelegends/MPL/Indonesia/Season_9/Regular_Season | https://github.com/LiTianYeoh/MLBB_Tournament_Analysis/blob/94ea36800e80c9e89a2356a0b81d3eeafbd6a4f7/analysis/data/consolidated_game_data_20240505.csv
9,S9-RS-032,1,Rebellion Zion,pick,1,Lancelot,https://liquipedia.net/mobilelegends/MPL/Indonesia/Season_9/Regular_Season | https://github.com/LiTianYeoh/MLBB_Tournament_Analysis/blob/94ea36800e80c9e89a2356a0b81d3eeafbd6a4f7/analysis/data/consolidated_game_data_20240505.csv
9,S9-RS-032,1,Rebellion Zion,pick,2,Lunox,https://liquipedia.net/mobilelegends/MPL/Indonesia/Season_9/Regular_Season | https://github.com/LiTianYeoh/MLBB_Tournament_Analysis/blob/94ea36800e80c9e89a2356a0b81d3eeafbd6a4f7/analysis/data/consolidated_game_data_20240505.csv
9,S9-RS-032,1,Rebellion Zion,pick,3,Phoveus,https://liquipedia.net/mobilelegends/MPL/Indonesia/Season_9/Regular_Season | https://github.com/LiTianYeoh/MLBB_Tournament_Analysis/blob/94ea36800e80c9e89a2356a0b81d3eeafbd6a4f7/analysis/data/consolidated_game_data_20240505.csv
9,S9-RS-032,1,Rebellion Zion,pick,4,Aldous,https://liquipedia.net/mobilelegends/MPL/Indonesia/Season_9/Regular_Season | https://github.com/LiTianYeoh/MLBB_Tournament_Analysis/blob/94ea36800e80c9e89a2356a0b81d3eeafbd6a4f7/analysis/data/consolidated_game_data_20240505.csv
9,S9-RS-032,1,Rebellion Zion,pick,5,Chou,https://liquipedia.net/mobilelegends/MPL/Indonesia/Season_9/Regular_Season | https://github.com/LiTianYeoh/MLBB_Tournament_Analysis/blob/94ea36800e80c9e89a2356a0b81d3eeafbd6a4f7/analysis/data/consolidated_game_data_20240505.csv
9,S9-RS-032,2,Bigetron Alpha,ban,1,Valentina,https://liquipedia.net/mobilelegends/MPL/Indonesia/Season_9/Regular_Season | https://github.com/LiTianYeoh/MLBB_Tournament_Analysis/blob/94ea36800e80c9e89a2356a0b81d3eeafbd6a4f7/analysis/data/consolidated_game_data_20240505.csv
9,S9-RS-032,2,Bigetron Alpha,ban,2,Yve,https://liquipedia.net/mobilelegends/MPL/Indonesia/Season_9/Regular_Season | https://github.com/LiTianYeoh/MLBB_Tournament_Analysis/blob/94ea36800e80c9e89a2356a0b81d3eeafbd6a4f7/analysis/data/consolidated_game_data_20240505.csv
9,S9-RS-032,2,Bigetron Alpha,ban,3,Aulus,https://liquipedia.net/mobilelegends/MPL/Indonesia/Season_9/Regular_Season | https://github.com/LiTianYeoh/MLBB_Tournament_Analysis/blob/94ea36800e80c9e89a2356a0b81d3eeafbd6a4f7/analysis/data/consolidated_game_data_20240505.csv
9,S9-RS-032,2,Bigetron Alpha,ban,4,Yin,https://liquipedia.net/mobilelegends/MPL/Indonesia/Season_9/Regular_Season | https://github.com/LiTianYeoh/MLBB_Tournament_Analysis/blob/94ea36800e80c9e89a2356a0b81d3eeafbd6a4f7/analysis/data/consolidated_game_data_20240505.csv
9,S9-RS-032,2,Bigetron Alpha,ban,5,Paquito,https://liquipedia.net/mobilelegends/MPL/Indonesia/Season_9/Regular_Season | https://github.com/LiTianYeoh/MLBB_Tournament_Analysis/blob/94ea36800e80c9e89a2356a0b81d3eeafbd6a4f7/analysis/data/consolidated_game_data_20240505.csv
9,S9-RS-032,2,Bigetron Alpha,pick,1,Lylia,https://liquipedia.net/mobilelegends/MPL/Indonesia/Season_9/Regular_Season | https://github.com/LiTianYeoh/MLBB_Tournament_Analysis/blob/94ea36800e80c9e89a2356a0b81d3eeafbd6a4f7/analysis/data/consolidated_game_data_20240505.csv
9,S9-RS-032,2,Bigetron Alpha,pick,2,Dyrroth,https://liquipedia.net/mobilelegends/MPL/Indonesia/Season_9/Regular_Season | https://github.com/LiTianYeoh/MLBB_Tournament_Analysis/blob/94ea36800e80c9e89a2356a0b81d3eeafbd6a4f7/analysis/data/consolidated_game_data_20240505.csv
9,S9-RS-032,2,Bigetron Alpha,pick,3,Ling,https://liquipedia.net/mobilelegends/MPL/Indonesia/Season_9/Regular_Season | https://github.com/LiTianYeoh/MLBB_Tournament_Analysis/blob/94ea36800e80c9e89a2356a0b81d3eeafbd6a4f7/analysis/data/consolidated_game_data_20240505.csv
9,S9-RS-032,2,Bigetron Alpha,pick,4,Beatrix,https://liquipedia.net/mobilelegends/MPL/Indonesia/Season_9/Regular_Season | https://github.com/LiTianYeoh/MLBB_Tournament_Analysis/blob/94ea36800e80c9e89a2356a0b81d3eeafbd6a4f7/analysis/data/consolidated_game_data_20240505.csv
9,S9-RS-032,2,Bigetron Alpha,pick,5,Mathilda,https://liquipedia.net/mobilelegends/MPL/Indonesia/Season_9/Regular_Season | https://github.com/LiTianYeoh/MLBB_Tournament_Analysis/blob/94ea36800e80c9e89a2356a0b81d3eeafbd6a4f7/analysis/data/consolidated_game_data_20240505.csv
9,S9-RS-032,2,Rebellion Zion,ban,1,Rafaela,https://liquipedia.net/mobilelegends/MPL/Indonesia/Season_9/Regular_Season | https://github.com/LiTianYeoh/MLBB_Tournament_Analysis/blob/94ea36800e80c9e89a2356a0b81d3eeafbd6a4f7/analysis/data/consolidated_game_data_20240505.csv
9,S9-RS-032,2,Rebellion Zion,ban,2,Khufra,https://liquipedia.net/mobilelegends/MPL/Indonesia/Season_9/Regular_Season | https://github.com/LiTianYeoh/MLBB_Tournament_Analysis/blob/94ea36800e80c9e89a2356a0b81d3eeafbd6a4f7/analysis/data/consolidated_game_data_20240505.csv
9,S9-RS-032,2,Rebellion Zion,ban,3,Cecilion,https://liquipedia.net/mobilelegends/MPL/Indonesia/Season_9/Regular_Season | https://github.com/LiTianYeoh/MLBB_Tournament_Analysis/blob/94ea36800e80c9e89a2356a0b81d3eeafbd6a4f7/analysis/data/consolidated_game_data_20240505.csv
9,S9-RS-032,2,Rebellion Zion,ban,4,Johnson,https://liquipedia.net/mobilelegends/MPL/Indonesia/Season_9/Regular_Season | https://github.com/LiTianYeoh/MLBB_Tournament_Analysis/blob/94ea36800e80c9e89a2356a0b81d3eeafbd6a4f7/analysis/data/consolidated_game_data_20240505.csv
9,S9-RS-032,2,Rebellion Zion,ban,5,Franco,https://liquipedia.net/mobilelegends/MPL/Indonesia/Season_9/Regular_Season | https://github.com/LiTianYeoh/MLBB_Tournament_Analysis/blob/94ea36800e80c9e89a2356a0b81d3eeafbd6a4f7/analysis/data/consolidated_game_data_20240505.csv
9,S9-RS-032,2,Rebellion Zion,pick,1,Lancelot,https://liquipedia.net/mobilelegends/MPL/Indonesia/Season_9/Regular_Season | https://github.com/LiTianYeoh/MLBB_Tournament_Analysis/blob/94ea36800e80c9e89a2356a0b81d3eeafbd6a4f7/analysis/data/consolidated_game_data_20240505.csv
9,S9-RS-032,2,Rebellion Zion,pick,2,Natalia,https://liquipedia.net/mobilelegends/MPL/Indonesia/Season_9/Regular_Season | https://github.com/LiTianYeoh/MLBB_Tournament_Analysis/blob/94ea36800e80c9e89a2356a0b81d3eeafbd6a4f7/analysis/data/consolidated_game_data_20240505.csv
9,S9-RS-032,2,Rebellion Zion,pick,3,Kagura,https://liquipedia.net/mobilelegends/MPL/Indonesia/Season_9/Regular_Season | https://github.com/LiTianYeoh/MLBB_Tournament_Analysis/blob/94ea36800e80c9e89a2356a0b81d3eeafbd6a4f7/analysis/data/consolidated_game_data_20240505.csv
9,S9-RS-032,2,Rebellion Zion,pick,4,Brody,https://liquipedia.net/mobilelegends/MPL/Indonesia/Season_9/Regular_Season | https://github.com/LiTianYeoh/MLBB_Tournament_Analysis/blob/94ea36800e80c9e89a2356a0b81d3eeafbd6a4f7/analysis/data/consolidated_game_data_20240505.csv
9,S9-RS-032,2,Rebellion Zion,pick,5,Esmeralda,https://liquipedia.net/mobilelegends/MPL/Indonesia/Season_9/Regular_Season | https://github.com/LiTianYeoh/MLBB_Tournament_Analysis/blob/94ea36800e80c9e89a2356a0b81d3eeafbd6a4f7/analysis/data/consolidated_game_data_20240505.csv
9,S9-RS-033,1,RRQ Hoshi,ban,1,Chou,https://liquipedia.net/mobilelegends/MPL/Indonesia/Season_9/Regular_Season | https://github.com/LiTianYeoh/MLBB_Tournament_Analysis/blob/94ea36800e80c9e89a2356a0b81d3eeafbd6a4f7/analysis/data/consolidated_game_data_20240505.csv
9,S9-RS-033,1,RRQ Hoshi,ban,2,Selena,https://liquipedia.net/mobilelegends/MPL/Indonesia/Season_9/Regular_Season | https://github.com/LiTianYeoh/MLBB_Tournament_Analysis/blob/94ea36800e80c9e89a2356a0b81d3eeafbd6a4f7/analysis/data/consolidated_game_data_20240505.csv
9,S9-RS-033,1,RRQ Hoshi,ban,3,Fanny,https://liquipedia.net/mobilelegends/MPL/Indonesia/Season_9/Regular_Season | https://github.com/LiTianYeoh/MLBB_Tournament_Analysis/blob/94ea36800e80c9e89a2356a0b81d3eeafbd6a4f7/analysis/data/consolidated_game_data_20240505.csv
9,S9-RS-033,1,RRQ Hoshi,ban,4,Aulus,https://liquipedia.net/mobilelegends/MPL/Indonesia/Season_9/Regular_Season | https://github.com/LiTianYeoh/MLBB_Tournament_Analysis/blob/94ea36800e80c9e89a2356a0b81d3eeafbd6a4f7/analysis/data/consolidated_game_data_20240505.csv
9,S9-RS-033,1,RRQ Hoshi,ban,5,Popol and Kupa,https://liquipedia.net/mobilelegends/MPL/Indonesia/Season_9/Regular_Season | https://github.com/LiTianYeoh/MLBB_Tournament_Analysis/blob/94ea36800e80c9e89a2356a0b81d3eeafbd6a4f7/analysis/data/consolidated_game_data_20240505.csv
9,S9-RS-033,1,RRQ Hoshi,pick,1,Pharsa,https://liquipedia.net/mobilelegends/MPL/Indonesia/Season_9/Regular_Season | https://github.com/LiTianYeoh/MLBB_Tournament_Analysis/blob/94ea36800e80c9e89a2356a0b81d3eeafbd6a4f7/analysis/data/consolidated_game_data_20240505.csv
9,S9-RS-033,1,RRQ Hoshi,pick,2,Hayabusa,https://liquipedia.net/mobilelegends/MPL/Indonesia/Season_9/Regular_Season | https://github.com/LiTianYeoh/MLBB_Tournament_Analysis/blob/94ea36800e80c9e89a2356a0b81d3eeafbd6a4f7/analysis/data/consolidated_game_data_20240505.csv
9,S9-RS-033,1,RRQ Hoshi,pick,3,Franco,https://liquipedia.net/mobilelegends/MPL/Indonesia/Season_9/Regular_Season | https://github.com/LiTianYeoh/MLBB_Tournament_Analysis/blob/94ea36800e80c9e89a2356a0b81d3eeafbd6a4f7/analysis/data/consolidated_game_data_20240505.csv
9,S9-RS-033,1,RRQ Hoshi,pick,4,Yu Zhong,https://liquipedia.net/mobilelegends/MPL/Indonesia/Season_9/Regular_Season | https://github.com/LiTianYeoh/MLBB_Tournament_Analysis/blob/94ea36800e80c9e89a2356a0b81d3eeafbd6a4f7/analysis/data/consolidated_game_data_20240505.csv
9,S9-RS-033,1,RRQ Hoshi,pick,5,Beatrix,https://liquipedia.net/mobilelegends/MPL/Indonesia/Season_9/Regular_Season | https://github.com/LiTianYeoh/MLBB_Tournament_Analysis/blob/94ea36800e80c9e89a2356a0b81d3eeafbd6a4f7/analysis/data/consolidated_game_data_20240505.csv
9,S9-RS-033,1,ONIC Esports,ban,1,Cecilion,https://liquipedia.net/mobilelegends/MPL/Indonesia/Season_9/Regular_Season | https://github.com/LiTianYeoh/MLBB_Tournament_Analysis/blob/94ea36800e80c9e89a2356a0b81d3eeafbd6a4f7/analysis/data/consolidated_game_data_20240505.csv
9,S9-RS-033,1,ONIC Esports,ban,2,Lylia,https://liquipedia.net/mobilelegends/MPL/Indonesia/Season_9/Regular_Season | https://github.com/LiTianYeoh/MLBB_Tournament_Analysis/blob/94ea36800e80c9e89a2356a0b81d3eeafbd6a4f7/analysis/data/consolidated_game_data_20240505.csv
9,S9-RS-033,1,ONIC Esports,ban,3,Ling,https://liquipedia.net/mobilelegends/MPL/Indonesia/Season_9/Regular_Season | https://github.com/LiTianYeoh/MLBB_Tournament_Analysis/blob/94ea36800e80c9e89a2356a0b81d3eeafbd6a4f7/analysis/data/consolidated_game_data_20240505.csv
9,S9-RS-033,1,ONIC Esports,ban,4,Lancelot,https://liquipedia.net/mobilelegends/MPL/Indonesia/Season_9/Regular_Season | https://github.com/LiTianYeoh/MLBB_Tournament_Analysis/blob/94ea36800e80c9e89a2356a0b81d3eeafbd6a4f7/analysis/data/consolidated_game_data_20240505.csv
9,S9-RS-033,1,ONIC Esports,ban,5,Valentina,https://liquipedia.net/mobilelegends/MPL/Indonesia/Season_9/Regular_Season | https://github.com/LiTianYeoh/MLBB_Tournament_Analysis/blob/94ea36800e80c9e89a2356a0b81d3eeafbd6a4f7/analysis/data/consolidated_game_data_20240505.csv
9,S9-RS-033,1,ONIC Esports,pick,1,Barats,https://liquipedia.net/mobilelegends/MPL/Indonesia/Season_9/Regular_Season | https://github.com/LiTianYeoh/MLBB_Tournament_Analysis/blob/94ea36800e80c9e89a2356a0b81d3eeafbd6a4f7/analysis/data/consolidated_game_data_20240505.csv
9,S9-RS-033,1,ONIC Esports,pick,2,Yve,https://liquipedia.net/mobilelegends/MPL/Indonesia/Season_9/Regular_Season | https://github.com/LiTianYeoh/MLBB_Tournament_Analysis/blob/94ea36800e80c9e89a2356a0b81d3eeafbd6a4f7/analysis/data/consolidated_game_data_20240505.csv
9,S9-RS-033,1,ONIC Esports,pick,3,Mathilda,https://liquipedia.net/mobilelegends/MPL/Indonesia/Season_9/Regular_Season | https://github.com/LiTianYeoh/MLBB_Tournament_Analysis/blob/94ea36800e80c9e89a2356a0b81d3eeafbd6a4f7/analysis/data/consolidated_game_data_20240505.csv
9,S9-RS-033,1,ONIC Esports,pick,4,Wanwan,https://liquipedia.net/mobilelegends/MPL/Indonesia/Season_9/Regular_Season | https://github.com/LiTianYeoh/MLBB_Tournament_Analysis/blob/94ea36800e80c9e89a2356a0b81d3eeafbd6a4f7/analysis/data/consolidated_game_data_20240505.csv
9,S9-RS-033,1,ONIC Esports,pick,5,Esmeralda,https://liquipedia.net/mobilelegends/MPL/Indonesia/Season_9/Regular_Season | https://github.com/LiTianYeoh/MLBB_Tournament_Analysis/blob/94ea36800e80c9e89a2356a0b81d3eeafbd6a4f7/analysis/data/consolidated_game_data_20240505.csv
9,S9-RS-033,2,RRQ Hoshi,ban,1,Valentina,https://liquipedia.net/mobilelegends/MPL/Indonesia/Season_9/Regular_Season | https://github.com/LiTianYeoh/MLBB_Tournament_Analysis/blob/94ea36800e80c9e89a2356a0b81d3eeafbd6a4f7/analysis/data/consolidated_game_data_20240505.csv
9,S9-RS-033,2,RRQ Hoshi,ban,2,Fanny,https://liquipedia.net/mobilelegends/MPL/Indonesia/Season_9/Regular_Season | https://github.com/LiTianYeoh/MLBB_Tournament_Analysis/blob/94ea36800e80c9e89a2356a0b81d3eeafbd6a4f7/analysis/data/consolidated_game_data_20240505.csv
9,S9-RS-033,2,RRQ Hoshi,ban,3,Franco,https://liquipedia.net/mobilelegends/MPL/Indonesia/Season_9/Regular_Season | https://github.com/LiTianYeoh/MLBB_Tournament_Analysis/blob/94ea36800e80c9e89a2356a0b81d3eeafbd6a4f7/analysis/data/consolidated_game_data_20240505.csv
9,S9-RS-033,2,RRQ Hoshi,ban,4,Kimmy,https://liquipedia.net/mobilelegends/MPL/Indonesia/Season_9/Regular_Season | https://github.com/LiTianYeoh/MLBB_Tournament_Analysis/blob/94ea36800e80c9e89a2356a0b81d3eeafbd6a4f7/analysis/data/consolidated_game_data_20240505.csv
9,S9-RS-033,2,RRQ Hoshi,ban,5,Yi Sun-Shin,https://liquipedia.net/mobilelegends/MPL/Indonesia/Season_9/Regular_Season | https://github.com/LiTianYeoh/MLBB_Tournament_Analysis/blob/94ea36800e80c9e89a2356a0b81d3eeafbd6a4f7/analysis/data/consolidated_game_data_20240505.csv
9,S9-RS-033,2,RRQ Hoshi,pick,1,Yve,https://liquipedia.net/mobilelegends/MPL/Indonesia/Season_9/Regular_Season | https://github.com/LiTianYeoh/MLBB_Tournament_Analysis/blob/94ea36800e80c9e89a2356a0b81d3eeafbd6a4f7/analysis/data/consolidated_game_data_20240505.csv
9,S9-RS-033,2,RRQ Hoshi,pick,2,Aulus,https://liquipedia.net/mobilelegends/MPL/Indonesia/Season_9/Regular_Season | https://github.com/LiTianYeoh/MLBB_Tournament_Analysis/blob/94ea36800e80c9e89a2356a0b81d3eeafbd6a4f7/analysis/data/consolidated_game_data_20240505.csv
9,S9-RS-033,2,RRQ Hoshi,pick,3,Ruby,https://liquipedia.net/mobilelegends/MPL/Indonesia/Season_9/Regular_Season | https://github.com/LiTianYeoh/MLBB_Tournament_Analysis/blob/94ea36800e80c9e89a2356a0b81d3eeafbd6a4f7/analysis/data/consolidated_game_data_20240505.csv
9,S9-RS-033,2,RRQ Hoshi,pick,4,Esmeralda,https://liquipedia.net/mobilelegends/MPL/Indonesia/Season_9/Regular_Season | https://github.com/LiTianYeoh/MLBB_Tournament_Analysis/blob/94ea36800e80c9e89a2356a0b81d3eeafbd6a4f7/analysis/data/consolidated_game_data_20240505.csv
9,S9-RS-033,2,RRQ Hoshi,pick,5,Beatrix,https://liquipedia.net/mobilelegends/MPL/Indonesia/Season_9/Regular_Season | https://github.com/LiTianYeoh/MLBB_Tournament_Analysis/blob/94ea36800e80c9e89a2356a0b81d3eeafbd6a4f7/analysis/data/consolidated_game_data_20240505.csv
9,S9-RS-033,2,ONIC Esports,ban,1,Grock,https://liquipedia.net/mobilelegends/MPL/Indonesia/Season_9/Regular_Season | https://github.com/LiTianYeoh/MLBB_Tournament_Analysis/blob/94ea36800e80c9e89a2356a0b81d3eeafbd6a4f7/analysis/data/consolidated_game_data_20240505.csv
9,S9-RS-033,2,ONIC Esports,ban,2,Diggie,https://liquipedia.net/mobilelegends/MPL/Indonesia/Season_9/Regular_Season | https://github.com/LiTianYeoh/MLBB_Tournament_Analysis/blob/94ea36800e80c9e89a2356a0b81d3eeafbd6a4f7/analysis/data/consolidated_game_data_20240505.csv
9,S9-RS-033,2,ONIC Esports,ban,3,Lancelot,https://liquipedia.net/mobilelegends/MPL/Indonesia/Season_9/Regular_Season | https://github.com/LiTianYeoh/MLBB_Tournament_Analysis/blob/94ea36800e80c9e89a2356a0b81d3eeafbd6a4f7/analysis/data/consolidated_game_data_20240505.csv
9,S9-RS-033,2,ONIC Esports,ban,4,Ling,https://liquipedia.net/mobilelegends/MPL/Indonesia/Season_9/Regular_Season | https://github.com/LiTianYeoh/MLBB_Tournament_Analysis/blob/94ea36800e80c9e89a2356a0b81d3eeafbd6a4f7/analysis/data/consolidated_game_data_20240505.csv
9,S9-RS-033,2,ONIC Esports,ban,5,Hayabusa,https://liquipedia.net/mobilelegends/MPL/Indonesia/Season_9/Regular_Season | https://github.com/LiTianYeoh/MLBB_Tournament_Analysis/blob/94ea36800e80c9e89a2356a0b81d3eeafbd6a4f7/analysis/data/consolidated_game_data_20240505.csv
9,S9-RS-033,2,ONIC Esports,pick,1,Johnson,https://liquipedia.net/mobilelegends/MPL/Indonesia/Season_9/Regular_Season | https://github.com/LiTianYeoh/MLBB_Tournament_Analysis/blob/94ea36800e80c9e89a2356a0b81d3eeafbd6a4f7/analysis/data/consolidated_game_data_20240505.csv
9,S9-RS-033,2,ONIC Esports,pick,2,Paquito,https://liquipedia.net/mobilelegends/MPL/Indonesia/Season_9/Regular_Season | https://github.com/LiTianYeoh/MLBB_Tournament_Analysis/blob/94ea36800e80c9e89a2356a0b81d3eeafbd6a4f7/analysis/data/consolidated_game_data_20240505.csv
9,S9-RS-033,2,ONIC Esports,pick,3,Kadita,https://liquipedia.net/mobilelegends/MPL/Indonesia/Season_9/Regular_Season | https://github.com/LiTianYeoh/MLBB_Tournament_Analysis/blob/94ea36800e80c9e89a2356a0b81d3eeafbd6a4f7/analysis/data/consolidated_game_data_20240505.csv
9,S9-RS-033,2,ONIC Esports,pick,4,Wanwan,https://liquipedia.net/mobilelegends/MPL/Indonesia/Season_9/Regular_Season | https://github.com/LiTianYeoh/MLBB_Tournament_Analysis/blob/94ea36800e80c9e89a2356a0b81d3eeafbd6a4f7/analysis/data/consolidated_game_data_20240505.csv
9,S9-RS-033,2,ONIC Esports,pick,5,Chou,https://liquipedia.net/mobilelegends/MPL/Indonesia/Season_9/Regular_Season | https://github.com/LiTianYeoh/MLBB_Tournament_Analysis/blob/94ea36800e80c9e89a2356a0b81d3eeafbd6a4f7/analysis/data/consolidated_game_data_20240505.csv
9,S9-RS-034,1,Rebellion Zion,ban,1,Phoveus,https://liquipedia.net/mobilelegends/MPL/Indonesia/Season_9/Regular_Season | https://github.com/LiTianYeoh/MLBB_Tournament_Analysis/blob/94ea36800e80c9e89a2356a0b81d3eeafbd6a4f7/analysis/data/consolidated_game_data_20240505.csv
9,S9-RS-034,1,Rebellion Zion,ban,2,Lancelot,https://liquipedia.net/mobilelegends/MPL/Indonesia/Season_9/Regular_Season | https://github.com/LiTianYeoh/MLBB_Tournament_Analysis/blob/94ea36800e80c9e89a2356a0b81d3eeafbd6a4f7/analysis/data/consolidated_game_data_20240505.csv
9,S9-RS-034,1,Rebellion Zion,ban,3,Chou,https://liquipedia.net/mobilelegends/MPL/Indonesia/Season_9/Regular_Season | https://github.com/LiTianYeoh/MLBB_Tournament_Analysis/blob/94ea36800e80c9e89a2356a0b81d3eeafbd6a4f7/analysis/data/consolidated_game_data_20240505.csv
9,S9-RS-034,1,Rebellion Zion,ban,4,Kimmy,https://liquipedia.net/mobilelegends/MPL/Indonesia/Season_9/Regular_Season | https://github.com/LiTianYeoh/MLBB_Tournament_Analysis/blob/94ea36800e80c9e89a2356a0b81d3eeafbd6a4f7/analysis/data/consolidated_game_data_20240505.csv
9,S9-RS-034,1,Rebellion Zion,ban,5,Beatrix,https://liquipedia.net/mobilelegends/MPL/Indonesia/Season_9/Regular_Season | https://github.com/LiTianYeoh/MLBB_Tournament_Analysis/blob/94ea36800e80c9e89a2356a0b81d3eeafbd6a4f7/analysis/data/consolidated_game_data_20240505.csv
9,S9-RS-034,1,Rebellion Zion,pick,1,Cecilion,https://liquipedia.net/mobilelegends/MPL/Indonesia/Season_9/Regular_Season | https://github.com/LiTianYeoh/MLBB_Tournament_Analysis/blob/94ea36800e80c9e89a2356a0b81d3eeafbd6a4f7/analysis/data/consolidated_game_data_20240505.csv
9,S9-RS-034,1,Rebellion Zion,pick,2,Khaleed,https://liquipedia.net/mobilelegends/MPL/Indonesia/Season_9/Regular_Season | https://github.com/LiTianYeoh/MLBB_Tournament_Analysis/blob/94ea36800e80c9e89a2356a0b81d3eeafbd6a4f7/analysis/data/consolidated_game_data_20240505.csv
9,S9-RS-034,1,Rebellion Zion,pick,3,Yin,https://liquipedia.net/mobilelegends/MPL/Indonesia/Season_9/Regular_Season | https://github.com/LiTianYeoh/MLBB_Tournament_Analysis/blob/94ea36800e80c9e89a2356a0b81d3eeafbd6a4f7/analysis/data/consolidated_game_data_20240505.csv
9,S9-RS-034,1,Rebellion Zion,pick,4,Clint,https://liquipedia.net/mobilelegends/MPL/Indonesia/Season_9/Regular_Season | https://github.com/LiTianYeoh/MLBB_Tournament_Analysis/blob/94ea36800e80c9e89a2356a0b81d3eeafbd6a4f7/analysis/data/consolidated_game_data_20240505.csv
9,S9-RS-034,1,Rebellion Zion,pick,5,Mathilda,https://liquipedia.net/mobilelegends/MPL/Indonesia/Season_9/Regular_Season | https://github.com/LiTianYeoh/MLBB_Tournament_Analysis/blob/94ea36800e80c9e89a2356a0b81d3eeafbd6a4f7/analysis/data/consolidated_game_data_20240505.csv
9,S9-RS-034,1,Alter Ego,ban,1,Brody,https://liquipedia.net/mobilelegends/MPL/Indonesia/Season_9/Regular_Season | https://github.com/LiTianYeoh/MLBB_Tournament_Analysis/blob/94ea36800e80c9e89a2356a0b81d3eeafbd6a4f7/analysis/data/consolidated_game_data_20240505.csv
9,S9-RS-034,1,Alter Ego,ban,2,Paquito,https://liquipedia.net/mobilelegends/MPL/Indonesia/Season_9/Regular_Season | https://github.com/LiTianYeoh/MLBB_Tournament_Analysis/blob/94ea36800e80c9e89a2356a0b81d3eeafbd6a4f7/analysis/data/consolidated_game_data_20240505.csv
9,S9-RS-034,1,Alter Ego,ban,3,Aulus,https://liquipedia.net/mobilelegends/MPL/Indonesia/Season_9/Regular_Season | https://github.com/LiTianYeoh/MLBB_Tournament_Analysis/blob/94ea36800e80c9e89a2356a0b81d3eeafbd6a4f7/analysis/data/consolidated_game_data_20240505.csv
9,S9-RS-034,1,Alter Ego,ban,4,Yve,https://liquipedia.net/mobilelegends/MPL/Indonesia/Season_9/Regular_Season | https://github.com/LiTianYeoh/MLBB_Tournament_Analysis/blob/94ea36800e80c9e89a2356a0b81d3eeafbd6a4f7/analysis/data/consolidated_game_data_20240505.csv
9,S9-RS-034,1,Alter Ego,ban,5,Valentina,https://liquipedia.net/mobilelegends/MPL/Indonesia/Season_9/Regular_Season | https://github.com/LiTianYeoh/MLBB_Tournament_Analysis/blob/94ea36800e80c9e89a2356a0b81d3eeafbd6a4f7/analysis/data/consolidated_game_data_20240505.csv
9,S9-RS-034,1,Alter Ego,pick,1,Kagura,https://liquipedia.net/mobilelegends/MPL/Indonesia/Season_9/Regular_Season | https://github.com/LiTianYeoh/MLBB_Tournament_Analysis/blob/94ea36800e80c9e89a2356a0b81d3eeafbd6a4f7/analysis/data/consolidated_game_data_20240505.csv
9,S9-RS-034,1,Alter Ego,pick,2,Popol and Kupa,https://liquipedia.net/mobilelegends/MPL/Indonesia/Season_9/Regular_Season | https://github.com/LiTianYeoh/MLBB_Tournament_Analysis/blob/94ea36800e80c9e89a2356a0b81d3eeafbd6a4f7/analysis/data/consolidated_game_data_20240505.csv
9,S9-RS-034,1,Alter Ego,pick,3,Ling,https://liquipedia.net/mobilelegends/MPL/Indonesia/Season_9/Regular_Season | https://github.com/LiTianYeoh/MLBB_Tournament_Analysis/blob/94ea36800e80c9e89a2356a0b81d3eeafbd6a4f7/analysis/data/consolidated_game_data_20240505.csv
9,S9-RS-034,1,Alter Ego,pick,4,Esmeralda,https://liquipedia.net/mobilelegends/MPL/Indonesia/Season_9/Regular_Season | https://github.com/LiTianYeoh/MLBB_Tournament_Analysis/blob/94ea36800e80c9e89a2356a0b81d3eeafbd6a4f7/analysis/data/consolidated_game_data_20240505.csv
9,S9-RS-034,1,Alter Ego,pick,5,Franco,https://liquipedia.net/mobilelegends/MPL/Indonesia/Season_9/Regular_Season | https://github.com/LiTianYeoh/MLBB_Tournament_Analysis/blob/94ea36800e80c9e89a2356a0b81d3eeafbd6a4f7/analysis/data/consolidated_game_data_20240505.csv
9,S9-RS-034,2,Rebellion Zion,ban,1,Cecilion,https://liquipedia.net/mobilelegends/MPL/Indonesia/Season_9/Regular_Season | https://github.com/LiTianYeoh/MLBB_Tournament_Analysis/blob/94ea36800e80c9e89a2356a0b81d3eeafbd6a4f7/analysis/data/consolidated_game_data_20240505.csv
9,S9-RS-034,2,Rebellion Zion,ban,2,Mathilda,https://liquipedia.net/mobilelegends/MPL/Indonesia/Season_9/Regular_Season | https://github.com/LiTianYeoh/MLBB_Tournament_Analysis/blob/94ea36800e80c9e89a2356a0b81d3eeafbd6a4f7/analysis/data/consolidated_game_data_20240505.csv
9,S9-RS-034,2,Rebellion Zion,ban,3,Yin,https://liquipedia.net/mobilelegends/MPL/Indonesia/Season_9/Regular_Season | https://github.com/LiTianYeoh/MLBB_Tournament_Analysis/blob/94ea36800e80c9e89a2356a0b81d3eeafbd6a4f7/analysis/data/consolidated_game_data_20240505.csv
9,S9-RS-034,2,Rebellion Zion,ban,4,Natalia,https://liquipedia.net/mobilelegends/MPL/Indonesia/Season_9/Regular_Season | https://github.com/LiTianYeoh/MLBB_Tournament_Analysis/blob/94ea36800e80c9e89a2356a0b81d3eeafbd6a4f7/analysis/data/consolidated_game_data_20240505.csv
9,S9-RS-034,2,Rebellion Zion,ban,5,Ruby,https://liquipedia.net/mobilelegends/MPL/Indonesia/Season_9/Regular_Season | https://github.com/LiTianYeoh/MLBB_Tournament_Analysis/blob/94ea36800e80c9e89a2356a0b81d3eeafbd6a4f7/analysis/data/consolidated_game_data_20240505.csv
9,S9-RS-034,2,Rebellion Zion,pick,1,Khaleed,https://liquipedia.net/mobilelegends/MPL/Indonesia/Season_9/Regular_Season | https://github.com/LiTianYeoh/MLBB_Tournament_Analysis/blob/94ea36800e80c9e89a2356a0b81d3eeafbd6a4f7/analysis/data/consolidated_game_data_20240505.csv
9,S9-RS-034,2,Rebellion Zion,pick,2,Kagura,https://liquipedia.net/mobilelegends/MPL/Indonesia/Season_9/Regular_Season | https://github.com/LiTianYeoh/MLBB_Tournament_Analysis/blob/94ea36800e80c9e89a2356a0b81d3eeafbd6a4f7/analysis/data/consolidated_game_data_20240505.csv
9,S9-RS-034,2,Rebellion Zion,pick,3,Paquito,https://liquipedia.net/mobilelegends/MPL/Indonesia/Season_9/Regular_Season | https://github.com/LiTianYeoh/MLBB_Tournament_Analysis/blob/94ea36800e80c9e89a2356a0b81d3eeafbd6a4f7/analysis/data/consolidated_game_data_20240505.csv
9,S9-RS-034,2,Rebellion Zion,pick,4,Brody,https://liquipedia.net/mobilelegends/MPL/Indonesia/Season_9/Regular_Season | https://github.com/LiTianYeoh/MLBB_Tournament_Analysis/blob/94ea36800e80c9e89a2356a0b81d3eeafbd6a4f7/analysis/data/consolidated_game_data_20240505.csv
9,S9-RS-034,2,Rebellion Zion,pick,5,Martis,https://liquipedia.net/mobilelegends/MPL/Indonesia/Season_9/Regular_Season | https://github.com/LiTianYeoh/MLBB_Tournament_Analysis/blob/94ea36800e80c9e89a2356a0b81d3eeafbd6a4f7/analysis/data/consolidated_game_data_20240505.csv
9,S9-RS-034,2,Alter Ego,ban,1,Fanny,https://liquipedia.net/mobilelegends/MPL/Indonesia/Season_9/Regular_Season | https://github.com/LiTianYeoh/MLBB_Tournament_Analysis/blob/94ea36800e80c9e89a2356a0b81d3eeafbd6a4f7/analysis/data/consolidated_game_data_20240505.csv
9,S9-RS-034,2,Alter Ego,ban,2,Ling,https://liquipedia.net/mobilelegends/MPL/Indonesia/Season_9/Regular_Season | https://github.com/LiTianYeoh/MLBB_Tournament_Analysis/blob/94ea36800e80c9e89a2356a0b81d3eeafbd6a4f7/analysis/data/consolidated_game_data_20240505.csv
9,S9-RS-034,2,Alter Ego,ban,3,Aulus,https://liquipedia.net/mobilelegends/MPL/Indonesia/Season_9/Regular_Season | https://github.com/LiTianYeoh/MLBB_Tournament_Analysis/blob/94ea36800e80c9e89a2356a0b81d3eeafbd6a4f7/analysis/data/consolidated_game_data_20240505.csv
9,S9-RS-034,2,Alter Ego,ban,4,Valentina,https://liquipedia.net/mobilelegends/MPL/Indonesia/Season_9/Regular_Season | https://github.com/LiTianYeoh/MLBB_Tournament_Analysis/blob/94ea36800e80c9e89a2356a0b81d3eeafbd6a4f7/analysis/data/consolidated_game_data_20240505.csv
9,S9-RS-034,2,Alter Ego,ban,5,Yve,https://liquipedia.net/mobilelegends/MPL/Indonesia/Season_9/Regular_Season | https://github.com/LiTianYeoh/MLBB_Tournament_Analysis/blob/94ea36800e80c9e89a2356a0b81d3eeafbd6a4f7/analysis/data/consolidated_game_data_20240505.csv
9,S9-RS-034,2,Alter Ego,pick,1,Phoveus,https://liquipedia.net/mobilelegends/MPL/Indonesia/Season_9/Regular_Season | https://github.com/LiTianYeoh/MLBB_Tournament_Analysis/blob/94ea36800e80c9e89a2356a0b81d3eeafbd6a4f7/analysis/data/consolidated_game_data_20240505.csv
9,S9-RS-034,2,Alter Ego,pick,2,Lancelot,https://liquipedia.net/mobilelegends/MPL/Indonesia/Season_9/Regular_Season | https://github.com/LiTianYeoh/MLBB_Tournament_Analysis/blob/94ea36800e80c9e89a2356a0b81d3eeafbd6a4f7/analysis/data/consolidated_game_data_20240505.csv
9,S9-RS-034,2,Alter Ego,pick,3,Beatrix,https://liquipedia.net/mobilelegends/MPL/Indonesia/Season_9/Regular_Season | https://github.com/LiTianYeoh/MLBB_Tournament_Analysis/blob/94ea36800e80c9e89a2356a0b81d3eeafbd6a4f7/analysis/data/consolidated_game_data_20240505.csv
9,S9-RS-034,2,Alter Ego,pick,4,Chou,https://liquipedia.net/mobilelegends/MPL/Indonesia/Season_9/Regular_Season | https://github.com/LiTianYeoh/MLBB_Tournament_Analysis/blob/94ea36800e80c9e89a2356a0b81d3eeafbd6a4f7/analysis/data/consolidated_game_data_20240505.csv
9,S9-RS-034,2,Alter Ego,pick,5,Esmeralda,https://liquipedia.net/mobilelegends/MPL/Indonesia/Season_9/Regular_Season | https://github.com/LiTianYeoh/MLBB_Tournament_Analysis/blob/94ea36800e80c9e89a2356a0b81d3eeafbd6a4f7/analysis/data/consolidated_game_data_20240505.csv
9,S9-RS-034,3,Rebellion Zion,ban,1,Phoveus,https://liquipedia.net/mobilelegends/MPL/Indonesia/Season_9/Regular_Season | https://github.com/LiTianYeoh/MLBB_Tournament_Analysis/blob/94ea36800e80c9e89a2356a0b81d3eeafbd6a4f7/analysis/data/consolidated_game_data_20240505.csv
9,S9-RS-034,3,Rebellion Zion,ban,2,Lancelot,https://liquipedia.net/mobilelegends/MPL/Indonesia/Season_9/Regular_Season | https://github.com/LiTianYeoh/MLBB_Tournament_Analysis/blob/94ea36800e80c9e89a2356a0b81d3eeafbd6a4f7/analysis/data/consolidated_game_data_20240505.csv
9,S9-RS-034,3,Rebellion Zion,ban,3,Esmeralda,https://liquipedia.net/mobilelegends/MPL/Indonesia/Season_9/Regular_Season | https://github.com/LiTianYeoh/MLBB_Tournament_Analysis/blob/94ea36800e80c9e89a2356a0b81d3eeafbd6a4f7/analysis/data/consolidated_game_data_20240505.csv
9,S9-RS-034,3,Rebellion Zion,ban,4,Yin,https://liquipedia.net/mobilelegends/MPL/Indonesia/Season_9/Regular_Season | https://github.com/LiTianYeoh/MLBB_Tournament_Analysis/blob/94ea36800e80c9e89a2356a0b81d3eeafbd6a4f7/analysis/data/consolidated_game_data_20240505.csv
9,S9-RS-034,3,Rebellion Zion,ban,5,Kimmy,https://liquipedia.net/mobilelegends/MPL/Indonesia/Season_9/Regular_Season | https://github.com/LiTianYeoh/MLBB_Tournament_Analysis/blob/94ea36800e80c9e89a2356a0b81d3eeafbd6a4f7/analysis/data/consolidated_game_data_20240505.csv
9,S9-RS-034,3,Rebellion Zion,pick,1,Aulus,https://liquipedia.net/mobilelegends/MPL/Indonesia/Season_9/Regular_Season | https://github.com/LiTianYeoh/MLBB_Tournament_Analysis/blob/94ea36800e80c9e89a2356a0b81d3eeafbd6a4f7/analysis/data/consolidated_game_data_20240505.csv
9,S9-RS-034,3,Rebellion Zion,pick,2,Mathilda,https://liquipedia.net/mobilelegends/MPL/Indonesia/Season_9/Regular_Season | https://github.com/LiTianYeoh/MLBB_Tournament_Analysis/blob/94ea36800e80c9e89a2356a0b81d3eeafbd6a4f7/analysis/data/consolidated_game_data_20240505.csv
9,S9-RS-034,3,Rebellion Zion,pick,3,Kagura,https://liquipedia.net/mobilelegends/MPL/Indonesia/Season_9/Regular_Season | https://github.com/LiTianYeoh/MLBB_Tournament_Analysis/blob/94ea36800e80c9e89a2356a0b81d3eeafbd6a4f7/analysis/data/consolidated_game_data_20240505.csv
9,S9-RS-034,3,Rebellion Zion,pick,4,Ruby,https://liquipedia.net/mobilelegends/MPL/Indonesia/Season_9/Regular_Season | https://github.com/LiTianYeoh/MLBB_Tournament_Analysis/blob/94ea36800e80c9e89a2356a0b81d3eeafbd6a4f7/analysis/data/consolidated_game_data_20240505.csv
9,S9-RS-034,3,Rebellion Zion,pick,5,Barats,https://liquipedia.net/mobilelegends/MPL/Indonesia/Season_9/Regular_Season | https://github.com/LiTianYeoh/MLBB_Tournament_Analysis/blob/94ea36800e80c9e89a2356a0b81d3eeafbd6a4f7/analysis/data/consolidated_game_data_20240505.csv
9,S9-RS-034,3,Alter Ego,ban,1,Paquito,https://liquipedia.net/mobilelegends/MPL/Indonesia/Season_9/Regular_Season | https://github.com/LiTianYeoh/MLBB_Tournament_Analysis/blob/94ea36800e80c9e89a2356a0b81d3eeafbd6a4f7/analysis/data/consolidated_game_data_20240505.csv
9,S9-RS-034,3,Alter Ego,ban,2,Khaleed,https://liquipedia.net/mobilelegends/MPL/Indonesia/Season_9/Regular_Season | https://github.com/LiTianYeoh/MLBB_Tournament_Analysis/blob/94ea36800e80c9e89a2356a0b81d3eeafbd6a4f7/analysis/data/consolidated_game_data_20240505.csv
9,S9-RS-034,3,Alter Ego,ban,3,Cecilion,https://liquipedia.net/mobilelegends/MPL/Indonesia/Season_9/Regular_Season | https://github.com/LiTianYeoh/MLBB_Tournament_Analysis/blob/94ea36800e80c9e89a2356a0b81d3eeafbd6a4f7/analysis/data/consolidated_game_data_20240505.csv
9,S9-RS-034,3,Alter Ego,ban,4,Yve,https://liquipedia.net/mobilelegends/MPL/Indonesia/Season_9/Regular_Season | https://github.com/LiTianYeoh/MLBB_Tournament_Analysis/blob/94ea36800e80c9e89a2356a0b81d3eeafbd6a4f7/analysis/data/consolidated_game_data_20240505.csv
9,S9-RS-034,3,Alter Ego,ban,5,Valentina,https://liquipedia.net/mobilelegends/MPL/Indonesia/Season_9/Regular_Season | https://github.com/LiTianYeoh/MLBB_Tournament_Analysis/blob/94ea36800e80c9e89a2356a0b81d3eeafbd6a4f7/analysis/data/consolidated_game_data_20240505.csv
9,S9-RS-034,3,Alter Ego,pick,1,Lylia,https://liquipedia.net/mobilelegends/MPL/Indonesia/Season_9/Regular_Season | https://github.com/LiTianYeoh/MLBB_Tournament_Analysis/blob/94ea36800e80c9e89a2356a0b81d3eeafbd6a4f7/analysis/data/consolidated_game_data_20240505.csv
9,S9-RS-034,3,Alter Ego,pick,2,Ling,https://liquipedia.net/mobilelegends/MPL/Indonesia/Season_9/Regular_Season | https://github.com/LiTianYeoh/MLBB_Tournament_Analysis/blob/94ea36800e80c9e89a2356a0b81d3eeafbd6a4f7/analysis/data/consolidated_game_data_20240505.csv
9,S9-RS-034,3,Alter Ego,pick,3,Beatrix,https://liquipedia.net/mobilelegends/MPL/Indonesia/Season_9/Regular_Season | https://github.com/LiTianYeoh/MLBB_Tournament_Analysis/blob/94ea36800e80c9e89a2356a0b81d3eeafbd6a4f7/analysis/data/consolidated_game_data_20240505.csv
9,S9-RS-034,3,Alter Ego,pick,4,Yu Zhong,https://liquipedia.net/mobilelegends/MPL/Indonesia/Season_9/Regular_Season | https://github.com/LiTianYeoh/MLBB_Tournament_Analysis/blob/94ea36800e80c9e89a2356a0b81d3eeafbd6a4f7/analysis/data/consolidated_game_data_20240505.csv
9,S9-RS-034,3,Alter Ego,pick,5,Chou,https://liquipedia.net/mobilelegends/MPL/Indonesia/Season_9/Regular_Season | https://github.com/LiTianYeoh/MLBB_Tournament_Analysis/blob/94ea36800e80c9e89a2356a0b81d3eeafbd6a4f7/analysis/data/consolidated_game_data_20240505.csv
9,S9-RS-035,1,ONIC Esports,ban,1,Valentina,https://liquipedia.net/mobilelegends/MPL/Indonesia/Season_9/Regular_Season | https://github.com/LiTianYeoh/MLBB_Tournament_Analysis/blob/94ea36800e80c9e89a2356a0b81d3eeafbd6a4f7/analysis/data/consolidated_game_data_20240505.csv
9,S9-RS-035,1,ONIC Esports,ban,2,Fanny,https://liquipedia.net/mobilelegends/MPL/Indonesia/Season_9/Regular_Season | https://github.com/LiTianYeoh/MLBB_Tournament_Analysis/blob/94ea36800e80c9e89a2356a0b81d3eeafbd6a4f7/analysis/data/consolidated_game_data_20240505.csv
9,S9-RS-035,1,ONIC Esports,ban,3,Yve,https://liquipedia.net/mobilelegends/MPL/Indonesia/Season_9/Regular_Season | https://github.com/LiTianYeoh/MLBB_Tournament_Analysis/blob/94ea36800e80c9e89a2356a0b81d3eeafbd6a4f7/analysis/data/consolidated_game_data_20240505.csv
9,S9-RS-035,1,ONIC Esports,ban,4,Phoveus,https://liquipedia.net/mobilelegends/MPL/Indonesia/Season_9/Regular_Season | https://github.com/LiTianYeoh/MLBB_Tournament_Analysis/blob/94ea36800e80c9e89a2356a0b81d3eeafbd6a4f7/analysis/data/consolidated_game_data_20240505.csv
9,S9-RS-035,1,ONIC Esports,ban,5,Lapu-Lapu,https://liquipedia.net/mobilelegends/MPL/Indonesia/Season_9/Regular_Season | https://github.com/LiTianYeoh/MLBB_Tournament_Analysis/blob/94ea36800e80c9e89a2356a0b81d3eeafbd6a4f7/analysis/data/consolidated_game_data_20240505.csv
9,S9-RS-035,1,ONIC Esports,pick,1,Hylos,https://liquipedia.net/mobilelegends/MPL/Indonesia/Season_9/Regular_Season | https://github.com/LiTianYeoh/MLBB_Tournament_Analysis/blob/94ea36800e80c9e89a2356a0b81d3eeafbd6a4f7/analysis/data/consolidated_game_data_20240505.csv
9,S9-RS-035,1,ONIC Esports,pick,2,Natalia,https://liquipedia.net/mobilelegends/MPL/Indonesia/Season_9/Regular_Season | https://github.com/LiTianYeoh/MLBB_Tournament_Analysis/blob/94ea36800e80c9e89a2356a0b81d3eeafbd6a4f7/analysis/data/consolidated_game_data_20240505.csv
9,S9-RS-035,1,ONIC Esports,pick,3,Kimmy,https://liquipedia.net/mobilelegends/MPL/Indonesia/Season_9/Regular_Season | https://github.com/LiTianYeoh/MLBB_Tournament_Analysis/blob/94ea36800e80c9e89a2356a0b81d3eeafbd6a4f7/analysis/data/consolidated_game_data_20240505.csv
9,S9-RS-035,1,ONIC Esports,pick,4,Pharsa,https://liquipedia.net/mobilelegends/MPL/Indonesia/Season_9/Regular_Season | https://github.com/LiTianYeoh/MLBB_Tournament_Analysis/blob/94ea36800e80c9e89a2356a0b81d3eeafbd6a4f7/analysis/data/consolidated_game_data_20240505.csv
9,S9-RS-035,1,ONIC Esports,pick,5,Moskov,https://liquipedia.net/mobilelegends/MPL/Indonesia/Season_9/Regular_Season | https://github.com/LiTianYeoh/MLBB_Tournament_Analysis/blob/94ea36800e80c9e89a2356a0b81d3eeafbd6a4f7/analysis/data/consolidated_game_data_20240505.csv
9,S9-RS-035,1,AURA Fire,ban,1,Edith,https://liquipedia.net/mobilelegends/MPL/Indonesia/Season_9/Regular_Season | https://github.com/LiTianYeoh/MLBB_Tournament_Analysis/blob/94ea36800e80c9e89a2356a0b81d3eeafbd6a4f7/analysis/data/consolidated_game_data_20240505.csv
9,S9-RS-035,1,AURA Fire,ban,2,Paquito,https://liquipedia.net/mobilelegends/MPL/Indonesia/Season_9/Regular_Season | https://github.com/LiTianYeoh/MLBB_Tournament_Analysis/blob/94ea36800e80c9e89a2356a0b81d3eeafbd6a4f7/analysis/data/consolidated_game_data_20240505.csv
9,S9-RS-035,1,AURA Fire,ban,3,Mathilda,https://liquipedia.net/mobilelegends/MPL/Indonesia/Season_9/Regular_Season | https://github.com/LiTianYeoh/MLBB_Tournament_Analysis/blob/94ea36800e80c9e89a2356a0b81d3eeafbd6a4f7/analysis/data/consolidated_game_data_20240505.csv
9,S9-RS-035,1,AURA Fire,ban,4,Franco,https://liquipedia.net/mobilelegends/MPL/Indonesia/Season_9/Regular_Season | https://github.com/LiTianYeoh/MLBB_Tournament_Analysis/blob/94ea36800e80c9e89a2356a0b81d3eeafbd6a4f7/analysis/data/consolidated_game_data_20240505.csv
9,S9-RS-035,1,AURA Fire,ban,5,Chou,https://liquipedia.net/mobilelegends/MPL/Indonesia/Season_9/Regular_Season | https://github.com/LiTianYeoh/MLBB_Tournament_Analysis/blob/94ea36800e80c9e89a2356a0b81d3eeafbd6a4f7/analysis/data/consolidated_game_data_20240505.csv
9,S9-RS-035,1,AURA Fire,pick,1,Kagura,https://liquipedia.net/mobilelegends/MPL/Indonesia/Season_9/Regular_Season | https://github.com/LiTianYeoh/MLBB_Tournament_Analysis/blob/94ea36800e80c9e89a2356a0b81d3eeafbd6a4f7/analysis/data/consolidated_game_data_20240505.csv
9,S9-RS-035,1,AURA Fire,pick,2,Uranus,https://liquipedia.net/mobilelegends/MPL/Indonesia/Season_9/Regular_Season | https://github.com/LiTianYeoh/MLBB_Tournament_Analysis/blob/94ea36800e80c9e89a2356a0b81d3eeafbd6a4f7/analysis/data/consolidated_game_data_20240505.csv
9,S9-RS-035,1,AURA Fire,pick,3,Rafaela,https://liquipedia.net/mobilelegends/MPL/Indonesia/Season_9/Regular_Season | https://github.com/LiTianYeoh/MLBB_Tournament_Analysis/blob/94ea36800e80c9e89a2356a0b81d3eeafbd6a4f7/analysis/data/consolidated_game_data_20240505.csv
9,S9-RS-035,1,AURA Fire,pick,4,Yu Zhong,https://liquipedia.net/mobilelegends/MPL/Indonesia/Season_9/Regular_Season | https://github.com/LiTianYeoh/MLBB_Tournament_Analysis/blob/94ea36800e80c9e89a2356a0b81d3eeafbd6a4f7/analysis/data/consolidated_game_data_20240505.csv
9,S9-RS-035,1,AURA Fire,pick,5,Aulus,https://liquipedia.net/mobilelegends/MPL/Indonesia/Season_9/Regular_Season | https://github.com/LiTianYeoh/MLBB_Tournament_Analysis/blob/94ea36800e80c9e89a2356a0b81d3eeafbd6a4f7/analysis/data/consolidated_game_data_20240505.csv
9,S9-RS-035,2,ONIC Esports,ban,1,Valentina,https://liquipedia.net/mobilelegends/MPL/Indonesia/Season_9/Regular_Season | https://github.com/LiTianYeoh/MLBB_Tournament_Analysis/blob/94ea36800e80c9e89a2356a0b81d3eeafbd6a4f7/analysis/data/consolidated_game_data_20240505.csv
9,S9-RS-035,2,ONIC Esports,ban,2,Fanny,https://liquipedia.net/mobilelegends/MPL/Indonesia/Season_9/Regular_Season | https://github.com/LiTianYeoh/MLBB_Tournament_Analysis/blob/94ea36800e80c9e89a2356a0b81d3eeafbd6a4f7/analysis/data/consolidated_game_data_20240505.csv
9,S9-RS-035,2,ONIC Esports,ban,3,Yve,https://liquipedia.net/mobilelegends/MPL/Indonesia/Season_9/Regular_Season | https://github.com/LiTianYeoh/MLBB_Tournament_Analysis/blob/94ea36800e80c9e89a2356a0b81d3eeafbd6a4f7/analysis/data/consolidated_game_data_20240505.csv
9,S9-RS-035,2,ONIC Esports,ban,4,Esmeralda,https://liquipedia.net/mobilelegends/MPL/Indonesia/Season_9/Regular_Season | https://github.com/LiTianYeoh/MLBB_Tournament_Analysis/blob/94ea36800e80c9e89a2356a0b81d3eeafbd6a4f7/analysis/data/consolidated_game_data_20240505.csv
9,S9-RS-035,2,ONIC Esports,ban,5,Uranus,https://liquipedia.net/mobilelegends/MPL/Indonesia/Season_9/Regular_Season | https://github.com/LiTianYeoh/MLBB_Tournament_Analysis/blob/94ea36800e80c9e89a2356a0b81d3eeafbd6a4f7/analysis/data/consolidated_game_data_20240505.csv
9,S9-RS-035,2,ONIC Esports,pick,1,Aulus,https://liquipedia.net/mobilelegends/MPL/Indonesia/Season_9/Regular_Season | https://github.com/LiTianYeoh/MLBB_Tournament_Analysis/blob/94ea36800e80c9e89a2356a0b81d3eeafbd6a4f7/analysis/data/consolidated_game_data_20240505.csv
9,S9-RS-035,2,ONIC Esports,pick,2,Selena,https://liquipedia.net/mobilelegends/MPL/Indonesia/Season_9/Regular_Season | https://github.com/LiTianYeoh/MLBB_Tournament_Analysis/blob/94ea36800e80c9e89a2356a0b81d3eeafbd6a4f7/analysis/data/consolidated_game_data_20240505.csv
9,S9-RS-035,2,ONIC Esports,pick,3,Phoveus,https://liquipedia.net/mobilelegends/MPL/Indonesia/Season_9/Regular_Season | https://github.com/LiTianYeoh/MLBB_Tournament_Analysis/blob/94ea36800e80c9e89a2356a0b81d3eeafbd6a4f7/analysis/data/consolidated_game_data_20240505.csv
9,S9-RS-035,2,ONIC Esports,pick,4,Hylos,https://liquipedia.net/mobilelegends/MPL/Indonesia/Season_9/Regular_Season | https://github.com/LiTianYeoh/MLBB_Tournament_Analysis/blob/94ea36800e80c9e89a2356a0b81d3eeafbd6a4f7/analysis/data/consolidated_game_data_20240505.csv
9,S9-RS-035,2,ONIC Esports,pick,5,Khufra,https://liquipedia.net/mobilelegends/MPL/Indonesia/Season_9/Regular_Season | https://github.com/LiTianYeoh/MLBB_Tournament_Analysis/blob/94ea36800e80c9e89a2356a0b81d3eeafbd6a4f7/analysis/data/consolidated_game_data_20240505.csv
9,S9-RS-035,2,AURA Fire,ban,1,Ruby,https://liquipedia.net/mobilelegends/MPL/Indonesia/Season_9/Regular_Season | https://github.com/LiTianYeoh/MLBB_Tournament_Analysis/blob/94ea36800e80c9e89a2356a0b81d3eeafbd6a4f7/analysis/data/consolidated_game_data_20240505.csv
9,S9-RS-035,2,AURA Fire,ban,2,Mathilda,https://liquipedia.net/mobilelegends/MPL/Indonesia/Season_9/Regular_Season | https://github.com/LiTianYeoh/MLBB_Tournament_Analysis/blob/94ea36800e80c9e89a2356a0b81d3eeafbd6a4f7/analysis/data/consolidated_game_data_20240505.csv
9,S9-RS-035,2,AURA Fire,ban,3,Natalia,https://liquipedia.net/mobilelegends/MPL/Indonesia/Season_9/Regular_Season | https://github.com/LiTianYeoh/MLBB_Tournament_Analysis/blob/94ea36800e80c9e89a2356a0b81d3eeafbd6a4f7/analysis/data/consolidated_game_data_20240505.csv
9,S9-RS-035,2,AURA Fire,ban,4,Franco,https://liquipedia.net/mobilelegends/MPL/Indonesia/Season_9/Regular_Season | https://github.com/LiTianYeoh/MLBB_Tournament_Analysis/blob/94ea36800e80c9e89a2356a0b81d3eeafbd6a4f7/analysis/data/consolidated_game_data_20240505.csv
9,S9-RS-035,2,AURA Fire,ban,5,Chou,https://liquipedia.net/mobilelegends/MPL/Indonesia/Season_9/Regular_Season | https://github.com/LiTianYeoh/MLBB_Tournament_Analysis/blob/94ea36800e80c9e89a2356a0b81d3eeafbd6a4f7/analysis/data/consolidated_game_data_20240505.csv
9,S9-RS-035,2,AURA Fire,pick,1,Beatrix,https://liquipedia.net/mobilelegends/MPL/Indonesia/Season_9/Regular_Season | https://github.com/LiTianYeoh/MLBB_Tournament_Analysis/blob/94ea36800e80c9e89a2356a0b81d3eeafbd6a4f7/analysis/data/consolidated_game_data_20240505.csv
9,S9-RS-035,2,AURA Fire,pick,2,Minsitthar,https://liquipedia.net/mobilelegends/MPL/Indonesia/Season_9/Regular_Season | https://github.com/LiTianYeoh/MLBB_Tournament_Analysis/blob/94ea36800e80c9e89a2356a0b81d3eeafbd6a4f7/analysis/data/consolidated_game_data_20240505.csv
9,S9-RS-035,2,AURA Fire,pick,3,Paquito,https://liquipedia.net/mobilelegends/MPL/Indonesia/Season_9/Regular_Season | https://github.com/LiTianYeoh/MLBB_Tournament_Analysis/blob/94ea36800e80c9e89a2356a0b81d3eeafbd6a4f7/analysis/data/consolidated_game_data_20240505.csv
9,S9-RS-035,2,AURA Fire,pick,4,Pharsa,https://liquipedia.net/mobilelegends/MPL/Indonesia/Season_9/Regular_Season | https://github.com/LiTianYeoh/MLBB_Tournament_Analysis/blob/94ea36800e80c9e89a2356a0b81d3eeafbd6a4f7/analysis/data/consolidated_game_data_20240505.csv
9,S9-RS-035,2,AURA Fire,pick,5,Lancelot,https://liquipedia.net/mobilelegends/MPL/Indonesia/Season_9/Regular_Season | https://github.com/LiTianYeoh/MLBB_Tournament_Analysis/blob/94ea36800e80c9e89a2356a0b81d3eeafbd6a4f7/analysis/data/consolidated_game_data_20240505.csv
9,S9-RS-036,1,Rebellion Zion,ban,1,Selena,https://liquipedia.net/mobilelegends/MPL/Indonesia/Season_9/Regular_Season | https://github.com/LiTianYeoh/MLBB_Tournament_Analysis/blob/94ea36800e80c9e89a2356a0b81d3eeafbd6a4f7/analysis/data/consolidated_game_data_20240505.csv
9,S9-RS-036,1,Rebellion Zion,ban,2,Natalia,https://liquipedia.net/mobilelegends/MPL/Indonesia/Season_9/Regular_Season | https://github.com/LiTianYeoh/MLBB_Tournament_Analysis/blob/94ea36800e80c9e89a2356a0b81d3eeafbd6a4f7/analysis/data/consolidated_game_data_20240505.csv
9,S9-RS-036,1,Rebellion Zion,ban,3,Grock,https://liquipedia.net/mobilelegends/MPL/Indonesia/Season_9/Regular_Season | https://github.com/LiTianYeoh/MLBB_Tournament_Analysis/blob/94ea36800e80c9e89a2356a0b81d3eeafbd6a4f7/analysis/data/consolidated_game_data_20240505.csv
9,S9-RS-036,1,Rebellion Zion,ban,4,Pharsa,https://liquipedia.net/mobilelegends/MPL/Indonesia/Season_9/Regular_Season | https://github.com/LiTianYeoh/MLBB_Tournament_Analysis/blob/94ea36800e80c9e89a2356a0b81d3eeafbd6a4f7/analysis/data/consolidated_game_data_20240505.csv
9,S9-RS-036,1,Rebellion Zion,ban,5,Wanwan,https://liquipedia.net/mobilelegends/MPL/Indonesia/Season_9/Regular_Season | https://github.com/LiTianYeoh/MLBB_Tournament_Analysis/blob/94ea36800e80c9e89a2356a0b81d3eeafbd6a4f7/analysis/data/consolidated_game_data_20240505.csv
9,S9-RS-036,1,Rebellion Zion,pick,1,Beatrix,https://liquipedia.net/mobilelegends/MPL/Indonesia/Season_9/Regular_Season | https://github.com/LiTianYeoh/MLBB_Tournament_Analysis/blob/94ea36800e80c9e89a2356a0b81d3eeafbd6a4f7/analysis/data/consolidated_game_data_20240505.csv
9,S9-RS-036,1,Rebellion Zion,pick,2,Franco,https://liquipedia.net/mobilelegends/MPL/Indonesia/Season_9/Regular_Season | https://github.com/LiTianYeoh/MLBB_Tournament_Analysis/blob/94ea36800e80c9e89a2356a0b81d3eeafbd6a4f7/analysis/data/consolidated_game_data_20240505.csv
9,S9-RS-036,1,Rebellion Zion,pick,3,Lylia,https://liquipedia.net/mobilelegends/MPL/Indonesia/Season_9/Regular_Season | https://github.com/LiTianYeoh/MLBB_Tournament_Analysis/blob/94ea36800e80c9e89a2356a0b81d3eeafbd6a4f7/analysis/data/consolidated_game_data_20240505.csv
9,S9-RS-036,1,Rebellion Zion,pick,4,X.Borg,https://liquipedia.net/mobilelegends/MPL/Indonesia/Season_9/Regular_Season | https://github.com/LiTianYeoh/MLBB_Tournament_Analysis/blob/94ea36800e80c9e89a2356a0b81d3eeafbd6a4f7/analysis/data/consolidated_game_data_20240505.csv
9,S9-RS-036,1,Rebellion Zion,pick,5,Barats,https://liquipedia.net/mobilelegends/MPL/Indonesia/Season_9/Regular_Season | https://github.com/LiTianYeoh/MLBB_Tournament_Analysis/blob/94ea36800e80c9e89a2356a0b81d3eeafbd6a4f7/analysis/data/consolidated_game_data_20240505.csv
9,S9-RS-036,1,ONIC Esports,ban,1,Baxia,https://liquipedia.net/mobilelegends/MPL/Indonesia/Season_9/Regular_Season | https://github.com/LiTianYeoh/MLBB_Tournament_Analysis/blob/94ea36800e80c9e89a2356a0b81d3eeafbd6a4f7/analysis/data/consolidated_game_data_20240505.csv
9,S9-RS-036,1,ONIC Esports,ban,2,Hylos,https://liquipedia.net/mobilelegends/MPL/Indonesia/Season_9/Regular_Season | https://github.com/LiTianYeoh/MLBB_Tournament_Analysis/blob/94ea36800e80c9e89a2356a0b81d3eeafbd6a4f7/analysis/data/consolidated_game_data_20240505.csv
9,S9-RS-036,1,ONIC Esports,ban,3,Valentina,https://liquipedia.net/mobilelegends/MPL/Indonesia/Season_9/Regular_Season | https://github.com/LiTianYeoh/MLBB_Tournament_Analysis/blob/94ea36800e80c9e89a2356a0b81d3eeafbd6a4f7/analysis/data/consolidated_game_data_20240505.csv
9,S9-RS-036,1,ONIC Esports,ban,4,Cecilion,https://liquipedia.net/mobilelegends/MPL/Indonesia/Season_9/Regular_Season | https://github.com/LiTianYeoh/MLBB_Tournament_Analysis/blob/94ea36800e80c9e89a2356a0b81d3eeafbd6a4f7/analysis/data/consolidated_game_data_20240505.csv
9,S9-RS-036,1,ONIC Esports,ban,5,Yve,https://liquipedia.net/mobilelegends/MPL/Indonesia/Season_9/Regular_Season | https://github.com/LiTianYeoh/MLBB_Tournament_Analysis/blob/94ea36800e80c9e89a2356a0b81d3eeafbd6a4f7/analysis/data/consolidated_game_data_20240505.csv
9,S9-RS-036,1,ONIC Esports,pick,1,Guinevere,https://liquipedia.net/mobilelegends/MPL/Indonesia/Season_9/Regular_Season | https://github.com/LiTianYeoh/MLBB_Tournament_Analysis/blob/94ea36800e80c9e89a2356a0b81d3eeafbd6a4f7/analysis/data/consolidated_game_data_20240505.csv
9,S9-RS-036,1,ONIC Esports,pick,2,Popol and Kupa,https://liquipedia.net/mobilelegends/MPL/Indonesia/Season_9/Regular_Season | https://github.com/LiTianYeoh/MLBB_Tournament_Analysis/blob/94ea36800e80c9e89a2356a0b81d3eeafbd6a4f7/analysis/data/consolidated_game_data_20240505.csv
9,S9-RS-036,1,ONIC Esports,pick,3,Angela,https://liquipedia.net/mobilelegends/MPL/Indonesia/Season_9/Regular_Season | https://github.com/LiTianYeoh/MLBB_Tournament_Analysis/blob/94ea36800e80c9e89a2356a0b81d3eeafbd6a4f7/analysis/data/consolidated_game_data_20240505.csv
9,S9-RS-036,1,ONIC Esports,pick,4,Karina,https://liquipedia.net/mobilelegends/MPL/Indonesia/Season_9/Regular_Season | https://github.com/LiTianYeoh/MLBB_Tournament_Analysis/blob/94ea36800e80c9e89a2356a0b81d3eeafbd6a4f7/analysis/data/consolidated_game_data_20240505.csv
9,S9-RS-036,1,ONIC Esports,pick,5,Masha,https://liquipedia.net/mobilelegends/MPL/Indonesia/Season_9/Regular_Season | https://github.com/LiTianYeoh/MLBB_Tournament_Analysis/blob/94ea36800e80c9e89a2356a0b81d3eeafbd6a4f7/analysis/data/consolidated_game_data_20240505.csv
9,S9-RS-036,2,Rebellion Zion,ban,1,Natalia,https://liquipedia.net/mobilelegends/MPL/Indonesia/Season_9/Regular_Season | https://github.com/LiTianYeoh/MLBB_Tournament_Analysis/blob/94ea36800e80c9e89a2356a0b81d3eeafbd6a4f7/analysis/data/consolidated_game_data_20240505.csv
9,S9-RS-036,2,Rebellion Zion,ban,2,Masha,https://liquipedia.net/mobilelegends/MPL/Indonesia/Season_9/Regular_Season | https://github.com/LiTianYeoh/MLBB_Tournament_Analysis/blob/94ea36800e80c9e89a2356a0b81d3eeafbd6a4f7/analysis/data/consolidated_game_data_20240505.csv
9,S9-RS-036,2,Rebellion Zion,ban,3,Selena,https://liquipedia.net/mobilelegends/MPL/Indonesia/Season_9/Regular_Season | https://github.com/LiTianYeoh/MLBB_Tournament_Analysis/blob/94ea36800e80c9e89a2356a0b81d3eeafbd6a4f7/analysis/data/consolidated_game_data_20240505.csv
9,S9-RS-036,2,Rebellion Zion,ban,4,Ling,https://liquipedia.net/mobilelegends/MPL/Indonesia/Season_9/Regular_Season | https://github.com/LiTianYeoh/MLBB_Tournament_Analysis/blob/94ea36800e80c9e89a2356a0b81d3eeafbd6a4f7/analysis/data/consolidated_game_data_20240505.csv
9,S9-RS-036,2,Rebellion Zion,ban,5,Wanwan,https://liquipedia.net/mobilelegends/MPL/Indonesia/Season_9/Regular_Season | https://github.com/LiTianYeoh/MLBB_Tournament_Analysis/blob/94ea36800e80c9e89a2356a0b81d3eeafbd6a4f7/analysis/data/consolidated_game_data_20240505.csv
9,S9-RS-036,2,Rebellion Zion,pick,1,Beatrix,https://liquipedia.net/mobilelegends/MPL/Indonesia/Season_9/Regular_Season | https://github.com/LiTianYeoh/MLBB_Tournament_Analysis/blob/94ea36800e80c9e89a2356a0b81d3eeafbd6a4f7/analysis/data/consolidated_game_data_20240505.csv
9,S9-RS-036,2,Rebellion Zion,pick,2,Chou,https://liquipedia.net/mobilelegends/MPL/Indonesia/Season_9/Regular_Season | https://github.com/LiTianYeoh/MLBB_Tournament_Analysis/blob/94ea36800e80c9e89a2356a0b81d3eeafbd6a4f7/analysis/data/consolidated_game_data_20240505.csv
9,S9-RS-036,2,Rebellion Zion,pick,3,X.Borg,https://liquipedia.net/mobilelegends/MPL/Indonesia/Season_9/Regular_Season | https://github.com/LiTianYeoh/MLBB_Tournament_Analysis/blob/94ea36800e80c9e89a2356a0b81d3eeafbd6a4f7/analysis/data/consolidated_game_data_20240505.csv
9,S9-RS-036,2,Rebellion Zion,pick,4,Lylia,https://liquipedia.net/mobilelegends/MPL/Indonesia/Season_9/Regular_Season | https://github.com/LiTianYeoh/MLBB_Tournament_Analysis/blob/94ea36800e80c9e89a2356a0b81d3eeafbd6a4f7/analysis/data/consolidated_game_data_20240505.csv
9,S9-RS-036,2,Rebellion Zion,pick,5,Uranus,https://liquipedia.net/mobilelegends/MPL/Indonesia/Season_9/Regular_Season | https://github.com/LiTianYeoh/MLBB_Tournament_Analysis/blob/94ea36800e80c9e89a2356a0b81d3eeafbd6a4f7/analysis/data/consolidated_game_data_20240505.csv
9,S9-RS-036,2,ONIC Esports,ban,1,Yin,https://liquipedia.net/mobilelegends/MPL/Indonesia/Season_9/Regular_Season | https://github.com/LiTianYeoh/MLBB_Tournament_Analysis/blob/94ea36800e80c9e89a2356a0b81d3eeafbd6a4f7/analysis/data/consolidated_game_data_20240505.csv
9,S9-RS-036,2,ONIC Esports,ban,2,Aulus,https://liquipedia.net/mobilelegends/MPL/Indonesia/Season_9/Regular_Season | https://github.com/LiTianYeoh/MLBB_Tournament_Analysis/blob/94ea36800e80c9e89a2356a0b81d3eeafbd6a4f7/analysis/data/consolidated_game_data_20240505.csv
9,S9-RS-036,2,ONIC Esports,ban,3,Franco,https://liquipedia.net/mobilelegends/MPL/Indonesia/Season_9/Regular_Season | https://github.com/LiTianYeoh/MLBB_Tournament_Analysis/blob/94ea36800e80c9e89a2356a0b81d3eeafbd6a4f7/analysis/data/consolidated_game_data_20240505.csv
9,S9-RS-036,2,ONIC Esports,ban,4,Cecilion,https://liquipedia.net/mobilelegends/MPL/Indonesia/Season_9/Regular_Season | https://github.com/LiTianYeoh/MLBB_Tournament_Analysis/blob/94ea36800e80c9e89a2356a0b81d3eeafbd6a4f7/analysis/data/consolidated_game_data_20240505.csv
9,S9-RS-036,2,ONIC Esports,ban,5,Yve,https://liquipedia.net/mobilelegends/MPL/Indonesia/Season_9/Regular_Season | https://github.com/LiTianYeoh/MLBB_Tournament_Analysis/blob/94ea36800e80c9e89a2356a0b81d3eeafbd6a4f7/analysis/data/consolidated_game_data_20240505.csv
9,S9-RS-036,2,ONIC Esports,pick,1,Pharsa,https://liquipedia.net/mobilelegends/MPL/Indonesia/Season_9/Regular_Season | https://github.com/LiTianYeoh/MLBB_Tournament_Analysis/blob/94ea36800e80c9e89a2356a0b81d3eeafbd6a4f7/analysis/data/consolidated_game_data_20240505.csv
9,S9-RS-036,2,ONIC Esports,pick,2,Miya,https://liquipedia.net/mobilelegends/MPL/Indonesia/Season_9/Regular_Season | https://github.com/LiTianYeoh/MLBB_Tournament_Analysis/blob/94ea36800e80c9e89a2356a0b81d3eeafbd6a4f7/analysis/data/consolidated_game_data_20240505.csv
9,S9-RS-036,2,ONIC Esports,pick,3,Baxia,https://liquipedia.net/mobilelegends/MPL/Indonesia/Season_9/Regular_Season | https://github.com/LiTianYeoh/MLBB_Tournament_Analysis/blob/94ea36800e80c9e89a2356a0b81d3eeafbd6a4f7/analysis/data/consolidated_game_data_20240505.csv
9,S9-RS-036,2,ONIC Esports,pick,4,Grock,https://liquipedia.net/mobilelegends/MPL/Indonesia/Season_9/Regular_Season | https://github.com/LiTianYeoh/MLBB_Tournament_Analysis/blob/94ea36800e80c9e89a2356a0b81d3eeafbd6a4f7/analysis/data/consolidated_game_data_20240505.csv
9,S9-RS-036,2,ONIC Esports,pick,5,Valentina,https://liquipedia.net/mobilelegends/MPL/Indonesia/Season_9/Regular_Season | https://github.com/LiTianYeoh/MLBB_Tournament_Analysis/blob/94ea36800e80c9e89a2356a0b81d3eeafbd6a4f7/analysis/data/consolidated_game_data_20240505.csv
9,S9-RS-037,1,Alter Ego,ban,1,Fanny,https://liquipedia.net/mobilelegends/MPL/Indonesia/Season_9/Regular_Season | https://github.com/LiTianYeoh/MLBB_Tournament_Analysis/blob/94ea36800e80c9e89a2356a0b81d3eeafbd6a4f7/analysis/data/consolidated_game_data_20240505.csv
9,S9-RS-037,1,Alter Ego,ban,2,Grock,https://liquipedia.net/mobilelegends/MPL/Indonesia/Season_9/Regular_Season | https://github.com/LiTianYeoh/MLBB_Tournament_Analysis/blob/94ea36800e80c9e89a2356a0b81d3eeafbd6a4f7/analysis/data/consolidated_game_data_20240505.csv
9,S9-RS-037,1,Alter Ego,ban,3,Baxia,https://liquipedia.net/mobilelegends/MPL/Indonesia/Season_9/Regular_Season | https://github.com/LiTianYeoh/MLBB_Tournament_Analysis/blob/94ea36800e80c9e89a2356a0b81d3eeafbd6a4f7/analysis/data/consolidated_game_data_20240505.csv
9,S9-RS-037,1,Alter Ego,ban,4,Popol and Kupa,https://liquipedia.net/mobilelegends/MPL/Indonesia/Season_9/Regular_Season | https://github.com/LiTianYeoh/MLBB_Tournament_Analysis/blob/94ea36800e80c9e89a2356a0b81d3eeafbd6a4f7/analysis/data/consolidated_game_data_20240505.csv
9,S9-RS-037,1,Alter Ego,ban,5,Diggie,https://liquipedia.net/mobilelegends/MPL/Indonesia/Season_9/Regular_Season | https://github.com/LiTianYeoh/MLBB_Tournament_Analysis/blob/94ea36800e80c9e89a2356a0b81d3eeafbd6a4f7/analysis/data/consolidated_game_data_20240505.csv
9,S9-RS-037,1,Alter Ego,pick,1,Phoveus,https://liquipedia.net/mobilelegends/MPL/Indonesia/Season_9/Regular_Season | https://github.com/LiTianYeoh/MLBB_Tournament_Analysis/blob/94ea36800e80c9e89a2356a0b81d3eeafbd6a4f7/analysis/data/consolidated_game_data_20240505.csv
9,S9-RS-037,1,Alter Ego,pick,2,Chou,https://liquipedia.net/mobilelegends/MPL/Indonesia/Season_9/Regular_Season | https://github.com/LiTianYeoh/MLBB_Tournament_Analysis/blob/94ea36800e80c9e89a2356a0b81d3eeafbd6a4f7/analysis/data/consolidated_game_data_20240505.csv
9,S9-RS-037,1,Alter Ego,pick,3,Beatrix,https://liquipedia.net/mobilelegends/MPL/Indonesia/Season_9/Regular_Season | https://github.com/LiTianYeoh/MLBB_Tournament_Analysis/blob/94ea36800e80c9e89a2356a0b81d3eeafbd6a4f7/analysis/data/consolidated_game_data_20240505.csv
9,S9-RS-037,1,Alter Ego,pick,4,Ling,https://liquipedia.net/mobilelegends/MPL/Indonesia/Season_9/Regular_Season | https://github.com/LiTianYeoh/MLBB_Tournament_Analysis/blob/94ea36800e80c9e89a2356a0b81d3eeafbd6a4f7/analysis/data/consolidated_game_data_20240505.csv
9,S9-RS-037,1,Alter Ego,pick,5,Valentina,https://liquipedia.net/mobilelegends/MPL/Indonesia/Season_9/Regular_Season | https://github.com/LiTianYeoh/MLBB_Tournament_Analysis/blob/94ea36800e80c9e89a2356a0b81d3eeafbd6a4f7/analysis/data/consolidated_game_data_20240505.csv
9,S9-RS-037,1,EVOS Legends,ban,1,Franco,https://liquipedia.net/mobilelegends/MPL/Indonesia/Season_9/Regular_Season | https://github.com/LiTianYeoh/MLBB_Tournament_Analysis/blob/94ea36800e80c9e89a2356a0b81d3eeafbd6a4f7/analysis/data/consolidated_game_data_20240505.csv
9,S9-RS-037,1,EVOS Legends,ban,2,Dyrroth,https://liquipedia.net/mobilelegends/MPL/Indonesia/Season_9/Regular_Season | https://github.com/LiTianYeoh/MLBB_Tournament_Analysis/blob/94ea36800e80c9e89a2356a0b81d3eeafbd6a4f7/analysis/data/consolidated_game_data_20240505.csv
9,S9-RS-037,1,EVOS Legends,ban,3,Esmeralda,https://liquipedia.net/mobilelegends/MPL/Indonesia/Season_9/Regular_Season | https://github.com/LiTianYeoh/MLBB_Tournament_Analysis/blob/94ea36800e80c9e89a2356a0b81d3eeafbd6a4f7/analysis/data/consolidated_game_data_20240505.csv
9,S9-RS-037,1,EVOS Legends,ban,4,Masha,https://liquipedia.net/mobilelegends/MPL/Indonesia/Season_9/Regular_Season | https://github.com/LiTianYeoh/MLBB_Tournament_Analysis/blob/94ea36800e80c9e89a2356a0b81d3eeafbd6a4f7/analysis/data/consolidated_game_data_20240505.csv
9,S9-RS-037,1,EVOS Legends,ban,5,Yve,https://liquipedia.net/mobilelegends/MPL/Indonesia/Season_9/Regular_Season | https://github.com/LiTianYeoh/MLBB_Tournament_Analysis/blob/94ea36800e80c9e89a2356a0b81d3eeafbd6a4f7/analysis/data/consolidated_game_data_20240505.csv
9,S9-RS-037,1,EVOS Legends,pick,1,Uranus,https://liquipedia.net/mobilelegends/MPL/Indonesia/Season_9/Regular_Season | https://github.com/LiTianYeoh/MLBB_Tournament_Analysis/blob/94ea36800e80c9e89a2356a0b81d3eeafbd6a4f7/analysis/data/consolidated_game_data_20240505.csv
9,S9-RS-037,1,EVOS Legends,pick,2,Melissa,https://liquipedia.net/mobilelegends/MPL/Indonesia/Season_9/Regular_Season | https://github.com/LiTianYeoh/MLBB_Tournament_Analysis/blob/94ea36800e80c9e89a2356a0b81d3eeafbd6a4f7/analysis/data/consolidated_game_data_20240505.csv
9,S9-RS-037,1,EVOS Legends,pick,3,Karina,https://liquipedia.net/mobilelegends/MPL/Indonesia/Season_9/Regular_Season | https://github.com/LiTianYeoh/MLBB_Tournament_Analysis/blob/94ea36800e80c9e89a2356a0b81d3eeafbd6a4f7/analysis/data/consolidated_game_data_20240505.csv
9,S9-RS-037,1,EVOS Legends,pick,4,Hilda,https://liquipedia.net/mobilelegends/MPL/Indonesia/Season_9/Regular_Season | https://github.com/LiTianYeoh/MLBB_Tournament_Analysis/blob/94ea36800e80c9e89a2356a0b81d3eeafbd6a4f7/analysis/data/consolidated_game_data_20240505.csv
9,S9-RS-037,1,EVOS Legends,pick,5,Kagura,https://liquipedia.net/mobilelegends/MPL/Indonesia/Season_9/Regular_Season | https://github.com/LiTianYeoh/MLBB_Tournament_Analysis/blob/94ea36800e80c9e89a2356a0b81d3eeafbd6a4f7/analysis/data/consolidated_game_data_20240505.csv
9,S9-RS-037,2,Alter Ego,ban,1,Fanny,https://liquipedia.net/mobilelegends/MPL/Indonesia/Season_9/Regular_Season | https://github.com/LiTianYeoh/MLBB_Tournament_Analysis/blob/94ea36800e80c9e89a2356a0b81d3eeafbd6a4f7/analysis/data/consolidated_game_data_20240505.csv
9,S9-RS-037,2,Alter Ego,ban,2,Yve,https://liquipedia.net/mobilelegends/MPL/Indonesia/Season_9/Regular_Season | https://github.com/LiTianYeoh/MLBB_Tournament_Analysis/blob/94ea36800e80c9e89a2356a0b81d3eeafbd6a4f7/analysis/data/consolidated_game_data_20240505.csv
9,S9-RS-037,2,Alter Ego,ban,3,Karina,https://liquipedia.net/mobilelegends/MPL/Indonesia/Season_9/Regular_Season | https://github.com/LiTianYeoh/MLBB_Tournament_Analysis/blob/94ea36800e80c9e89a2356a0b81d3eeafbd6a4f7/analysis/data/consolidated_game_data_20240505.csv
9,S9-RS-037,2,Alter Ego,ban,4,Ling,https://liquipedia.net/mobilelegends/MPL/Indonesia/Season_9/Regular_Season | https://github.com/LiTianYeoh/MLBB_Tournament_Analysis/blob/94ea36800e80c9e89a2356a0b81d3eeafbd6a4f7/analysis/data/consolidated_game_data_20240505.csv
9,S9-RS-037,2,Alter Ego,ban,5,Wanwan,https://liquipedia.net/mobilelegends/MPL/Indonesia/Season_9/Regular_Season | https://github.com/LiTianYeoh/MLBB_Tournament_Analysis/blob/94ea36800e80c9e89a2356a0b81d3eeafbd6a4f7/analysis/data/consolidated_game_data_20240505.csv
9,S9-RS-037,2,Alter Ego,pick,1,Baxia,https://liquipedia.net/mobilelegends/MPL/Indonesia/Season_9/Regular_Season | https://github.com/LiTianYeoh/MLBB_Tournament_Analysis/blob/94ea36800e80c9e89a2356a0b81d3eeafbd6a4f7/analysis/data/consolidated_game_data_20240505.csv
9,S9-RS-037,2,Alter Ego,pick,2,Valentina,https://liquipedia.net/mobilelegends/MPL/Indonesia/Season_9/Regular_Season | https://github.com/LiTianYeoh/MLBB_Tournament_Analysis/blob/94ea36800e80c9e89a2356a0b81d3eeafbd6a4f7/analysis/data/consolidated_game_data_20240505.csv
9,S9-RS-037,2,Alter Ego,pick,3,Angela,https://liquipedia.net/mobilelegends/MPL/Indonesia/Season_9/Regular_Season | https://github.com/LiTianYeoh/MLBB_Tournament_Analysis/blob/94ea36800e80c9e89a2356a0b81d3eeafbd6a4f7/analysis/data/consolidated_game_data_20240505.csv
9,S9-RS-037,2,Alter Ego,pick,4,Beatrix,https://liquipedia.net/mobilelegends/MPL/Indonesia/Season_9/Regular_Season | https://github.com/LiTianYeoh/MLBB_Tournament_Analysis/blob/94ea36800e80c9e89a2356a0b81d3eeafbd6a4f7/analysis/data/consolidated_game_data_20240505.csv
9,S9-RS-037,2,Alter Ego,pick,5,Gloo,https://liquipedia.net/mobilelegends/MPL/Indonesia/Season_9/Regular_Season | https://github.com/LiTianYeoh/MLBB_Tournament_Analysis/blob/94ea36800e80c9e89a2356a0b81d3eeafbd6a4f7/analysis/data/consolidated_game_data_20240505.csv
9,S9-RS-037,2,EVOS Legends,ban,1,Chou,https://liquipedia.net/mobilelegends/MPL/Indonesia/Season_9/Regular_Season | https://github.com/LiTianYeoh/MLBB_Tournament_Analysis/blob/94ea36800e80c9e89a2356a0b81d3eeafbd6a4f7/analysis/data/consolidated_game_data_20240505.csv
9,S9-RS-037,2,EVOS Legends,ban,2,Dyrroth,https://liquipedia.net/mobilelegends/MPL/Indonesia/Season_9/Regular_Season | https://github.com/LiTianYeoh/MLBB_Tournament_Analysis/blob/94ea36800e80c9e89a2356a0b81d3eeafbd6a4f7/analysis/data/consolidated_game_data_20240505.csv
9,S9-RS-037,2,EVOS Legends,ban,3,Lancelot,https://liquipedia.net/mobilelegends/MPL/Indonesia/Season_9/Regular_Season | https://github.com/LiTianYeoh/MLBB_Tournament_Analysis/blob/94ea36800e80c9e89a2356a0b81d3eeafbd6a4f7/analysis/data/consolidated_game_data_20240505.csv
9,S9-RS-037,2,EVOS Legends,ban,4,Franco,https://liquipedia.net/mobilelegends/MPL/Indonesia/Season_9/Regular_Season | https://github.com/LiTianYeoh/MLBB_Tournament_Analysis/blob/94ea36800e80c9e89a2356a0b81d3eeafbd6a4f7/analysis/data/consolidated_game_data_20240505.csv
9,S9-RS-037,2,EVOS Legends,ban,5,Esmeralda,https://liquipedia.net/mobilelegends/MPL/Indonesia/Season_9/Regular_Season | https://github.com/LiTianYeoh/MLBB_Tournament_Analysis/blob/94ea36800e80c9e89a2356a0b81d3eeafbd6a4f7/analysis/data/consolidated_game_data_20240505.csv
9,S9-RS-037,2,EVOS Legends,pick,1,Melissa,https://liquipedia.net/mobilelegends/MPL/Indonesia/Season_9/Regular_Season | https://github.com/LiTianYeoh/MLBB_Tournament_Analysis/blob/94ea36800e80c9e89a2356a0b81d3eeafbd6a4f7/analysis/data/consolidated_game_data_20240505.csv
9,S9-RS-037,2,EVOS Legends,pick,2,Hayabusa,https://liquipedia.net/mobilelegends/MPL/Indonesia/Season_9/Regular_Season | https://github.com/LiTianYeoh/MLBB_Tournament_Analysis/blob/94ea36800e80c9e89a2356a0b81d3eeafbd6a4f7/analysis/data/consolidated_game_data_20240505.csv
9,S9-RS-037,2,EVOS Legends,pick,3,Uranus,https://liquipedia.net/mobilelegends/MPL/Indonesia/Season_9/Regular_Season | https://github.com/LiTianYeoh/MLBB_Tournament_Analysis/blob/94ea36800e80c9e89a2356a0b81d3eeafbd6a4f7/analysis/data/consolidated_game_data_20240505.csv
9,S9-RS-037,2,EVOS Legends,pick,4,Kagura,https://liquipedia.net/mobilelegends/MPL/Indonesia/Season_9/Regular_Season | https://github.com/LiTianYeoh/MLBB_Tournament_Analysis/blob/94ea36800e80c9e89a2356a0b81d3eeafbd6a4f7/analysis/data/consolidated_game_data_20240505.csv
9,S9-RS-037,2,EVOS Legends,pick,5,Masha,https://liquipedia.net/mobilelegends/MPL/Indonesia/Season_9/Regular_Season | https://github.com/LiTianYeoh/MLBB_Tournament_Analysis/blob/94ea36800e80c9e89a2356a0b81d3eeafbd6a4f7/analysis/data/consolidated_game_data_20240505.csv
9,S9-RS-037,3,Alter Ego,ban,1,Fanny,https://liquipedia.net/mobilelegends/MPL/Indonesia/Season_9/Regular_Season | https://github.com/LiTianYeoh/MLBB_Tournament_Analysis/blob/94ea36800e80c9e89a2356a0b81d3eeafbd6a4f7/analysis/data/consolidated_game_data_20240505.csv
9,S9-RS-037,3,Alter Ego,ban,2,Grock,https://liquipedia.net/mobilelegends/MPL/Indonesia/Season_9/Regular_Season | https://github.com/LiTianYeoh/MLBB_Tournament_Analysis/blob/94ea36800e80c9e89a2356a0b81d3eeafbd6a4f7/analysis/data/consolidated_game_data_20240505.csv
9,S9-RS-037,3,Alter Ego,ban,3,Yve,https://liquipedia.net/mobilelegends/MPL/Indonesia/Season_9/Regular_Season | https://github.com/LiTianYeoh/MLBB_Tournament_Analysis/blob/94ea36800e80c9e89a2356a0b81d3eeafbd6a4f7/analysis/data/consolidated_game_data_20240505.csv
9,S9-RS-037,3,Alter Ego,ban,4,Rafaela,https://liquipedia.net/mobilelegends/MPL/Indonesia/Season_9/Regular_Season | https://github.com/LiTianYeoh/MLBB_Tournament_Analysis/blob/94ea36800e80c9e89a2356a0b81d3eeafbd6a4f7/analysis/data/consolidated_game_data_20240505.csv
9,S9-RS-037,3,Alter Ego,ban,5,Mathilda,https://liquipedia.net/mobilelegends/MPL/Indonesia/Season_9/Regular_Season | https://github.com/LiTianYeoh/MLBB_Tournament_Analysis/blob/94ea36800e80c9e89a2356a0b81d3eeafbd6a4f7/analysis/data/consolidated_game_data_20240505.csv
9,S9-RS-037,3,Alter Ego,pick,1,Masha,https://liquipedia.net/mobilelegends/MPL/Indonesia/Season_9/Regular_Season | https://github.com/LiTianYeoh/MLBB_Tournament_Analysis/blob/94ea36800e80c9e89a2356a0b81d3eeafbd6a4f7/analysis/data/consolidated_game_data_20240505.csv
9,S9-RS-037,3,Alter Ego,pick,2,Uranus,https://liquipedia.net/mobilelegends/MPL/Indonesia/Season_9/Regular_Season | https://github.com/LiTianYeoh/MLBB_Tournament_Analysis/blob/94ea36800e80c9e89a2356a0b81d3eeafbd6a4f7/analysis/data/consolidated_game_data_20240505.csv
9,S9-RS-037,3,Alter Ego,pick,3,Baxia,https://liquipedia.net/mobilelegends/MPL/Indonesia/Season_9/Regular_Season | https://github.com/LiTianYeoh/MLBB_Tournament_Analysis/blob/94ea36800e80c9e89a2356a0b81d3eeafbd6a4f7/analysis/data/consolidated_game_data_20240505.csv
9,S9-RS-037,3,Alter Ego,pick,4,Cecilion,https://liquipedia.net/mobilelegends/MPL/Indonesia/Season_9/Regular_Season | https://github.com/LiTianYeoh/MLBB_Tournament_Analysis/blob/94ea36800e80c9e89a2356a0b81d3eeafbd6a4f7/analysis/data/consolidated_game_data_20240505.csv
9,S9-RS-037,3,Alter Ego,pick,5,Melissa,https://liquipedia.net/mobilelegends/MPL/Indonesia/Season_9/Regular_Season | https://github.com/LiTianYeoh/MLBB_Tournament_Analysis/blob/94ea36800e80c9e89a2356a0b81d3eeafbd6a4f7/analysis/data/consolidated_game_data_20240505.csv
9,S9-RS-037,3,EVOS Legends,ban,1,Phoveus,https://liquipedia.net/mobilelegends/MPL/Indonesia/Season_9/Regular_Season | https://github.com/LiTianYeoh/MLBB_Tournament_Analysis/blob/94ea36800e80c9e89a2356a0b81d3eeafbd6a4f7/analysis/data/consolidated_game_data_20240505.csv
9,S9-RS-037,3,EVOS Legends,ban,2,Beatrix,https://liquipedia.net/mobilelegends/MPL/Indonesia/Season_9/Regular_Season | https://github.com/LiTianYeoh/MLBB_Tournament_Analysis/blob/94ea36800e80c9e89a2356a0b81d3eeafbd6a4f7/analysis/data/consolidated_game_data_20240505.csv
9,S9-RS-037,3,EVOS Legends,ban,3,Angela,https://liquipedia.net/mobilelegends/MPL/Indonesia/Season_9/Regular_Season | https://github.com/LiTianYeoh/MLBB_Tournament_Analysis/blob/94ea36800e80c9e89a2356a0b81d3eeafbd6a4f7/analysis/data/consolidated_game_data_20240505.csv
9,S9-RS-037,3,EVOS Legends,ban,4,Valentina,https://liquipedia.net/mobilelegends/MPL/Indonesia/Season_9/Regular_Season | https://github.com/LiTianYeoh/MLBB_Tournament_Analysis/blob/94ea36800e80c9e89a2356a0b81d3eeafbd6a4f7/analysis/data/consolidated_game_data_20240505.csv
9,S9-RS-037,3,EVOS Legends,ban,5,Esmeralda,https://liquipedia.net/mobilelegends/MPL/Indonesia/Season_9/Regular_Season | https://github.com/LiTianYeoh/MLBB_Tournament_Analysis/blob/94ea36800e80c9e89a2356a0b81d3eeafbd6a4f7/analysis/data/consolidated_game_data_20240505.csv
9,S9-RS-037,3,EVOS Legends,pick,1,Franco,https://liquipedia.net/mobilelegends/MPL/Indonesia/Season_9/Regular_Season | https://github.com/LiTianYeoh/MLBB_Tournament_Analysis/blob/94ea36800e80c9e89a2356a0b81d3eeafbd6a4f7/analysis/data/consolidated_game_data_20240505.csv
9,S9-RS-037,3,EVOS Legends,pick,2,Paquito,https://liquipedia.net/mobilelegends/MPL/Indonesia/Season_9/Regular_Season | https://github.com/LiTianYeoh/MLBB_Tournament_Analysis/blob/94ea36800e80c9e89a2356a0b81d3eeafbd6a4f7/analysis/data/consolidated_game_data_20240505.csv
9,S9-RS-037,3,EVOS Legends,pick,3,Wanwan,https://liquipedia.net/mobilelegends/MPL/Indonesia/Season_9/Regular_Season | https://github.com/LiTianYeoh/MLBB_Tournament_Analysis/blob/94ea36800e80c9e89a2356a0b81d3eeafbd6a4f7/analysis/data/consolidated_game_data_20240505.csv
9,S9-RS-037,3,EVOS Legends,pick,4,Karina,https://liquipedia.net/mobilelegends/MPL/Indonesia/Season_9/Regular_Season | https://github.com/LiTianYeoh/MLBB_Tournament_Analysis/blob/94ea36800e80c9e89a2356a0b81d3eeafbd6a4f7/analysis/data/consolidated_game_data_20240505.csv
9,S9-RS-037,3,EVOS Legends,pick,5,Lylia,https://liquipedia.net/mobilelegends/MPL/Indonesia/Season_9/Regular_Season | https://github.com/LiTianYeoh/MLBB_Tournament_Analysis/blob/94ea36800e80c9e89a2356a0b81d3eeafbd6a4f7/analysis/data/consolidated_game_data_20240505.csv
9,S9-RS-038,1,RRQ Hoshi,ban,1,Wanwan,https://liquipedia.net/mobilelegends/MPL/Indonesia/Season_9/Regular_Season | https://github.com/LiTianYeoh/MLBB_Tournament_Analysis/blob/94ea36800e80c9e89a2356a0b81d3eeafbd6a4f7/analysis/data/consolidated_game_data_20240505.csv
9,S9-RS-038,1,RRQ Hoshi,ban,2,Fanny,https://liquipedia.net/mobilelegends/MPL/Indonesia/Season_9/Regular_Season | https://github.com/LiTianYeoh/MLBB_Tournament_Analysis/blob/94ea36800e80c9e89a2356a0b81d3eeafbd6a4f7/analysis/data/consolidated_game_data_20240505.csv
9,S9-RS-038,1,RRQ Hoshi,ban,3,Masha,https://liquipedia.net/mobilelegends/MPL/Indonesia/Season_9/Regular_Season | https://github.com/LiTianYeoh/MLBB_Tournament_Analysis/blob/94ea36800e80c9e89a2356a0b81d3eeafbd6a4f7/analysis/data/consolidated_game_data_20240505.csv
9,S9-RS-038,1,RRQ Hoshi,ban,4,X.Borg,https://liquipedia.net/mobilelegends/MPL/Indonesia/Season_9/Regular_Season | https://github.com/LiTianYeoh/MLBB_Tournament_Analysis/blob/94ea36800e80c9e89a2356a0b81d3eeafbd6a4f7/analysis/data/consolidated_game_data_20240505.csv
9,S9-RS-038,1,RRQ Hoshi,ban,5,Balmond,https://liquipedia.net/mobilelegends/MPL/Indonesia/Season_9/Regular_Season | https://github.com/LiTianYeoh/MLBB_Tournament_Analysis/blob/94ea36800e80c9e89a2356a0b81d3eeafbd6a4f7/analysis/data/consolidated_game_data_20240505.csv
9,S9-RS-038,1,RRQ Hoshi,pick,1,Baxia,https://liquipedia.net/mobilelegends/MPL/Indonesia/Season_9/Regular_Season | https://github.com/LiTianYeoh/MLBB_Tournament_Analysis/blob/94ea36800e80c9e89a2356a0b81d3eeafbd6a4f7/analysis/data/consolidated_game_data_20240505.csv
9,S9-RS-038,1,RRQ Hoshi,pick,2,Franco,https://liquipedia.net/mobilelegends/MPL/Indonesia/Season_9/Regular_Season | https://github.com/LiTianYeoh/MLBB_Tournament_Analysis/blob/94ea36800e80c9e89a2356a0b81d3eeafbd6a4f7/analysis/data/consolidated_game_data_20240505.csv
9,S9-RS-038,1,RRQ Hoshi,pick,3,Grock,https://liquipedia.net/mobilelegends/MPL/Indonesia/Season_9/Regular_Season | https://github.com/LiTianYeoh/MLBB_Tournament_Analysis/blob/94ea36800e80c9e89a2356a0b81d3eeafbd6a4f7/analysis/data/consolidated_game_data_20240505.csv
9,S9-RS-038,1,RRQ Hoshi,pick,4,Clint,https://liquipedia.net/mobilelegends/MPL/Indonesia/Season_9/Regular_Season | https://github.com/LiTianYeoh/MLBB_Tournament_Analysis/blob/94ea36800e80c9e89a2356a0b81d3eeafbd6a4f7/analysis/data/consolidated_game_data_20240505.csv
9,S9-RS-038,1,RRQ Hoshi,pick,5,Vale,https://liquipedia.net/mobilelegends/MPL/Indonesia/Season_9/Regular_Season | https://github.com/LiTianYeoh/MLBB_Tournament_Analysis/blob/94ea36800e80c9e89a2356a0b81d3eeafbd6a4f7/analysis/data/consolidated_game_data_20240505.csv
9,S9-RS-038,1,Geek Fam ID,ban,1,Cecilion,https://liquipedia.net/mobilelegends/MPL/Indonesia/Season_9/Regular_Season | https://github.com/LiTianYeoh/MLBB_Tournament_Analysis/blob/94ea36800e80c9e89a2356a0b81d3eeafbd6a4f7/analysis/data/consolidated_game_data_20240505.csv
9,S9-RS-038,1,Geek Fam ID,ban,2,Pharsa,https://liquipedia.net/mobilelegends/MPL/Indonesia/Season_9/Regular_Season | https://github.com/LiTianYeoh/MLBB_Tournament_Analysis/blob/94ea36800e80c9e89a2356a0b81d3eeafbd6a4f7/analysis/data/consolidated_game_data_20240505.csv
9,S9-RS-038,1,Geek Fam ID,ban,3,Valentina,https://liquipedia.net/mobilelegends/MPL/Indonesia/Season_9/Regular_Season | https://github.com/LiTianYeoh/MLBB_Tournament_Analysis/blob/94ea36800e80c9e89a2356a0b81d3eeafbd6a4f7/analysis/data/consolidated_game_data_20240505.csv
9,S9-RS-038,1,Geek Fam ID,ban,4,Ling,https://liquipedia.net/mobilelegends/MPL/Indonesia/Season_9/Regular_Season | https://github.com/LiTianYeoh/MLBB_Tournament_Analysis/blob/94ea36800e80c9e89a2356a0b81d3eeafbd6a4f7/analysis/data/consolidated_game_data_20240505.csv
9,S9-RS-038,1,Geek Fam ID,ban,5,Lancelot,https://liquipedia.net/mobilelegends/MPL/Indonesia/Season_9/Regular_Season | https://github.com/LiTianYeoh/MLBB_Tournament_Analysis/blob/94ea36800e80c9e89a2356a0b81d3eeafbd6a4f7/analysis/data/consolidated_game_data_20240505.csv
9,S9-RS-038,1,Geek Fam ID,pick,1,Karrie,https://liquipedia.net/mobilelegends/MPL/Indonesia/Season_9/Regular_Season | https://github.com/LiTianYeoh/MLBB_Tournament_Analysis/blob/94ea36800e80c9e89a2356a0b81d3eeafbd6a4f7/analysis/data/consolidated_game_data_20240505.csv
9,S9-RS-038,1,Geek Fam ID,pick,2,Valir,https://liquipedia.net/mobilelegends/MPL/Indonesia/Season_9/Regular_Season | https://github.com/LiTianYeoh/MLBB_Tournament_Analysis/blob/94ea36800e80c9e89a2356a0b81d3eeafbd6a4f7/analysis/data/consolidated_game_data_20240505.csv
9,S9-RS-038,1,Geek Fam ID,pick,3,Chou,https://liquipedia.net/mobilelegends/MPL/Indonesia/Season_9/Regular_Season | https://github.com/LiTianYeoh/MLBB_Tournament_Analysis/blob/94ea36800e80c9e89a2356a0b81d3eeafbd6a4f7/analysis/data/consolidated_game_data_20240505.csv
9,S9-RS-038,1,Geek Fam ID,pick,4,Yve,https://liquipedia.net/mobilelegends/MPL/Indonesia/Season_9/Regular_Season | https://github.com/LiTianYeoh/MLBB_Tournament_Analysis/blob/94ea36800e80c9e89a2356a0b81d3eeafbd6a4f7/analysis/data/consolidated_game_data_20240505.csv
9,S9-RS-038,1,Geek Fam ID,pick,5,Beatrix,https://liquipedia.net/mobilelegends/MPL/Indonesia/Season_9/Regular_Season | https://github.com/LiTianYeoh/MLBB_Tournament_Analysis/blob/94ea36800e80c9e89a2356a0b81d3eeafbd6a4f7/analysis/data/consolidated_game_data_20240505.csv
9,S9-RS-038,2,RRQ Hoshi,ban,1,Wanwan,https://liquipedia.net/mobilelegends/MPL/Indonesia/Season_9/Regular_Season | https://github.com/LiTianYeoh/MLBB_Tournament_Analysis/blob/94ea36800e80c9e89a2356a0b81d3eeafbd6a4f7/analysis/data/consolidated_game_data_20240505.csv
9,S9-RS-038,2,RRQ Hoshi,ban,2,Fanny,https://liquipedia.net/mobilelegends/MPL/Indonesia/Season_9/Regular_Season | https://github.com/LiTianYeoh/MLBB_Tournament_Analysis/blob/94ea36800e80c9e89a2356a0b81d3eeafbd6a4f7/analysis/data/consolidated_game_data_20240505.csv
9,S9-RS-038,2,RRQ Hoshi,ban,3,X.Borg,https://liquipedia.net/mobilelegends/MPL/Indonesia/Season_9/Regular_Season | https://github.com/LiTianYeoh/MLBB_Tournament_Analysis/blob/94ea36800e80c9e89a2356a0b81d3eeafbd6a4f7/analysis/data/consolidated_game_data_20240505.csv
9,S9-RS-038,2,RRQ Hoshi,ban,4,Balmond,https://liquipedia.net/mobilelegends/MPL/Indonesia/Season_9/Regular_Season | https://github.com/LiTianYeoh/MLBB_Tournament_Analysis/blob/94ea36800e80c9e89a2356a0b81d3eeafbd6a4f7/analysis/data/consolidated_game_data_20240505.csv
9,S9-RS-038,2,RRQ Hoshi,ban,5,Karina,https://liquipedia.net/mobilelegends/MPL/Indonesia/Season_9/Regular_Season | https://github.com/LiTianYeoh/MLBB_Tournament_Analysis/blob/94ea36800e80c9e89a2356a0b81d3eeafbd6a4f7/analysis/data/consolidated_game_data_20240505.csv
9,S9-RS-038,2,RRQ Hoshi,pick,1,Baxia,https://liquipedia.net/mobilelegends/MPL/Indonesia/Season_9/Regular_Season | https://github.com/LiTianYeoh/MLBB_Tournament_Analysis/blob/94ea36800e80c9e89a2356a0b81d3eeafbd6a4f7/analysis/data/consolidated_game_data_20240505.csv
9,S9-RS-038,2,RRQ Hoshi,pick,2,Masha,https://liquipedia.net/mobilelegends/MPL/Indonesia/Season_9/Regular_Season | https://github.com/LiTianYeoh/MLBB_Tournament_Analysis/blob/94ea36800e80c9e89a2356a0b81d3eeafbd6a4f7/analysis/data/consolidated_game_data_20240505.csv
9,S9-RS-038,2,RRQ Hoshi,pick,3,Cecilion,https://liquipedia.net/mobilelegends/MPL/Indonesia/Season_9/Regular_Season | https://github.com/LiTianYeoh/MLBB_Tournament_Analysis/blob/94ea36800e80c9e89a2356a0b81d3eeafbd6a4f7/analysis/data/consolidated_game_data_20240505.csv
9,S9-RS-038,2,RRQ Hoshi,pick,4,Dyrroth,https://liquipedia.net/mobilelegends/MPL/Indonesia/Season_9/Regular_Season | https://github.com/LiTianYeoh/MLBB_Tournament_Analysis/blob/94ea36800e80c9e89a2356a0b81d3eeafbd6a4f7/analysis/data/consolidated_game_data_20240505.csv
9,S9-RS-038,2,RRQ Hoshi,pick,5,Lunox,https://liquipedia.net/mobilelegends/MPL/Indonesia/Season_9/Regular_Season | https://github.com/LiTianYeoh/MLBB_Tournament_Analysis/blob/94ea36800e80c9e89a2356a0b81d3eeafbd6a4f7/analysis/data/consolidated_game_data_20240505.csv
9,S9-RS-038,2,Geek Fam ID,ban,1,Beatrix,https://liquipedia.net/mobilelegends/MPL/Indonesia/Season_9/Regular_Season | https://github.com/LiTianYeoh/MLBB_Tournament_Analysis/blob/94ea36800e80c9e89a2356a0b81d3eeafbd6a4f7/analysis/data/consolidated_game_data_20240505.csv
9,S9-RS-038,2,Geek Fam ID,ban,2,Franco,https://liquipedia.net/mobilelegends/MPL/Indonesia/Season_9/Regular_Season | https://github.com/LiTianYeoh/MLBB_Tournament_Analysis/blob/94ea36800e80c9e89a2356a0b81d3eeafbd6a4f7/analysis/data/consolidated_game_data_20240505.csv
9,S9-RS-038,2,Geek Fam ID,ban,3,Phoveus,https://liquipedia.net/mobilelegends/MPL/Indonesia/Season_9/Regular_Season | https://github.com/LiTianYeoh/MLBB_Tournament_Analysis/blob/94ea36800e80c9e89a2356a0b81d3eeafbd6a4f7/analysis/data/consolidated_game_data_20240505.csv
9,S9-RS-038,2,Geek Fam ID,ban,4,Ling,https://liquipedia.net/mobilelegends/MPL/Indonesia/Season_9/Regular_Season | https://github.com/LiTianYeoh/MLBB_Tournament_Analysis/blob/94ea36800e80c9e89a2356a0b81d3eeafbd6a4f7/analysis/data/consolidated_game_data_20240505.csv
9,S9-RS-038,2,Geek Fam ID,ban,5,Lancelot,https://liquipedia.net/mobilelegends/MPL/Indonesia/Season_9/Regular_Season | https://github.com/LiTianYeoh/MLBB_Tournament_Analysis/blob/94ea36800e80c9e89a2356a0b81d3eeafbd6a4f7/analysis/data/consolidated_game_data_20240505.csv
9,S9-RS-038,2,Geek Fam ID,pick,1,Karrie,https://liquipedia.net/mobilelegends/MPL/Indonesia/Season_9/Regular_Season | https://github.com/LiTianYeoh/MLBB_Tournament_Analysis/blob/94ea36800e80c9e89a2356a0b81d3eeafbd6a4f7/analysis/data/consolidated_game_data_20240505.csv
9,S9-RS-038,2,Geek Fam ID,pick,2,Yve,https://liquipedia.net/mobilelegends/MPL/Indonesia/Season_9/Regular_Season | https://github.com/LiTianYeoh/MLBB_Tournament_Analysis/blob/94ea36800e80c9e89a2356a0b81d3eeafbd6a4f7/analysis/data/consolidated_game_data_20240505.csv
9,S9-RS-038,2,Geek Fam ID,pick,3,Uranus,https://liquipedia.net/mobilelegends/MPL/Indonesia/Season_9/Regular_Season | https://github.com/LiTianYeoh/MLBB_Tournament_Analysis/blob/94ea36800e80c9e89a2356a0b81d3eeafbd6a4f7/analysis/data/consolidated_game_data_20240505.csv
9,S9-RS-038,2,Geek Fam ID,pick,4,Grock,https://liquipedia.net/mobilelegends/MPL/Indonesia/Season_9/Regular_Season | https://github.com/LiTianYeoh/MLBB_Tournament_Analysis/blob/94ea36800e80c9e89a2356a0b81d3eeafbd6a4f7/analysis/data/consolidated_game_data_20240505.csv
9,S9-RS-038,2,Geek Fam ID,pick,5,Valentina,https://liquipedia.net/mobilelegends/MPL/Indonesia/Season_9/Regular_Season | https://github.com/LiTianYeoh/MLBB_Tournament_Analysis/blob/94ea36800e80c9e89a2356a0b81d3eeafbd6a4f7/analysis/data/consolidated_game_data_20240505.csv
9,S9-RS-039,1,AURA Fire,ban,1,Johnson,https://liquipedia.net/mobilelegends/MPL/Indonesia/Season_9/Regular_Season | https://github.com/LiTianYeoh/MLBB_Tournament_Analysis/blob/94ea36800e80c9e89a2356a0b81d3eeafbd6a4f7/analysis/data/consolidated_game_data_20240505.csv
9,S9-RS-039,1,AURA Fire,ban,2,Natalia,https://liquipedia.net/mobilelegends/MPL/Indonesia/Season_9/Regular_Season | https://github.com/LiTianYeoh/MLBB_Tournament_Analysis/blob/94ea36800e80c9e89a2356a0b81d3eeafbd6a4f7/analysis/data/consolidated_game_data_20240505.csv
9,S9-RS-039,1,AURA Fire,ban,3,Masha,https://liquipedia.net/mobilelegends/MPL/Indonesia/Season_9/Regular_Season | https://github.com/LiTianYeoh/MLBB_Tournament_Analysis/blob/94ea36800e80c9e89a2356a0b81d3eeafbd6a4f7/analysis/data/consolidated_game_data_20240505.csv
9,S9-RS-039,1,AURA Fire,ban,4,Baxia,https://liquipedia.net/mobilelegends/MPL/Indonesia/Season_9/Regular_Season | https://github.com/LiTianYeoh/MLBB_Tournament_Analysis/blob/94ea36800e80c9e89a2356a0b81d3eeafbd6a4f7/analysis/data/consolidated_game_data_20240505.csv
9,S9-RS-039,1,AURA Fire,ban,5,Esmeralda,https://liquipedia.net/mobilelegends/MPL/Indonesia/Season_9/Regular_Season | https://github.com/LiTianYeoh/MLBB_Tournament_Analysis/blob/94ea36800e80c9e89a2356a0b81d3eeafbd6a4f7/analysis/data/consolidated_game_data_20240505.csv
9,S9-RS-039,1,AURA Fire,pick,1,Grock,https://liquipedia.net/mobilelegends/MPL/Indonesia/Season_9/Regular_Season | https://github.com/LiTianYeoh/MLBB_Tournament_Analysis/blob/94ea36800e80c9e89a2356a0b81d3eeafbd6a4f7/analysis/data/consolidated_game_data_20240505.csv
9,S9-RS-039,1,AURA Fire,pick,2,Karina,https://liquipedia.net/mobilelegends/MPL/Indonesia/Season_9/Regular_Season | https://github.com/LiTianYeoh/MLBB_Tournament_Analysis/blob/94ea36800e80c9e89a2356a0b81d3eeafbd6a4f7/analysis/data/consolidated_game_data_20240505.csv
9,S9-RS-039,1,AURA Fire,pick,3,Beatrix,https://liquipedia.net/mobilelegends/MPL/Indonesia/Season_9/Regular_Season | https://github.com/LiTianYeoh/MLBB_Tournament_Analysis/blob/94ea36800e80c9e89a2356a0b81d3eeafbd6a4f7/analysis/data/consolidated_game_data_20240505.csv
9,S9-RS-039,1,AURA Fire,pick,4,Angela,https://liquipedia.net/mobilelegends/MPL/Indonesia/Season_9/Regular_Season | https://github.com/LiTianYeoh/MLBB_Tournament_Analysis/blob/94ea36800e80c9e89a2356a0b81d3eeafbd6a4f7/analysis/data/consolidated_game_data_20240505.csv
9,S9-RS-039,1,AURA Fire,pick,5,Kadita,https://liquipedia.net/mobilelegends/MPL/Indonesia/Season_9/Regular_Season | https://github.com/LiTianYeoh/MLBB_Tournament_Analysis/blob/94ea36800e80c9e89a2356a0b81d3eeafbd6a4f7/analysis/data/consolidated_game_data_20240505.csv
9,S9-RS-039,1,Bigetron Alpha,ban,1,Pharsa,https://liquipedia.net/mobilelegends/MPL/Indonesia/Season_9/Regular_Season | https://github.com/LiTianYeoh/MLBB_Tournament_Analysis/blob/94ea36800e80c9e89a2356a0b81d3eeafbd6a4f7/analysis/data/consolidated_game_data_20240505.csv
9,S9-RS-039,1,Bigetron Alpha,ban,2,Lylia,https://liquipedia.net/mobilelegends/MPL/Indonesia/Season_9/Regular_Season | https://github.com/LiTianYeoh/MLBB_Tournament_Analysis/blob/94ea36800e80c9e89a2356a0b81d3eeafbd6a4f7/analysis/data/consolidated_game_data_20240505.csv
9,S9-RS-039,1,Bigetron Alpha,ban,3,Valentina,https://liquipedia.net/mobilelegends/MPL/Indonesia/Season_9/Regular_Season | https://github.com/LiTianYeoh/MLBB_Tournament_Analysis/blob/94ea36800e80c9e89a2356a0b81d3eeafbd6a4f7/analysis/data/consolidated_game_data_20240505.csv
9,S9-RS-039,1,Bigetron Alpha,ban,4,Yve,https://liquipedia.net/mobilelegends/MPL/Indonesia/Season_9/Regular_Season | https://github.com/LiTianYeoh/MLBB_Tournament_Analysis/blob/94ea36800e80c9e89a2356a0b81d3eeafbd6a4f7/analysis/data/consolidated_game_data_20240505.csv
9,S9-RS-039,1,Bigetron Alpha,ban,5,Fanny,https://liquipedia.net/mobilelegends/MPL/Indonesia/Season_9/Regular_Season | https://github.com/LiTianYeoh/MLBB_Tournament_Analysis/blob/94ea36800e80c9e89a2356a0b81d3eeafbd6a4f7/analysis/data/consolidated_game_data_20240505.csv
9,S9-RS-039,1,Bigetron Alpha,pick,1,Barats,https://liquipedia.net/mobilelegends/MPL/Indonesia/Season_9/Regular_Season | https://github.com/LiTianYeoh/MLBB_Tournament_Analysis/blob/94ea36800e80c9e89a2356a0b81d3eeafbd6a4f7/analysis/data/consolidated_game_data_20240505.csv
9,S9-RS-039,1,Bigetron Alpha,pick,2,Hilda,https://liquipedia.net/mobilelegends/MPL/Indonesia/Season_9/Regular_Season | https://github.com/LiTianYeoh/MLBB_Tournament_Analysis/blob/94ea36800e80c9e89a2356a0b81d3eeafbd6a4f7/analysis/data/consolidated_game_data_20240505.csv
9,S9-RS-039,1,Bigetron Alpha,pick,3,Cecilion,https://liquipedia.net/mobilelegends/MPL/Indonesia/Season_9/Regular_Season | https://github.com/LiTianYeoh/MLBB_Tournament_Analysis/blob/94ea36800e80c9e89a2356a0b81d3eeafbd6a4f7/analysis/data/consolidated_game_data_20240505.csv
9,S9-RS-039,1,Bigetron Alpha,pick,4,Paquito,https://liquipedia.net/mobilelegends/MPL/Indonesia/Season_9/Regular_Season | https://github.com/LiTianYeoh/MLBB_Tournament_Analysis/blob/94ea36800e80c9e89a2356a0b81d3eeafbd6a4f7/analysis/data/consolidated_game_data_20240505.csv
9,S9-RS-039,1,Bigetron Alpha,pick,5,Mathilda,https://liquipedia.net/mobilelegends/MPL/Indonesia/Season_9/Regular_Season | https://github.com/LiTianYeoh/MLBB_Tournament_Analysis/blob/94ea36800e80c9e89a2356a0b81d3eeafbd6a4f7/analysis/data/consolidated_game_data_20240505.csv
9,S9-RS-039,2,AURA Fire,ban,1,Johnson,https://liquipedia.net/mobilelegends/MPL/Indonesia/Season_9/Regular_Season | https://github.com/LiTianYeoh/MLBB_Tournament_Analysis/blob/94ea36800e80c9e89a2356a0b81d3eeafbd6a4f7/analysis/data/consolidated_game_data_20240505.csv
9,S9-RS-039,2,AURA Fire,ban,2,Valentina,https://liquipedia.net/mobilelegends/MPL/Indonesia/Season_9/Regular_Season | https://github.com/LiTianYeoh/MLBB_Tournament_Analysis/blob/94ea36800e80c9e89a2356a0b81d3eeafbd6a4f7/analysis/data/consolidated_game_data_20240505.csv
9,S9-RS-039,2,AURA Fire,ban,3,Masha,https://liquipedia.net/mobilelegends/MPL/Indonesia/Season_9/Regular_Season | https://github.com/LiTianYeoh/MLBB_Tournament_Analysis/blob/94ea36800e80c9e89a2356a0b81d3eeafbd6a4f7/analysis/data/consolidated_game_data_20240505.csv
9,S9-RS-039,2,AURA Fire,ban,4,Selena,https://liquipedia.net/mobilelegends/MPL/Indonesia/Season_9/Regular_Season | https://github.com/LiTianYeoh/MLBB_Tournament_Analysis/blob/94ea36800e80c9e89a2356a0b81d3eeafbd6a4f7/analysis/data/consolidated_game_data_20240505.csv
9,S9-RS-039,2,AURA Fire,ban,5,Natalia,https://liquipedia.net/mobilelegends/MPL/Indonesia/Season_9/Regular_Season | https://github.com/LiTianYeoh/MLBB_Tournament_Analysis/blob/94ea36800e80c9e89a2356a0b81d3eeafbd6a4f7/analysis/data/consolidated_game_data_20240505.csv
9,S9-RS-039,2,AURA Fire,pick,1,Pharsa,https://liquipedia.net/mobilelegends/MPL/Indonesia/Season_9/Regular_Season | https://github.com/LiTianYeoh/MLBB_Tournament_Analysis/blob/94ea36800e80c9e89a2356a0b81d3eeafbd6a4f7/analysis/data/consolidated_game_data_20240505.csv
9,S9-RS-039,2,AURA Fire,pick,2,Baxia,https://liquipedia.net/mobilelegends/MPL/Indonesia/Season_9/Regular_Season | https://github.com/LiTianYeoh/MLBB_Tournament_Analysis/blob/94ea36800e80c9e89a2356a0b81d3eeafbd6a4f7/analysis/data/consolidated_game_data_20240505.csv
9,S9-RS-039,2,AURA Fire,pick,3,Kadita,https://liquipedia.net/mobilelegends/MPL/Indonesia/Season_9/Regular_Season | https://github.com/LiTianYeoh/MLBB_Tournament_Analysis/blob/94ea36800e80c9e89a2356a0b81d3eeafbd6a4f7/analysis/data/consolidated_game_data_20240505.csv
9,S9-RS-039,2,AURA Fire,pick,4,Balmond,https://liquipedia.net/mobilelegends/MPL/Indonesia/Season_9/Regular_Season | https://github.com/LiTianYeoh/MLBB_Tournament_Analysis/blob/94ea36800e80c9e89a2356a0b81d3eeafbd6a4f7/analysis/data/consolidated_game_data_20240505.csv
9,S9-RS-039,2,AURA Fire,pick,5,Brody,https://liquipedia.net/mobilelegends/MPL/Indonesia/Season_9/Regular_Season | https://github.com/LiTianYeoh/MLBB_Tournament_Analysis/blob/94ea36800e80c9e89a2356a0b81d3eeafbd6a4f7/analysis/data/consolidated_game_data_20240505.csv
9,S9-RS-039,2,Bigetron Alpha,ban,1,Beatrix,https://liquipedia.net/mobilelegends/MPL/Indonesia/Season_9/Regular_Season | https://github.com/LiTianYeoh/MLBB_Tournament_Analysis/blob/94ea36800e80c9e89a2356a0b81d3eeafbd6a4f7/analysis/data/consolidated_game_data_20240505.csv
9,S9-RS-039,2,Bigetron Alpha,ban,2,Karrie,https://liquipedia.net/mobilelegends/MPL/Indonesia/Season_9/Regular_Season | https://github.com/LiTianYeoh/MLBB_Tournament_Analysis/blob/94ea36800e80c9e89a2356a0b81d3eeafbd6a4f7/analysis/data/consolidated_game_data_20240505.csv
9,S9-RS-039,2,Bigetron Alpha,ban,3,Karina,https://liquipedia.net/mobilelegends/MPL/Indonesia/Season_9/Regular_Season | https://github.com/LiTianYeoh/MLBB_Tournament_Analysis/blob/94ea36800e80c9e89a2356a0b81d3eeafbd6a4f7/analysis/data/consolidated_game_data_20240505.csv
9,S9-RS-039,2,Bigetron Alpha,ban,4,Yve,https://liquipedia.net/mobilelegends/MPL/Indonesia/Season_9/Regular_Season | https://github.com/LiTianYeoh/MLBB_Tournament_Analysis/blob/94ea36800e80c9e89a2356a0b81d3eeafbd6a4f7/analysis/data/consolidated_game_data_20240505.csv
9,S9-RS-039,2,Bigetron Alpha,ban,5,Fanny,https://liquipedia.net/mobilelegends/MPL/Indonesia/Season_9/Regular_Season | https://github.com/LiTianYeoh/MLBB_Tournament_Analysis/blob/94ea36800e80c9e89a2356a0b81d3eeafbd6a4f7/analysis/data/consolidated_game_data_20240505.csv
9,S9-RS-039,2,Bigetron Alpha,pick,1,Paquito,https://liquipedia.net/mobilelegends/MPL/Indonesia/Season_9/Regular_Season | https://github.com/LiTianYeoh/MLBB_Tournament_Analysis/blob/94ea36800e80c9e89a2356a0b81d3eeafbd6a4f7/analysis/data/consolidated_game_data_20240505.csv
9,S9-RS-039,2,Bigetron Alpha,pick,2,Wanwan,https://liquipedia.net/mobilelegends/MPL/Indonesia/Season_9/Regular_Season | https://github.com/LiTianYeoh/MLBB_Tournament_Analysis/blob/94ea36800e80c9e89a2356a0b81d3eeafbd6a4f7/analysis/data/consolidated_game_data_20240505.csv
9,S9-RS-039,2,Bigetron Alpha,pick,3,Barats,https://liquipedia.net/mobilelegends/MPL/Indonesia/Season_9/Regular_Season | https://github.com/LiTianYeoh/MLBB_Tournament_Analysis/blob/94ea36800e80c9e89a2356a0b81d3eeafbd6a4f7/analysis/data/consolidated_game_data_20240505.csv
9,S9-RS-039,2,Bigetron Alpha,pick,4,Lylia,https://liquipedia.net/mobilelegends/MPL/Indonesia/Season_9/Regular_Season | https://github.com/LiTianYeoh/MLBB_Tournament_Analysis/blob/94ea36800e80c9e89a2356a0b81d3eeafbd6a4f7/analysis/data/consolidated_game_data_20240505.csv
9,S9-RS-039,2,Bigetron Alpha,pick,5,Grock,https://liquipedia.net/mobilelegends/MPL/Indonesia/Season_9/Regular_Season | https://github.com/LiTianYeoh/MLBB_Tournament_Analysis/blob/94ea36800e80c9e89a2356a0b81d3eeafbd6a4f7/analysis/data/consolidated_game_data_20240505.csv
9,S9-RS-040,1,EVOS Legends,ban,1,Yve,https://liquipedia.net/mobilelegends/MPL/Indonesia/Season_9/Regular_Season | https://github.com/LiTianYeoh/MLBB_Tournament_Analysis/blob/94ea36800e80c9e89a2356a0b81d3eeafbd6a4f7/analysis/data/consolidated_game_data_20240505.csv
9,S9-RS-040,1,EVOS Legends,ban,2,Cecilion,https://liquipedia.net/mobilelegends/MPL/Indonesia/Season_9/Regular_Season | https://github.com/LiTianYeoh/MLBB_Tournament_Analysis/blob/94ea36800e80c9e89a2356a0b81d3eeafbd6a4f7/analysis/data/consolidated_game_data_20240505.csv
9,S9-RS-040,1,EVOS Legends,ban,3,Baxia,https://liquipedia.net/mobilelegends/MPL/Indonesia/Season_9/Regular_Season | https://github.com/LiTianYeoh/MLBB_Tournament_Analysis/blob/94ea36800e80c9e89a2356a0b81d3eeafbd6a4f7/analysis/data/consolidated_game_data_20240505.csv
9,S9-RS-040,1,EVOS Legends,ban,4,Franco,https://liquipedia.net/mobilelegends/MPL/Indonesia/Season_9/Regular_Season | https://github.com/LiTianYeoh/MLBB_Tournament_Analysis/blob/94ea36800e80c9e89a2356a0b81d3eeafbd6a4f7/analysis/data/consolidated_game_data_20240505.csv
9,S9-RS-040,1,EVOS Legends,ban,5,Khufra,https://liquipedia.net/mobilelegends/MPL/Indonesia/Season_9/Regular_Season | https://github.com/LiTianYeoh/MLBB_Tournament_Analysis/blob/94ea36800e80c9e89a2356a0b81d3eeafbd6a4f7/analysis/data/consolidated_game_data_20240505.csv
9,S9-RS-040,1,EVOS Legends,pick,1,Grock,https://liquipedia.net/mobilelegends/MPL/Indonesia/Season_9/Regular_Season | https://github.com/LiTianYeoh/MLBB_Tournament_Analysis/blob/94ea36800e80c9e89a2356a0b81d3eeafbd6a4f7/analysis/data/consolidated_game_data_20240505.csv
9,S9-RS-040,1,EVOS Legends,pick,2,Fanny,https://liquipedia.net/mobilelegends/MPL/Indonesia/Season_9/Regular_Season | https://github.com/LiTianYeoh/MLBB_Tournament_Analysis/blob/94ea36800e80c9e89a2356a0b81d3eeafbd6a4f7/analysis/data/consolidated_game_data_20240505.csv
9,S9-RS-040,1,EVOS Legends,pick,3,Lylia,https://liquipedia.net/mobilelegends/MPL/Indonesia/Season_9/Regular_Season | https://github.com/LiTianYeoh/MLBB_Tournament_Analysis/blob/94ea36800e80c9e89a2356a0b81d3eeafbd6a4f7/analysis/data/consolidated_game_data_20240505.csv
9,S9-RS-040,1,EVOS Legends,pick,4,Paquito,https://liquipedia.net/mobilelegends/MPL/Indonesia/Season_9/Regular_Season | https://github.com/LiTianYeoh/MLBB_Tournament_Analysis/blob/94ea36800e80c9e89a2356a0b81d3eeafbd6a4f7/analysis/data/consolidated_game_data_20240505.csv
9,S9-RS-040,1,EVOS Legends,pick,5,Brody,https://liquipedia.net/mobilelegends/MPL/Indonesia/Season_9/Regular_Season | https://github.com/LiTianYeoh/MLBB_Tournament_Analysis/blob/94ea36800e80c9e89a2356a0b81d3eeafbd6a4f7/analysis/data/consolidated_game_data_20240505.csv
9,S9-RS-040,1,Rebellion Zion,ban,1,Hilda,https://liquipedia.net/mobilelegends/MPL/Indonesia/Season_9/Regular_Season | https://github.com/LiTianYeoh/MLBB_Tournament_Analysis/blob/94ea36800e80c9e89a2356a0b81d3eeafbd6a4f7/analysis/data/consolidated_game_data_20240505.csv
9,S9-RS-040,1,Rebellion Zion,ban,2,Dyrroth,https://liquipedia.net/mobilelegends/MPL/Indonesia/Season_9/Regular_Season | https://github.com/LiTianYeoh/MLBB_Tournament_Analysis/blob/94ea36800e80c9e89a2356a0b81d3eeafbd6a4f7/analysis/data/consolidated_game_data_20240505.csv
9,S9-RS-040,1,Rebellion Zion,ban,3,Wanwan,https://liquipedia.net/mobilelegends/MPL/Indonesia/Season_9/Regular_Season | https://github.com/LiTianYeoh/MLBB_Tournament_Analysis/blob/94ea36800e80c9e89a2356a0b81d3eeafbd6a4f7/analysis/data/consolidated_game_data_20240505.csv
9,S9-RS-040,1,Rebellion Zion,ban,4,Karina,https://liquipedia.net/mobilelegends/MPL/Indonesia/Season_9/Regular_Season | https://github.com/LiTianYeoh/MLBB_Tournament_Analysis/blob/94ea36800e80c9e89a2356a0b81d3eeafbd6a4f7/analysis/data/consolidated_game_data_20240505.csv
9,S9-RS-040,1,Rebellion Zion,ban,5,Valentina,https://liquipedia.net/mobilelegends/MPL/Indonesia/Season_9/Regular_Season | https://github.com/LiTianYeoh/MLBB_Tournament_Analysis/blob/94ea36800e80c9e89a2356a0b81d3eeafbd6a4f7/analysis/data/consolidated_game_data_20240505.csv
9,S9-RS-040,1,Rebellion Zion,pick,1,Esmeralda,https://liquipedia.net/mobilelegends/MPL/Indonesia/Season_9/Regular_Season | https://github.com/LiTianYeoh/MLBB_Tournament_Analysis/blob/94ea36800e80c9e89a2356a0b81d3eeafbd6a4f7/analysis/data/consolidated_game_data_20240505.csv
9,S9-RS-040,1,Rebellion Zion,pick,2,Masha,https://liquipedia.net/mobilelegends/MPL/Indonesia/Season_9/Regular_Season | https://github.com/LiTianYeoh/MLBB_Tournament_Analysis/blob/94ea36800e80c9e89a2356a0b81d3eeafbd6a4f7/analysis/data/consolidated_game_data_20240505.csv
9,S9-RS-040,1,Rebellion Zion,pick,3,Kagura,https://liquipedia.net/mobilelegends/MPL/Indonesia/Season_9/Regular_Season | https://github.com/LiTianYeoh/MLBB_Tournament_Analysis/blob/94ea36800e80c9e89a2356a0b81d3eeafbd6a4f7/analysis/data/consolidated_game_data_20240505.csv
9,S9-RS-040,1,Rebellion Zion,pick,4,Hayabusa,https://liquipedia.net/mobilelegends/MPL/Indonesia/Season_9/Regular_Season | https://github.com/LiTianYeoh/MLBB_Tournament_Analysis/blob/94ea36800e80c9e89a2356a0b81d3eeafbd6a4f7/analysis/data/consolidated_game_data_20240505.csv
9,S9-RS-040,1,Rebellion Zion,pick,5,Chou,https://liquipedia.net/mobilelegends/MPL/Indonesia/Season_9/Regular_Season | https://github.com/LiTianYeoh/MLBB_Tournament_Analysis/blob/94ea36800e80c9e89a2356a0b81d3eeafbd6a4f7/analysis/data/consolidated_game_data_20240505.csv
9,S9-RS-040,2,EVOS Legends,ban,1,Masha,https://liquipedia.net/mobilelegends/MPL/Indonesia/Season_9/Regular_Season | https://github.com/LiTianYeoh/MLBB_Tournament_Analysis/blob/94ea36800e80c9e89a2356a0b81d3eeafbd6a4f7/analysis/data/consolidated_game_data_20240505.csv
9,S9-RS-040,2,EVOS Legends,ban,2,Baxia,https://liquipedia.net/mobilelegends/MPL/Indonesia/Season_9/Regular_Season | https://github.com/LiTianYeoh/MLBB_Tournament_Analysis/blob/94ea36800e80c9e89a2356a0b81d3eeafbd6a4f7/analysis/data/consolidated_game_data_20240505.csv
9,S9-RS-040,2,EVOS Legends,ban,3,Yve,https://liquipedia.net/mobilelegends/MPL/Indonesia/Season_9/Regular_Season | https://github.com/LiTianYeoh/MLBB_Tournament_Analysis/blob/94ea36800e80c9e89a2356a0b81d3eeafbd6a4f7/analysis/data/consolidated_game_data_20240505.csv
9,S9-RS-040,2,EVOS Legends,ban,4,Beatrix,https://liquipedia.net/mobilelegends/MPL/Indonesia/Season_9/Regular_Season | https://github.com/LiTianYeoh/MLBB_Tournament_Analysis/blob/94ea36800e80c9e89a2356a0b81d3eeafbd6a4f7/analysis/data/consolidated_game_data_20240505.csv
9,S9-RS-040,2,EVOS Legends,ban,5,Chou,https://liquipedia.net/mobilelegends/MPL/Indonesia/Season_9/Regular_Season | https://github.com/LiTianYeoh/MLBB_Tournament_Analysis/blob/94ea36800e80c9e89a2356a0b81d3eeafbd6a4f7/analysis/data/consolidated_game_data_20240505.csv
9,S9-RS-040,2,EVOS Legends,pick,1,Hilda,https://liquipedia.net/mobilelegends/MPL/Indonesia/Season_9/Regular_Season | https://github.com/LiTianYeoh/MLBB_Tournament_Analysis/blob/94ea36800e80c9e89a2356a0b81d3eeafbd6a4f7/analysis/data/consolidated_game_data_20240505.csv
9,S9-RS-040,2,EVOS Legends,pick,2,Fanny,https://liquipedia.net/mobilelegends/MPL/Indonesia/Season_9/Regular_Season | https://github.com/LiTianYeoh/MLBB_Tournament_Analysis/blob/94ea36800e80c9e89a2356a0b81d3eeafbd6a4f7/analysis/data/consolidated_game_data_20240505.csv
9,S9-RS-040,2,EVOS Legends,pick,3,Esmeralda,https://liquipedia.net/mobilelegends/MPL/Indonesia/Season_9/Regular_Season | https://github.com/LiTianYeoh/MLBB_Tournament_Analysis/blob/94ea36800e80c9e89a2356a0b81d3eeafbd6a4f7/analysis/data/consolidated_game_data_20240505.csv
9,S9-RS-040,2,EVOS Legends,pick,4,Lylia,https://liquipedia.net/mobilelegends/MPL/Indonesia/Season_9/Regular_Season | https://github.com/LiTianYeoh/MLBB_Tournament_Analysis/blob/94ea36800e80c9e89a2356a0b81d3eeafbd6a4f7/analysis/data/consolidated_game_data_20240505.csv
9,S9-RS-040,2,EVOS Legends,pick,5,Popol and Kupa,https://liquipedia.net/mobilelegends/MPL/Indonesia/Season_9/Regular_Season | https://github.com/LiTianYeoh/MLBB_Tournament_Analysis/blob/94ea36800e80c9e89a2356a0b81d3eeafbd6a4f7/analysis/data/consolidated_game_data_20240505.csv
9,S9-RS-040,2,Rebellion Zion,ban,1,Pharsa,https://liquipedia.net/mobilelegends/MPL/Indonesia/Season_9/Regular_Season | https://github.com/LiTianYeoh/MLBB_Tournament_Analysis/blob/94ea36800e80c9e89a2356a0b81d3eeafbd6a4f7/analysis/data/consolidated_game_data_20240505.csv
9,S9-RS-040,2,Rebellion Zion,ban,2,Wanwan,https://liquipedia.net/mobilelegends/MPL/Indonesia/Season_9/Regular_Season | https://github.com/LiTianYeoh/MLBB_Tournament_Analysis/blob/94ea36800e80c9e89a2356a0b81d3eeafbd6a4f7/analysis/data/consolidated_game_data_20240505.csv
9,S9-RS-040,2,Rebellion Zion,ban,3,Grock,https://liquipedia.net/mobilelegends/MPL/Indonesia/Season_9/Regular_Season | https://github.com/LiTianYeoh/MLBB_Tournament_Analysis/blob/94ea36800e80c9e89a2356a0b81d3eeafbd6a4f7/analysis/data/consolidated_game_data_20240505.csv
9,S9-RS-040,2,Rebellion Zion,ban,4,Karina,https://liquipedia.net/mobilelegends/MPL/Indonesia/Season_9/Regular_Season | https://github.com/LiTianYeoh/MLBB_Tournament_Analysis/blob/94ea36800e80c9e89a2356a0b81d3eeafbd6a4f7/analysis/data/consolidated_game_data_20240505.csv
9,S9-RS-040,2,Rebellion Zion,ban,5,Valentina,https://liquipedia.net/mobilelegends/MPL/Indonesia/Season_9/Regular_Season | https://github.com/LiTianYeoh/MLBB_Tournament_Analysis/blob/94ea36800e80c9e89a2356a0b81d3eeafbd6a4f7/analysis/data/consolidated_game_data_20240505.csv
9,S9-RS-040,2,Rebellion Zion,pick,1,Paquito,https://liquipedia.net/mobilelegends/MPL/Indonesia/Season_9/Regular_Season | https://github.com/LiTianYeoh/MLBB_Tournament_Analysis/blob/94ea36800e80c9e89a2356a0b81d3eeafbd6a4f7/analysis/data/consolidated_game_data_20240505.csv
9,S9-RS-040,2,Rebellion Zion,pick,2,Brody,https://liquipedia.net/mobilelegends/MPL/Indonesia/Season_9/Regular_Season | https://github.com/LiTianYeoh/MLBB_Tournament_Analysis/blob/94ea36800e80c9e89a2356a0b81d3eeafbd6a4f7/analysis/data/consolidated_game_data_20240505.csv
9,S9-RS-040,2,Rebellion Zion,pick,3,Mathilda,https://liquipedia.net/mobilelegends/MPL/Indonesia/Season_9/Regular_Season | https://github.com/LiTianYeoh/MLBB_Tournament_Analysis/blob/94ea36800e80c9e89a2356a0b81d3eeafbd6a4f7/analysis/data/consolidated_game_data_20240505.csv
9,S9-RS-040,2,Rebellion Zion,pick,4,Khufra,https://liquipedia.net/mobilelegends/MPL/Indonesia/Season_9/Regular_Season | https://github.com/LiTianYeoh/MLBB_Tournament_Analysis/blob/94ea36800e80c9e89a2356a0b81d3eeafbd6a4f7/analysis/data/consolidated_game_data_20240505.csv
9,S9-RS-040,2,Rebellion Zion,pick,5,Cecilion,https://liquipedia.net/mobilelegends/MPL/Indonesia/Season_9/Regular_Season | https://github.com/LiTianYeoh/MLBB_Tournament_Analysis/blob/94ea36800e80c9e89a2356a0b81d3eeafbd6a4f7/analysis/data/consolidated_game_data_20240505.csv
9,S9-RS-040,3,EVOS Legends,ban,1,Yve,https://liquipedia.net/mobilelegends/MPL/Indonesia/Season_9/Regular_Season | https://github.com/LiTianYeoh/MLBB_Tournament_Analysis/blob/94ea36800e80c9e89a2356a0b81d3eeafbd6a4f7/analysis/data/consolidated_game_data_20240505.csv
9,S9-RS-040,3,EVOS Legends,ban,2,Cecilion,https://liquipedia.net/mobilelegends/MPL/Indonesia/Season_9/Regular_Season | https://github.com/LiTianYeoh/MLBB_Tournament_Analysis/blob/94ea36800e80c9e89a2356a0b81d3eeafbd6a4f7/analysis/data/consolidated_game_data_20240505.csv
9,S9-RS-040,3,EVOS Legends,ban,3,Baxia,https://liquipedia.net/mobilelegends/MPL/Indonesia/Season_9/Regular_Season | https://github.com/LiTianYeoh/MLBB_Tournament_Analysis/blob/94ea36800e80c9e89a2356a0b81d3eeafbd6a4f7/analysis/data/consolidated_game_data_20240505.csv
9,S9-RS-040,3,EVOS Legends,ban,4,Lancelot,https://liquipedia.net/mobilelegends/MPL/Indonesia/Season_9/Regular_Season | https://github.com/LiTianYeoh/MLBB_Tournament_Analysis/blob/94ea36800e80c9e89a2356a0b81d3eeafbd6a4f7/analysis/data/consolidated_game_data_20240505.csv
9,S9-RS-040,3,EVOS Legends,ban,5,Hylos,https://liquipedia.net/mobilelegends/MPL/Indonesia/Season_9/Regular_Season | https://github.com/LiTianYeoh/MLBB_Tournament_Analysis/blob/94ea36800e80c9e89a2356a0b81d3eeafbd6a4f7/analysis/data/consolidated_game_data_20240505.csv
9,S9-RS-040,3,EVOS Legends,pick,1,Karina,https://liquipedia.net/mobilelegends/MPL/Indonesia/Season_9/Regular_Season | https://github.com/LiTianYeoh/MLBB_Tournament_Analysis/blob/94ea36800e80c9e89a2356a0b81d3eeafbd6a4f7/analysis/data/consolidated_game_data_20240505.csv
9,S9-RS-040,3,EVOS Legends,pick,2,Esmeralda,https://liquipedia.net/mobilelegends/MPL/Indonesia/Season_9/Regular_Season | https://github.com/LiTianYeoh/MLBB_Tournament_Analysis/blob/94ea36800e80c9e89a2356a0b81d3eeafbd6a4f7/analysis/data/consolidated_game_data_20240505.csv
9,S9-RS-040,3,EVOS Legends,pick,3,Angela,https://liquipedia.net/mobilelegends/MPL/Indonesia/Season_9/Regular_Season | https://github.com/LiTianYeoh/MLBB_Tournament_Analysis/blob/94ea36800e80c9e89a2356a0b81d3eeafbd6a4f7/analysis/data/consolidated_game_data_20240505.csv
9,S9-RS-040,3,EVOS Legends,pick,4,Popol and Kupa,https://liquipedia.net/mobilelegends/MPL/Indonesia/Season_9/Regular_Season | https://github.com/LiTianYeoh/MLBB_Tournament_Analysis/blob/94ea36800e80c9e89a2356a0b81d3eeafbd6a4f7/analysis/data/consolidated_game_data_20240505.csv
9,S9-RS-040,3,EVOS Legends,pick,5,Pharsa,https://liquipedia.net/mobilelegends/MPL/Indonesia/Season_9/Regular_Season | https://github.com/LiTianYeoh/MLBB_Tournament_Analysis/blob/94ea36800e80c9e89a2356a0b81d3eeafbd6a4f7/analysis/data/consolidated_game_data_20240505.csv
9,S9-RS-040,3,Rebellion Zion,ban,1,Wanwan,https://liquipedia.net/mobilelegends/MPL/Indonesia/Season_9/Regular_Season | https://github.com/LiTianYeoh/MLBB_Tournament_Analysis/blob/94ea36800e80c9e89a2356a0b81d3eeafbd6a4f7/analysis/data/consolidated_game_data_20240505.csv
9,S9-RS-040,3,Rebellion Zion,ban,2,Kagura,https://liquipedia.net/mobilelegends/MPL/Indonesia/Season_9/Regular_Season | https://github.com/LiTianYeoh/MLBB_Tournament_Analysis/blob/94ea36800e80c9e89a2356a0b81d3eeafbd6a4f7/analysis/data/consolidated_game_data_20240505.csv
9,S9-RS-040,3,Rebellion Zion,ban,3,Grock,https://liquipedia.net/mobilelegends/MPL/Indonesia/Season_9/Regular_Season | https://github.com/LiTianYeoh/MLBB_Tournament_Analysis/blob/94ea36800e80c9e89a2356a0b81d3eeafbd6a4f7/analysis/data/consolidated_game_data_20240505.csv
9,S9-RS-040,3,Rebellion Zion,ban,4,Fanny,https://liquipedia.net/mobilelegends/MPL/Indonesia/Season_9/Regular_Season | https://github.com/LiTianYeoh/MLBB_Tournament_Analysis/blob/94ea36800e80c9e89a2356a0b81d3eeafbd6a4f7/analysis/data/consolidated_game_data_20240505.csv
9,S9-RS-040,3,Rebellion Zion,ban,5,Masha,https://liquipedia.net/mobilelegends/MPL/Indonesia/Season_9/Regular_Season | https://github.com/LiTianYeoh/MLBB_Tournament_Analysis/blob/94ea36800e80c9e89a2356a0b81d3eeafbd6a4f7/analysis/data/consolidated_game_data_20240505.csv
9,S9-RS-040,3,Rebellion Zion,pick,1,Yin,https://liquipedia.net/mobilelegends/MPL/Indonesia/Season_9/Regular_Season | https://github.com/LiTianYeoh/MLBB_Tournament_Analysis/blob/94ea36800e80c9e89a2356a0b81d3eeafbd6a4f7/analysis/data/consolidated_game_data_20240505.csv
9,S9-RS-040,3,Rebellion Zion,pick,2,Barats,https://liquipedia.net/mobilelegends/MPL/Indonesia/Season_9/Regular_Season | https://github.com/LiTianYeoh/MLBB_Tournament_Analysis/blob/94ea36800e80c9e89a2356a0b81d3eeafbd6a4f7/analysis/data/consolidated_game_data_20240505.csv
9,S9-RS-040,3,Rebellion Zion,pick,3,Beatrix,https://liquipedia.net/mobilelegends/MPL/Indonesia/Season_9/Regular_Season | https://github.com/LiTianYeoh/MLBB_Tournament_Analysis/blob/94ea36800e80c9e89a2356a0b81d3eeafbd6a4f7/analysis/data/consolidated_game_data_20240505.csv
9,S9-RS-040,3,Rebellion Zion,pick,4,Valentina,https://liquipedia.net/mobilelegends/MPL/Indonesia/Season_9/Regular_Season | https://github.com/LiTianYeoh/MLBB_Tournament_Analysis/blob/94ea36800e80c9e89a2356a0b81d3eeafbd6a4f7/analysis/data/consolidated_game_data_20240505.csv
9,S9-RS-040,3,Rebellion Zion,pick,5,Lylia,https://liquipedia.net/mobilelegends/MPL/Indonesia/Season_9/Regular_Season | https://github.com/LiTianYeoh/MLBB_Tournament_Analysis/blob/94ea36800e80c9e89a2356a0b81d3eeafbd6a4f7/analysis/data/consolidated_game_data_20240505.csv
9,S9-RS-041,1,Bigetron Alpha,ban,1,Fanny,https://liquipedia.net/mobilelegends/MPL/Indonesia/Season_9/Regular_Season | https://github.com/LiTianYeoh/MLBB_Tournament_Analysis/blob/94ea36800e80c9e89a2356a0b81d3eeafbd6a4f7/analysis/data/consolidated_game_data_20240505.csv
9,S9-RS-041,1,Bigetron Alpha,ban,2,Yve,https://liquipedia.net/mobilelegends/MPL/Indonesia/Season_9/Regular_Season | https://github.com/LiTianYeoh/MLBB_Tournament_Analysis/blob/94ea36800e80c9e89a2356a0b81d3eeafbd6a4f7/analysis/data/consolidated_game_data_20240505.csv
9,S9-RS-041,1,Bigetron Alpha,ban,3,Grock,https://liquipedia.net/mobilelegends/MPL/Indonesia/Season_9/Regular_Season | https://github.com/LiTianYeoh/MLBB_Tournament_Analysis/blob/94ea36800e80c9e89a2356a0b81d3eeafbd6a4f7/analysis/data/consolidated_game_data_20240505.csv
9,S9-RS-041,1,Bigetron Alpha,ban,4,Lylia,https://liquipedia.net/mobilelegends/MPL/Indonesia/Season_9/Regular_Season | https://github.com/LiTianYeoh/MLBB_Tournament_Analysis/blob/94ea36800e80c9e89a2356a0b81d3eeafbd6a4f7/analysis/data/consolidated_game_data_20240505.csv
9,S9-RS-041,1,Bigetron Alpha,ban,5,Angela,https://liquipedia.net/mobilelegends/MPL/Indonesia/Season_9/Regular_Season | https://github.com/LiTianYeoh/MLBB_Tournament_Analysis/blob/94ea36800e80c9e89a2356a0b81d3eeafbd6a4f7/analysis/data/consolidated_game_data_20240505.csv
9,S9-RS-041,1,Bigetron Alpha,pick,1,Masha,https://liquipedia.net/mobilelegends/MPL/Indonesia/Season_9/Regular_Season | https://github.com/LiTianYeoh/MLBB_Tournament_Analysis/blob/94ea36800e80c9e89a2356a0b81d3eeafbd6a4f7/analysis/data/consolidated_game_data_20240505.csv
9,S9-RS-041,1,Bigetron Alpha,pick,2,Pharsa,https://liquipedia.net/mobilelegends/MPL/Indonesia/Season_9/Regular_Season | https://github.com/LiTianYeoh/MLBB_Tournament_Analysis/blob/94ea36800e80c9e89a2356a0b81d3eeafbd6a4f7/analysis/data/consolidated_game_data_20240505.csv
9,S9-RS-041,1,Bigetron Alpha,pick,3,Karina,https://liquipedia.net/mobilelegends/MPL/Indonesia/Season_9/Regular_Season | https://github.com/LiTianYeoh/MLBB_Tournament_Analysis/blob/94ea36800e80c9e89a2356a0b81d3eeafbd6a4f7/analysis/data/consolidated_game_data_20240505.csv
9,S9-RS-041,1,Bigetron Alpha,pick,4,Beatrix,https://liquipedia.net/mobilelegends/MPL/Indonesia/Season_9/Regular_Season | https://github.com/LiTianYeoh/MLBB_Tournament_Analysis/blob/94ea36800e80c9e89a2356a0b81d3eeafbd6a4f7/analysis/data/consolidated_game_data_20240505.csv
9,S9-RS-041,1,Bigetron Alpha,pick,5,Gloo,https://liquipedia.net/mobilelegends/MPL/Indonesia/Season_9/Regular_Season | https://github.com/LiTianYeoh/MLBB_Tournament_Analysis/blob/94ea36800e80c9e89a2356a0b81d3eeafbd6a4f7/analysis/data/consolidated_game_data_20240505.csv
9,S9-RS-041,1,Geek Fam ID,ban,1,Esmeralda,https://liquipedia.net/mobilelegends/MPL/Indonesia/Season_9/Regular_Season | https://github.com/LiTianYeoh/MLBB_Tournament_Analysis/blob/94ea36800e80c9e89a2356a0b81d3eeafbd6a4f7/analysis/data/consolidated_game_data_20240505.csv
9,S9-RS-041,1,Geek Fam ID,ban,2,Mathilda,https://liquipedia.net/mobilelegends/MPL/Indonesia/Season_9/Regular_Season | https://github.com/LiTianYeoh/MLBB_Tournament_Analysis/blob/94ea36800e80c9e89a2356a0b81d3eeafbd6a4f7/analysis/data/consolidated_game_data_20240505.csv
9,S9-RS-041,1,Geek Fam ID,ban,3,Phoveus,https://liquipedia.net/mobilelegends/MPL/Indonesia/Season_9/Regular_Season | https://github.com/LiTianYeoh/MLBB_Tournament_Analysis/blob/94ea36800e80c9e89a2356a0b81d3eeafbd6a4f7/analysis/data/consolidated_game_data_20240505.csv
9,S9-RS-041,1,Geek Fam ID,ban,4,Valentina,https://liquipedia.net/mobilelegends/MPL/Indonesia/Season_9/Regular_Season | https://github.com/LiTianYeoh/MLBB_Tournament_Analysis/blob/94ea36800e80c9e89a2356a0b81d3eeafbd6a4f7/analysis/data/consolidated_game_data_20240505.csv
9,S9-RS-041,1,Geek Fam ID,ban,5,Johnson,https://liquipedia.net/mobilelegends/MPL/Indonesia/Season_9/Regular_Season | https://github.com/LiTianYeoh/MLBB_Tournament_Analysis/blob/94ea36800e80c9e89a2356a0b81d3eeafbd6a4f7/analysis/data/consolidated_game_data_20240505.csv
9,S9-RS-041,1,Geek Fam ID,pick,1,Vale,https://liquipedia.net/mobilelegends/MPL/Indonesia/Season_9/Regular_Season | https://github.com/LiTianYeoh/MLBB_Tournament_Analysis/blob/94ea36800e80c9e89a2356a0b81d3eeafbd6a4f7/analysis/data/consolidated_game_data_20240505.csv
9,S9-RS-041,1,Geek Fam ID,pick,2,Franco,https://liquipedia.net/mobilelegends/MPL/Indonesia/Season_9/Regular_Season | https://github.com/LiTianYeoh/MLBB_Tournament_Analysis/blob/94ea36800e80c9e89a2356a0b81d3eeafbd6a4f7/analysis/data/consolidated_game_data_20240505.csv
9,S9-RS-041,1,Geek Fam ID,pick,3,Uranus,https://liquipedia.net/mobilelegends/MPL/Indonesia/Season_9/Regular_Season | https://github.com/LiTianYeoh/MLBB_Tournament_Analysis/blob/94ea36800e80c9e89a2356a0b81d3eeafbd6a4f7/analysis/data/consolidated_game_data_20240505.csv
9,S9-RS-041,1,Geek Fam ID,pick,4,Wanwan,https://liquipedia.net/mobilelegends/MPL/Indonesia/Season_9/Regular_Season | https://github.com/LiTianYeoh/MLBB_Tournament_Analysis/blob/94ea36800e80c9e89a2356a0b81d3eeafbd6a4f7/analysis/data/consolidated_game_data_20240505.csv
9,S9-RS-041,1,Geek Fam ID,pick,5,Baxia,https://liquipedia.net/mobilelegends/MPL/Indonesia/Season_9/Regular_Season | https://github.com/LiTianYeoh/MLBB_Tournament_Analysis/blob/94ea36800e80c9e89a2356a0b81d3eeafbd6a4f7/analysis/data/consolidated_game_data_20240505.csv
9,S9-RS-041,2,Bigetron Alpha,ban,1,Fanny,https://liquipedia.net/mobilelegends/MPL/Indonesia/Season_9/Regular_Season | https://github.com/LiTianYeoh/MLBB_Tournament_Analysis/blob/94ea36800e80c9e89a2356a0b81d3eeafbd6a4f7/analysis/data/consolidated_game_data_20240505.csv
9,S9-RS-041,2,Bigetron Alpha,ban,2,Yve,https://liquipedia.net/mobilelegends/MPL/Indonesia/Season_9/Regular_Season | https://github.com/LiTianYeoh/MLBB_Tournament_Analysis/blob/94ea36800e80c9e89a2356a0b81d3eeafbd6a4f7/analysis/data/consolidated_game_data_20240505.csv
9,S9-RS-041,2,Bigetron Alpha,ban,3,Masha,https://liquipedia.net/mobilelegends/MPL/Indonesia/Season_9/Regular_Season | https://github.com/LiTianYeoh/MLBB_Tournament_Analysis/blob/94ea36800e80c9e89a2356a0b81d3eeafbd6a4f7/analysis/data/consolidated_game_data_20240505.csv
9,S9-RS-041,2,Bigetron Alpha,ban,4,Popol and Kupa,https://liquipedia.net/mobilelegends/MPL/Indonesia/Season_9/Regular_Season | https://github.com/LiTianYeoh/MLBB_Tournament_Analysis/blob/94ea36800e80c9e89a2356a0b81d3eeafbd6a4f7/analysis/data/consolidated_game_data_20240505.csv
9,S9-RS-041,2,Bigetron Alpha,ban,5,Rafaela,https://liquipedia.net/mobilelegends/MPL/Indonesia/Season_9/Regular_Season | https://github.com/LiTianYeoh/MLBB_Tournament_Analysis/blob/94ea36800e80c9e89a2356a0b81d3eeafbd6a4f7/analysis/data/consolidated_game_data_20240505.csv
9,S9-RS-041,2,Bigetron Alpha,pick,1,Karina,https://liquipedia.net/mobilelegends/MPL/Indonesia/Season_9/Regular_Season | https://github.com/LiTianYeoh/MLBB_Tournament_Analysis/blob/94ea36800e80c9e89a2356a0b81d3eeafbd6a4f7/analysis/data/consolidated_game_data_20240505.csv
9,S9-RS-041,2,Bigetron Alpha,pick,2,Beatrix,https://liquipedia.net/mobilelegends/MPL/Indonesia/Season_9/Regular_Season | https://github.com/LiTianYeoh/MLBB_Tournament_Analysis/blob/94ea36800e80c9e89a2356a0b81d3eeafbd6a4f7/analysis/data/consolidated_game_data_20240505.csv
9,S9-RS-041,2,Bigetron Alpha,pick,3,Cecilion,https://liquipedia.net/mobilelegends/MPL/Indonesia/Season_9/Regular_Season | https://github.com/LiTianYeoh/MLBB_Tournament_Analysis/blob/94ea36800e80c9e89a2356a0b81d3eeafbd6a4f7/analysis/data/consolidated_game_data_20240505.csv
9,S9-RS-041,2,Bigetron Alpha,pick,4,Selena,https://liquipedia.net/mobilelegends/MPL/Indonesia/Season_9/Regular_Season | https://github.com/LiTianYeoh/MLBB_Tournament_Analysis/blob/94ea36800e80c9e89a2356a0b81d3eeafbd6a4f7/analysis/data/consolidated_game_data_20240505.csv
9,S9-RS-041,2,Bigetron Alpha,pick,5,Chou,https://liquipedia.net/mobilelegends/MPL/Indonesia/Season_9/Regular_Season | https://github.com/LiTianYeoh/MLBB_Tournament_Analysis/blob/94ea36800e80c9e89a2356a0b81d3eeafbd6a4f7/analysis/data/consolidated_game_data_20240505.csv
9,S9-RS-041,2,Geek Fam ID,ban,1,Esmeralda,https://liquipedia.net/mobilelegends/MPL/Indonesia/Season_9/Regular_Season | https://github.com/LiTianYeoh/MLBB_Tournament_Analysis/blob/94ea36800e80c9e89a2356a0b81d3eeafbd6a4f7/analysis/data/consolidated_game_data_20240505.csv
9,S9-RS-041,2,Geek Fam ID,ban,2,Mathilda,https://liquipedia.net/mobilelegends/MPL/Indonesia/Season_9/Regular_Season | https://github.com/LiTianYeoh/MLBB_Tournament_Analysis/blob/94ea36800e80c9e89a2356a0b81d3eeafbd6a4f7/analysis/data/consolidated_game_data_20240505.csv
9,S9-RS-041,2,Geek Fam ID,ban,3,Baxia,https://liquipedia.net/mobilelegends/MPL/Indonesia/Season_9/Regular_Season | https://github.com/LiTianYeoh/MLBB_Tournament_Analysis/blob/94ea36800e80c9e89a2356a0b81d3eeafbd6a4f7/analysis/data/consolidated_game_data_20240505.csv
9,S9-RS-041,2,Geek Fam ID,ban,4,Valentina,https://liquipedia.net/mobilelegends/MPL/Indonesia/Season_9/Regular_Season | https://github.com/LiTianYeoh/MLBB_Tournament_Analysis/blob/94ea36800e80c9e89a2356a0b81d3eeafbd6a4f7/analysis/data/consolidated_game_data_20240505.csv
9,S9-RS-041,2,Geek Fam ID,ban,5,Johnson,https://liquipedia.net/mobilelegends/MPL/Indonesia/Season_9/Regular_Season | https://github.com/LiTianYeoh/MLBB_Tournament_Analysis/blob/94ea36800e80c9e89a2356a0b81d3eeafbd6a4f7/analysis/data/consolidated_game_data_20240505.csv
9,S9-RS-041,2,Geek Fam ID,pick,1,Clint,https://liquipedia.net/mobilelegends/MPL/Indonesia/Season_9/Regular_Season | https://github.com/LiTianYeoh/MLBB_Tournament_Analysis/blob/94ea36800e80c9e89a2356a0b81d3eeafbd6a4f7/analysis/data/consolidated_game_data_20240505.csv
9,S9-RS-041,2,Geek Fam ID,pick,2,Lolita,https://liquipedia.net/mobilelegends/MPL/Indonesia/Season_9/Regular_Season | https://github.com/LiTianYeoh/MLBB_Tournament_Analysis/blob/94ea36800e80c9e89a2356a0b81d3eeafbd6a4f7/analysis/data/consolidated_game_data_20240505.csv
9,S9-RS-041,2,Geek Fam ID,pick,3,Lylia,https://liquipedia.net/mobilelegends/MPL/Indonesia/Season_9/Regular_Season | https://github.com/LiTianYeoh/MLBB_Tournament_Analysis/blob/94ea36800e80c9e89a2356a0b81d3eeafbd6a4f7/analysis/data/consolidated_game_data_20240505.csv
9,S9-RS-041,2,Geek Fam ID,pick,4,X.Borg,https://liquipedia.net/mobilelegends/MPL/Indonesia/Season_9/Regular_Season | https://github.com/LiTianYeoh/MLBB_Tournament_Analysis/blob/94ea36800e80c9e89a2356a0b81d3eeafbd6a4f7/analysis/data/consolidated_game_data_20240505.csv
9,S9-RS-041,2,Geek Fam ID,pick,5,Grock,https://liquipedia.net/mobilelegends/MPL/Indonesia/Season_9/Regular_Season | https://github.com/LiTianYeoh/MLBB_Tournament_Analysis/blob/94ea36800e80c9e89a2356a0b81d3eeafbd6a4f7/analysis/data/consolidated_game_data_20240505.csv
9,S9-RS-042,1,RRQ Hoshi,ban,1,Kadita,https://liquipedia.net/mobilelegends/MPL/Indonesia/Season_9/Regular_Season | https://github.com/LiTianYeoh/MLBB_Tournament_Analysis/blob/94ea36800e80c9e89a2356a0b81d3eeafbd6a4f7/analysis/data/consolidated_game_data_20240505.csv
9,S9-RS-042,1,RRQ Hoshi,ban,2,Karina,https://liquipedia.net/mobilelegends/MPL/Indonesia/Season_9/Regular_Season | https://github.com/LiTianYeoh/MLBB_Tournament_Analysis/blob/94ea36800e80c9e89a2356a0b81d3eeafbd6a4f7/analysis/data/consolidated_game_data_20240505.csv
9,S9-RS-042,1,RRQ Hoshi,ban,3,Baxia,https://liquipedia.net/mobilelegends/MPL/Indonesia/Season_9/Regular_Season | https://github.com/LiTianYeoh/MLBB_Tournament_Analysis/blob/94ea36800e80c9e89a2356a0b81d3eeafbd6a4f7/analysis/data/consolidated_game_data_20240505.csv
9,S9-RS-042,1,RRQ Hoshi,ban,4,Esmeralda,https://liquipedia.net/mobilelegends/MPL/Indonesia/Season_9/Regular_Season | https://github.com/LiTianYeoh/MLBB_Tournament_Analysis/blob/94ea36800e80c9e89a2356a0b81d3eeafbd6a4f7/analysis/data/consolidated_game_data_20240505.csv
9,S9-RS-042,1,RRQ Hoshi,ban,5,Chou,https://liquipedia.net/mobilelegends/MPL/Indonesia/Season_9/Regular_Season | https://github.com/LiTianYeoh/MLBB_Tournament_Analysis/blob/94ea36800e80c9e89a2356a0b81d3eeafbd6a4f7/analysis/data/consolidated_game_data_20240505.csv
9,S9-RS-042,1,RRQ Hoshi,pick,1,Fanny,https://liquipedia.net/mobilelegends/MPL/Indonesia/Season_9/Regular_Season | https://github.com/LiTianYeoh/MLBB_Tournament_Analysis/blob/94ea36800e80c9e89a2356a0b81d3eeafbd6a4f7/analysis/data/consolidated_game_data_20240505.csv
9,S9-RS-042,1,RRQ Hoshi,pick,2,Yu Zhong,https://liquipedia.net/mobilelegends/MPL/Indonesia/Season_9/Regular_Season | https://github.com/LiTianYeoh/MLBB_Tournament_Analysis/blob/94ea36800e80c9e89a2356a0b81d3eeafbd6a4f7/analysis/data/consolidated_game_data_20240505.csv
9,S9-RS-042,1,RRQ Hoshi,pick,3,Franco,https://liquipedia.net/mobilelegends/MPL/Indonesia/Season_9/Regular_Season | https://github.com/LiTianYeoh/MLBB_Tournament_Analysis/blob/94ea36800e80c9e89a2356a0b81d3eeafbd6a4f7/analysis/data/consolidated_game_data_20240505.csv
9,S9-RS-042,1,RRQ Hoshi,pick,4,Clint,https://liquipedia.net/mobilelegends/MPL/Indonesia/Season_9/Regular_Season | https://github.com/LiTianYeoh/MLBB_Tournament_Analysis/blob/94ea36800e80c9e89a2356a0b81d3eeafbd6a4f7/analysis/data/consolidated_game_data_20240505.csv
9,S9-RS-042,1,RRQ Hoshi,pick,5,Vale,https://liquipedia.net/mobilelegends/MPL/Indonesia/Season_9/Regular_Season | https://github.com/LiTianYeoh/MLBB_Tournament_Analysis/blob/94ea36800e80c9e89a2356a0b81d3eeafbd6a4f7/analysis/data/consolidated_game_data_20240505.csv
9,S9-RS-042,1,AURA Fire,ban,1,Lylia,https://liquipedia.net/mobilelegends/MPL/Indonesia/Season_9/Regular_Season | https://github.com/LiTianYeoh/MLBB_Tournament_Analysis/blob/94ea36800e80c9e89a2356a0b81d3eeafbd6a4f7/analysis/data/consolidated_game_data_20240505.csv
9,S9-RS-042,1,AURA Fire,ban,2,Popol and Kupa,https://liquipedia.net/mobilelegends/MPL/Indonesia/Season_9/Regular_Season | https://github.com/LiTianYeoh/MLBB_Tournament_Analysis/blob/94ea36800e80c9e89a2356a0b81d3eeafbd6a4f7/analysis/data/consolidated_game_data_20240505.csv
9,S9-RS-042,1,AURA Fire,ban,3,Beatrix,https://liquipedia.net/mobilelegends/MPL/Indonesia/Season_9/Regular_Season | https://github.com/LiTianYeoh/MLBB_Tournament_Analysis/blob/94ea36800e80c9e89a2356a0b81d3eeafbd6a4f7/analysis/data/consolidated_game_data_20240505.csv
9,S9-RS-042,1,AURA Fire,ban,4,Valentina,https://liquipedia.net/mobilelegends/MPL/Indonesia/Season_9/Regular_Season | https://github.com/LiTianYeoh/MLBB_Tournament_Analysis/blob/94ea36800e80c9e89a2356a0b81d3eeafbd6a4f7/analysis/data/consolidated_game_data_20240505.csv
9,S9-RS-042,1,AURA Fire,ban,5,Masha,https://liquipedia.net/mobilelegends/MPL/Indonesia/Season_9/Regular_Season | https://github.com/LiTianYeoh/MLBB_Tournament_Analysis/blob/94ea36800e80c9e89a2356a0b81d3eeafbd6a4f7/analysis/data/consolidated_game_data_20240505.csv
9,S9-RS-042,1,AURA Fire,pick,1,Atlas,https://liquipedia.net/mobilelegends/MPL/Indonesia/Season_9/Regular_Season | https://github.com/LiTianYeoh/MLBB_Tournament_Analysis/blob/94ea36800e80c9e89a2356a0b81d3eeafbd6a4f7/analysis/data/consolidated_game_data_20240505.csv
9,S9-RS-042,1,AURA Fire,pick,2,Brody,https://liquipedia.net/mobilelegends/MPL/Indonesia/Season_9/Regular_Season | https://github.com/LiTianYeoh/MLBB_Tournament_Analysis/blob/94ea36800e80c9e89a2356a0b81d3eeafbd6a4f7/analysis/data/consolidated_game_data_20240505.csv
9,S9-RS-042,1,AURA Fire,pick,3,Khufra,https://liquipedia.net/mobilelegends/MPL/Indonesia/Season_9/Regular_Season | https://github.com/LiTianYeoh/MLBB_Tournament_Analysis/blob/94ea36800e80c9e89a2356a0b81d3eeafbd6a4f7/analysis/data/consolidated_game_data_20240505.csv
9,S9-RS-042,1,AURA Fire,pick,4,Grock,https://liquipedia.net/mobilelegends/MPL/Indonesia/Season_9/Regular_Season | https://github.com/LiTianYeoh/MLBB_Tournament_Analysis/blob/94ea36800e80c9e89a2356a0b81d3eeafbd6a4f7/analysis/data/consolidated_game_data_20240505.csv
9,S9-RS-042,1,AURA Fire,pick,5,Yve,https://liquipedia.net/mobilelegends/MPL/Indonesia/Season_9/Regular_Season | https://github.com/LiTianYeoh/MLBB_Tournament_Analysis/blob/94ea36800e80c9e89a2356a0b81d3eeafbd6a4f7/analysis/data/consolidated_game_data_20240505.csv
9,S9-RS-042,2,RRQ Hoshi,ban,1,Kadita,https://liquipedia.net/mobilelegends/MPL/Indonesia/Season_9/Regular_Season | https://github.com/LiTianYeoh/MLBB_Tournament_Analysis/blob/94ea36800e80c9e89a2356a0b81d3eeafbd6a4f7/analysis/data/consolidated_game_data_20240505.csv
9,S9-RS-042,2,RRQ Hoshi,ban,2,Valentina,https://liquipedia.net/mobilelegends/MPL/Indonesia/Season_9/Regular_Season | https://github.com/LiTianYeoh/MLBB_Tournament_Analysis/blob/94ea36800e80c9e89a2356a0b81d3eeafbd6a4f7/analysis/data/consolidated_game_data_20240505.csv
9,S9-RS-042,2,RRQ Hoshi,ban,3,Fanny,https://liquipedia.net/mobilelegends/MPL/Indonesia/Season_9/Regular_Season | https://github.com/LiTianYeoh/MLBB_Tournament_Analysis/blob/94ea36800e80c9e89a2356a0b81d3eeafbd6a4f7/analysis/data/consolidated_game_data_20240505.csv
9,S9-RS-042,2,RRQ Hoshi,ban,4,Atlas,https://liquipedia.net/mobilelegends/MPL/Indonesia/Season_9/Regular_Season | https://github.com/LiTianYeoh/MLBB_Tournament_Analysis/blob/94ea36800e80c9e89a2356a0b81d3eeafbd6a4f7/analysis/data/consolidated_game_data_20240505.csv
9,S9-RS-042,2,RRQ Hoshi,ban,5,Mathilda,https://liquipedia.net/mobilelegends/MPL/Indonesia/Season_9/Regular_Season | https://github.com/LiTianYeoh/MLBB_Tournament_Analysis/blob/94ea36800e80c9e89a2356a0b81d3eeafbd6a4f7/analysis/data/consolidated_game_data_20240505.csv
9,S9-RS-042,2,RRQ Hoshi,pick,1,Karina,https://liquipedia.net/mobilelegends/MPL/Indonesia/Season_9/Regular_Season | https://github.com/LiTianYeoh/MLBB_Tournament_Analysis/blob/94ea36800e80c9e89a2356a0b81d3eeafbd6a4f7/analysis/data/consolidated_game_data_20240505.csv
9,S9-RS-042,2,RRQ Hoshi,pick,2,Uranus,https://liquipedia.net/mobilelegends/MPL/Indonesia/Season_9/Regular_Season | https://github.com/LiTianYeoh/MLBB_Tournament_Analysis/blob/94ea36800e80c9e89a2356a0b81d3eeafbd6a4f7/analysis/data/consolidated_game_data_20240505.csv
9,S9-RS-042,2,RRQ Hoshi,pick,3,Cecilion,https://liquipedia.net/mobilelegends/MPL/Indonesia/Season_9/Regular_Season | https://github.com/LiTianYeoh/MLBB_Tournament_Analysis/blob/94ea36800e80c9e89a2356a0b81d3eeafbd6a4f7/analysis/data/consolidated_game_data_20240505.csv
9,S9-RS-042,2,RRQ Hoshi,pick,4,Claude,https://liquipedia.net/mobilelegends/MPL/Indonesia/Season_9/Regular_Season | https://github.com/LiTianYeoh/MLBB_Tournament_Analysis/blob/94ea36800e80c9e89a2356a0b81d3eeafbd6a4f7/analysis/data/consolidated_game_data_20240505.csv
9,S9-RS-042,2,RRQ Hoshi,pick,5,Baxia,https://liquipedia.net/mobilelegends/MPL/Indonesia/Season_9/Regular_Season | https://github.com/LiTianYeoh/MLBB_Tournament_Analysis/blob/94ea36800e80c9e89a2356a0b81d3eeafbd6a4f7/analysis/data/consolidated_game_data_20240505.csv
9,S9-RS-042,2,AURA Fire,ban,1,Paquito,https://liquipedia.net/mobilelegends/MPL/Indonesia/Season_9/Regular_Season | https://github.com/LiTianYeoh/MLBB_Tournament_Analysis/blob/94ea36800e80c9e89a2356a0b81d3eeafbd6a4f7/analysis/data/consolidated_game_data_20240505.csv
9,S9-RS-042,2,AURA Fire,ban,2,Yu Zhong,https://liquipedia.net/mobilelegends/MPL/Indonesia/Season_9/Regular_Season | https://github.com/LiTianYeoh/MLBB_Tournament_Analysis/blob/94ea36800e80c9e89a2356a0b81d3eeafbd6a4f7/analysis/data/consolidated_game_data_20240505.csv
9,S9-RS-042,2,AURA Fire,ban,3,Grock,https://liquipedia.net/mobilelegends/MPL/Indonesia/Season_9/Regular_Season | https://github.com/LiTianYeoh/MLBB_Tournament_Analysis/blob/94ea36800e80c9e89a2356a0b81d3eeafbd6a4f7/analysis/data/consolidated_game_data_20240505.csv
9,S9-RS-042,2,AURA Fire,ban,4,Masha,https://liquipedia.net/mobilelegends/MPL/Indonesia/Season_9/Regular_Season | https://github.com/LiTianYeoh/MLBB_Tournament_Analysis/blob/94ea36800e80c9e89a2356a0b81d3eeafbd6a4f7/analysis/data/consolidated_game_data_20240505.csv
9,S9-RS-042,2,AURA Fire,ban,5,Beatrix,https://liquipedia.net/mobilelegends/MPL/Indonesia/Season_9/Regular_Season | https://github.com/LiTianYeoh/MLBB_Tournament_Analysis/blob/94ea36800e80c9e89a2356a0b81d3eeafbd6a4f7/analysis/data/consolidated_game_data_20240505.csv
9,S9-RS-042,2,AURA Fire,pick,1,Kimmy,https://liquipedia.net/mobilelegends/MPL/Indonesia/Season_9/Regular_Season | https://github.com/LiTianYeoh/MLBB_Tournament_Analysis/blob/94ea36800e80c9e89a2356a0b81d3eeafbd6a4f7/analysis/data/consolidated_game_data_20240505.csv
9,S9-RS-042,2,AURA Fire,pick,2,Angela,https://liquipedia.net/mobilelegends/MPL/Indonesia/Season_9/Regular_Season | https://github.com/LiTianYeoh/MLBB_Tournament_Analysis/blob/94ea36800e80c9e89a2356a0b81d3eeafbd6a4f7/analysis/data/consolidated_game_data_20240505.csv
9,S9-RS-042,2,AURA Fire,pick,3,Chou,https://liquipedia.net/mobilelegends/MPL/Indonesia/Season_9/Regular_Season | https://github.com/LiTianYeoh/MLBB_Tournament_Analysis/blob/94ea36800e80c9e89a2356a0b81d3eeafbd6a4f7/analysis/data/consolidated_game_data_20240505.csv
9,S9-RS-042,2,AURA Fire,pick,4,Balmond,https://liquipedia.net/mobilelegends/MPL/Indonesia/Season_9/Regular_Season | https://github.com/LiTianYeoh/MLBB_Tournament_Analysis/blob/94ea36800e80c9e89a2356a0b81d3eeafbd6a4f7/analysis/data/consolidated_game_data_20240505.csv
9,S9-RS-042,2,AURA Fire,pick,5,Yve,https://liquipedia.net/mobilelegends/MPL/Indonesia/Season_9/Regular_Season | https://github.com/LiTianYeoh/MLBB_Tournament_Analysis/blob/94ea36800e80c9e89a2356a0b81d3eeafbd6a4f7/analysis/data/consolidated_game_data_20240505.csv
9,S9-RS-042,3,RRQ Hoshi,ban,1,Kadita,https://liquipedia.net/mobilelegends/MPL/Indonesia/Season_9/Regular_Season | https://github.com/LiTianYeoh/MLBB_Tournament_Analysis/blob/94ea36800e80c9e89a2356a0b81d3eeafbd6a4f7/analysis/data/consolidated_game_data_20240505.csv
9,S9-RS-042,3,RRQ Hoshi,ban,2,Karina,https://liquipedia.net/mobilelegends/MPL/Indonesia/Season_9/Regular_Season | https://github.com/LiTianYeoh/MLBB_Tournament_Analysis/blob/94ea36800e80c9e89a2356a0b81d3eeafbd6a4f7/analysis/data/consolidated_game_data_20240505.csv
9,S9-RS-042,3,RRQ Hoshi,ban,3,Grock,https://liquipedia.net/mobilelegends/MPL/Indonesia/Season_9/Regular_Season | https://github.com/LiTianYeoh/MLBB_Tournament_Analysis/blob/94ea36800e80c9e89a2356a0b81d3eeafbd6a4f7/analysis/data/consolidated_game_data_20240505.csv
9,S9-RS-042,3,RRQ Hoshi,ban,4,Atlas,https://liquipedia.net/mobilelegends/MPL/Indonesia/Season_9/Regular_Season | https://github.com/LiTianYeoh/MLBB_Tournament_Analysis/blob/94ea36800e80c9e89a2356a0b81d3eeafbd6a4f7/analysis/data/consolidated_game_data_20240505.csv
9,S9-RS-042,3,RRQ Hoshi,ban,5,Popol and Kupa,https://liquipedia.net/mobilelegends/MPL/Indonesia/Season_9/Regular_Season | https://github.com/LiTianYeoh/MLBB_Tournament_Analysis/blob/94ea36800e80c9e89a2356a0b81d3eeafbd6a4f7/analysis/data/consolidated_game_data_20240505.csv
9,S9-RS-042,3,RRQ Hoshi,pick,1,Ling,https://liquipedia.net/mobilelegends/MPL/Indonesia/Season_9/Regular_Season | https://github.com/LiTianYeoh/MLBB_Tournament_Analysis/blob/94ea36800e80c9e89a2356a0b81d3eeafbd6a4f7/analysis/data/consolidated_game_data_20240505.csv
9,S9-RS-042,3,RRQ Hoshi,pick,2,Uranus,https://liquipedia.net/mobilelegends/MPL/Indonesia/Season_9/Regular_Season | https://github.com/LiTianYeoh/MLBB_Tournament_Analysis/blob/94ea36800e80c9e89a2356a0b81d3eeafbd6a4f7/analysis/data/consolidated_game_data_20240505.csv
9,S9-RS-042,3,RRQ Hoshi,pick,3,Cecilion,https://liquipedia.net/mobilelegends/MPL/Indonesia/Season_9/Regular_Season | https://github.com/LiTianYeoh/MLBB_Tournament_Analysis/blob/94ea36800e80c9e89a2356a0b81d3eeafbd6a4f7/analysis/data/consolidated_game_data_20240505.csv
9,S9-RS-042,3,RRQ Hoshi,pick,4,Brody,https://liquipedia.net/mobilelegends/MPL/Indonesia/Season_9/Regular_Season | https://github.com/LiTianYeoh/MLBB_Tournament_Analysis/blob/94ea36800e80c9e89a2356a0b81d3eeafbd6a4f7/analysis/data/consolidated_game_data_20240505.csv
9,S9-RS-042,3,RRQ Hoshi,pick,5,Baxia,https://liquipedia.net/mobilelegends/MPL/Indonesia/Season_9/Regular_Season | https://github.com/LiTianYeoh/MLBB_Tournament_Analysis/blob/94ea36800e80c9e89a2356a0b81d3eeafbd6a4f7/analysis/data/consolidated_game_data_20240505.csv
9,S9-RS-042,3,AURA Fire,ban,1,Melissa,https://liquipedia.net/mobilelegends/MPL/Indonesia/Season_9/Regular_Season | https://github.com/LiTianYeoh/MLBB_Tournament_Analysis/blob/94ea36800e80c9e89a2356a0b81d3eeafbd6a4f7/analysis/data/consolidated_game_data_20240505.csv
9,S9-RS-042,3,AURA Fire,ban,2,Franco,https://liquipedia.net/mobilelegends/MPL/Indonesia/Season_9/Regular_Season | https://github.com/LiTianYeoh/MLBB_Tournament_Analysis/blob/94ea36800e80c9e89a2356a0b81d3eeafbd6a4f7/analysis/data/consolidated_game_data_20240505.csv
9,S9-RS-042,3,AURA Fire,ban,3,Beatrix,https://liquipedia.net/mobilelegends/MPL/Indonesia/Season_9/Regular_Season | https://github.com/LiTianYeoh/MLBB_Tournament_Analysis/blob/94ea36800e80c9e89a2356a0b81d3eeafbd6a4f7/analysis/data/consolidated_game_data_20240505.csv
9,S9-RS-042,3,AURA Fire,ban,4,Valentina,https://liquipedia.net/mobilelegends/MPL/Indonesia/Season_9/Regular_Season | https://github.com/LiTianYeoh/MLBB_Tournament_Analysis/blob/94ea36800e80c9e89a2356a0b81d3eeafbd6a4f7/analysis/data/consolidated_game_data_20240505.csv
9,S9-RS-042,3,AURA Fire,ban,5,Masha,https://liquipedia.net/mobilelegends/MPL/Indonesia/Season_9/Regular_Season | https://github.com/LiTianYeoh/MLBB_Tournament_Analysis/blob/94ea36800e80c9e89a2356a0b81d3eeafbd6a4f7/analysis/data/consolidated_game_data_20240505.csv
9,S9-RS-042,3,AURA Fire,pick,1,Martis,https://liquipedia.net/mobilelegends/MPL/Indonesia/Season_9/Regular_Season | https://github.com/LiTianYeoh/MLBB_Tournament_Analysis/blob/94ea36800e80c9e89a2356a0b81d3eeafbd6a4f7/analysis/data/consolidated_game_data_20240505.csv
9,S9-RS-042,3,AURA Fire,pick,2,Clint,https://liquipedia.net/mobilelegends/MPL/Indonesia/Season_9/Regular_Season | https://github.com/LiTianYeoh/MLBB_Tournament_Analysis/blob/94ea36800e80c9e89a2356a0b81d3eeafbd6a4f7/analysis/data/consolidated_game_data_20240505.csv
9,S9-RS-042,3,AURA Fire,pick,3,Hylos,https://liquipedia.net/mobilelegends/MPL/Indonesia/Season_9/Regular_Season | https://github.com/LiTianYeoh/MLBB_Tournament_Analysis/blob/94ea36800e80c9e89a2356a0b81d3eeafbd6a4f7/analysis/data/consolidated_game_data_20240505.csv
9,S9-RS-042,3,AURA Fire,pick,4,Fanny,https://liquipedia.net/mobilelegends/MPL/Indonesia/Season_9/Regular_Season | https://github.com/LiTianYeoh/MLBB_Tournament_Analysis/blob/94ea36800e80c9e89a2356a0b81d3eeafbd6a4f7/analysis/data/consolidated_game_data_20240505.csv
9,S9-RS-042,3,AURA Fire,pick,5,Yve,https://liquipedia.net/mobilelegends/MPL/Indonesia/Season_9/Regular_Season | https://github.com/LiTianYeoh/MLBB_Tournament_Analysis/blob/94ea36800e80c9e89a2356a0b81d3eeafbd6a4f7/analysis/data/consolidated_game_data_20240505.csv
9,S9-RS-043,1,Alter Ego,ban,1,Selena,https://liquipedia.net/mobilelegends/MPL/Indonesia/Season_9/Regular_Season | https://github.com/LiTianYeoh/MLBB_Tournament_Analysis/blob/94ea36800e80c9e89a2356a0b81d3eeafbd6a4f7/analysis/data/consolidated_game_data_20240505.csv
9,S9-RS-043,1,Alter Ego,ban,2,Valentina,https://liquipedia.net/mobilelegends/MPL/Indonesia/Season_9/Regular_Season | https://github.com/LiTianYeoh/MLBB_Tournament_Analysis/blob/94ea36800e80c9e89a2356a0b81d3eeafbd6a4f7/analysis/data/consolidated_game_data_20240505.csv
9,S9-RS-043,1,Alter Ego,ban,3,Masha,https://liquipedia.net/mobilelegends/MPL/Indonesia/Season_9/Regular_Season | https://github.com/LiTianYeoh/MLBB_Tournament_Analysis/blob/94ea36800e80c9e89a2356a0b81d3eeafbd6a4f7/analysis/data/consolidated_game_data_20240505.csv
9,S9-RS-043,1,Alter Ego,ban,4,Chou,https://liquipedia.net/mobilelegends/MPL/Indonesia/Season_9/Regular_Season | https://github.com/LiTianYeoh/MLBB_Tournament_Analysis/blob/94ea36800e80c9e89a2356a0b81d3eeafbd6a4f7/analysis/data/consolidated_game_data_20240505.csv
9,S9-RS-043,1,Alter Ego,ban,5,Franco,https://liquipedia.net/mobilelegends/MPL/Indonesia/Season_9/Regular_Season | https://github.com/LiTianYeoh/MLBB_Tournament_Analysis/blob/94ea36800e80c9e89a2356a0b81d3eeafbd6a4f7/analysis/data/consolidated_game_data_20240505.csv
9,S9-RS-043,1,Alter Ego,pick,1,Fanny,https://liquipedia.net/mobilelegends/MPL/Indonesia/Season_9/Regular_Season | https://github.com/LiTianYeoh/MLBB_Tournament_Analysis/blob/94ea36800e80c9e89a2356a0b81d3eeafbd6a4f7/analysis/data/consolidated_game_data_20240505.csv
9,S9-RS-043,1,Alter Ego,pick,2,Wanwan,https://liquipedia.net/mobilelegends/MPL/Indonesia/Season_9/Regular_Season | https://github.com/LiTianYeoh/MLBB_Tournament_Analysis/blob/94ea36800e80c9e89a2356a0b81d3eeafbd6a4f7/analysis/data/consolidated_game_data_20240505.csv
9,S9-RS-043,1,Alter Ego,pick,3,Hilda,https://liquipedia.net/mobilelegends/MPL/Indonesia/Season_9/Regular_Season | https://github.com/LiTianYeoh/MLBB_Tournament_Analysis/blob/94ea36800e80c9e89a2356a0b81d3eeafbd6a4f7/analysis/data/consolidated_game_data_20240505.csv
9,S9-RS-043,1,Alter Ego,pick,4,Yve,https://liquipedia.net/mobilelegends/MPL/Indonesia/Season_9/Regular_Season | https://github.com/LiTianYeoh/MLBB_Tournament_Analysis/blob/94ea36800e80c9e89a2356a0b81d3eeafbd6a4f7/analysis/data/consolidated_game_data_20240505.csv
9,S9-RS-043,1,Alter Ego,pick,5,Gloo,https://liquipedia.net/mobilelegends/MPL/Indonesia/Season_9/Regular_Season | https://github.com/LiTianYeoh/MLBB_Tournament_Analysis/blob/94ea36800e80c9e89a2356a0b81d3eeafbd6a4f7/analysis/data/consolidated_game_data_20240505.csv
9,S9-RS-043,1,Bigetron Alpha,ban,1,Yu Zhong,https://liquipedia.net/mobilelegends/MPL/Indonesia/Season_9/Regular_Season | https://github.com/LiTianYeoh/MLBB_Tournament_Analysis/blob/94ea36800e80c9e89a2356a0b81d3eeafbd6a4f7/analysis/data/consolidated_game_data_20240505.csv
9,S9-RS-043,1,Bigetron Alpha,ban,2,Uranus,https://liquipedia.net/mobilelegends/MPL/Indonesia/Season_9/Regular_Season | https://github.com/LiTianYeoh/MLBB_Tournament_Analysis/blob/94ea36800e80c9e89a2356a0b81d3eeafbd6a4f7/analysis/data/consolidated_game_data_20240505.csv
9,S9-RS-043,1,Bigetron Alpha,ban,3,Esmeralda,https://liquipedia.net/mobilelegends/MPL/Indonesia/Season_9/Regular_Season | https://github.com/LiTianYeoh/MLBB_Tournament_Analysis/blob/94ea36800e80c9e89a2356a0b81d3eeafbd6a4f7/analysis/data/consolidated_game_data_20240505.csv
9,S9-RS-043,1,Bigetron Alpha,ban,4,Karina,https://liquipedia.net/mobilelegends/MPL/Indonesia/Season_9/Regular_Season | https://github.com/LiTianYeoh/MLBB_Tournament_Analysis/blob/94ea36800e80c9e89a2356a0b81d3eeafbd6a4f7/analysis/data/consolidated_game_data_20240505.csv
9,S9-RS-043,1,Bigetron Alpha,ban,5,Angela,https://liquipedia.net/mobilelegends/MPL/Indonesia/Season_9/Regular_Season | https://github.com/LiTianYeoh/MLBB_Tournament_Analysis/blob/94ea36800e80c9e89a2356a0b81d3eeafbd6a4f7/analysis/data/consolidated_game_data_20240505.csv
9,S9-RS-043,1,Bigetron Alpha,pick,1,Atlas,https://liquipedia.net/mobilelegends/MPL/Indonesia/Season_9/Regular_Season | https://github.com/LiTianYeoh/MLBB_Tournament_Analysis/blob/94ea36800e80c9e89a2356a0b81d3eeafbd6a4f7/analysis/data/consolidated_game_data_20240505.csv
9,S9-RS-043,1,Bigetron Alpha,pick,2,Beatrix,https://liquipedia.net/mobilelegends/MPL/Indonesia/Season_9/Regular_Season | https://github.com/LiTianYeoh/MLBB_Tournament_Analysis/blob/94ea36800e80c9e89a2356a0b81d3eeafbd6a4f7/analysis/data/consolidated_game_data_20240505.csv
9,S9-RS-043,1,Bigetron Alpha,pick,3,Ling,https://liquipedia.net/mobilelegends/MPL/Indonesia/Season_9/Regular_Season | https://github.com/LiTianYeoh/MLBB_Tournament_Analysis/blob/94ea36800e80c9e89a2356a0b81d3eeafbd6a4f7/analysis/data/consolidated_game_data_20240505.csv
9,S9-RS-043,1,Bigetron Alpha,pick,4,Pharsa,https://liquipedia.net/mobilelegends/MPL/Indonesia/Season_9/Regular_Season | https://github.com/LiTianYeoh/MLBB_Tournament_Analysis/blob/94ea36800e80c9e89a2356a0b81d3eeafbd6a4f7/analysis/data/consolidated_game_data_20240505.csv
9,S9-RS-043,1,Bigetron Alpha,pick,5,Grock,https://liquipedia.net/mobilelegends/MPL/Indonesia/Season_9/Regular_Season | https://github.com/LiTianYeoh/MLBB_Tournament_Analysis/blob/94ea36800e80c9e89a2356a0b81d3eeafbd6a4f7/analysis/data/consolidated_game_data_20240505.csv
9,S9-RS-043,2,Alter Ego,ban,1,Selena,https://liquipedia.net/mobilelegends/MPL/Indonesia/Season_9/Regular_Season | https://github.com/LiTianYeoh/MLBB_Tournament_Analysis/blob/94ea36800e80c9e89a2356a0b81d3eeafbd6a4f7/analysis/data/consolidated_game_data_20240505.csv
9,S9-RS-043,2,Alter Ego,ban,2,Baxia,https://liquipedia.net/mobilelegends/MPL/Indonesia/Season_9/Regular_Season | https://github.com/LiTianYeoh/MLBB_Tournament_Analysis/blob/94ea36800e80c9e89a2356a0b81d3eeafbd6a4f7/analysis/data/consolidated_game_data_20240505.csv
9,S9-RS-043,2,Alter Ego,ban,3,Grock,https://liquipedia.net/mobilelegends/MPL/Indonesia/Season_9/Regular_Season | https://github.com/LiTianYeoh/MLBB_Tournament_Analysis/blob/94ea36800e80c9e89a2356a0b81d3eeafbd6a4f7/analysis/data/consolidated_game_data_20240505.csv
9,S9-RS-043,2,Alter Ego,ban,4,Ruby,https://liquipedia.net/mobilelegends/MPL/Indonesia/Season_9/Regular_Season | https://github.com/LiTianYeoh/MLBB_Tournament_Analysis/blob/94ea36800e80c9e89a2356a0b81d3eeafbd6a4f7/analysis/data/consolidated_game_data_20240505.csv
9,S9-RS-043,2,Alter Ego,ban,5,Franco,https://liquipedia.net/mobilelegends/MPL/Indonesia/Season_9/Regular_Season | https://github.com/LiTianYeoh/MLBB_Tournament_Analysis/blob/94ea36800e80c9e89a2356a0b81d3eeafbd6a4f7/analysis/data/consolidated_game_data_20240505.csv
9,S9-RS-043,2,Alter Ego,pick,1,Karina,https://liquipedia.net/mobilelegends/MPL/Indonesia/Season_9/Regular_Season | https://github.com/LiTianYeoh/MLBB_Tournament_Analysis/blob/94ea36800e80c9e89a2356a0b81d3eeafbd6a4f7/analysis/data/consolidated_game_data_20240505.csv
9,S9-RS-043,2,Alter Ego,pick,2,Yu Zhong,https://liquipedia.net/mobilelegends/MPL/Indonesia/Season_9/Regular_Season | https://github.com/LiTianYeoh/MLBB_Tournament_Analysis/blob/94ea36800e80c9e89a2356a0b81d3eeafbd6a4f7/analysis/data/consolidated_game_data_20240505.csv
9,S9-RS-043,2,Alter Ego,pick,3,Hilda,https://liquipedia.net/mobilelegends/MPL/Indonesia/Season_9/Regular_Season | https://github.com/LiTianYeoh/MLBB_Tournament_Analysis/blob/94ea36800e80c9e89a2356a0b81d3eeafbd6a4f7/analysis/data/consolidated_game_data_20240505.csv
9,S9-RS-043,2,Alter Ego,pick,4,Lylia,https://liquipedia.net/mobilelegends/MPL/Indonesia/Season_9/Regular_Season | https://github.com/LiTianYeoh/MLBB_Tournament_Analysis/blob/94ea36800e80c9e89a2356a0b81d3eeafbd6a4f7/analysis/data/consolidated_game_data_20240505.csv
9,S9-RS-043,2,Alter Ego,pick,5,Khaleed,https://liquipedia.net/mobilelegends/MPL/Indonesia/Season_9/Regular_Season | https://github.com/LiTianYeoh/MLBB_Tournament_Analysis/blob/94ea36800e80c9e89a2356a0b81d3eeafbd6a4f7/analysis/data/consolidated_game_data_20240505.csv
9,S9-RS-043,2,Bigetron Alpha,ban,1,Kagura,https://liquipedia.net/mobilelegends/MPL/Indonesia/Season_9/Regular_Season | https://github.com/LiTianYeoh/MLBB_Tournament_Analysis/blob/94ea36800e80c9e89a2356a0b81d3eeafbd6a4f7/analysis/data/consolidated_game_data_20240505.csv
9,S9-RS-043,2,Bigetron Alpha,ban,2,Pharsa,https://liquipedia.net/mobilelegends/MPL/Indonesia/Season_9/Regular_Season | https://github.com/LiTianYeoh/MLBB_Tournament_Analysis/blob/94ea36800e80c9e89a2356a0b81d3eeafbd6a4f7/analysis/data/consolidated_game_data_20240505.csv
9,S9-RS-043,2,Bigetron Alpha,ban,3,Angela,https://liquipedia.net/mobilelegends/MPL/Indonesia/Season_9/Regular_Season | https://github.com/LiTianYeoh/MLBB_Tournament_Analysis/blob/94ea36800e80c9e89a2356a0b81d3eeafbd6a4f7/analysis/data/consolidated_game_data_20240505.csv
9,S9-RS-043,2,Bigetron Alpha,ban,4,Masha,https://liquipedia.net/mobilelegends/MPL/Indonesia/Season_9/Regular_Season | https://github.com/LiTianYeoh/MLBB_Tournament_Analysis/blob/94ea36800e80c9e89a2356a0b81d3eeafbd6a4f7/analysis/data/consolidated_game_data_20240505.csv
9,S9-RS-043,2,Bigetron Alpha,ban,5,Valentina,https://liquipedia.net/mobilelegends/MPL/Indonesia/Season_9/Regular_Season | https://github.com/LiTianYeoh/MLBB_Tournament_Analysis/blob/94ea36800e80c9e89a2356a0b81d3eeafbd6a4f7/analysis/data/consolidated_game_data_20240505.csv
9,S9-RS-043,2,Bigetron Alpha,pick,1,Dyrroth,https://liquipedia.net/mobilelegends/MPL/Indonesia/Season_9/Regular_Season | https://github.com/LiTianYeoh/MLBB_Tournament_Analysis/blob/94ea36800e80c9e89a2356a0b81d3eeafbd6a4f7/analysis/data/consolidated_game_data_20240505.csv
9,S9-RS-043,2,Bigetron Alpha,pick,2,Atlas,https://liquipedia.net/mobilelegends/MPL/Indonesia/Season_9/Regular_Season | https://github.com/LiTianYeoh/MLBB_Tournament_Analysis/blob/94ea36800e80c9e89a2356a0b81d3eeafbd6a4f7/analysis/data/consolidated_game_data_20240505.csv
9,S9-RS-043,2,Bigetron Alpha,pick,3,Lancelot,https://liquipedia.net/mobilelegends/MPL/Indonesia/Season_9/Regular_Season | https://github.com/LiTianYeoh/MLBB_Tournament_Analysis/blob/94ea36800e80c9e89a2356a0b81d3eeafbd6a4f7/analysis/data/consolidated_game_data_20240505.csv
9,S9-RS-043,2,Bigetron Alpha,pick,4,Yve,https://liquipedia.net/mobilelegends/MPL/Indonesia/Season_9/Regular_Season | https://github.com/LiTianYeoh/MLBB_Tournament_Analysis/blob/94ea36800e80c9e89a2356a0b81d3eeafbd6a4f7/analysis/data/consolidated_game_data_20240505.csv
9,S9-RS-043,2,Bigetron Alpha,pick,5,Beatrix,https://liquipedia.net/mobilelegends/MPL/Indonesia/Season_9/Regular_Season | https://github.com/LiTianYeoh/MLBB_Tournament_Analysis/blob/94ea36800e80c9e89a2356a0b81d3eeafbd6a4f7/analysis/data/consolidated_game_data_20240505.csv
9,S9-RS-044,1,Geek Fam ID,ban,1,Lylia,https://liquipedia.net/mobilelegends/MPL/Indonesia/Season_9/Regular_Season | https://github.com/LiTianYeoh/MLBB_Tournament_Analysis/blob/94ea36800e80c9e89a2356a0b81d3eeafbd6a4f7/analysis/data/consolidated_game_data_20240505.csv
9,S9-RS-044,1,Geek Fam ID,ban,2,Esmeralda,https://liquipedia.net/mobilelegends/MPL/Indonesia/Season_9/Regular_Season | https://github.com/LiTianYeoh/MLBB_Tournament_Analysis/blob/94ea36800e80c9e89a2356a0b81d3eeafbd6a4f7/analysis/data/consolidated_game_data_20240505.csv
9,S9-RS-044,1,Geek Fam ID,ban,3,Grock,https://liquipedia.net/mobilelegends/MPL/Indonesia/Season_9/Regular_Season | https://github.com/LiTianYeoh/MLBB_Tournament_Analysis/blob/94ea36800e80c9e89a2356a0b81d3eeafbd6a4f7/analysis/data/consolidated_game_data_20240505.csv
9,S9-RS-044,1,Geek Fam ID,ban,4,Chou,https://liquipedia.net/mobilelegends/MPL/Indonesia/Season_9/Regular_Season | https://github.com/LiTianYeoh/MLBB_Tournament_Analysis/blob/94ea36800e80c9e89a2356a0b81d3eeafbd6a4f7/analysis/data/consolidated_game_data_20240505.csv
9,S9-RS-044,1,Geek Fam ID,ban,5,Kadita,https://liquipedia.net/mobilelegends/MPL/Indonesia/Season_9/Regular_Season | https://github.com/LiTianYeoh/MLBB_Tournament_Analysis/blob/94ea36800e80c9e89a2356a0b81d3eeafbd6a4f7/analysis/data/consolidated_game_data_20240505.csv
9,S9-RS-044,1,Geek Fam ID,pick,1,Hilda,https://liquipedia.net/mobilelegends/MPL/Indonesia/Season_9/Regular_Season | https://github.com/LiTianYeoh/MLBB_Tournament_Analysis/blob/94ea36800e80c9e89a2356a0b81d3eeafbd6a4f7/analysis/data/consolidated_game_data_20240505.csv
9,S9-RS-044,1,Geek Fam ID,pick,2,Karina,https://liquipedia.net/mobilelegends/MPL/Indonesia/Season_9/Regular_Season | https://github.com/LiTianYeoh/MLBB_Tournament_Analysis/blob/94ea36800e80c9e89a2356a0b81d3eeafbd6a4f7/analysis/data/consolidated_game_data_20240505.csv
9,S9-RS-044,1,Geek Fam ID,pick,3,Yu Zhong,https://liquipedia.net/mobilelegends/MPL/Indonesia/Season_9/Regular_Season | https://github.com/LiTianYeoh/MLBB_Tournament_Analysis/blob/94ea36800e80c9e89a2356a0b81d3eeafbd6a4f7/analysis/data/consolidated_game_data_20240505.csv
9,S9-RS-044,1,Geek Fam ID,pick,4,Mathilda,https://liquipedia.net/mobilelegends/MPL/Indonesia/Season_9/Regular_Season | https://github.com/LiTianYeoh/MLBB_Tournament_Analysis/blob/94ea36800e80c9e89a2356a0b81d3eeafbd6a4f7/analysis/data/consolidated_game_data_20240505.csv
9,S9-RS-044,1,Geek Fam ID,pick,5,Phoveus,https://liquipedia.net/mobilelegends/MPL/Indonesia/Season_9/Regular_Season | https://github.com/LiTianYeoh/MLBB_Tournament_Analysis/blob/94ea36800e80c9e89a2356a0b81d3eeafbd6a4f7/analysis/data/consolidated_game_data_20240505.csv
9,S9-RS-044,1,AURA Fire,ban,1,Popol and Kupa,https://liquipedia.net/mobilelegends/MPL/Indonesia/Season_9/Regular_Season | https://github.com/LiTianYeoh/MLBB_Tournament_Analysis/blob/94ea36800e80c9e89a2356a0b81d3eeafbd6a4f7/analysis/data/consolidated_game_data_20240505.csv
9,S9-RS-044,1,AURA Fire,ban,2,Beatrix,https://liquipedia.net/mobilelegends/MPL/Indonesia/Season_9/Regular_Season | https://github.com/LiTianYeoh/MLBB_Tournament_Analysis/blob/94ea36800e80c9e89a2356a0b81d3eeafbd6a4f7/analysis/data/consolidated_game_data_20240505.csv
9,S9-RS-044,1,AURA Fire,ban,3,Fanny,https://liquipedia.net/mobilelegends/MPL/Indonesia/Season_9/Regular_Season | https://github.com/LiTianYeoh/MLBB_Tournament_Analysis/blob/94ea36800e80c9e89a2356a0b81d3eeafbd6a4f7/analysis/data/consolidated_game_data_20240505.csv
9,S9-RS-044,1,AURA Fire,ban,4,Masha,https://liquipedia.net/mobilelegends/MPL/Indonesia/Season_9/Regular_Season | https://github.com/LiTianYeoh/MLBB_Tournament_Analysis/blob/94ea36800e80c9e89a2356a0b81d3eeafbd6a4f7/analysis/data/consolidated_game_data_20240505.csv
9,S9-RS-044,1,AURA Fire,ban,5,Valentina,https://liquipedia.net/mobilelegends/MPL/Indonesia/Season_9/Regular_Season | https://github.com/LiTianYeoh/MLBB_Tournament_Analysis/blob/94ea36800e80c9e89a2356a0b81d3eeafbd6a4f7/analysis/data/consolidated_game_data_20240505.csv
9,S9-RS-044,1,AURA Fire,pick,1,Angela,https://liquipedia.net/mobilelegends/MPL/Indonesia/Season_9/Regular_Season | https://github.com/LiTianYeoh/MLBB_Tournament_Analysis/blob/94ea36800e80c9e89a2356a0b81d3eeafbd6a4f7/analysis/data/consolidated_game_data_20240505.csv
9,S9-RS-044,1,AURA Fire,pick,2,Paquito,https://liquipedia.net/mobilelegends/MPL/Indonesia/Season_9/Regular_Season | https://github.com/LiTianYeoh/MLBB_Tournament_Analysis/blob/94ea36800e80c9e89a2356a0b81d3eeafbd6a4f7/analysis/data/consolidated_game_data_20240505.csv
9,S9-RS-044,1,AURA Fire,pick,3,Ling,https://liquipedia.net/mobilelegends/MPL/Indonesia/Season_9/Regular_Season | https://github.com/LiTianYeoh/MLBB_Tournament_Analysis/blob/94ea36800e80c9e89a2356a0b81d3eeafbd6a4f7/analysis/data/consolidated_game_data_20240505.csv
9,S9-RS-044,1,AURA Fire,pick,4,Dyrroth,https://liquipedia.net/mobilelegends/MPL/Indonesia/Season_9/Regular_Season | https://github.com/LiTianYeoh/MLBB_Tournament_Analysis/blob/94ea36800e80c9e89a2356a0b81d3eeafbd6a4f7/analysis/data/consolidated_game_data_20240505.csv
9,S9-RS-044,1,AURA Fire,pick,5,Pharsa,https://liquipedia.net/mobilelegends/MPL/Indonesia/Season_9/Regular_Season | https://github.com/LiTianYeoh/MLBB_Tournament_Analysis/blob/94ea36800e80c9e89a2356a0b81d3eeafbd6a4f7/analysis/data/consolidated_game_data_20240505.csv
9,S9-RS-044,2,Geek Fam ID,ban,1,Lylia,https://liquipedia.net/mobilelegends/MPL/Indonesia/Season_9/Regular_Season | https://github.com/LiTianYeoh/MLBB_Tournament_Analysis/blob/94ea36800e80c9e89a2356a0b81d3eeafbd6a4f7/analysis/data/consolidated_game_data_20240505.csv
9,S9-RS-044,2,Geek Fam ID,ban,2,Ling,https://liquipedia.net/mobilelegends/MPL/Indonesia/Season_9/Regular_Season | https://github.com/LiTianYeoh/MLBB_Tournament_Analysis/blob/94ea36800e80c9e89a2356a0b81d3eeafbd6a4f7/analysis/data/consolidated_game_data_20240505.csv
9,S9-RS-044,2,Geek Fam ID,ban,3,Fanny,https://liquipedia.net/mobilelegends/MPL/Indonesia/Season_9/Regular_Season | https://github.com/LiTianYeoh/MLBB_Tournament_Analysis/blob/94ea36800e80c9e89a2356a0b81d3eeafbd6a4f7/analysis/data/consolidated_game_data_20240505.csv
9,S9-RS-044,2,Geek Fam ID,ban,4,Kadita,https://liquipedia.net/mobilelegends/MPL/Indonesia/Season_9/Regular_Season | https://github.com/LiTianYeoh/MLBB_Tournament_Analysis/blob/94ea36800e80c9e89a2356a0b81d3eeafbd6a4f7/analysis/data/consolidated_game_data_20240505.csv
9,S9-RS-044,2,Geek Fam ID,ban,5,Yu Zhong,https://liquipedia.net/mobilelegends/MPL/Indonesia/Season_9/Regular_Season | https://github.com/LiTianYeoh/MLBB_Tournament_Analysis/blob/94ea36800e80c9e89a2356a0b81d3eeafbd6a4f7/analysis/data/consolidated_game_data_20240505.csv
9,S9-RS-044,2,Geek Fam ID,pick,1,Grock,https://liquipedia.net/mobilelegends/MPL/Indonesia/Season_9/Regular_Season | https://github.com/LiTianYeoh/MLBB_Tournament_Analysis/blob/94ea36800e80c9e89a2356a0b81d3eeafbd6a4f7/analysis/data/consolidated_game_data_20240505.csv
9,S9-RS-044,2,Geek Fam ID,pick,2,Karina,https://liquipedia.net/mobilelegends/MPL/Indonesia/Season_9/Regular_Season | https://github.com/LiTianYeoh/MLBB_Tournament_Analysis/blob/94ea36800e80c9e89a2356a0b81d3eeafbd6a4f7/analysis/data/consolidated_game_data_20240505.csv
9,S9-RS-044,2,Geek Fam ID,pick,3,Mathilda,https://liquipedia.net/mobilelegends/MPL/Indonesia/Season_9/Regular_Season | https://github.com/LiTianYeoh/MLBB_Tournament_Analysis/blob/94ea36800e80c9e89a2356a0b81d3eeafbd6a4f7/analysis/data/consolidated_game_data_20240505.csv
9,S9-RS-044,2,Geek Fam ID,pick,4,Dyrroth,https://liquipedia.net/mobilelegends/MPL/Indonesia/Season_9/Regular_Season | https://github.com/LiTianYeoh/MLBB_Tournament_Analysis/blob/94ea36800e80c9e89a2356a0b81d3eeafbd6a4f7/analysis/data/consolidated_game_data_20240505.csv
9,S9-RS-044,2,Geek Fam ID,pick,5,Jawhead,https://liquipedia.net/mobilelegends/MPL/Indonesia/Season_9/Regular_Season | https://github.com/LiTianYeoh/MLBB_Tournament_Analysis/blob/94ea36800e80c9e89a2356a0b81d3eeafbd6a4f7/analysis/data/consolidated_game_data_20240505.csv
9,S9-RS-044,2,AURA Fire,ban,1,Beatrix,https://liquipedia.net/mobilelegends/MPL/Indonesia/Season_9/Regular_Season | https://github.com/LiTianYeoh/MLBB_Tournament_Analysis/blob/94ea36800e80c9e89a2356a0b81d3eeafbd6a4f7/analysis/data/consolidated_game_data_20240505.csv
9,S9-RS-044,2,AURA Fire,ban,2,Selena,https://liquipedia.net/mobilelegends/MPL/Indonesia/Season_9/Regular_Season | https://github.com/LiTianYeoh/MLBB_Tournament_Analysis/blob/94ea36800e80c9e89a2356a0b81d3eeafbd6a4f7/analysis/data/consolidated_game_data_20240505.csv
9,S9-RS-044,2,AURA Fire,ban,3,Masha,https://liquipedia.net/mobilelegends/MPL/Indonesia/Season_9/Regular_Season | https://github.com/LiTianYeoh/MLBB_Tournament_Analysis/blob/94ea36800e80c9e89a2356a0b81d3eeafbd6a4f7/analysis/data/consolidated_game_data_20240505.csv
9,S9-RS-044,2,AURA Fire,ban,4,Chou,https://liquipedia.net/mobilelegends/MPL/Indonesia/Season_9/Regular_Season | https://github.com/LiTianYeoh/MLBB_Tournament_Analysis/blob/94ea36800e80c9e89a2356a0b81d3eeafbd6a4f7/analysis/data/consolidated_game_data_20240505.csv
9,S9-RS-044,2,AURA Fire,ban,5,Franco,https://liquipedia.net/mobilelegends/MPL/Indonesia/Season_9/Regular_Season | https://github.com/LiTianYeoh/MLBB_Tournament_Analysis/blob/94ea36800e80c9e89a2356a0b81d3eeafbd6a4f7/analysis/data/consolidated_game_data_20240505.csv
9,S9-RS-044,2,AURA Fire,pick,1,Yve,https://liquipedia.net/mobilelegends/MPL/Indonesia/Season_9/Regular_Season | https://github.com/LiTianYeoh/MLBB_Tournament_Analysis/blob/94ea36800e80c9e89a2356a0b81d3eeafbd6a4f7/analysis/data/consolidated_game_data_20240505.csv
9,S9-RS-044,2,AURA Fire,pick,2,Paquito,https://liquipedia.net/mobilelegends/MPL/Indonesia/Season_9/Regular_Season | https://github.com/LiTianYeoh/MLBB_Tournament_Analysis/blob/94ea36800e80c9e89a2356a0b81d3eeafbd6a4f7/analysis/data/consolidated_game_data_20240505.csv
9,S9-RS-044,2,AURA Fire,pick,3,Balmond,https://liquipedia.net/mobilelegends/MPL/Indonesia/Season_9/Regular_Season | https://github.com/LiTianYeoh/MLBB_Tournament_Analysis/blob/94ea36800e80c9e89a2356a0b81d3eeafbd6a4f7/analysis/data/consolidated_game_data_20240505.csv
9,S9-RS-044,2,AURA Fire,pick,4,Angela,https://liquipedia.net/mobilelegends/MPL/Indonesia/Season_9/Regular_Season | https://github.com/LiTianYeoh/MLBB_Tournament_Analysis/blob/94ea36800e80c9e89a2356a0b81d3eeafbd6a4f7/analysis/data/consolidated_game_data_20240505.csv
9,S9-RS-044,2,AURA Fire,pick,5,Valentina,https://liquipedia.net/mobilelegends/MPL/Indonesia/Season_9/Regular_Season | https://github.com/LiTianYeoh/MLBB_Tournament_Analysis/blob/94ea36800e80c9e89a2356a0b81d3eeafbd6a4f7/analysis/data/consolidated_game_data_20240505.csv
9,S9-RS-045,1,Bigetron Alpha,ban,1,Angela,https://liquipedia.net/mobilelegends/MPL/Indonesia/Season_9/Regular_Season | https://github.com/LiTianYeoh/MLBB_Tournament_Analysis/blob/94ea36800e80c9e89a2356a0b81d3eeafbd6a4f7/analysis/data/consolidated_game_data_20240505.csv
9,S9-RS-045,1,Bigetron Alpha,ban,2,Selena,https://liquipedia.net/mobilelegends/MPL/Indonesia/Season_9/Regular_Season | https://github.com/LiTianYeoh/MLBB_Tournament_Analysis/blob/94ea36800e80c9e89a2356a0b81d3eeafbd6a4f7/analysis/data/consolidated_game_data_20240505.csv
9,S9-RS-045,1,Bigetron Alpha,ban,3,Baxia,https://liquipedia.net/mobilelegends/MPL/Indonesia/Season_9/Regular_Season | https://github.com/LiTianYeoh/MLBB_Tournament_Analysis/blob/94ea36800e80c9e89a2356a0b81d3eeafbd6a4f7/analysis/data/consolidated_game_data_20240505.csv
9,S9-RS-045,1,Bigetron Alpha,ban,4,Natalia,https://liquipedia.net/mobilelegends/MPL/Indonesia/Season_9/Regular_Season | https://github.com/LiTianYeoh/MLBB_Tournament_Analysis/blob/94ea36800e80c9e89a2356a0b81d3eeafbd6a4f7/analysis/data/consolidated_game_data_20240505.csv
9,S9-RS-045,1,Bigetron Alpha,ban,5,Chou,https://liquipedia.net/mobilelegends/MPL/Indonesia/Season_9/Regular_Season | https://github.com/LiTianYeoh/MLBB_Tournament_Analysis/blob/94ea36800e80c9e89a2356a0b81d3eeafbd6a4f7/analysis/data/consolidated_game_data_20240505.csv
9,S9-RS-045,1,Bigetron Alpha,pick,1,Masha,https://liquipedia.net/mobilelegends/MPL/Indonesia/Season_9/Regular_Season | https://github.com/LiTianYeoh/MLBB_Tournament_Analysis/blob/94ea36800e80c9e89a2356a0b81d3eeafbd6a4f7/analysis/data/consolidated_game_data_20240505.csv
9,S9-RS-045,1,Bigetron Alpha,pick,2,Khufra,https://liquipedia.net/mobilelegends/MPL/Indonesia/Season_9/Regular_Season | https://github.com/LiTianYeoh/MLBB_Tournament_Analysis/blob/94ea36800e80c9e89a2356a0b81d3eeafbd6a4f7/analysis/data/consolidated_game_data_20240505.csv
9,S9-RS-045,1,Bigetron Alpha,pick,3,Ling,https://liquipedia.net/mobilelegends/MPL/Indonesia/Season_9/Regular_Season | https://github.com/LiTianYeoh/MLBB_Tournament_Analysis/blob/94ea36800e80c9e89a2356a0b81d3eeafbd6a4f7/analysis/data/consolidated_game_data_20240505.csv
9,S9-RS-045,1,Bigetron Alpha,pick,4,Pharsa,https://liquipedia.net/mobilelegends/MPL/Indonesia/Season_9/Regular_Season | https://github.com/LiTianYeoh/MLBB_Tournament_Analysis/blob/94ea36800e80c9e89a2356a0b81d3eeafbd6a4f7/analysis/data/consolidated_game_data_20240505.csv
9,S9-RS-045,1,Bigetron Alpha,pick,5,Beatrix,https://liquipedia.net/mobilelegends/MPL/Indonesia/Season_9/Regular_Season | https://github.com/LiTianYeoh/MLBB_Tournament_Analysis/blob/94ea36800e80c9e89a2356a0b81d3eeafbd6a4f7/analysis/data/consolidated_game_data_20240505.csv
9,S9-RS-045,1,ONIC Esports,ban,1,Yve,https://liquipedia.net/mobilelegends/MPL/Indonesia/Season_9/Regular_Season | https://github.com/LiTianYeoh/MLBB_Tournament_Analysis/blob/94ea36800e80c9e89a2356a0b81d3eeafbd6a4f7/analysis/data/consolidated_game_data_20240505.csv
9,S9-RS-045,1,ONIC Esports,ban,2,Cecilion,https://liquipedia.net/mobilelegends/MPL/Indonesia/Season_9/Regular_Season | https://github.com/LiTianYeoh/MLBB_Tournament_Analysis/blob/94ea36800e80c9e89a2356a0b81d3eeafbd6a4f7/analysis/data/consolidated_game_data_20240505.csv
9,S9-RS-045,1,ONIC Esports,ban,3,Franco,https://liquipedia.net/mobilelegends/MPL/Indonesia/Season_9/Regular_Season | https://github.com/LiTianYeoh/MLBB_Tournament_Analysis/blob/94ea36800e80c9e89a2356a0b81d3eeafbd6a4f7/analysis/data/consolidated_game_data_20240505.csv
9,S9-RS-045,1,ONIC Esports,ban,4,Karina,https://liquipedia.net/mobilelegends/MPL/Indonesia/Season_9/Regular_Season | https://github.com/LiTianYeoh/MLBB_Tournament_Analysis/blob/94ea36800e80c9e89a2356a0b81d3eeafbd6a4f7/analysis/data/consolidated_game_data_20240505.csv
9,S9-RS-045,1,ONIC Esports,ban,5,Valentina,https://liquipedia.net/mobilelegends/MPL/Indonesia/Season_9/Regular_Season | https://github.com/LiTianYeoh/MLBB_Tournament_Analysis/blob/94ea36800e80c9e89a2356a0b81d3eeafbd6a4f7/analysis/data/consolidated_game_data_20240505.csv
9,S9-RS-045,1,ONIC Esports,pick,1,Kagura,https://liquipedia.net/mobilelegends/MPL/Indonesia/Season_9/Regular_Season | https://github.com/LiTianYeoh/MLBB_Tournament_Analysis/blob/94ea36800e80c9e89a2356a0b81d3eeafbd6a4f7/analysis/data/consolidated_game_data_20240505.csv
9,S9-RS-045,1,ONIC Esports,pick,2,Hilda,https://liquipedia.net/mobilelegends/MPL/Indonesia/Season_9/Regular_Season | https://github.com/LiTianYeoh/MLBB_Tournament_Analysis/blob/94ea36800e80c9e89a2356a0b81d3eeafbd6a4f7/analysis/data/consolidated_game_data_20240505.csv
9,S9-RS-045,1,ONIC Esports,pick,3,Wanwan,https://liquipedia.net/mobilelegends/MPL/Indonesia/Season_9/Regular_Season | https://github.com/LiTianYeoh/MLBB_Tournament_Analysis/blob/94ea36800e80c9e89a2356a0b81d3eeafbd6a4f7/analysis/data/consolidated_game_data_20240505.csv
9,S9-RS-045,1,ONIC Esports,pick,4,Grock,https://liquipedia.net/mobilelegends/MPL/Indonesia/Season_9/Regular_Season | https://github.com/LiTianYeoh/MLBB_Tournament_Analysis/blob/94ea36800e80c9e89a2356a0b81d3eeafbd6a4f7/analysis/data/consolidated_game_data_20240505.csv
9,S9-RS-045,1,ONIC Esports,pick,5,Fanny,https://liquipedia.net/mobilelegends/MPL/Indonesia/Season_9/Regular_Season | https://github.com/LiTianYeoh/MLBB_Tournament_Analysis/blob/94ea36800e80c9e89a2356a0b81d3eeafbd6a4f7/analysis/data/consolidated_game_data_20240505.csv
9,S9-RS-045,2,Bigetron Alpha,ban,1,Valentina,https://liquipedia.net/mobilelegends/MPL/Indonesia/Season_9/Regular_Season | https://github.com/LiTianYeoh/MLBB_Tournament_Analysis/blob/94ea36800e80c9e89a2356a0b81d3eeafbd6a4f7/analysis/data/consolidated_game_data_20240505.csv
9,S9-RS-045,2,Bigetron Alpha,ban,2,Masha,https://liquipedia.net/mobilelegends/MPL/Indonesia/Season_9/Regular_Season | https://github.com/LiTianYeoh/MLBB_Tournament_Analysis/blob/94ea36800e80c9e89a2356a0b81d3eeafbd6a4f7/analysis/data/consolidated_game_data_20240505.csv
9,S9-RS-045,2,Bigetron Alpha,ban,3,Grock,https://liquipedia.net/mobilelegends/MPL/Indonesia/Season_9/Regular_Season | https://github.com/LiTianYeoh/MLBB_Tournament_Analysis/blob/94ea36800e80c9e89a2356a0b81d3eeafbd6a4f7/analysis/data/consolidated_game_data_20240505.csv
9,S9-RS-045,2,Bigetron Alpha,ban,4,Wanwan,https://liquipedia.net/mobilelegends/MPL/Indonesia/Season_9/Regular_Season | https://github.com/LiTianYeoh/MLBB_Tournament_Analysis/blob/94ea36800e80c9e89a2356a0b81d3eeafbd6a4f7/analysis/data/consolidated_game_data_20240505.csv
9,S9-RS-045,2,Bigetron Alpha,ban,5,Popol and Kupa,https://liquipedia.net/mobilelegends/MPL/Indonesia/Season_9/Regular_Season | https://github.com/LiTianYeoh/MLBB_Tournament_Analysis/blob/94ea36800e80c9e89a2356a0b81d3eeafbd6a4f7/analysis/data/consolidated_game_data_20240505.csv
9,S9-RS-045,2,Bigetron Alpha,pick,1,Beatrix,https://liquipedia.net/mobilelegends/MPL/Indonesia/Season_9/Regular_Season | https://github.com/LiTianYeoh/MLBB_Tournament_Analysis/blob/94ea36800e80c9e89a2356a0b81d3eeafbd6a4f7/analysis/data/consolidated_game_data_20240505.csv
9,S9-RS-045,2,Bigetron Alpha,pick,2,Angela,https://liquipedia.net/mobilelegends/MPL/Indonesia/Season_9/Regular_Season | https://github.com/LiTianYeoh/MLBB_Tournament_Analysis/blob/94ea36800e80c9e89a2356a0b81d3eeafbd6a4f7/analysis/data/consolidated_game_data_20240505.csv
9,S9-RS-045,2,Bigetron Alpha,pick,3,Lunox,https://liquipedia.net/mobilelegends/MPL/Indonesia/Season_9/Regular_Season | https://github.com/LiTianYeoh/MLBB_Tournament_Analysis/blob/94ea36800e80c9e89a2356a0b81d3eeafbd6a4f7/analysis/data/consolidated_game_data_20240505.csv
9,S9-RS-045,2,Bigetron Alpha,pick,4,Gloo,https://liquipedia.net/mobilelegends/MPL/Indonesia/Season_9/Regular_Season | https://github.com/LiTianYeoh/MLBB_Tournament_Analysis/blob/94ea36800e80c9e89a2356a0b81d3eeafbd6a4f7/analysis/data/consolidated_game_data_20240505.csv
9,S9-RS-045,2,Bigetron Alpha,pick,5,Baxia,https://liquipedia.net/mobilelegends/MPL/Indonesia/Season_9/Regular_Season | https://github.com/LiTianYeoh/MLBB_Tournament_Analysis/blob/94ea36800e80c9e89a2356a0b81d3eeafbd6a4f7/analysis/data/consolidated_game_data_20240505.csv
9,S9-RS-045,2,ONIC Esports,ban,1,Lylia,https://liquipedia.net/mobilelegends/MPL/Indonesia/Season_9/Regular_Season | https://github.com/LiTianYeoh/MLBB_Tournament_Analysis/blob/94ea36800e80c9e89a2356a0b81d3eeafbd6a4f7/analysis/data/consolidated_game_data_20240505.csv
9,S9-RS-045,2,ONIC Esports,ban,2,Cecilion,https://liquipedia.net/mobilelegends/MPL/Indonesia/Season_9/Regular_Season | https://github.com/LiTianYeoh/MLBB_Tournament_Analysis/blob/94ea36800e80c9e89a2356a0b81d3eeafbd6a4f7/analysis/data/consolidated_game_data_20240505.csv
9,S9-RS-045,2,ONIC Esports,ban,3,Yve,https://liquipedia.net/mobilelegends/MPL/Indonesia/Season_9/Regular_Season | https://github.com/LiTianYeoh/MLBB_Tournament_Analysis/blob/94ea36800e80c9e89a2356a0b81d3eeafbd6a4f7/analysis/data/consolidated_game_data_20240505.csv
9,S9-RS-045,2,ONIC Esports,ban,4,Lancelot,https://liquipedia.net/mobilelegends/MPL/Indonesia/Season_9/Regular_Season | https://github.com/LiTianYeoh/MLBB_Tournament_Analysis/blob/94ea36800e80c9e89a2356a0b81d3eeafbd6a4f7/analysis/data/consolidated_game_data_20240505.csv
9,S9-RS-045,2,ONIC Esports,ban,5,Ling,https://liquipedia.net/mobilelegends/MPL/Indonesia/Season_9/Regular_Season | https://github.com/LiTianYeoh/MLBB_Tournament_Analysis/blob/94ea36800e80c9e89a2356a0b81d3eeafbd6a4f7/analysis/data/consolidated_game_data_20240505.csv
9,S9-RS-045,2,ONIC Esports,pick,1,Dyrroth,https://liquipedia.net/mobilelegends/MPL/Indonesia/Season_9/Regular_Season | https://github.com/LiTianYeoh/MLBB_Tournament_Analysis/blob/94ea36800e80c9e89a2356a0b81d3eeafbd6a4f7/analysis/data/consolidated_game_data_20240505.csv
9,S9-RS-045,2,ONIC Esports,pick,2,Selena,https://liquipedia.net/mobilelegends/MPL/Indonesia/Season_9/Regular_Season | https://github.com/LiTianYeoh/MLBB_Tournament_Analysis/blob/94ea36800e80c9e89a2356a0b81d3eeafbd6a4f7/analysis/data/consolidated_game_data_20240505.csv
9,S9-RS-045,2,ONIC Esports,pick,3,Melissa,https://liquipedia.net/mobilelegends/MPL/Indonesia/Season_9/Regular_Season | https://github.com/LiTianYeoh/MLBB_Tournament_Analysis/blob/94ea36800e80c9e89a2356a0b81d3eeafbd6a4f7/analysis/data/consolidated_game_data_20240505.csv
9,S9-RS-045,2,ONIC Esports,pick,4,Carmilla,https://liquipedia.net/mobilelegends/MPL/Indonesia/Season_9/Regular_Season | https://github.com/LiTianYeoh/MLBB_Tournament_Analysis/blob/94ea36800e80c9e89a2356a0b81d3eeafbd6a4f7/analysis/data/consolidated_game_data_20240505.csv
9,S9-RS-045,2,ONIC Esports,pick,5,Karina,https://liquipedia.net/mobilelegends/MPL/Indonesia/Season_9/Regular_Season | https://github.com/LiTianYeoh/MLBB_Tournament_Analysis/blob/94ea36800e80c9e89a2356a0b81d3eeafbd6a4f7/analysis/data/consolidated_game_data_20240505.csv
9,S9-RS-045,3,Bigetron Alpha,ban,1,Grock,https://liquipedia.net/mobilelegends/MPL/Indonesia/Season_9/Regular_Season | https://github.com/LiTianYeoh/MLBB_Tournament_Analysis/blob/94ea36800e80c9e89a2356a0b81d3eeafbd6a4f7/analysis/data/consolidated_game_data_20240505.csv
9,S9-RS-045,3,Bigetron Alpha,ban,2,Masha,https://liquipedia.net/mobilelegends/MPL/Indonesia/Season_9/Regular_Season | https://github.com/LiTianYeoh/MLBB_Tournament_Analysis/blob/94ea36800e80c9e89a2356a0b81d3eeafbd6a4f7/analysis/data/consolidated_game_data_20240505.csv
9,S9-RS-045,3,Bigetron Alpha,ban,3,Wanwan,https://liquipedia.net/mobilelegends/MPL/Indonesia/Season_9/Regular_Season | https://github.com/LiTianYeoh/MLBB_Tournament_Analysis/blob/94ea36800e80c9e89a2356a0b81d3eeafbd6a4f7/analysis/data/consolidated_game_data_20240505.csv
9,S9-RS-045,3,Bigetron Alpha,ban,4,Kagura,https://liquipedia.net/mobilelegends/MPL/Indonesia/Season_9/Regular_Season | https://github.com/LiTianYeoh/MLBB_Tournament_Analysis/blob/94ea36800e80c9e89a2356a0b81d3eeafbd6a4f7/analysis/data/consolidated_game_data_20240505.csv
9,S9-RS-045,3,Bigetron Alpha,ban,5,Selena,https://liquipedia.net/mobilelegends/MPL/Indonesia/Season_9/Regular_Season | https://github.com/LiTianYeoh/MLBB_Tournament_Analysis/blob/94ea36800e80c9e89a2356a0b81d3eeafbd6a4f7/analysis/data/consolidated_game_data_20240505.csv
9,S9-RS-045,3,Bigetron Alpha,pick,1,Angela,https://liquipedia.net/mobilelegends/MPL/Indonesia/Season_9/Regular_Season | https://github.com/LiTianYeoh/MLBB_Tournament_Analysis/blob/94ea36800e80c9e89a2356a0b81d3eeafbd6a4f7/analysis/data/consolidated_game_data_20240505.csv
9,S9-RS-045,3,Bigetron Alpha,pick,2,Beatrix,https://liquipedia.net/mobilelegends/MPL/Indonesia/Season_9/Regular_Season | https://github.com/LiTianYeoh/MLBB_Tournament_Analysis/blob/94ea36800e80c9e89a2356a0b81d3eeafbd6a4f7/analysis/data/consolidated_game_data_20240505.csv
9,S9-RS-045,3,Bigetron Alpha,pick,3,Ling,https://liquipedia.net/mobilelegends/MPL/Indonesia/Season_9/Regular_Season | https://github.com/LiTianYeoh/MLBB_Tournament_Analysis/blob/94ea36800e80c9e89a2356a0b81d3eeafbd6a4f7/analysis/data/consolidated_game_data_20240505.csv
9,S9-RS-045,3,Bigetron Alpha,pick,4,Akai,https://liquipedia.net/mobilelegends/MPL/Indonesia/Season_9/Regular_Season | https://github.com/LiTianYeoh/MLBB_Tournament_Analysis/blob/94ea36800e80c9e89a2356a0b81d3eeafbd6a4f7/analysis/data/consolidated_game_data_20240505.csv
9,S9-RS-045,3,Bigetron Alpha,pick,5,Yve,https://liquipedia.net/mobilelegends/MPL/Indonesia/Season_9/Regular_Season | https://github.com/LiTianYeoh/MLBB_Tournament_Analysis/blob/94ea36800e80c9e89a2356a0b81d3eeafbd6a4f7/analysis/data/consolidated_game_data_20240505.csv
9,S9-RS-045,3,ONIC Esports,ban,1,Lylia,https://liquipedia.net/mobilelegends/MPL/Indonesia/Season_9/Regular_Season | https://github.com/LiTianYeoh/MLBB_Tournament_Analysis/blob/94ea36800e80c9e89a2356a0b81d3eeafbd6a4f7/analysis/data/consolidated_game_data_20240505.csv
9,S9-RS-045,3,ONIC Esports,ban,2,Khufra,https://liquipedia.net/mobilelegends/MPL/Indonesia/Season_9/Regular_Season | https://github.com/LiTianYeoh/MLBB_Tournament_Analysis/blob/94ea36800e80c9e89a2356a0b81d3eeafbd6a4f7/analysis/data/consolidated_game_data_20240505.csv
9,S9-RS-045,3,ONIC Esports,ban,3,Baxia,https://liquipedia.net/mobilelegends/MPL/Indonesia/Season_9/Regular_Season | https://github.com/LiTianYeoh/MLBB_Tournament_Analysis/blob/94ea36800e80c9e89a2356a0b81d3eeafbd6a4f7/analysis/data/consolidated_game_data_20240505.csv
9,S9-RS-045,3,ONIC Esports,ban,4,Karina,https://liquipedia.net/mobilelegends/MPL/Indonesia/Season_9/Regular_Season | https://github.com/LiTianYeoh/MLBB_Tournament_Analysis/blob/94ea36800e80c9e89a2356a0b81d3eeafbd6a4f7/analysis/data/consolidated_game_data_20240505.csv
9,S9-RS-045,3,ONIC Esports,ban,5,Valentina,https://liquipedia.net/mobilelegends/MPL/Indonesia/Season_9/Regular_Season | https://github.com/LiTianYeoh/MLBB_Tournament_Analysis/blob/94ea36800e80c9e89a2356a0b81d3eeafbd6a4f7/analysis/data/consolidated_game_data_20240505.csv
9,S9-RS-045,3,ONIC Esports,pick,1,Natalia,https://liquipedia.net/mobilelegends/MPL/Indonesia/Season_9/Regular_Season | https://github.com/LiTianYeoh/MLBB_Tournament_Analysis/blob/94ea36800e80c9e89a2356a0b81d3eeafbd6a4f7/analysis/data/consolidated_game_data_20240505.csv
9,S9-RS-045,3,ONIC Esports,pick,2,Lunox,https://liquipedia.net/mobilelegends/MPL/Indonesia/Season_9/Regular_Season | https://github.com/LiTianYeoh/MLBB_Tournament_Analysis/blob/94ea36800e80c9e89a2356a0b81d3eeafbd6a4f7/analysis/data/consolidated_game_data_20240505.csv
9,S9-RS-045,3,ONIC Esports,pick,3,Popol and Kupa,https://liquipedia.net/mobilelegends/MPL/Indonesia/Season_9/Regular_Season | https://github.com/LiTianYeoh/MLBB_Tournament_Analysis/blob/94ea36800e80c9e89a2356a0b81d3eeafbd6a4f7/analysis/data/consolidated_game_data_20240505.csv
9,S9-RS-045,3,ONIC Esports,pick,4,Chou,https://liquipedia.net/mobilelegends/MPL/Indonesia/Season_9/Regular_Season | https://github.com/LiTianYeoh/MLBB_Tournament_Analysis/blob/94ea36800e80c9e89a2356a0b81d3eeafbd6a4f7/analysis/data/consolidated_game_data_20240505.csv
9,S9-RS-045,3,ONIC Esports,pick,5,Fanny,https://liquipedia.net/mobilelegends/MPL/Indonesia/Season_9/Regular_Season | https://github.com/LiTianYeoh/MLBB_Tournament_Analysis/blob/94ea36800e80c9e89a2356a0b81d3eeafbd6a4f7/analysis/data/consolidated_game_data_20240505.csv
9,S9-RS-046,1,EVOS Legends,ban,1,Baxia,https://liquipedia.net/mobilelegends/MPL/Indonesia/Season_9/Regular_Season | https://github.com/LiTianYeoh/MLBB_Tournament_Analysis/blob/94ea36800e80c9e89a2356a0b81d3eeafbd6a4f7/analysis/data/consolidated_game_data_20240505.csv
9,S9-RS-046,1,EVOS Legends,ban,2,Angela,https://liquipedia.net/mobilelegends/MPL/Indonesia/Season_9/Regular_Season | https://github.com/LiTianYeoh/MLBB_Tournament_Analysis/blob/94ea36800e80c9e89a2356a0b81d3eeafbd6a4f7/analysis/data/consolidated_game_data_20240505.csv
9,S9-RS-046,1,EVOS Legends,ban,3,Hilda,https://liquipedia.net/mobilelegends/MPL/Indonesia/Season_9/Regular_Season | https://github.com/LiTianYeoh/MLBB_Tournament_Analysis/blob/94ea36800e80c9e89a2356a0b81d3eeafbd6a4f7/analysis/data/consolidated_game_data_20240505.csv
9,S9-RS-046,1,EVOS Legends,ban,4,Balmond,https://liquipedia.net/mobilelegends/MPL/Indonesia/Season_9/Regular_Season | https://github.com/LiTianYeoh/MLBB_Tournament_Analysis/blob/94ea36800e80c9e89a2356a0b81d3eeafbd6a4f7/analysis/data/consolidated_game_data_20240505.csv
9,S9-RS-046,1,EVOS Legends,ban,5,X.Borg,https://liquipedia.net/mobilelegends/MPL/Indonesia/Season_9/Regular_Season | https://github.com/LiTianYeoh/MLBB_Tournament_Analysis/blob/94ea36800e80c9e89a2356a0b81d3eeafbd6a4f7/analysis/data/consolidated_game_data_20240505.csv
9,S9-RS-046,1,EVOS Legends,pick,1,Masha,https://liquipedia.net/mobilelegends/MPL/Indonesia/Season_9/Regular_Season | https://github.com/LiTianYeoh/MLBB_Tournament_Analysis/blob/94ea36800e80c9e89a2356a0b81d3eeafbd6a4f7/analysis/data/consolidated_game_data_20240505.csv
9,S9-RS-046,1,EVOS Legends,pick,2,Lancelot,https://liquipedia.net/mobilelegends/MPL/Indonesia/Season_9/Regular_Season | https://github.com/LiTianYeoh/MLBB_Tournament_Analysis/blob/94ea36800e80c9e89a2356a0b81d3eeafbd6a4f7/analysis/data/consolidated_game_data_20240505.csv
9,S9-RS-046,1,EVOS Legends,pick,3,Dyrroth,https://liquipedia.net/mobilelegends/MPL/Indonesia/Season_9/Regular_Season | https://github.com/LiTianYeoh/MLBB_Tournament_Analysis/blob/94ea36800e80c9e89a2356a0b81d3eeafbd6a4f7/analysis/data/consolidated_game_data_20240505.csv
9,S9-RS-046,1,EVOS Legends,pick,4,Yve,https://liquipedia.net/mobilelegends/MPL/Indonesia/Season_9/Regular_Season | https://github.com/LiTianYeoh/MLBB_Tournament_Analysis/blob/94ea36800e80c9e89a2356a0b81d3eeafbd6a4f7/analysis/data/consolidated_game_data_20240505.csv
9,S9-RS-046,1,EVOS Legends,pick,5,Alice,https://liquipedia.net/mobilelegends/MPL/Indonesia/Season_9/Regular_Season | https://github.com/LiTianYeoh/MLBB_Tournament_Analysis/blob/94ea36800e80c9e89a2356a0b81d3eeafbd6a4f7/analysis/data/consolidated_game_data_20240505.csv
9,S9-RS-046,1,Geek Fam ID,ban,1,Paquito,https://liquipedia.net/mobilelegends/MPL/Indonesia/Season_9/Regular_Season | https://github.com/LiTianYeoh/MLBB_Tournament_Analysis/blob/94ea36800e80c9e89a2356a0b81d3eeafbd6a4f7/analysis/data/consolidated_game_data_20240505.csv
9,S9-RS-046,1,Geek Fam ID,ban,2,Ling,https://liquipedia.net/mobilelegends/MPL/Indonesia/Season_9/Regular_Season | https://github.com/LiTianYeoh/MLBB_Tournament_Analysis/blob/94ea36800e80c9e89a2356a0b81d3eeafbd6a4f7/analysis/data/consolidated_game_data_20240505.csv
9,S9-RS-046,1,Geek Fam ID,ban,3,Valentina,https://liquipedia.net/mobilelegends/MPL/Indonesia/Season_9/Regular_Season | https://github.com/LiTianYeoh/MLBB_Tournament_Analysis/blob/94ea36800e80c9e89a2356a0b81d3eeafbd6a4f7/analysis/data/consolidated_game_data_20240505.csv
9,S9-RS-046,1,Geek Fam ID,ban,4,Karina,https://liquipedia.net/mobilelegends/MPL/Indonesia/Season_9/Regular_Season | https://github.com/LiTianYeoh/MLBB_Tournament_Analysis/blob/94ea36800e80c9e89a2356a0b81d3eeafbd6a4f7/analysis/data/consolidated_game_data_20240505.csv
9,S9-RS-046,1,Geek Fam ID,ban,5,Fanny,https://liquipedia.net/mobilelegends/MPL/Indonesia/Season_9/Regular_Season | https://github.com/LiTianYeoh/MLBB_Tournament_Analysis/blob/94ea36800e80c9e89a2356a0b81d3eeafbd6a4f7/analysis/data/consolidated_game_data_20240505.csv
9,S9-RS-046,1,Geek Fam ID,pick,1,Martis,https://liquipedia.net/mobilelegends/MPL/Indonesia/Season_9/Regular_Season | https://github.com/LiTianYeoh/MLBB_Tournament_Analysis/blob/94ea36800e80c9e89a2356a0b81d3eeafbd6a4f7/analysis/data/consolidated_game_data_20240505.csv
9,S9-RS-046,1,Geek Fam ID,pick,2,Lylia,https://liquipedia.net/mobilelegends/MPL/Indonesia/Season_9/Regular_Season | https://github.com/LiTianYeoh/MLBB_Tournament_Analysis/blob/94ea36800e80c9e89a2356a0b81d3eeafbd6a4f7/analysis/data/consolidated_game_data_20240505.csv
9,S9-RS-046,1,Geek Fam ID,pick,3,Yu Zhong,https://liquipedia.net/mobilelegends/MPL/Indonesia/Season_9/Regular_Season | https://github.com/LiTianYeoh/MLBB_Tournament_Analysis/blob/94ea36800e80c9e89a2356a0b81d3eeafbd6a4f7/analysis/data/consolidated_game_data_20240505.csv
9,S9-RS-046,1,Geek Fam ID,pick,4,Grock,https://liquipedia.net/mobilelegends/MPL/Indonesia/Season_9/Regular_Season | https://github.com/LiTianYeoh/MLBB_Tournament_Analysis/blob/94ea36800e80c9e89a2356a0b81d3eeafbd6a4f7/analysis/data/consolidated_game_data_20240505.csv
9,S9-RS-046,1,Geek Fam ID,pick,5,Mathilda,https://liquipedia.net/mobilelegends/MPL/Indonesia/Season_9/Regular_Season | https://github.com/LiTianYeoh/MLBB_Tournament_Analysis/blob/94ea36800e80c9e89a2356a0b81d3eeafbd6a4f7/analysis/data/consolidated_game_data_20240505.csv
9,S9-RS-046,2,EVOS Legends,ban,1,Karina,https://liquipedia.net/mobilelegends/MPL/Indonesia/Season_9/Regular_Season | https://github.com/LiTianYeoh/MLBB_Tournament_Analysis/blob/94ea36800e80c9e89a2356a0b81d3eeafbd6a4f7/analysis/data/consolidated_game_data_20240505.csv
9,S9-RS-046,2,EVOS Legends,ban,2,Valentina,https://liquipedia.net/mobilelegends/MPL/Indonesia/Season_9/Regular_Season | https://github.com/LiTianYeoh/MLBB_Tournament_Analysis/blob/94ea36800e80c9e89a2356a0b81d3eeafbd6a4f7/analysis/data/consolidated_game_data_20240505.csv
9,S9-RS-046,2,EVOS Legends,ban,3,Fanny,https://liquipedia.net/mobilelegends/MPL/Indonesia/Season_9/Regular_Season | https://github.com/LiTianYeoh/MLBB_Tournament_Analysis/blob/94ea36800e80c9e89a2356a0b81d3eeafbd6a4f7/analysis/data/consolidated_game_data_20240505.csv
9,S9-RS-046,2,EVOS Legends,ban,4,Beatrix,https://liquipedia.net/mobilelegends/MPL/Indonesia/Season_9/Regular_Season | https://github.com/LiTianYeoh/MLBB_Tournament_Analysis/blob/94ea36800e80c9e89a2356a0b81d3eeafbd6a4f7/analysis/data/consolidated_game_data_20240505.csv
9,S9-RS-046,2,EVOS Legends,ban,5,Paquito,https://liquipedia.net/mobilelegends/MPL/Indonesia/Season_9/Regular_Season | https://github.com/LiTianYeoh/MLBB_Tournament_Analysis/blob/94ea36800e80c9e89a2356a0b81d3eeafbd6a4f7/analysis/data/consolidated_game_data_20240505.csv
9,S9-RS-046,2,EVOS Legends,pick,1,Angela,https://liquipedia.net/mobilelegends/MPL/Indonesia/Season_9/Regular_Season | https://github.com/LiTianYeoh/MLBB_Tournament_Analysis/blob/94ea36800e80c9e89a2356a0b81d3eeafbd6a4f7/analysis/data/consolidated_game_data_20240505.csv
9,S9-RS-046,2,EVOS Legends,pick,2,Ling,https://liquipedia.net/mobilelegends/MPL/Indonesia/Season_9/Regular_Season | https://github.com/LiTianYeoh/MLBB_Tournament_Analysis/blob/94ea36800e80c9e89a2356a0b81d3eeafbd6a4f7/analysis/data/consolidated_game_data_20240505.csv
9,S9-RS-046,2,EVOS Legends,pick,3,Dyrroth,https://liquipedia.net/mobilelegends/MPL/Indonesia/Season_9/Regular_Season | https://github.com/LiTianYeoh/MLBB_Tournament_Analysis/blob/94ea36800e80c9e89a2356a0b81d3eeafbd6a4f7/analysis/data/consolidated_game_data_20240505.csv
9,S9-RS-046,2,EVOS Legends,pick,4,Esmeralda,https://liquipedia.net/mobilelegends/MPL/Indonesia/Season_9/Regular_Season | https://github.com/LiTianYeoh/MLBB_Tournament_Analysis/blob/94ea36800e80c9e89a2356a0b81d3eeafbd6a4f7/analysis/data/consolidated_game_data_20240505.csv
9,S9-RS-046,2,EVOS Legends,pick,5,Kimmy,https://liquipedia.net/mobilelegends/MPL/Indonesia/Season_9/Regular_Season | https://github.com/LiTianYeoh/MLBB_Tournament_Analysis/blob/94ea36800e80c9e89a2356a0b81d3eeafbd6a4f7/analysis/data/consolidated_game_data_20240505.csv
9,S9-RS-046,2,Geek Fam ID,ban,1,Wanwan,https://liquipedia.net/mobilelegends/MPL/Indonesia/Season_9/Regular_Season | https://github.com/LiTianYeoh/MLBB_Tournament_Analysis/blob/94ea36800e80c9e89a2356a0b81d3eeafbd6a4f7/analysis/data/consolidated_game_data_20240505.csv
9,S9-RS-046,2,Geek Fam ID,ban,2,Lylia,https://liquipedia.net/mobilelegends/MPL/Indonesia/Season_9/Regular_Season | https://github.com/LiTianYeoh/MLBB_Tournament_Analysis/blob/94ea36800e80c9e89a2356a0b81d3eeafbd6a4f7/analysis/data/consolidated_game_data_20240505.csv
9,S9-RS-046,2,Geek Fam ID,ban,3,Masha,https://liquipedia.net/mobilelegends/MPL/Indonesia/Season_9/Regular_Season | https://github.com/LiTianYeoh/MLBB_Tournament_Analysis/blob/94ea36800e80c9e89a2356a0b81d3eeafbd6a4f7/analysis/data/consolidated_game_data_20240505.csv
9,S9-RS-046,2,Geek Fam ID,ban,4,Baxia,https://liquipedia.net/mobilelegends/MPL/Indonesia/Season_9/Regular_Season | https://github.com/LiTianYeoh/MLBB_Tournament_Analysis/blob/94ea36800e80c9e89a2356a0b81d3eeafbd6a4f7/analysis/data/consolidated_game_data_20240505.csv
9,S9-RS-046,2,Geek Fam ID,ban,5,Yve,https://liquipedia.net/mobilelegends/MPL/Indonesia/Season_9/Regular_Season | https://github.com/LiTianYeoh/MLBB_Tournament_Analysis/blob/94ea36800e80c9e89a2356a0b81d3eeafbd6a4f7/analysis/data/consolidated_game_data_20240505.csv
9,S9-RS-046,2,Geek Fam ID,pick,1,Balmond,https://liquipedia.net/mobilelegends/MPL/Indonesia/Season_9/Regular_Season | https://github.com/LiTianYeoh/MLBB_Tournament_Analysis/blob/94ea36800e80c9e89a2356a0b81d3eeafbd6a4f7/analysis/data/consolidated_game_data_20240505.csv
9,S9-RS-046,2,Geek Fam ID,pick,2,Mathilda,https://liquipedia.net/mobilelegends/MPL/Indonesia/Season_9/Regular_Season | https://github.com/LiTianYeoh/MLBB_Tournament_Analysis/blob/94ea36800e80c9e89a2356a0b81d3eeafbd6a4f7/analysis/data/consolidated_game_data_20240505.csv
9,S9-RS-046,2,Geek Fam ID,pick,3,Grock,https://liquipedia.net/mobilelegends/MPL/Indonesia/Season_9/Regular_Season | https://github.com/LiTianYeoh/MLBB_Tournament_Analysis/blob/94ea36800e80c9e89a2356a0b81d3eeafbd6a4f7/analysis/data/consolidated_game_data_20240505.csv
9,S9-RS-046,2,Geek Fam ID,pick,4,Hilda,https://liquipedia.net/mobilelegends/MPL/Indonesia/Season_9/Regular_Season | https://github.com/LiTianYeoh/MLBB_Tournament_Analysis/blob/94ea36800e80c9e89a2356a0b81d3eeafbd6a4f7/analysis/data/consolidated_game_data_20240505.csv
9,S9-RS-046,2,Geek Fam ID,pick,5,Karrie,https://liquipedia.net/mobilelegends/MPL/Indonesia/Season_9/Regular_Season | https://github.com/LiTianYeoh/MLBB_Tournament_Analysis/blob/94ea36800e80c9e89a2356a0b81d3eeafbd6a4f7/analysis/data/consolidated_game_data_20240505.csv
9,S9-RS-047,1,RRQ Hoshi,ban,1,Hilda,https://liquipedia.net/mobilelegends/MPL/Indonesia/Season_9/Regular_Season | https://github.com/LiTianYeoh/MLBB_Tournament_Analysis/blob/94ea36800e80c9e89a2356a0b81d3eeafbd6a4f7/analysis/data/consolidated_game_data_20240505.csv
9,S9-RS-047,1,RRQ Hoshi,ban,2,Karina,https://liquipedia.net/mobilelegends/MPL/Indonesia/Season_9/Regular_Season | https://github.com/LiTianYeoh/MLBB_Tournament_Analysis/blob/94ea36800e80c9e89a2356a0b81d3eeafbd6a4f7/analysis/data/consolidated_game_data_20240505.csv
9,S9-RS-047,1,RRQ Hoshi,ban,3,Baxia,https://liquipedia.net/mobilelegends/MPL/Indonesia/Season_9/Regular_Season | https://github.com/LiTianYeoh/MLBB_Tournament_Analysis/blob/94ea36800e80c9e89a2356a0b81d3eeafbd6a4f7/analysis/data/consolidated_game_data_20240505.csv
9,S9-RS-047,1,RRQ Hoshi,ban,4,Lancelot,https://liquipedia.net/mobilelegends/MPL/Indonesia/Season_9/Regular_Season | https://github.com/LiTianYeoh/MLBB_Tournament_Analysis/blob/94ea36800e80c9e89a2356a0b81d3eeafbd6a4f7/analysis/data/consolidated_game_data_20240505.csv
9,S9-RS-047,1,RRQ Hoshi,ban,5,Fanny,https://liquipedia.net/mobilelegends/MPL/Indonesia/Season_9/Regular_Season | https://github.com/LiTianYeoh/MLBB_Tournament_Analysis/blob/94ea36800e80c9e89a2356a0b81d3eeafbd6a4f7/analysis/data/consolidated_game_data_20240505.csv
9,S9-RS-047,1,RRQ Hoshi,pick,1,Paquito,https://liquipedia.net/mobilelegends/MPL/Indonesia/Season_9/Regular_Season | https://github.com/LiTianYeoh/MLBB_Tournament_Analysis/blob/94ea36800e80c9e89a2356a0b81d3eeafbd6a4f7/analysis/data/consolidated_game_data_20240505.csv
9,S9-RS-047,1,RRQ Hoshi,pick,2,Cecilion,https://liquipedia.net/mobilelegends/MPL/Indonesia/Season_9/Regular_Season | https://github.com/LiTianYeoh/MLBB_Tournament_Analysis/blob/94ea36800e80c9e89a2356a0b81d3eeafbd6a4f7/analysis/data/consolidated_game_data_20240505.csv
9,S9-RS-047,1,RRQ Hoshi,pick,3,Uranus,https://liquipedia.net/mobilelegends/MPL/Indonesia/Season_9/Regular_Season | https://github.com/LiTianYeoh/MLBB_Tournament_Analysis/blob/94ea36800e80c9e89a2356a0b81d3eeafbd6a4f7/analysis/data/consolidated_game_data_20240505.csv
9,S9-RS-047,1,RRQ Hoshi,pick,4,Ling,https://liquipedia.net/mobilelegends/MPL/Indonesia/Season_9/Regular_Season | https://github.com/LiTianYeoh/MLBB_Tournament_Analysis/blob/94ea36800e80c9e89a2356a0b81d3eeafbd6a4f7/analysis/data/consolidated_game_data_20240505.csv
9,S9-RS-047,1,RRQ Hoshi,pick,5,Rafaela,https://liquipedia.net/mobilelegends/MPL/Indonesia/Season_9/Regular_Season | https://github.com/LiTianYeoh/MLBB_Tournament_Analysis/blob/94ea36800e80c9e89a2356a0b81d3eeafbd6a4f7/analysis/data/consolidated_game_data_20240505.csv
9,S9-RS-047,1,Alter Ego,ban,1,Franco,https://liquipedia.net/mobilelegends/MPL/Indonesia/Season_9/Regular_Season | https://github.com/LiTianYeoh/MLBB_Tournament_Analysis/blob/94ea36800e80c9e89a2356a0b81d3eeafbd6a4f7/analysis/data/consolidated_game_data_20240505.csv
9,S9-RS-047,1,Alter Ego,ban,2,Angela,https://liquipedia.net/mobilelegends/MPL/Indonesia/Season_9/Regular_Season | https://github.com/LiTianYeoh/MLBB_Tournament_Analysis/blob/94ea36800e80c9e89a2356a0b81d3eeafbd6a4f7/analysis/data/consolidated_game_data_20240505.csv
9,S9-RS-047,1,Alter Ego,ban,3,Grock,https://liquipedia.net/mobilelegends/MPL/Indonesia/Season_9/Regular_Season | https://github.com/LiTianYeoh/MLBB_Tournament_Analysis/blob/94ea36800e80c9e89a2356a0b81d3eeafbd6a4f7/analysis/data/consolidated_game_data_20240505.csv
9,S9-RS-047,1,Alter Ego,ban,4,Masha,https://liquipedia.net/mobilelegends/MPL/Indonesia/Season_9/Regular_Season | https://github.com/LiTianYeoh/MLBB_Tournament_Analysis/blob/94ea36800e80c9e89a2356a0b81d3eeafbd6a4f7/analysis/data/consolidated_game_data_20240505.csv
9,S9-RS-047,1,Alter Ego,ban,5,Valentina,https://liquipedia.net/mobilelegends/MPL/Indonesia/Season_9/Regular_Season | https://github.com/LiTianYeoh/MLBB_Tournament_Analysis/blob/94ea36800e80c9e89a2356a0b81d3eeafbd6a4f7/analysis/data/consolidated_game_data_20240505.csv
9,S9-RS-047,1,Alter Ego,pick,1,Helcurt,https://liquipedia.net/mobilelegends/MPL/Indonesia/Season_9/Regular_Season | https://github.com/LiTianYeoh/MLBB_Tournament_Analysis/blob/94ea36800e80c9e89a2356a0b81d3eeafbd6a4f7/analysis/data/consolidated_game_data_20240505.csv
9,S9-RS-047,1,Alter Ego,pick,2,Beatrix,https://liquipedia.net/mobilelegends/MPL/Indonesia/Season_9/Regular_Season | https://github.com/LiTianYeoh/MLBB_Tournament_Analysis/blob/94ea36800e80c9e89a2356a0b81d3eeafbd6a4f7/analysis/data/consolidated_game_data_20240505.csv
9,S9-RS-047,1,Alter Ego,pick,3,Natalia,https://liquipedia.net/mobilelegends/MPL/Indonesia/Season_9/Regular_Season | https://github.com/LiTianYeoh/MLBB_Tournament_Analysis/blob/94ea36800e80c9e89a2356a0b81d3eeafbd6a4f7/analysis/data/consolidated_game_data_20240505.csv
9,S9-RS-047,1,Alter Ego,pick,4,Yve,https://liquipedia.net/mobilelegends/MPL/Indonesia/Season_9/Regular_Season | https://github.com/LiTianYeoh/MLBB_Tournament_Analysis/blob/94ea36800e80c9e89a2356a0b81d3eeafbd6a4f7/analysis/data/consolidated_game_data_20240505.csv
9,S9-RS-047,1,Alter Ego,pick,5,Esmeralda,https://liquipedia.net/mobilelegends/MPL/Indonesia/Season_9/Regular_Season | https://github.com/LiTianYeoh/MLBB_Tournament_Analysis/blob/94ea36800e80c9e89a2356a0b81d3eeafbd6a4f7/analysis/data/consolidated_game_data_20240505.csv
9,S9-RS-047,2,RRQ Hoshi,ban,1,Valentina,https://liquipedia.net/mobilelegends/MPL/Indonesia/Season_9/Regular_Season | https://github.com/LiTianYeoh/MLBB_Tournament_Analysis/blob/94ea36800e80c9e89a2356a0b81d3eeafbd6a4f7/analysis/data/consolidated_game_data_20240505.csv
9,S9-RS-047,2,RRQ Hoshi,ban,2,Hilda,https://liquipedia.net/mobilelegends/MPL/Indonesia/Season_9/Regular_Season | https://github.com/LiTianYeoh/MLBB_Tournament_Analysis/blob/94ea36800e80c9e89a2356a0b81d3eeafbd6a4f7/analysis/data/consolidated_game_data_20240505.csv
9,S9-RS-047,2,RRQ Hoshi,ban,3,Angela,https://liquipedia.net/mobilelegends/MPL/Indonesia/Season_9/Regular_Season | https://github.com/LiTianYeoh/MLBB_Tournament_Analysis/blob/94ea36800e80c9e89a2356a0b81d3eeafbd6a4f7/analysis/data/consolidated_game_data_20240505.csv
9,S9-RS-047,2,RRQ Hoshi,ban,4,Franco,https://liquipedia.net/mobilelegends/MPL/Indonesia/Season_9/Regular_Season | https://github.com/LiTianYeoh/MLBB_Tournament_Analysis/blob/94ea36800e80c9e89a2356a0b81d3eeafbd6a4f7/analysis/data/consolidated_game_data_20240505.csv
9,S9-RS-047,2,RRQ Hoshi,ban,5,Popol and Kupa,https://liquipedia.net/mobilelegends/MPL/Indonesia/Season_9/Regular_Season | https://github.com/LiTianYeoh/MLBB_Tournament_Analysis/blob/94ea36800e80c9e89a2356a0b81d3eeafbd6a4f7/analysis/data/consolidated_game_data_20240505.csv
9,S9-RS-047,2,RRQ Hoshi,pick,1,Cecilion,https://liquipedia.net/mobilelegends/MPL/Indonesia/Season_9/Regular_Season | https://github.com/LiTianYeoh/MLBB_Tournament_Analysis/blob/94ea36800e80c9e89a2356a0b81d3eeafbd6a4f7/analysis/data/consolidated_game_data_20240505.csv
9,S9-RS-047,2,RRQ Hoshi,pick,2,Baxia,https://liquipedia.net/mobilelegends/MPL/Indonesia/Season_9/Regular_Season | https://github.com/LiTianYeoh/MLBB_Tournament_Analysis/blob/94ea36800e80c9e89a2356a0b81d3eeafbd6a4f7/analysis/data/consolidated_game_data_20240505.csv
9,S9-RS-047,2,RRQ Hoshi,pick,3,Beatrix,https://liquipedia.net/mobilelegends/MPL/Indonesia/Season_9/Regular_Season | https://github.com/LiTianYeoh/MLBB_Tournament_Analysis/blob/94ea36800e80c9e89a2356a0b81d3eeafbd6a4f7/analysis/data/consolidated_game_data_20240505.csv
9,S9-RS-047,2,RRQ Hoshi,pick,4,Ruby,https://liquipedia.net/mobilelegends/MPL/Indonesia/Season_9/Regular_Season | https://github.com/LiTianYeoh/MLBB_Tournament_Analysis/blob/94ea36800e80c9e89a2356a0b81d3eeafbd6a4f7/analysis/data/consolidated_game_data_20240505.csv
9,S9-RS-047,2,RRQ Hoshi,pick,5,Hayabusa,https://liquipedia.net/mobilelegends/MPL/Indonesia/Season_9/Regular_Season | https://github.com/LiTianYeoh/MLBB_Tournament_Analysis/blob/94ea36800e80c9e89a2356a0b81d3eeafbd6a4f7/analysis/data/consolidated_game_data_20240505.csv
9,S9-RS-047,2,Alter Ego,ban,1,Dyrroth,https://liquipedia.net/mobilelegends/MPL/Indonesia/Season_9/Regular_Season | https://github.com/LiTianYeoh/MLBB_Tournament_Analysis/blob/94ea36800e80c9e89a2356a0b81d3eeafbd6a4f7/analysis/data/consolidated_game_data_20240505.csv
9,S9-RS-047,2,Alter Ego,ban,2,Fanny,https://liquipedia.net/mobilelegends/MPL/Indonesia/Season_9/Regular_Season | https://github.com/LiTianYeoh/MLBB_Tournament_Analysis/blob/94ea36800e80c9e89a2356a0b81d3eeafbd6a4f7/analysis/data/consolidated_game_data_20240505.csv
9,S9-RS-047,2,Alter Ego,ban,3,Grock,https://liquipedia.net/mobilelegends/MPL/Indonesia/Season_9/Regular_Season | https://github.com/LiTianYeoh/MLBB_Tournament_Analysis/blob/94ea36800e80c9e89a2356a0b81d3eeafbd6a4f7/analysis/data/consolidated_game_data_20240505.csv
9,S9-RS-047,2,Alter Ego,ban,4,Yve,https://liquipedia.net/mobilelegends/MPL/Indonesia/Season_9/Regular_Season | https://github.com/LiTianYeoh/MLBB_Tournament_Analysis/blob/94ea36800e80c9e89a2356a0b81d3eeafbd6a4f7/analysis/data/consolidated_game_data_20240505.csv
9,S9-RS-047,2,Alter Ego,ban,5,Masha,https://liquipedia.net/mobilelegends/MPL/Indonesia/Season_9/Regular_Season | https://github.com/LiTianYeoh/MLBB_Tournament_Analysis/blob/94ea36800e80c9e89a2356a0b81d3eeafbd6a4f7/analysis/data/consolidated_game_data_20240505.csv
9,S9-RS-047,2,Alter Ego,pick,1,Natalia,https://liquipedia.net/mobilelegends/MPL/Indonesia/Season_9/Regular_Season | https://github.com/LiTianYeoh/MLBB_Tournament_Analysis/blob/94ea36800e80c9e89a2356a0b81d3eeafbd6a4f7/analysis/data/consolidated_game_data_20240505.csv
9,S9-RS-047,2,Alter Ego,pick,2,Wanwan,https://liquipedia.net/mobilelegends/MPL/Indonesia/Season_9/Regular_Season | https://github.com/LiTianYeoh/MLBB_Tournament_Analysis/blob/94ea36800e80c9e89a2356a0b81d3eeafbd6a4f7/analysis/data/consolidated_game_data_20240505.csv
9,S9-RS-047,2,Alter Ego,pick,3,Esmeralda,https://liquipedia.net/mobilelegends/MPL/Indonesia/Season_9/Regular_Season | https://github.com/LiTianYeoh/MLBB_Tournament_Analysis/blob/94ea36800e80c9e89a2356a0b81d3eeafbd6a4f7/analysis/data/consolidated_game_data_20240505.csv
9,S9-RS-047,2,Alter Ego,pick,4,Selena,https://liquipedia.net/mobilelegends/MPL/Indonesia/Season_9/Regular_Season | https://github.com/LiTianYeoh/MLBB_Tournament_Analysis/blob/94ea36800e80c9e89a2356a0b81d3eeafbd6a4f7/analysis/data/consolidated_game_data_20240505.csv
9,S9-RS-047,2,Alter Ego,pick,5,Karina,https://liquipedia.net/mobilelegends/MPL/Indonesia/Season_9/Regular_Season | https://github.com/LiTianYeoh/MLBB_Tournament_Analysis/blob/94ea36800e80c9e89a2356a0b81d3eeafbd6a4f7/analysis/data/consolidated_game_data_20240505.csv
9,S9-RS-047,3,RRQ Hoshi,ban,1,Hilda,https://liquipedia.net/mobilelegends/MPL/Indonesia/Season_9/Regular_Season | https://github.com/LiTianYeoh/MLBB_Tournament_Analysis/blob/94ea36800e80c9e89a2356a0b81d3eeafbd6a4f7/analysis/data/consolidated_game_data_20240505.csv
9,S9-RS-047,3,RRQ Hoshi,ban,2,Karina,https://liquipedia.net/mobilelegends/MPL/Indonesia/Season_9/Regular_Season | https://github.com/LiTianYeoh/MLBB_Tournament_Analysis/blob/94ea36800e80c9e89a2356a0b81d3eeafbd6a4f7/analysis/data/consolidated_game_data_20240505.csv
9,S9-RS-047,3,RRQ Hoshi,ban,3,Natalia,https://liquipedia.net/mobilelegends/MPL/Indonesia/Season_9/Regular_Season | https://github.com/LiTianYeoh/MLBB_Tournament_Analysis/blob/94ea36800e80c9e89a2356a0b81d3eeafbd6a4f7/analysis/data/consolidated_game_data_20240505.csv
9,S9-RS-047,3,RRQ Hoshi,ban,4,Phoveus,https://liquipedia.net/mobilelegends/MPL/Indonesia/Season_9/Regular_Season | https://github.com/LiTianYeoh/MLBB_Tournament_Analysis/blob/94ea36800e80c9e89a2356a0b81d3eeafbd6a4f7/analysis/data/consolidated_game_data_20240505.csv
9,S9-RS-047,3,RRQ Hoshi,ban,5,Harith,https://liquipedia.net/mobilelegends/MPL/Indonesia/Season_9/Regular_Season | https://github.com/LiTianYeoh/MLBB_Tournament_Analysis/blob/94ea36800e80c9e89a2356a0b81d3eeafbd6a4f7/analysis/data/consolidated_game_data_20240505.csv
9,S9-RS-047,3,RRQ Hoshi,pick,1,Grock,https://liquipedia.net/mobilelegends/MPL/Indonesia/Season_9/Regular_Season | https://github.com/LiTianYeoh/MLBB_Tournament_Analysis/blob/94ea36800e80c9e89a2356a0b81d3eeafbd6a4f7/analysis/data/consolidated_game_data_20240505.csv
9,S9-RS-047,3,RRQ Hoshi,pick,2,Cecilion,https://liquipedia.net/mobilelegends/MPL/Indonesia/Season_9/Regular_Season | https://github.com/LiTianYeoh/MLBB_Tournament_Analysis/blob/94ea36800e80c9e89a2356a0b81d3eeafbd6a4f7/analysis/data/consolidated_game_data_20240505.csv
9,S9-RS-047,3,RRQ Hoshi,pick,3,Beatrix,https://liquipedia.net/mobilelegends/MPL/Indonesia/Season_9/Regular_Season | https://github.com/LiTianYeoh/MLBB_Tournament_Analysis/blob/94ea36800e80c9e89a2356a0b81d3eeafbd6a4f7/analysis/data/consolidated_game_data_20240505.csv
9,S9-RS-047,3,RRQ Hoshi,pick,4,Ruby,https://liquipedia.net/mobilelegends/MPL/Indonesia/Season_9/Regular_Season | https://github.com/LiTianYeoh/MLBB_Tournament_Analysis/blob/94ea36800e80c9e89a2356a0b81d3eeafbd6a4f7/analysis/data/consolidated_game_data_20240505.csv
9,S9-RS-047,3,RRQ Hoshi,pick,5,Lancelot,https://liquipedia.net/mobilelegends/MPL/Indonesia/Season_9/Regular_Season | https://github.com/LiTianYeoh/MLBB_Tournament_Analysis/blob/94ea36800e80c9e89a2356a0b81d3eeafbd6a4f7/analysis/data/consolidated_game_data_20240505.csv
9,S9-RS-047,3,Alter Ego,ban,1,Hayabusa,https://liquipedia.net/mobilelegends/MPL/Indonesia/Season_9/Regular_Season | https://github.com/LiTianYeoh/MLBB_Tournament_Analysis/blob/94ea36800e80c9e89a2356a0b81d3eeafbd6a4f7/analysis/data/consolidated_game_data_20240505.csv
9,S9-RS-047,3,Alter Ego,ban,2,Fanny,https://liquipedia.net/mobilelegends/MPL/Indonesia/Season_9/Regular_Season | https://github.com/LiTianYeoh/MLBB_Tournament_Analysis/blob/94ea36800e80c9e89a2356a0b81d3eeafbd6a4f7/analysis/data/consolidated_game_data_20240505.csv
9,S9-RS-047,3,Alter Ego,ban,3,Ling,https://liquipedia.net/mobilelegends/MPL/Indonesia/Season_9/Regular_Season | https://github.com/LiTianYeoh/MLBB_Tournament_Analysis/blob/94ea36800e80c9e89a2356a0b81d3eeafbd6a4f7/analysis/data/consolidated_game_data_20240505.csv
9,S9-RS-047,3,Alter Ego,ban,4,Masha,https://liquipedia.net/mobilelegends/MPL/Indonesia/Season_9/Regular_Season | https://github.com/LiTianYeoh/MLBB_Tournament_Analysis/blob/94ea36800e80c9e89a2356a0b81d3eeafbd6a4f7/analysis/data/consolidated_game_data_20240505.csv
9,S9-RS-047,3,Alter Ego,ban,5,Valentina,https://liquipedia.net/mobilelegends/MPL/Indonesia/Season_9/Regular_Season | https://github.com/LiTianYeoh/MLBB_Tournament_Analysis/blob/94ea36800e80c9e89a2356a0b81d3eeafbd6a4f7/analysis/data/consolidated_game_data_20240505.csv
9,S9-RS-047,3,Alter Ego,pick,1,Wanwan,https://liquipedia.net/mobilelegends/MPL/Indonesia/Season_9/Regular_Season | https://github.com/LiTianYeoh/MLBB_Tournament_Analysis/blob/94ea36800e80c9e89a2356a0b81d3eeafbd6a4f7/analysis/data/consolidated_game_data_20240505.csv
9,S9-RS-047,3,Alter Ego,pick,2,Franco,https://liquipedia.net/mobilelegends/MPL/Indonesia/Season_9/Regular_Season | https://github.com/LiTianYeoh/MLBB_Tournament_Analysis/blob/94ea36800e80c9e89a2356a0b81d3eeafbd6a4f7/analysis/data/consolidated_game_data_20240505.csv
9,S9-RS-047,3,Alter Ego,pick,3,Yu Zhong,https://liquipedia.net/mobilelegends/MPL/Indonesia/Season_9/Regular_Season | https://github.com/LiTianYeoh/MLBB_Tournament_Analysis/blob/94ea36800e80c9e89a2356a0b81d3eeafbd6a4f7/analysis/data/consolidated_game_data_20240505.csv
9,S9-RS-047,3,Alter Ego,pick,4,Yve,https://liquipedia.net/mobilelegends/MPL/Indonesia/Season_9/Regular_Season | https://github.com/LiTianYeoh/MLBB_Tournament_Analysis/blob/94ea36800e80c9e89a2356a0b81d3eeafbd6a4f7/analysis/data/consolidated_game_data_20240505.csv
9,S9-RS-047,3,Alter Ego,pick,5,Baxia,https://liquipedia.net/mobilelegends/MPL/Indonesia/Season_9/Regular_Season | https://github.com/LiTianYeoh/MLBB_Tournament_Analysis/blob/94ea36800e80c9e89a2356a0b81d3eeafbd6a4f7/analysis/data/consolidated_game_data_20240505.csv
9,S9-RS-048,1,Rebellion Zion,ban,1,Valentina,https://liquipedia.net/mobilelegends/MPL/Indonesia/Season_9/Regular_Season | https://github.com/LiTianYeoh/MLBB_Tournament_Analysis/blob/94ea36800e80c9e89a2356a0b81d3eeafbd6a4f7/analysis/data/consolidated_game_data_20240505.csv
9,S9-RS-048,1,Rebellion Zion,ban,2,Baxia,https://liquipedia.net/mobilelegends/MPL/Indonesia/Season_9/Regular_Season | https://github.com/LiTianYeoh/MLBB_Tournament_Analysis/blob/94ea36800e80c9e89a2356a0b81d3eeafbd6a4f7/analysis/data/consolidated_game_data_20240505.csv
9,S9-RS-048,1,Rebellion Zion,ban,3,Franco,https://liquipedia.net/mobilelegends/MPL/Indonesia/Season_9/Regular_Season | https://github.com/LiTianYeoh/MLBB_Tournament_Analysis/blob/94ea36800e80c9e89a2356a0b81d3eeafbd6a4f7/analysis/data/consolidated_game_data_20240505.csv
9,S9-RS-048,1,Rebellion Zion,ban,4,Lancelot,https://liquipedia.net/mobilelegends/MPL/Indonesia/Season_9/Regular_Season | https://github.com/LiTianYeoh/MLBB_Tournament_Analysis/blob/94ea36800e80c9e89a2356a0b81d3eeafbd6a4f7/analysis/data/consolidated_game_data_20240505.csv
9,S9-RS-048,1,Rebellion Zion,ban,5,Fanny,https://liquipedia.net/mobilelegends/MPL/Indonesia/Season_9/Regular_Season | https://github.com/LiTianYeoh/MLBB_Tournament_Analysis/blob/94ea36800e80c9e89a2356a0b81d3eeafbd6a4f7/analysis/data/consolidated_game_data_20240505.csv
9,S9-RS-048,1,Rebellion Zion,pick,1,Yve,https://liquipedia.net/mobilelegends/MPL/Indonesia/Season_9/Regular_Season | https://github.com/LiTianYeoh/MLBB_Tournament_Analysis/blob/94ea36800e80c9e89a2356a0b81d3eeafbd6a4f7/analysis/data/consolidated_game_data_20240505.csv
9,S9-RS-048,1,Rebellion Zion,pick,2,Karina,https://liquipedia.net/mobilelegends/MPL/Indonesia/Season_9/Regular_Season | https://github.com/LiTianYeoh/MLBB_Tournament_Analysis/blob/94ea36800e80c9e89a2356a0b81d3eeafbd6a4f7/analysis/data/consolidated_game_data_20240505.csv
9,S9-RS-048,1,Rebellion Zion,pick,3,Esmeralda,https://liquipedia.net/mobilelegends/MPL/Indonesia/Season_9/Regular_Season | https://github.com/LiTianYeoh/MLBB_Tournament_Analysis/blob/94ea36800e80c9e89a2356a0b81d3eeafbd6a4f7/analysis/data/consolidated_game_data_20240505.csv
9,S9-RS-048,1,Rebellion Zion,pick,4,Atlas,https://liquipedia.net/mobilelegends/MPL/Indonesia/Season_9/Regular_Season | https://github.com/LiTianYeoh/MLBB_Tournament_Analysis/blob/94ea36800e80c9e89a2356a0b81d3eeafbd6a4f7/analysis/data/consolidated_game_data_20240505.csv
9,S9-RS-048,1,Rebellion Zion,pick,5,Chou,https://liquipedia.net/mobilelegends/MPL/Indonesia/Season_9/Regular_Season | https://github.com/LiTianYeoh/MLBB_Tournament_Analysis/blob/94ea36800e80c9e89a2356a0b81d3eeafbd6a4f7/analysis/data/consolidated_game_data_20240505.csv
9,S9-RS-048,1,RRQ Hoshi,ban,1,Angela,https://liquipedia.net/mobilelegends/MPL/Indonesia/Season_9/Regular_Season | https://github.com/LiTianYeoh/MLBB_Tournament_Analysis/blob/94ea36800e80c9e89a2356a0b81d3eeafbd6a4f7/analysis/data/consolidated_game_data_20240505.csv
9,S9-RS-048,1,RRQ Hoshi,ban,2,Popol and Kupa,https://liquipedia.net/mobilelegends/MPL/Indonesia/Season_9/Regular_Season | https://github.com/LiTianYeoh/MLBB_Tournament_Analysis/blob/94ea36800e80c9e89a2356a0b81d3eeafbd6a4f7/analysis/data/consolidated_game_data_20240505.csv
9,S9-RS-048,1,RRQ Hoshi,ban,3,Natalia,https://liquipedia.net/mobilelegends/MPL/Indonesia/Season_9/Regular_Season | https://github.com/LiTianYeoh/MLBB_Tournament_Analysis/blob/94ea36800e80c9e89a2356a0b81d3eeafbd6a4f7/analysis/data/consolidated_game_data_20240505.csv
9,S9-RS-048,1,RRQ Hoshi,ban,4,Hilda,https://liquipedia.net/mobilelegends/MPL/Indonesia/Season_9/Regular_Season | https://github.com/LiTianYeoh/MLBB_Tournament_Analysis/blob/94ea36800e80c9e89a2356a0b81d3eeafbd6a4f7/analysis/data/consolidated_game_data_20240505.csv
9,S9-RS-048,1,RRQ Hoshi,ban,5,Masha,https://liquipedia.net/mobilelegends/MPL/Indonesia/Season_9/Regular_Season | https://github.com/LiTianYeoh/MLBB_Tournament_Analysis/blob/94ea36800e80c9e89a2356a0b81d3eeafbd6a4f7/analysis/data/consolidated_game_data_20240505.csv
9,S9-RS-048,1,RRQ Hoshi,pick,1,Diggie,https://liquipedia.net/mobilelegends/MPL/Indonesia/Season_9/Regular_Season | https://github.com/LiTianYeoh/MLBB_Tournament_Analysis/blob/94ea36800e80c9e89a2356a0b81d3eeafbd6a4f7/analysis/data/consolidated_game_data_20240505.csv
9,S9-RS-048,1,RRQ Hoshi,pick,2,Hayabusa,https://liquipedia.net/mobilelegends/MPL/Indonesia/Season_9/Regular_Season | https://github.com/LiTianYeoh/MLBB_Tournament_Analysis/blob/94ea36800e80c9e89a2356a0b81d3eeafbd6a4f7/analysis/data/consolidated_game_data_20240505.csv
9,S9-RS-048,1,RRQ Hoshi,pick,3,Cecilion,https://liquipedia.net/mobilelegends/MPL/Indonesia/Season_9/Regular_Season | https://github.com/LiTianYeoh/MLBB_Tournament_Analysis/blob/94ea36800e80c9e89a2356a0b81d3eeafbd6a4f7/analysis/data/consolidated_game_data_20240505.csv
9,S9-RS-048,1,RRQ Hoshi,pick,4,Beatrix,https://liquipedia.net/mobilelegends/MPL/Indonesia/Season_9/Regular_Season | https://github.com/LiTianYeoh/MLBB_Tournament_Analysis/blob/94ea36800e80c9e89a2356a0b81d3eeafbd6a4f7/analysis/data/consolidated_game_data_20240505.csv
9,S9-RS-048,1,RRQ Hoshi,pick,5,Grock,https://liquipedia.net/mobilelegends/MPL/Indonesia/Season_9/Regular_Season | https://github.com/LiTianYeoh/MLBB_Tournament_Analysis/blob/94ea36800e80c9e89a2356a0b81d3eeafbd6a4f7/analysis/data/consolidated_game_data_20240505.csv
9,S9-RS-048,2,Rebellion Zion,ban,1,Masha,https://liquipedia.net/mobilelegends/MPL/Indonesia/Season_9/Regular_Season | https://github.com/LiTianYeoh/MLBB_Tournament_Analysis/blob/94ea36800e80c9e89a2356a0b81d3eeafbd6a4f7/analysis/data/consolidated_game_data_20240505.csv
9,S9-RS-048,2,Rebellion Zion,ban,2,Franco,https://liquipedia.net/mobilelegends/MPL/Indonesia/Season_9/Regular_Season | https://github.com/LiTianYeoh/MLBB_Tournament_Analysis/blob/94ea36800e80c9e89a2356a0b81d3eeafbd6a4f7/analysis/data/consolidated_game_data_20240505.csv
9,S9-RS-048,2,Rebellion Zion,ban,3,Baxia,https://liquipedia.net/mobilelegends/MPL/Indonesia/Season_9/Regular_Season | https://github.com/LiTianYeoh/MLBB_Tournament_Analysis/blob/94ea36800e80c9e89a2356a0b81d3eeafbd6a4f7/analysis/data/consolidated_game_data_20240505.csv
9,S9-RS-048,2,Rebellion Zion,ban,4,Beatrix,https://liquipedia.net/mobilelegends/MPL/Indonesia/Season_9/Regular_Season | https://github.com/LiTianYeoh/MLBB_Tournament_Analysis/blob/94ea36800e80c9e89a2356a0b81d3eeafbd6a4f7/analysis/data/consolidated_game_data_20240505.csv
9,S9-RS-048,2,Rebellion Zion,ban,5,Lancelot,https://liquipedia.net/mobilelegends/MPL/Indonesia/Season_9/Regular_Season | https://github.com/LiTianYeoh/MLBB_Tournament_Analysis/blob/94ea36800e80c9e89a2356a0b81d3eeafbd6a4f7/analysis/data/consolidated_game_data_20240505.csv
9,S9-RS-048,2,Rebellion Zion,pick,1,Yve,https://liquipedia.net/mobilelegends/MPL/Indonesia/Season_9/Regular_Season | https://github.com/LiTianYeoh/MLBB_Tournament_Analysis/blob/94ea36800e80c9e89a2356a0b81d3eeafbd6a4f7/analysis/data/consolidated_game_data_20240505.csv
9,S9-RS-048,2,Rebellion Zion,pick,2,Ling,https://liquipedia.net/mobilelegends/MPL/Indonesia/Season_9/Regular_Season | https://github.com/LiTianYeoh/MLBB_Tournament_Analysis/blob/94ea36800e80c9e89a2356a0b81d3eeafbd6a4f7/analysis/data/consolidated_game_data_20240505.csv
9,S9-RS-048,2,Rebellion Zion,pick,3,Esmeralda,https://liquipedia.net/mobilelegends/MPL/Indonesia/Season_9/Regular_Season | https://github.com/LiTianYeoh/MLBB_Tournament_Analysis/blob/94ea36800e80c9e89a2356a0b81d3eeafbd6a4f7/analysis/data/consolidated_game_data_20240505.csv
9,S9-RS-048,2,Rebellion Zion,pick,4,Angela,https://liquipedia.net/mobilelegends/MPL/Indonesia/Season_9/Regular_Season | https://github.com/LiTianYeoh/MLBB_Tournament_Analysis/blob/94ea36800e80c9e89a2356a0b81d3eeafbd6a4f7/analysis/data/consolidated_game_data_20240505.csv
9,S9-RS-048,2,Rebellion Zion,pick,5,Brody,https://liquipedia.net/mobilelegends/MPL/Indonesia/Season_9/Regular_Season | https://github.com/LiTianYeoh/MLBB_Tournament_Analysis/blob/94ea36800e80c9e89a2356a0b81d3eeafbd6a4f7/analysis/data/consolidated_game_data_20240505.csv
9,S9-RS-048,2,RRQ Hoshi,ban,1,Chou,https://liquipedia.net/mobilelegends/MPL/Indonesia/Season_9/Regular_Season | https://github.com/LiTianYeoh/MLBB_Tournament_Analysis/blob/94ea36800e80c9e89a2356a0b81d3eeafbd6a4f7/analysis/data/consolidated_game_data_20240505.csv
9,S9-RS-048,2,RRQ Hoshi,ban,2,Atlas,https://liquipedia.net/mobilelegends/MPL/Indonesia/Season_9/Regular_Season | https://github.com/LiTianYeoh/MLBB_Tournament_Analysis/blob/94ea36800e80c9e89a2356a0b81d3eeafbd6a4f7/analysis/data/consolidated_game_data_20240505.csv
9,S9-RS-048,2,RRQ Hoshi,ban,3,Karina,https://liquipedia.net/mobilelegends/MPL/Indonesia/Season_9/Regular_Season | https://github.com/LiTianYeoh/MLBB_Tournament_Analysis/blob/94ea36800e80c9e89a2356a0b81d3eeafbd6a4f7/analysis/data/consolidated_game_data_20240505.csv
9,S9-RS-048,2,RRQ Hoshi,ban,4,Natalia,https://liquipedia.net/mobilelegends/MPL/Indonesia/Season_9/Regular_Season | https://github.com/LiTianYeoh/MLBB_Tournament_Analysis/blob/94ea36800e80c9e89a2356a0b81d3eeafbd6a4f7/analysis/data/consolidated_game_data_20240505.csv
9,S9-RS-048,2,RRQ Hoshi,ban,5,Hilda,https://liquipedia.net/mobilelegends/MPL/Indonesia/Season_9/Regular_Season | https://github.com/LiTianYeoh/MLBB_Tournament_Analysis/blob/94ea36800e80c9e89a2356a0b81d3eeafbd6a4f7/analysis/data/consolidated_game_data_20240505.csv
9,S9-RS-048,2,RRQ Hoshi,pick,1,Hayabusa,https://liquipedia.net/mobilelegends/MPL/Indonesia/Season_9/Regular_Season | https://github.com/LiTianYeoh/MLBB_Tournament_Analysis/blob/94ea36800e80c9e89a2356a0b81d3eeafbd6a4f7/analysis/data/consolidated_game_data_20240505.csv
9,S9-RS-048,2,RRQ Hoshi,pick,2,Karrie,https://liquipedia.net/mobilelegends/MPL/Indonesia/Season_9/Regular_Season | https://github.com/LiTianYeoh/MLBB_Tournament_Analysis/blob/94ea36800e80c9e89a2356a0b81d3eeafbd6a4f7/analysis/data/consolidated_game_data_20240505.csv
9,S9-RS-048,2,RRQ Hoshi,pick,3,Grock,https://liquipedia.net/mobilelegends/MPL/Indonesia/Season_9/Regular_Season | https://github.com/LiTianYeoh/MLBB_Tournament_Analysis/blob/94ea36800e80c9e89a2356a0b81d3eeafbd6a4f7/analysis/data/consolidated_game_data_20240505.csv
9,S9-RS-048,2,RRQ Hoshi,pick,4,Cecilion,https://liquipedia.net/mobilelegends/MPL/Indonesia/Season_9/Regular_Season | https://github.com/LiTianYeoh/MLBB_Tournament_Analysis/blob/94ea36800e80c9e89a2356a0b81d3eeafbd6a4f7/analysis/data/consolidated_game_data_20240505.csv
9,S9-RS-048,2,RRQ Hoshi,pick,5,Valentina,https://liquipedia.net/mobilelegends/MPL/Indonesia/Season_9/Regular_Season | https://github.com/LiTianYeoh/MLBB_Tournament_Analysis/blob/94ea36800e80c9e89a2356a0b81d3eeafbd6a4f7/analysis/data/consolidated_game_data_20240505.csv
9,S9-RS-049,1,ONIC Esports,ban,1,Valentina,https://liquipedia.net/mobilelegends/MPL/Indonesia/Season_9/Regular_Season | https://github.com/LiTianYeoh/MLBB_Tournament_Analysis/blob/94ea36800e80c9e89a2356a0b81d3eeafbd6a4f7/analysis/data/consolidated_game_data_20240505.csv
9,S9-RS-049,1,ONIC Esports,ban,2,Karina,https://liquipedia.net/mobilelegends/MPL/Indonesia/Season_9/Regular_Season | https://github.com/LiTianYeoh/MLBB_Tournament_Analysis/blob/94ea36800e80c9e89a2356a0b81d3eeafbd6a4f7/analysis/data/consolidated_game_data_20240505.csv
9,S9-RS-049,1,ONIC Esports,ban,3,Yve,https://liquipedia.net/mobilelegends/MPL/Indonesia/Season_9/Regular_Season | https://github.com/LiTianYeoh/MLBB_Tournament_Analysis/blob/94ea36800e80c9e89a2356a0b81d3eeafbd6a4f7/analysis/data/consolidated_game_data_20240505.csv
9,S9-RS-049,1,ONIC Esports,ban,4,Gloo,https://liquipedia.net/mobilelegends/MPL/Indonesia/Season_9/Regular_Season | https://github.com/LiTianYeoh/MLBB_Tournament_Analysis/blob/94ea36800e80c9e89a2356a0b81d3eeafbd6a4f7/analysis/data/consolidated_game_data_20240505.csv
9,S9-RS-049,1,ONIC Esports,ban,5,Popol and Kupa,https://liquipedia.net/mobilelegends/MPL/Indonesia/Season_9/Regular_Season | https://github.com/LiTianYeoh/MLBB_Tournament_Analysis/blob/94ea36800e80c9e89a2356a0b81d3eeafbd6a4f7/analysis/data/consolidated_game_data_20240505.csv
9,S9-RS-049,1,ONIC Esports,pick,1,Esmeralda,https://liquipedia.net/mobilelegends/MPL/Indonesia/Season_9/Regular_Season | https://github.com/LiTianYeoh/MLBB_Tournament_Analysis/blob/94ea36800e80c9e89a2356a0b81d3eeafbd6a4f7/analysis/data/consolidated_game_data_20240505.csv
9,S9-RS-049,1,ONIC Esports,pick,2,Moskov,https://liquipedia.net/mobilelegends/MPL/Indonesia/Season_9/Regular_Season | https://github.com/LiTianYeoh/MLBB_Tournament_Analysis/blob/94ea36800e80c9e89a2356a0b81d3eeafbd6a4f7/analysis/data/consolidated_game_data_20240505.csv
9,S9-RS-049,1,ONIC Esports,pick,3,Angela,https://liquipedia.net/mobilelegends/MPL/Indonesia/Season_9/Regular_Season | https://github.com/LiTianYeoh/MLBB_Tournament_Analysis/blob/94ea36800e80c9e89a2356a0b81d3eeafbd6a4f7/analysis/data/consolidated_game_data_20240505.csv
9,S9-RS-049,1,ONIC Esports,pick,4,Aulus,https://liquipedia.net/mobilelegends/MPL/Indonesia/Season_9/Regular_Season | https://github.com/LiTianYeoh/MLBB_Tournament_Analysis/blob/94ea36800e80c9e89a2356a0b81d3eeafbd6a4f7/analysis/data/consolidated_game_data_20240505.csv
9,S9-RS-049,1,ONIC Esports,pick,5,Baxia,https://liquipedia.net/mobilelegends/MPL/Indonesia/Season_9/Regular_Season | https://github.com/LiTianYeoh/MLBB_Tournament_Analysis/blob/94ea36800e80c9e89a2356a0b81d3eeafbd6a4f7/analysis/data/consolidated_game_data_20240505.csv
9,S9-RS-049,1,EVOS Legends,ban,1,Masha,https://liquipedia.net/mobilelegends/MPL/Indonesia/Season_9/Regular_Season | https://github.com/LiTianYeoh/MLBB_Tournament_Analysis/blob/94ea36800e80c9e89a2356a0b81d3eeafbd6a4f7/analysis/data/consolidated_game_data_20240505.csv
9,S9-RS-049,1,EVOS Legends,ban,2,Khufra,https://liquipedia.net/mobilelegends/MPL/Indonesia/Season_9/Regular_Season | https://github.com/LiTianYeoh/MLBB_Tournament_Analysis/blob/94ea36800e80c9e89a2356a0b81d3eeafbd6a4f7/analysis/data/consolidated_game_data_20240505.csv
9,S9-RS-049,1,EVOS Legends,ban,3,Franco,https://liquipedia.net/mobilelegends/MPL/Indonesia/Season_9/Regular_Season | https://github.com/LiTianYeoh/MLBB_Tournament_Analysis/blob/94ea36800e80c9e89a2356a0b81d3eeafbd6a4f7/analysis/data/consolidated_game_data_20240505.csv
9,S9-RS-049,1,EVOS Legends,ban,4,Grock,https://liquipedia.net/mobilelegends/MPL/Indonesia/Season_9/Regular_Season | https://github.com/LiTianYeoh/MLBB_Tournament_Analysis/blob/94ea36800e80c9e89a2356a0b81d3eeafbd6a4f7/analysis/data/consolidated_game_data_20240505.csv
9,S9-RS-049,1,EVOS Legends,ban,5,Selena,https://liquipedia.net/mobilelegends/MPL/Indonesia/Season_9/Regular_Season | https://github.com/LiTianYeoh/MLBB_Tournament_Analysis/blob/94ea36800e80c9e89a2356a0b81d3eeafbd6a4f7/analysis/data/consolidated_game_data_20240505.csv
9,S9-RS-049,1,EVOS Legends,pick,1,Paquito,https://liquipedia.net/mobilelegends/MPL/Indonesia/Season_9/Regular_Season | https://github.com/LiTianYeoh/MLBB_Tournament_Analysis/blob/94ea36800e80c9e89a2356a0b81d3eeafbd6a4f7/analysis/data/consolidated_game_data_20240505.csv
9,S9-RS-049,1,EVOS Legends,pick,2,Lylia,https://liquipedia.net/mobilelegends/MPL/Indonesia/Season_9/Regular_Season | https://github.com/LiTianYeoh/MLBB_Tournament_Analysis/blob/94ea36800e80c9e89a2356a0b81d3eeafbd6a4f7/analysis/data/consolidated_game_data_20240505.csv
9,S9-RS-049,1,EVOS Legends,pick,3,Mathilda,https://liquipedia.net/mobilelegends/MPL/Indonesia/Season_9/Regular_Season | https://github.com/LiTianYeoh/MLBB_Tournament_Analysis/blob/94ea36800e80c9e89a2356a0b81d3eeafbd6a4f7/analysis/data/consolidated_game_data_20240505.csv
9,S9-RS-049,1,EVOS Legends,pick,4,Fanny,https://liquipedia.net/mobilelegends/MPL/Indonesia/Season_9/Regular_Season | https://github.com/LiTianYeoh/MLBB_Tournament_Analysis/blob/94ea36800e80c9e89a2356a0b81d3eeafbd6a4f7/analysis/data/consolidated_game_data_20240505.csv
9,S9-RS-049,1,EVOS Legends,pick,5,Melissa,https://liquipedia.net/mobilelegends/MPL/Indonesia/Season_9/Regular_Season | https://github.com/LiTianYeoh/MLBB_Tournament_Analysis/blob/94ea36800e80c9e89a2356a0b81d3eeafbd6a4f7/analysis/data/consolidated_game_data_20240505.csv
9,S9-RS-049,2,ONIC Esports,ban,1,Franco,https://liquipedia.net/mobilelegends/MPL/Indonesia/Season_9/Regular_Season | https://github.com/LiTianYeoh/MLBB_Tournament_Analysis/blob/94ea36800e80c9e89a2356a0b81d3eeafbd6a4f7/analysis/data/consolidated_game_data_20240505.csv
9,S9-RS-049,2,ONIC Esports,ban,2,Karina,https://liquipedia.net/mobilelegends/MPL/Indonesia/Season_9/Regular_Season | https://github.com/LiTianYeoh/MLBB_Tournament_Analysis/blob/94ea36800e80c9e89a2356a0b81d3eeafbd6a4f7/analysis/data/consolidated_game_data_20240505.csv
9,S9-RS-049,2,ONIC Esports,ban,3,Angela,https://liquipedia.net/mobilelegends/MPL/Indonesia/Season_9/Regular_Season | https://github.com/LiTianYeoh/MLBB_Tournament_Analysis/blob/94ea36800e80c9e89a2356a0b81d3eeafbd6a4f7/analysis/data/consolidated_game_data_20240505.csv
9,S9-RS-049,2,ONIC Esports,ban,4,Lylia,https://liquipedia.net/mobilelegends/MPL/Indonesia/Season_9/Regular_Season | https://github.com/LiTianYeoh/MLBB_Tournament_Analysis/blob/94ea36800e80c9e89a2356a0b81d3eeafbd6a4f7/analysis/data/consolidated_game_data_20240505.csv
9,S9-RS-049,2,ONIC Esports,ban,5,Kagura,https://liquipedia.net/mobilelegends/MPL/Indonesia/Season_9/Regular_Season | https://github.com/LiTianYeoh/MLBB_Tournament_Analysis/blob/94ea36800e80c9e89a2356a0b81d3eeafbd6a4f7/analysis/data/consolidated_game_data_20240505.csv
9,S9-RS-049,2,ONIC Esports,pick,1,Fanny,https://liquipedia.net/mobilelegends/MPL/Indonesia/Season_9/Regular_Season | https://github.com/LiTianYeoh/MLBB_Tournament_Analysis/blob/94ea36800e80c9e89a2356a0b81d3eeafbd6a4f7/analysis/data/consolidated_game_data_20240505.csv
9,S9-RS-049,2,ONIC Esports,pick,2,Beatrix,https://liquipedia.net/mobilelegends/MPL/Indonesia/Season_9/Regular_Season | https://github.com/LiTianYeoh/MLBB_Tournament_Analysis/blob/94ea36800e80c9e89a2356a0b81d3eeafbd6a4f7/analysis/data/consolidated_game_data_20240505.csv
9,S9-RS-049,2,ONIC Esports,pick,3,Yve,https://liquipedia.net/mobilelegends/MPL/Indonesia/Season_9/Regular_Season | https://github.com/LiTianYeoh/MLBB_Tournament_Analysis/blob/94ea36800e80c9e89a2356a0b81d3eeafbd6a4f7/analysis/data/consolidated_game_data_20240505.csv
9,S9-RS-049,2,ONIC Esports,pick,4,Hylos,https://liquipedia.net/mobilelegends/MPL/Indonesia/Season_9/Regular_Season | https://github.com/LiTianYeoh/MLBB_Tournament_Analysis/blob/94ea36800e80c9e89a2356a0b81d3eeafbd6a4f7/analysis/data/consolidated_game_data_20240505.csv
9,S9-RS-049,2,ONIC Esports,pick,5,Natalia,https://liquipedia.net/mobilelegends/MPL/Indonesia/Season_9/Regular_Season | https://github.com/LiTianYeoh/MLBB_Tournament_Analysis/blob/94ea36800e80c9e89a2356a0b81d3eeafbd6a4f7/analysis/data/consolidated_game_data_20240505.csv
9,S9-RS-049,2,EVOS Legends,ban,1,Hilda,https://liquipedia.net/mobilelegends/MPL/Indonesia/Season_9/Regular_Season | https://github.com/LiTianYeoh/MLBB_Tournament_Analysis/blob/94ea36800e80c9e89a2356a0b81d3eeafbd6a4f7/analysis/data/consolidated_game_data_20240505.csv
9,S9-RS-049,2,EVOS Legends,ban,2,Esmeralda,https://liquipedia.net/mobilelegends/MPL/Indonesia/Season_9/Regular_Season | https://github.com/LiTianYeoh/MLBB_Tournament_Analysis/blob/94ea36800e80c9e89a2356a0b81d3eeafbd6a4f7/analysis/data/consolidated_game_data_20240505.csv
9,S9-RS-049,2,EVOS Legends,ban,3,Masha,https://liquipedia.net/mobilelegends/MPL/Indonesia/Season_9/Regular_Season | https://github.com/LiTianYeoh/MLBB_Tournament_Analysis/blob/94ea36800e80c9e89a2356a0b81d3eeafbd6a4f7/analysis/data/consolidated_game_data_20240505.csv
9,S9-RS-049,2,EVOS Legends,ban,4,Selena,https://liquipedia.net/mobilelegends/MPL/Indonesia/Season_9/Regular_Season | https://github.com/LiTianYeoh/MLBB_Tournament_Analysis/blob/94ea36800e80c9e89a2356a0b81d3eeafbd6a4f7/analysis/data/consolidated_game_data_20240505.csv
9,S9-RS-049,2,EVOS Legends,ban,5,Valentina,https://liquipedia.net/mobilelegends/MPL/Indonesia/Season_9/Regular_Season | https://github.com/LiTianYeoh/MLBB_Tournament_Analysis/blob/94ea36800e80c9e89a2356a0b81d3eeafbd6a4f7/analysis/data/consolidated_game_data_20240505.csv
9,S9-RS-049,2,EVOS Legends,pick,1,Yu Zhong,https://liquipedia.net/mobilelegends/MPL/Indonesia/Season_9/Regular_Season | https://github.com/LiTianYeoh/MLBB_Tournament_Analysis/blob/94ea36800e80c9e89a2356a0b81d3eeafbd6a4f7/analysis/data/consolidated_game_data_20240505.csv
9,S9-RS-049,2,EVOS Legends,pick,2,Mathilda,https://liquipedia.net/mobilelegends/MPL/Indonesia/Season_9/Regular_Season | https://github.com/LiTianYeoh/MLBB_Tournament_Analysis/blob/94ea36800e80c9e89a2356a0b81d3eeafbd6a4f7/analysis/data/consolidated_game_data_20240505.csv
9,S9-RS-049,2,EVOS Legends,pick,3,Ling,https://liquipedia.net/mobilelegends/MPL/Indonesia/Season_9/Regular_Season | https://github.com/LiTianYeoh/MLBB_Tournament_Analysis/blob/94ea36800e80c9e89a2356a0b81d3eeafbd6a4f7/analysis/data/consolidated_game_data_20240505.csv
9,S9-RS-049,2,EVOS Legends,pick,4,Grock,https://liquipedia.net/mobilelegends/MPL/Indonesia/Season_9/Regular_Season | https://github.com/LiTianYeoh/MLBB_Tournament_Analysis/blob/94ea36800e80c9e89a2356a0b81d3eeafbd6a4f7/analysis/data/consolidated_game_data_20240505.csv
9,S9-RS-049,2,EVOS Legends,pick,5,Brody,https://liquipedia.net/mobilelegends/MPL/Indonesia/Season_9/Regular_Season | https://github.com/LiTianYeoh/MLBB_Tournament_Analysis/blob/94ea36800e80c9e89a2356a0b81d3eeafbd6a4f7/analysis/data/consolidated_game_data_20240505.csv
9,S9-RS-050,1,Alter Ego,ban,1,Fanny,https://liquipedia.net/mobilelegends/MPL/Indonesia/Season_9/Regular_Season | https://github.com/LiTianYeoh/MLBB_Tournament_Analysis/blob/94ea36800e80c9e89a2356a0b81d3eeafbd6a4f7/analysis/data/consolidated_game_data_20240505.csv
9,S9-RS-050,1,Alter Ego,ban,2,Masha,https://liquipedia.net/mobilelegends/MPL/Indonesia/Season_9/Regular_Season | https://github.com/LiTianYeoh/MLBB_Tournament_Analysis/blob/94ea36800e80c9e89a2356a0b81d3eeafbd6a4f7/analysis/data/consolidated_game_data_20240505.csv
9,S9-RS-050,1,Alter Ego,ban,3,Karina,https://liquipedia.net/mobilelegends/MPL/Indonesia/Season_9/Regular_Season | https://github.com/LiTianYeoh/MLBB_Tournament_Analysis/blob/94ea36800e80c9e89a2356a0b81d3eeafbd6a4f7/analysis/data/consolidated_game_data_20240505.csv
9,S9-RS-050,1,Alter Ego,ban,4,Paquito,https://liquipedia.net/mobilelegends/MPL/Indonesia/Season_9/Regular_Season | https://github.com/LiTianYeoh/MLBB_Tournament_Analysis/blob/94ea36800e80c9e89a2356a0b81d3eeafbd6a4f7/analysis/data/consolidated_game_data_20240505.csv
9,S9-RS-050,1,Alter Ego,ban,5,Yu Zhong,https://liquipedia.net/mobilelegends/MPL/Indonesia/Season_9/Regular_Season | https://github.com/LiTianYeoh/MLBB_Tournament_Analysis/blob/94ea36800e80c9e89a2356a0b81d3eeafbd6a4f7/analysis/data/consolidated_game_data_20240505.csv
9,S9-RS-050,1,Alter Ego,pick,1,Yve,https://liquipedia.net/mobilelegends/MPL/Indonesia/Season_9/Regular_Season | https://github.com/LiTianYeoh/MLBB_Tournament_Analysis/blob/94ea36800e80c9e89a2356a0b81d3eeafbd6a4f7/analysis/data/consolidated_game_data_20240505.csv
9,S9-RS-050,1,Alter Ego,pick,2,Ling,https://liquipedia.net/mobilelegends/MPL/Indonesia/Season_9/Regular_Season | https://github.com/LiTianYeoh/MLBB_Tournament_Analysis/blob/94ea36800e80c9e89a2356a0b81d3eeafbd6a4f7/analysis/data/consolidated_game_data_20240505.csv
9,S9-RS-050,1,Alter Ego,pick,3,Dyrroth,https://liquipedia.net/mobilelegends/MPL/Indonesia/Season_9/Regular_Season | https://github.com/LiTianYeoh/MLBB_Tournament_Analysis/blob/94ea36800e80c9e89a2356a0b81d3eeafbd6a4f7/analysis/data/consolidated_game_data_20240505.csv
9,S9-RS-050,1,Alter Ego,pick,4,Ruby,https://liquipedia.net/mobilelegends/MPL/Indonesia/Season_9/Regular_Season | https://github.com/LiTianYeoh/MLBB_Tournament_Analysis/blob/94ea36800e80c9e89a2356a0b81d3eeafbd6a4f7/analysis/data/consolidated_game_data_20240505.csv
9,S9-RS-050,1,Alter Ego,pick,5,Phoveus,https://liquipedia.net/mobilelegends/MPL/Indonesia/Season_9/Regular_Season | https://github.com/LiTianYeoh/MLBB_Tournament_Analysis/blob/94ea36800e80c9e89a2356a0b81d3eeafbd6a4f7/analysis/data/consolidated_game_data_20240505.csv
9,S9-RS-050,1,AURA Fire,ban,1,Esmeralda,https://liquipedia.net/mobilelegends/MPL/Indonesia/Season_9/Regular_Season | https://github.com/LiTianYeoh/MLBB_Tournament_Analysis/blob/94ea36800e80c9e89a2356a0b81d3eeafbd6a4f7/analysis/data/consolidated_game_data_20240505.csv
9,S9-RS-050,1,AURA Fire,ban,2,Natalia,https://liquipedia.net/mobilelegends/MPL/Indonesia/Season_9/Regular_Season | https://github.com/LiTianYeoh/MLBB_Tournament_Analysis/blob/94ea36800e80c9e89a2356a0b81d3eeafbd6a4f7/analysis/data/consolidated_game_data_20240505.csv
9,S9-RS-050,1,AURA Fire,ban,3,Grock,https://liquipedia.net/mobilelegends/MPL/Indonesia/Season_9/Regular_Season | https://github.com/LiTianYeoh/MLBB_Tournament_Analysis/blob/94ea36800e80c9e89a2356a0b81d3eeafbd6a4f7/analysis/data/consolidated_game_data_20240505.csv
9,S9-RS-050,1,AURA Fire,ban,4,Hilda,https://liquipedia.net/mobilelegends/MPL/Indonesia/Season_9/Regular_Season | https://github.com/LiTianYeoh/MLBB_Tournament_Analysis/blob/94ea36800e80c9e89a2356a0b81d3eeafbd6a4f7/analysis/data/consolidated_game_data_20240505.csv
9,S9-RS-050,1,AURA Fire,ban,5,Valentina,https://liquipedia.net/mobilelegends/MPL/Indonesia/Season_9/Regular_Season | https://github.com/LiTianYeoh/MLBB_Tournament_Analysis/blob/94ea36800e80c9e89a2356a0b81d3eeafbd6a4f7/analysis/data/consolidated_game_data_20240505.csv
9,S9-RS-050,1,AURA Fire,pick,1,Beatrix,https://liquipedia.net/mobilelegends/MPL/Indonesia/Season_9/Regular_Season | https://github.com/LiTianYeoh/MLBB_Tournament_Analysis/blob/94ea36800e80c9e89a2356a0b81d3eeafbd6a4f7/analysis/data/consolidated_game_data_20240505.csv
9,S9-RS-050,1,AURA Fire,pick,2,Chou,https://liquipedia.net/mobilelegends/MPL/Indonesia/Season_9/Regular_Season | https://github.com/LiTianYeoh/MLBB_Tournament_Analysis/blob/94ea36800e80c9e89a2356a0b81d3eeafbd6a4f7/analysis/data/consolidated_game_data_20240505.csv
9,S9-RS-050,1,AURA Fire,pick,3,Kadita,https://liquipedia.net/mobilelegends/MPL/Indonesia/Season_9/Regular_Season | https://github.com/LiTianYeoh/MLBB_Tournament_Analysis/blob/94ea36800e80c9e89a2356a0b81d3eeafbd6a4f7/analysis/data/consolidated_game_data_20240505.csv
9,S9-RS-050,1,AURA Fire,pick,4,Baxia,https://liquipedia.net/mobilelegends/MPL/Indonesia/Season_9/Regular_Season | https://github.com/LiTianYeoh/MLBB_Tournament_Analysis/blob/94ea36800e80c9e89a2356a0b81d3eeafbd6a4f7/analysis/data/consolidated_game_data_20240505.csv
9,S9-RS-050,1,AURA Fire,pick,5,Angela,https://liquipedia.net/mobilelegends/MPL/Indonesia/Season_9/Regular_Season | https://github.com/LiTianYeoh/MLBB_Tournament_Analysis/blob/94ea36800e80c9e89a2356a0b81d3eeafbd6a4f7/analysis/data/consolidated_game_data_20240505.csv
9,S9-RS-050,2,Alter Ego,ban,1,Valentina,https://liquipedia.net/mobilelegends/MPL/Indonesia/Season_9/Regular_Season | https://github.com/LiTianYeoh/MLBB_Tournament_Analysis/blob/94ea36800e80c9e89a2356a0b81d3eeafbd6a4f7/analysis/data/consolidated_game_data_20240505.csv
9,S9-RS-050,2,Alter Ego,ban,2,Masha,https://liquipedia.net/mobilelegends/MPL/Indonesia/Season_9/Regular_Season | https://github.com/LiTianYeoh/MLBB_Tournament_Analysis/blob/94ea36800e80c9e89a2356a0b81d3eeafbd6a4f7/analysis/data/consolidated_game_data_20240505.csv
9,S9-RS-050,2,Alter Ego,ban,3,Fanny,https://liquipedia.net/mobilelegends/MPL/Indonesia/Season_9/Regular_Season | https://github.com/LiTianYeoh/MLBB_Tournament_Analysis/blob/94ea36800e80c9e89a2356a0b81d3eeafbd6a4f7/analysis/data/consolidated_game_data_20240505.csv
9,S9-RS-050,2,Alter Ego,ban,4,Yu Zhong,https://liquipedia.net/mobilelegends/MPL/Indonesia/Season_9/Regular_Season | https://github.com/LiTianYeoh/MLBB_Tournament_Analysis/blob/94ea36800e80c9e89a2356a0b81d3eeafbd6a4f7/analysis/data/consolidated_game_data_20240505.csv
9,S9-RS-050,2,Alter Ego,ban,5,Chou,https://liquipedia.net/mobilelegends/MPL/Indonesia/Season_9/Regular_Season | https://github.com/LiTianYeoh/MLBB_Tournament_Analysis/blob/94ea36800e80c9e89a2356a0b81d3eeafbd6a4f7/analysis/data/consolidated_game_data_20240505.csv
9,S9-RS-050,2,Alter Ego,pick,1,Yve,https://liquipedia.net/mobilelegends/MPL/Indonesia/Season_9/Regular_Season | https://github.com/LiTianYeoh/MLBB_Tournament_Analysis/blob/94ea36800e80c9e89a2356a0b81d3eeafbd6a4f7/analysis/data/consolidated_game_data_20240505.csv
9,S9-RS-050,2,Alter Ego,pick,2,Baxia,https://liquipedia.net/mobilelegends/MPL/Indonesia/Season_9/Regular_Season | https://github.com/LiTianYeoh/MLBB_Tournament_Analysis/blob/94ea36800e80c9e89a2356a0b81d3eeafbd6a4f7/analysis/data/consolidated_game_data_20240505.csv
9,S9-RS-050,2,Alter Ego,pick,3,Beatrix,https://liquipedia.net/mobilelegends/MPL/Indonesia/Season_9/Regular_Season | https://github.com/LiTianYeoh/MLBB_Tournament_Analysis/blob/94ea36800e80c9e89a2356a0b81d3eeafbd6a4f7/analysis/data/consolidated_game_data_20240505.csv
9,S9-RS-050,2,Alter Ego,pick,4,Lancelot,https://liquipedia.net/mobilelegends/MPL/Indonesia/Season_9/Regular_Season | https://github.com/LiTianYeoh/MLBB_Tournament_Analysis/blob/94ea36800e80c9e89a2356a0b81d3eeafbd6a4f7/analysis/data/consolidated_game_data_20240505.csv
9,S9-RS-050,2,Alter Ego,pick,5,Ruby,https://liquipedia.net/mobilelegends/MPL/Indonesia/Season_9/Regular_Season | https://github.com/LiTianYeoh/MLBB_Tournament_Analysis/blob/94ea36800e80c9e89a2356a0b81d3eeafbd6a4f7/analysis/data/consolidated_game_data_20240505.csv
9,S9-RS-050,2,AURA Fire,ban,1,Helcurt,https://liquipedia.net/mobilelegends/MPL/Indonesia/Season_9/Regular_Season | https://github.com/LiTianYeoh/MLBB_Tournament_Analysis/blob/94ea36800e80c9e89a2356a0b81d3eeafbd6a4f7/analysis/data/consolidated_game_data_20240505.csv
9,S9-RS-050,2,AURA Fire,ban,2,Ling,https://liquipedia.net/mobilelegends/MPL/Indonesia/Season_9/Regular_Season | https://github.com/LiTianYeoh/MLBB_Tournament_Analysis/blob/94ea36800e80c9e89a2356a0b81d3eeafbd6a4f7/analysis/data/consolidated_game_data_20240505.csv
9,S9-RS-050,2,AURA Fire,ban,3,Grock,https://liquipedia.net/mobilelegends/MPL/Indonesia/Season_9/Regular_Season | https://github.com/LiTianYeoh/MLBB_Tournament_Analysis/blob/94ea36800e80c9e89a2356a0b81d3eeafbd6a4f7/analysis/data/consolidated_game_data_20240505.csv
9,S9-RS-050,2,AURA Fire,ban,4,Angela,https://liquipedia.net/mobilelegends/MPL/Indonesia/Season_9/Regular_Season | https://github.com/LiTianYeoh/MLBB_Tournament_Analysis/blob/94ea36800e80c9e89a2356a0b81d3eeafbd6a4f7/analysis/data/consolidated_game_data_20240505.csv
9,S9-RS-050,2,AURA Fire,ban,5,Hilda,https://liquipedia.net/mobilelegends/MPL/Indonesia/Season_9/Regular_Season | https://github.com/LiTianYeoh/MLBB_Tournament_Analysis/blob/94ea36800e80c9e89a2356a0b81d3eeafbd6a4f7/analysis/data/consolidated_game_data_20240505.csv
9,S9-RS-050,2,AURA Fire,pick,1,Xavier,https://liquipedia.net/mobilelegends/MPL/Indonesia/Season_9/Regular_Season | https://github.com/LiTianYeoh/MLBB_Tournament_Analysis/blob/94ea36800e80c9e89a2356a0b81d3eeafbd6a4f7/analysis/data/consolidated_game_data_20240505.csv
9,S9-RS-050,2,AURA Fire,pick,2,Paquito,https://liquipedia.net/mobilelegends/MPL/Indonesia/Season_9/Regular_Season | https://github.com/LiTianYeoh/MLBB_Tournament_Analysis/blob/94ea36800e80c9e89a2356a0b81d3eeafbd6a4f7/analysis/data/consolidated_game_data_20240505.csv
9,S9-RS-050,2,AURA Fire,pick,3,Kadita,https://liquipedia.net/mobilelegends/MPL/Indonesia/Season_9/Regular_Season | https://github.com/LiTianYeoh/MLBB_Tournament_Analysis/blob/94ea36800e80c9e89a2356a0b81d3eeafbd6a4f7/analysis/data/consolidated_game_data_20240505.csv
9,S9-RS-050,2,AURA Fire,pick,4,Dyrroth,https://liquipedia.net/mobilelegends/MPL/Indonesia/Season_9/Regular_Season | https://github.com/LiTianYeoh/MLBB_Tournament_Analysis/blob/94ea36800e80c9e89a2356a0b81d3eeafbd6a4f7/analysis/data/consolidated_game_data_20240505.csv
9,S9-RS-050,2,AURA Fire,pick,5,Karina,https://liquipedia.net/mobilelegends/MPL/Indonesia/Season_9/Regular_Season | https://github.com/LiTianYeoh/MLBB_Tournament_Analysis/blob/94ea36800e80c9e89a2356a0b81d3eeafbd6a4f7/analysis/data/consolidated_game_data_20240505.csv
9,S9-RS-051,1,EVOS Legends,ban,1,Baxia,https://liquipedia.net/mobilelegends/MPL/Indonesia/Season_9/Regular_Season | https://github.com/LiTianYeoh/MLBB_Tournament_Analysis/blob/94ea36800e80c9e89a2356a0b81d3eeafbd6a4f7/analysis/data/consolidated_game_data_20240505.csv
9,S9-RS-051,1,EVOS Legends,ban,2,Hilda,https://liquipedia.net/mobilelegends/MPL/Indonesia/Season_9/Regular_Season | https://github.com/LiTianYeoh/MLBB_Tournament_Analysis/blob/94ea36800e80c9e89a2356a0b81d3eeafbd6a4f7/analysis/data/consolidated_game_data_20240505.csv
9,S9-RS-051,1,EVOS Legends,ban,3,Grock,https://liquipedia.net/mobilelegends/MPL/Indonesia/Season_9/Regular_Season | https://github.com/LiTianYeoh/MLBB_Tournament_Analysis/blob/94ea36800e80c9e89a2356a0b81d3eeafbd6a4f7/analysis/data/consolidated_game_data_20240505.csv
9,S9-RS-051,1,EVOS Legends,ban,4,Cecilion,https://liquipedia.net/mobilelegends/MPL/Indonesia/Season_9/Regular_Season | https://github.com/LiTianYeoh/MLBB_Tournament_Analysis/blob/94ea36800e80c9e89a2356a0b81d3eeafbd6a4f7/analysis/data/consolidated_game_data_20240505.csv
9,S9-RS-051,1,EVOS Legends,ban,5,Xavier,https://liquipedia.net/mobilelegends/MPL/Indonesia/Season_9/Regular_Season | https://github.com/LiTianYeoh/MLBB_Tournament_Analysis/blob/94ea36800e80c9e89a2356a0b81d3eeafbd6a4f7/analysis/data/consolidated_game_data_20240505.csv
9,S9-RS-051,1,EVOS Legends,pick,1,Angela,https://liquipedia.net/mobilelegends/MPL/Indonesia/Season_9/Regular_Season | https://github.com/LiTianYeoh/MLBB_Tournament_Analysis/blob/94ea36800e80c9e89a2356a0b81d3eeafbd6a4f7/analysis/data/consolidated_game_data_20240505.csv
9,S9-RS-051,1,EVOS Legends,pick,2,Lancelot,https://liquipedia.net/mobilelegends/MPL/Indonesia/Season_9/Regular_Season | https://github.com/LiTianYeoh/MLBB_Tournament_Analysis/blob/94ea36800e80c9e89a2356a0b81d3eeafbd6a4f7/analysis/data/consolidated_game_data_20240505.csv
9,S9-RS-051,1,EVOS Legends,pick,3,Yve,https://liquipedia.net/mobilelegends/MPL/Indonesia/Season_9/Regular_Season | https://github.com/LiTianYeoh/MLBB_Tournament_Analysis/blob/94ea36800e80c9e89a2356a0b81d3eeafbd6a4f7/analysis/data/consolidated_game_data_20240505.csv
9,S9-RS-051,1,EVOS Legends,pick,4,Melissa,https://liquipedia.net/mobilelegends/MPL/Indonesia/Season_9/Regular_Season | https://github.com/LiTianYeoh/MLBB_Tournament_Analysis/blob/94ea36800e80c9e89a2356a0b81d3eeafbd6a4f7/analysis/data/consolidated_game_data_20240505.csv
9,S9-RS-051,1,EVOS Legends,pick,5,Paquito,https://liquipedia.net/mobilelegends/MPL/Indonesia/Season_9/Regular_Season | https://github.com/LiTianYeoh/MLBB_Tournament_Analysis/blob/94ea36800e80c9e89a2356a0b81d3eeafbd6a4f7/analysis/data/consolidated_game_data_20240505.csv
9,S9-RS-051,1,Bigetron Alpha,ban,1,Uranus,https://liquipedia.net/mobilelegends/MPL/Indonesia/Season_9/Regular_Season | https://github.com/LiTianYeoh/MLBB_Tournament_Analysis/blob/94ea36800e80c9e89a2356a0b81d3eeafbd6a4f7/analysis/data/consolidated_game_data_20240505.csv
9,S9-RS-051,1,Bigetron Alpha,ban,2,Dyrroth,https://liquipedia.net/mobilelegends/MPL/Indonesia/Season_9/Regular_Season | https://github.com/LiTianYeoh/MLBB_Tournament_Analysis/blob/94ea36800e80c9e89a2356a0b81d3eeafbd6a4f7/analysis/data/consolidated_game_data_20240505.csv
9,S9-RS-051,1,Bigetron Alpha,ban,3,Karina,https://liquipedia.net/mobilelegends/MPL/Indonesia/Season_9/Regular_Season | https://github.com/LiTianYeoh/MLBB_Tournament_Analysis/blob/94ea36800e80c9e89a2356a0b81d3eeafbd6a4f7/analysis/data/consolidated_game_data_20240505.csv
9,S9-RS-051,1,Bigetron Alpha,ban,4,Fanny,https://liquipedia.net/mobilelegends/MPL/Indonesia/Season_9/Regular_Season | https://github.com/LiTianYeoh/MLBB_Tournament_Analysis/blob/94ea36800e80c9e89a2356a0b81d3eeafbd6a4f7/analysis/data/consolidated_game_data_20240505.csv
9,S9-RS-051,1,Bigetron Alpha,ban,5,Valentina,https://liquipedia.net/mobilelegends/MPL/Indonesia/Season_9/Regular_Season | https://github.com/LiTianYeoh/MLBB_Tournament_Analysis/blob/94ea36800e80c9e89a2356a0b81d3eeafbd6a4f7/analysis/data/consolidated_game_data_20240505.csv
9,S9-RS-051,1,Bigetron Alpha,pick,1,Kagura,https://liquipedia.net/mobilelegends/MPL/Indonesia/Season_9/Regular_Season | https://github.com/LiTianYeoh/MLBB_Tournament_Analysis/blob/94ea36800e80c9e89a2356a0b81d3eeafbd6a4f7/analysis/data/consolidated_game_data_20240505.csv
9,S9-RS-051,1,Bigetron Alpha,pick,2,Beatrix,https://liquipedia.net/mobilelegends/MPL/Indonesia/Season_9/Regular_Season | https://github.com/LiTianYeoh/MLBB_Tournament_Analysis/blob/94ea36800e80c9e89a2356a0b81d3eeafbd6a4f7/analysis/data/consolidated_game_data_20240505.csv
9,S9-RS-051,1,Bigetron Alpha,pick,3,Esmeralda,https://liquipedia.net/mobilelegends/MPL/Indonesia/Season_9/Regular_Season | https://github.com/LiTianYeoh/MLBB_Tournament_Analysis/blob/94ea36800e80c9e89a2356a0b81d3eeafbd6a4f7/analysis/data/consolidated_game_data_20240505.csv
9,S9-RS-051,1,Bigetron Alpha,pick,4,Masha,https://liquipedia.net/mobilelegends/MPL/Indonesia/Season_9/Regular_Season | https://github.com/LiTianYeoh/MLBB_Tournament_Analysis/blob/94ea36800e80c9e89a2356a0b81d3eeafbd6a4f7/analysis/data/consolidated_game_data_20240505.csv
9,S9-RS-051,1,Bigetron Alpha,pick,5,Ling,https://liquipedia.net/mobilelegends/MPL/Indonesia/Season_9/Regular_Season | https://github.com/LiTianYeoh/MLBB_Tournament_Analysis/blob/94ea36800e80c9e89a2356a0b81d3eeafbd6a4f7/analysis/data/consolidated_game_data_20240505.csv
9,S9-RS-051,2,EVOS Legends,ban,1,Grock,https://liquipedia.net/mobilelegends/MPL/Indonesia/Season_9/Regular_Season | https://github.com/LiTianYeoh/MLBB_Tournament_Analysis/blob/94ea36800e80c9e89a2356a0b81d3eeafbd6a4f7/analysis/data/consolidated_game_data_20240505.csv
9,S9-RS-051,2,EVOS Legends,ban,2,Baxia,https://liquipedia.net/mobilelegends/MPL/Indonesia/Season_9/Regular_Season | https://github.com/LiTianYeoh/MLBB_Tournament_Analysis/blob/94ea36800e80c9e89a2356a0b81d3eeafbd6a4f7/analysis/data/consolidated_game_data_20240505.csv
9,S9-RS-051,2,EVOS Legends,ban,3,Angela,https://liquipedia.net/mobilelegends/MPL/Indonesia/Season_9/Regular_Season | https://github.com/LiTianYeoh/MLBB_Tournament_Analysis/blob/94ea36800e80c9e89a2356a0b81d3eeafbd6a4f7/analysis/data/consolidated_game_data_20240505.csv
9,S9-RS-051,2,EVOS Legends,ban,4,Atlas,https://liquipedia.net/mobilelegends/MPL/Indonesia/Season_9/Regular_Season | https://github.com/LiTianYeoh/MLBB_Tournament_Analysis/blob/94ea36800e80c9e89a2356a0b81d3eeafbd6a4f7/analysis/data/consolidated_game_data_20240505.csv
9,S9-RS-051,2,EVOS Legends,ban,5,Ling,https://liquipedia.net/mobilelegends/MPL/Indonesia/Season_9/Regular_Season | https://github.com/LiTianYeoh/MLBB_Tournament_Analysis/blob/94ea36800e80c9e89a2356a0b81d3eeafbd6a4f7/analysis/data/consolidated_game_data_20240505.csv
9,S9-RS-051,2,EVOS Legends,pick,1,Karina,https://liquipedia.net/mobilelegends/MPL/Indonesia/Season_9/Regular_Season | https://github.com/LiTianYeoh/MLBB_Tournament_Analysis/blob/94ea36800e80c9e89a2356a0b81d3eeafbd6a4f7/analysis/data/consolidated_game_data_20240505.csv
9,S9-RS-051,2,EVOS Legends,pick,2,Mathilda,https://liquipedia.net/mobilelegends/MPL/Indonesia/Season_9/Regular_Season | https://github.com/LiTianYeoh/MLBB_Tournament_Analysis/blob/94ea36800e80c9e89a2356a0b81d3eeafbd6a4f7/analysis/data/consolidated_game_data_20240505.csv
9,S9-RS-051,2,EVOS Legends,pick,3,Thamuz,https://liquipedia.net/mobilelegends/MPL/Indonesia/Season_9/Regular_Season | https://github.com/LiTianYeoh/MLBB_Tournament_Analysis/blob/94ea36800e80c9e89a2356a0b81d3eeafbd6a4f7/analysis/data/consolidated_game_data_20240505.csv
9,S9-RS-051,2,EVOS Legends,pick,4,Clint,https://liquipedia.net/mobilelegends/MPL/Indonesia/Season_9/Regular_Season | https://github.com/LiTianYeoh/MLBB_Tournament_Analysis/blob/94ea36800e80c9e89a2356a0b81d3eeafbd6a4f7/analysis/data/consolidated_game_data_20240505.csv
9,S9-RS-051,2,EVOS Legends,pick,5,Cecilion,https://liquipedia.net/mobilelegends/MPL/Indonesia/Season_9/Regular_Season | https://github.com/LiTianYeoh/MLBB_Tournament_Analysis/blob/94ea36800e80c9e89a2356a0b81d3eeafbd6a4f7/analysis/data/consolidated_game_data_20240505.csv
9,S9-RS-051,2,Bigetron Alpha,ban,1,Melissa,https://liquipedia.net/mobilelegends/MPL/Indonesia/Season_9/Regular_Season | https://github.com/LiTianYeoh/MLBB_Tournament_Analysis/blob/94ea36800e80c9e89a2356a0b81d3eeafbd6a4f7/analysis/data/consolidated_game_data_20240505.csv
9,S9-RS-051,2,Bigetron Alpha,ban,2,Phoveus,https://liquipedia.net/mobilelegends/MPL/Indonesia/Season_9/Regular_Season | https://github.com/LiTianYeoh/MLBB_Tournament_Analysis/blob/94ea36800e80c9e89a2356a0b81d3eeafbd6a4f7/analysis/data/consolidated_game_data_20240505.csv
9,S9-RS-051,2,Bigetron Alpha,ban,3,Masha,https://liquipedia.net/mobilelegends/MPL/Indonesia/Season_9/Regular_Season | https://github.com/LiTianYeoh/MLBB_Tournament_Analysis/blob/94ea36800e80c9e89a2356a0b81d3eeafbd6a4f7/analysis/data/consolidated_game_data_20240505.csv
9,S9-RS-051,2,Bigetron Alpha,ban,4,Fanny,https://liquipedia.net/mobilelegends/MPL/Indonesia/Season_9/Regular_Season | https://github.com/LiTianYeoh/MLBB_Tournament_Analysis/blob/94ea36800e80c9e89a2356a0b81d3eeafbd6a4f7/analysis/data/consolidated_game_data_20240505.csv
9,S9-RS-051,2,Bigetron Alpha,ban,5,Valentina,https://liquipedia.net/mobilelegends/MPL/Indonesia/Season_9/Regular_Season | https://github.com/LiTianYeoh/MLBB_Tournament_Analysis/blob/94ea36800e80c9e89a2356a0b81d3eeafbd6a4f7/analysis/data/consolidated_game_data_20240505.csv
9,S9-RS-051,2,Bigetron Alpha,pick,1,Helcurt,https://liquipedia.net/mobilelegends/MPL/Indonesia/Season_9/Regular_Season | https://github.com/LiTianYeoh/MLBB_Tournament_Analysis/blob/94ea36800e80c9e89a2356a0b81d3eeafbd6a4f7/analysis/data/consolidated_game_data_20240505.csv
9,S9-RS-051,2,Bigetron Alpha,pick,2,Ruby,https://liquipedia.net/mobilelegends/MPL/Indonesia/Season_9/Regular_Season | https://github.com/LiTianYeoh/MLBB_Tournament_Analysis/blob/94ea36800e80c9e89a2356a0b81d3eeafbd6a4f7/analysis/data/consolidated_game_data_20240505.csv
9,S9-RS-051,2,Bigetron Alpha,pick,3,Wanwan,https://liquipedia.net/mobilelegends/MPL/Indonesia/Season_9/Regular_Season | https://github.com/LiTianYeoh/MLBB_Tournament_Analysis/blob/94ea36800e80c9e89a2356a0b81d3eeafbd6a4f7/analysis/data/consolidated_game_data_20240505.csv
9,S9-RS-051,2,Bigetron Alpha,pick,4,Yve,https://liquipedia.net/mobilelegends/MPL/Indonesia/Season_9/Regular_Season | https://github.com/LiTianYeoh/MLBB_Tournament_Analysis/blob/94ea36800e80c9e89a2356a0b81d3eeafbd6a4f7/analysis/data/consolidated_game_data_20240505.csv
9,S9-RS-051,2,Bigetron Alpha,pick,5,Dyrroth,https://liquipedia.net/mobilelegends/MPL/Indonesia/Season_9/Regular_Season | https://github.com/LiTianYeoh/MLBB_Tournament_Analysis/blob/94ea36800e80c9e89a2356a0b81d3eeafbd6a4f7/analysis/data/consolidated_game_data_20240505.csv
9,S9-RS-052,1,ONIC Esports,ban,1,Baxia,https://liquipedia.net/mobilelegends/MPL/Indonesia/Season_9/Regular_Season | https://github.com/LiTianYeoh/MLBB_Tournament_Analysis/blob/94ea36800e80c9e89a2356a0b81d3eeafbd6a4f7/analysis/data/consolidated_game_data_20240505.csv
9,S9-RS-052,1,ONIC Esports,ban,2,Yve,https://liquipedia.net/mobilelegends/MPL/Indonesia/Season_9/Regular_Season | https://github.com/LiTianYeoh/MLBB_Tournament_Analysis/blob/94ea36800e80c9e89a2356a0b81d3eeafbd6a4f7/analysis/data/consolidated_game_data_20240505.csv
9,S9-RS-052,1,ONIC Esports,ban,3,Angela,https://liquipedia.net/mobilelegends/MPL/Indonesia/Season_9/Regular_Season | https://github.com/LiTianYeoh/MLBB_Tournament_Analysis/blob/94ea36800e80c9e89a2356a0b81d3eeafbd6a4f7/analysis/data/consolidated_game_data_20240505.csv
9,S9-RS-052,1,ONIC Esports,ban,4,Yu Zhong,https://liquipedia.net/mobilelegends/MPL/Indonesia/Season_9/Regular_Season | https://github.com/LiTianYeoh/MLBB_Tournament_Analysis/blob/94ea36800e80c9e89a2356a0b81d3eeafbd6a4f7/analysis/data/consolidated_game_data_20240505.csv
9,S9-RS-052,1,ONIC Esports,ban,5,Phoveus,https://liquipedia.net/mobilelegends/MPL/Indonesia/Season_9/Regular_Season | https://github.com/LiTianYeoh/MLBB_Tournament_Analysis/blob/94ea36800e80c9e89a2356a0b81d3eeafbd6a4f7/analysis/data/consolidated_game_data_20240505.csv
9,S9-RS-052,1,ONIC Esports,pick,1,Chou,https://liquipedia.net/mobilelegends/MPL/Indonesia/Season_9/Regular_Season | https://github.com/LiTianYeoh/MLBB_Tournament_Analysis/blob/94ea36800e80c9e89a2356a0b81d3eeafbd6a4f7/analysis/data/consolidated_game_data_20240505.csv
9,S9-RS-052,1,ONIC Esports,pick,2,Paquito,https://liquipedia.net/mobilelegends/MPL/Indonesia/Season_9/Regular_Season | https://github.com/LiTianYeoh/MLBB_Tournament_Analysis/blob/94ea36800e80c9e89a2356a0b81d3eeafbd6a4f7/analysis/data/consolidated_game_data_20240505.csv
9,S9-RS-052,1,ONIC Esports,pick,3,Dyrroth,https://liquipedia.net/mobilelegends/MPL/Indonesia/Season_9/Regular_Season | https://github.com/LiTianYeoh/MLBB_Tournament_Analysis/blob/94ea36800e80c9e89a2356a0b81d3eeafbd6a4f7/analysis/data/consolidated_game_data_20240505.csv
9,S9-RS-052,1,ONIC Esports,pick,4,Masha,https://liquipedia.net/mobilelegends/MPL/Indonesia/Season_9/Regular_Season | https://github.com/LiTianYeoh/MLBB_Tournament_Analysis/blob/94ea36800e80c9e89a2356a0b81d3eeafbd6a4f7/analysis/data/consolidated_game_data_20240505.csv
9,S9-RS-052,1,ONIC Esports,pick,5,Xavier,https://liquipedia.net/mobilelegends/MPL/Indonesia/Season_9/Regular_Season | https://github.com/LiTianYeoh/MLBB_Tournament_Analysis/blob/94ea36800e80c9e89a2356a0b81d3eeafbd6a4f7/analysis/data/consolidated_game_data_20240505.csv
9,S9-RS-052,1,Geek Fam ID,ban,1,Melissa,https://liquipedia.net/mobilelegends/MPL/Indonesia/Season_9/Regular_Season | https://github.com/LiTianYeoh/MLBB_Tournament_Analysis/blob/94ea36800e80c9e89a2356a0b81d3eeafbd6a4f7/analysis/data/consolidated_game_data_20240505.csv
9,S9-RS-052,1,Geek Fam ID,ban,2,Wanwan,https://liquipedia.net/mobilelegends/MPL/Indonesia/Season_9/Regular_Season | https://github.com/LiTianYeoh/MLBB_Tournament_Analysis/blob/94ea36800e80c9e89a2356a0b81d3eeafbd6a4f7/analysis/data/consolidated_game_data_20240505.csv
9,S9-RS-052,1,Geek Fam ID,ban,3,Valentina,https://liquipedia.net/mobilelegends/MPL/Indonesia/Season_9/Regular_Season | https://github.com/LiTianYeoh/MLBB_Tournament_Analysis/blob/94ea36800e80c9e89a2356a0b81d3eeafbd6a4f7/analysis/data/consolidated_game_data_20240505.csv
9,S9-RS-052,1,Geek Fam ID,ban,4,Karina,https://liquipedia.net/mobilelegends/MPL/Indonesia/Season_9/Regular_Season | https://github.com/LiTianYeoh/MLBB_Tournament_Analysis/blob/94ea36800e80c9e89a2356a0b81d3eeafbd6a4f7/analysis/data/consolidated_game_data_20240505.csv
9,S9-RS-052,1,Geek Fam ID,ban,5,Fanny,https://liquipedia.net/mobilelegends/MPL/Indonesia/Season_9/Regular_Season | https://github.com/LiTianYeoh/MLBB_Tournament_Analysis/blob/94ea36800e80c9e89a2356a0b81d3eeafbd6a4f7/analysis/data/consolidated_game_data_20240505.csv
9,S9-RS-052,1,Geek Fam ID,pick,1,Esmeralda,https://liquipedia.net/mobilelegends/MPL/Indonesia/Season_9/Regular_Season | https://github.com/LiTianYeoh/MLBB_Tournament_Analysis/blob/94ea36800e80c9e89a2356a0b81d3eeafbd6a4f7/analysis/data/consolidated_game_data_20240505.csv
9,S9-RS-052,1,Geek Fam ID,pick,2,Hilda,https://liquipedia.net/mobilelegends/MPL/Indonesia/Season_9/Regular_Season | https://github.com/LiTianYeoh/MLBB_Tournament_Analysis/blob/94ea36800e80c9e89a2356a0b81d3eeafbd6a4f7/analysis/data/consolidated_game_data_20240505.csv
9,S9-RS-052,1,Geek Fam ID,pick,3,Ling,https://liquipedia.net/mobilelegends/MPL/Indonesia/Season_9/Regular_Season | https://github.com/LiTianYeoh/MLBB_Tournament_Analysis/blob/94ea36800e80c9e89a2356a0b81d3eeafbd6a4f7/analysis/data/consolidated_game_data_20240505.csv
9,S9-RS-052,1,Geek Fam ID,pick,4,Grock,https://liquipedia.net/mobilelegends/MPL/Indonesia/Season_9/Regular_Season | https://github.com/LiTianYeoh/MLBB_Tournament_Analysis/blob/94ea36800e80c9e89a2356a0b81d3eeafbd6a4f7/analysis/data/consolidated_game_data_20240505.csv
9,S9-RS-052,1,Geek Fam ID,pick,5,Selena,https://liquipedia.net/mobilelegends/MPL/Indonesia/Season_9/Regular_Season | https://github.com/LiTianYeoh/MLBB_Tournament_Analysis/blob/94ea36800e80c9e89a2356a0b81d3eeafbd6a4f7/analysis/data/consolidated_game_data_20240505.csv
9,S9-RS-052,2,ONIC Esports,ban,1,Yve,https://liquipedia.net/mobilelegends/MPL/Indonesia/Season_9/Regular_Season | https://github.com/LiTianYeoh/MLBB_Tournament_Analysis/blob/94ea36800e80c9e89a2356a0b81d3eeafbd6a4f7/analysis/data/consolidated_game_data_20240505.csv
9,S9-RS-052,2,ONIC Esports,ban,2,Baxia,https://liquipedia.net/mobilelegends/MPL/Indonesia/Season_9/Regular_Season | https://github.com/LiTianYeoh/MLBB_Tournament_Analysis/blob/94ea36800e80c9e89a2356a0b81d3eeafbd6a4f7/analysis/data/consolidated_game_data_20240505.csv
9,S9-RS-052,2,ONIC Esports,ban,3,Grock,https://liquipedia.net/mobilelegends/MPL/Indonesia/Season_9/Regular_Season | https://github.com/LiTianYeoh/MLBB_Tournament_Analysis/blob/94ea36800e80c9e89a2356a0b81d3eeafbd6a4f7/analysis/data/consolidated_game_data_20240505.csv
9,S9-RS-052,2,ONIC Esports,ban,4,Balmond,https://liquipedia.net/mobilelegends/MPL/Indonesia/Season_9/Regular_Season | https://github.com/LiTianYeoh/MLBB_Tournament_Analysis/blob/94ea36800e80c9e89a2356a0b81d3eeafbd6a4f7/analysis/data/consolidated_game_data_20240505.csv
9,S9-RS-052,2,ONIC Esports,ban,5,X.Borg,https://liquipedia.net/mobilelegends/MPL/Indonesia/Season_9/Regular_Season | https://github.com/LiTianYeoh/MLBB_Tournament_Analysis/blob/94ea36800e80c9e89a2356a0b81d3eeafbd6a4f7/analysis/data/consolidated_game_data_20240505.csv
9,S9-RS-052,2,ONIC Esports,pick,1,Dyrroth,https://liquipedia.net/mobilelegends/MPL/Indonesia/Season_9/Regular_Season | https://github.com/LiTianYeoh/MLBB_Tournament_Analysis/blob/94ea36800e80c9e89a2356a0b81d3eeafbd6a4f7/analysis/data/consolidated_game_data_20240505.csv
9,S9-RS-052,2,ONIC Esports,pick,2,Xavier,https://liquipedia.net/mobilelegends/MPL/Indonesia/Season_9/Regular_Season | https://github.com/LiTianYeoh/MLBB_Tournament_Analysis/blob/94ea36800e80c9e89a2356a0b81d3eeafbd6a4f7/analysis/data/consolidated_game_data_20240505.csv
9,S9-RS-052,2,ONIC Esports,pick,3,Angela,https://liquipedia.net/mobilelegends/MPL/Indonesia/Season_9/Regular_Season | https://github.com/LiTianYeoh/MLBB_Tournament_Analysis/blob/94ea36800e80c9e89a2356a0b81d3eeafbd6a4f7/analysis/data/consolidated_game_data_20240505.csv
9,S9-RS-052,2,ONIC Esports,pick,4,Yu Zhong,https://liquipedia.net/mobilelegends/MPL/Indonesia/Season_9/Regular_Season | https://github.com/LiTianYeoh/MLBB_Tournament_Analysis/blob/94ea36800e80c9e89a2356a0b81d3eeafbd6a4f7/analysis/data/consolidated_game_data_20240505.csv
9,S9-RS-052,2,ONIC Esports,pick,5,Karina,https://liquipedia.net/mobilelegends/MPL/Indonesia/Season_9/Regular_Season | https://github.com/LiTianYeoh/MLBB_Tournament_Analysis/blob/94ea36800e80c9e89a2356a0b81d3eeafbd6a4f7/analysis/data/consolidated_game_data_20240505.csv
9,S9-RS-052,2,Geek Fam ID,ban,1,Lunox,https://liquipedia.net/mobilelegends/MPL/Indonesia/Season_9/Regular_Season | https://github.com/LiTianYeoh/MLBB_Tournament_Analysis/blob/94ea36800e80c9e89a2356a0b81d3eeafbd6a4f7/analysis/data/consolidated_game_data_20240505.csv
9,S9-RS-052,2,Geek Fam ID,ban,2,Selena,https://liquipedia.net/mobilelegends/MPL/Indonesia/Season_9/Regular_Season | https://github.com/LiTianYeoh/MLBB_Tournament_Analysis/blob/94ea36800e80c9e89a2356a0b81d3eeafbd6a4f7/analysis/data/consolidated_game_data_20240505.csv
9,S9-RS-052,2,Geek Fam ID,ban,3,Valentina,https://liquipedia.net/mobilelegends/MPL/Indonesia/Season_9/Regular_Season | https://github.com/LiTianYeoh/MLBB_Tournament_Analysis/blob/94ea36800e80c9e89a2356a0b81d3eeafbd6a4f7/analysis/data/consolidated_game_data_20240505.csv
9,S9-RS-052,2,Geek Fam ID,ban,4,Masha,https://liquipedia.net/mobilelegends/MPL/Indonesia/Season_9/Regular_Season | https://github.com/LiTianYeoh/MLBB_Tournament_Analysis/blob/94ea36800e80c9e89a2356a0b81d3eeafbd6a4f7/analysis/data/consolidated_game_data_20240505.csv
9,S9-RS-052,2,Geek Fam ID,ban,5,Fanny,https://liquipedia.net/mobilelegends/MPL/Indonesia/Season_9/Regular_Season | https://github.com/LiTianYeoh/MLBB_Tournament_Analysis/blob/94ea36800e80c9e89a2356a0b81d3eeafbd6a4f7/analysis/data/consolidated_game_data_20240505.csv
9,S9-RS-052,2,Geek Fam ID,pick,1,Pharsa,https://liquipedia.net/mobilelegends/MPL/Indonesia/Season_9/Regular_Season | https://github.com/LiTianYeoh/MLBB_Tournament_Analysis/blob/94ea36800e80c9e89a2356a0b81d3eeafbd6a4f7/analysis/data/consolidated_game_data_20240505.csv
9,S9-RS-052,2,Geek Fam ID,pick,2,Chou,https://liquipedia.net/mobilelegends/MPL/Indonesia/Season_9/Regular_Season | https://github.com/LiTianYeoh/MLBB_Tournament_Analysis/blob/94ea36800e80c9e89a2356a0b81d3eeafbd6a4f7/analysis/data/consolidated_game_data_20240505.csv
9,S9-RS-052,2,Geek Fam ID,pick,3,Esmeralda,https://liquipedia.net/mobilelegends/MPL/Indonesia/Season_9/Regular_Season | https://github.com/LiTianYeoh/MLBB_Tournament_Analysis/blob/94ea36800e80c9e89a2356a0b81d3eeafbd6a4f7/analysis/data/consolidated_game_data_20240505.csv
9,S9-RS-052,2,Geek Fam ID,pick,4,Hilda,https://liquipedia.net/mobilelegends/MPL/Indonesia/Season_9/Regular_Season | https://github.com/LiTianYeoh/MLBB_Tournament_Analysis/blob/94ea36800e80c9e89a2356a0b81d3eeafbd6a4f7/analysis/data/consolidated_game_data_20240505.csv
9,S9-RS-052,2,Geek Fam ID,pick,5,Granger,https://liquipedia.net/mobilelegends/MPL/Indonesia/Season_9/Regular_Season | https://github.com/LiTianYeoh/MLBB_Tournament_Analysis/blob/94ea36800e80c9e89a2356a0b81d3eeafbd6a4f7/analysis/data/consolidated_game_data_20240505.csv
9,S9-RS-053,1,AURA Fire,ban,1,Angela,https://liquipedia.net/mobilelegends/MPL/Indonesia/Season_9/Regular_Season | https://github.com/LiTianYeoh/MLBB_Tournament_Analysis/blob/94ea36800e80c9e89a2356a0b81d3eeafbd6a4f7/analysis/data/consolidated_game_data_20240505.csv
9,S9-RS-053,1,AURA Fire,ban,2,Esmeralda,https://liquipedia.net/mobilelegends/MPL/Indonesia/Season_9/Regular_Season | https://github.com/LiTianYeoh/MLBB_Tournament_Analysis/blob/94ea36800e80c9e89a2356a0b81d3eeafbd6a4f7/analysis/data/consolidated_game_data_20240505.csv
9,S9-RS-053,1,AURA Fire,ban,3,Valentina,https://liquipedia.net/mobilelegends/MPL/Indonesia/Season_9/Regular_Season | https://github.com/LiTianYeoh/MLBB_Tournament_Analysis/blob/94ea36800e80c9e89a2356a0b81d3eeafbd6a4f7/analysis/data/consolidated_game_data_20240505.csv
9,S9-RS-053,1,AURA Fire,ban,4,Khaleed,https://liquipedia.net/mobilelegends/MPL/Indonesia/Season_9/Regular_Season | https://github.com/LiTianYeoh/MLBB_Tournament_Analysis/blob/94ea36800e80c9e89a2356a0b81d3eeafbd6a4f7/analysis/data/consolidated_game_data_20240505.csv
9,S9-RS-053,1,AURA Fire,ban,5,Hylos,https://liquipedia.net/mobilelegends/MPL/Indonesia/Season_9/Regular_Season | https://github.com/LiTianYeoh/MLBB_Tournament_Analysis/blob/94ea36800e80c9e89a2356a0b81d3eeafbd6a4f7/analysis/data/consolidated_game_data_20240505.csv
9,S9-RS-053,1,AURA Fire,pick,1,Yve,https://liquipedia.net/mobilelegends/MPL/Indonesia/Season_9/Regular_Season | https://github.com/LiTianYeoh/MLBB_Tournament_Analysis/blob/94ea36800e80c9e89a2356a0b81d3eeafbd6a4f7/analysis/data/consolidated_game_data_20240505.csv
9,S9-RS-053,1,AURA Fire,pick,2,Grock,https://liquipedia.net/mobilelegends/MPL/Indonesia/Season_9/Regular_Season | https://github.com/LiTianYeoh/MLBB_Tournament_Analysis/blob/94ea36800e80c9e89a2356a0b81d3eeafbd6a4f7/analysis/data/consolidated_game_data_20240505.csv
9,S9-RS-053,1,AURA Fire,pick,3,Chou,https://liquipedia.net/mobilelegends/MPL/Indonesia/Season_9/Regular_Season | https://github.com/LiTianYeoh/MLBB_Tournament_Analysis/blob/94ea36800e80c9e89a2356a0b81d3eeafbd6a4f7/analysis/data/consolidated_game_data_20240505.csv
9,S9-RS-053,1,AURA Fire,pick,4,Helcurt,https://liquipedia.net/mobilelegends/MPL/Indonesia/Season_9/Regular_Season | https://github.com/LiTianYeoh/MLBB_Tournament_Analysis/blob/94ea36800e80c9e89a2356a0b81d3eeafbd6a4f7/analysis/data/consolidated_game_data_20240505.csv
9,S9-RS-053,1,AURA Fire,pick,5,Khufra,https://liquipedia.net/mobilelegends/MPL/Indonesia/Season_9/Regular_Season | https://github.com/LiTianYeoh/MLBB_Tournament_Analysis/blob/94ea36800e80c9e89a2356a0b81d3eeafbd6a4f7/analysis/data/consolidated_game_data_20240505.csv
9,S9-RS-053,1,Rebellion Zion,ban,1,Baxia,https://liquipedia.net/mobilelegends/MPL/Indonesia/Season_9/Regular_Season | https://github.com/LiTianYeoh/MLBB_Tournament_Analysis/blob/94ea36800e80c9e89a2356a0b81d3eeafbd6a4f7/analysis/data/consolidated_game_data_20240505.csv
9,S9-RS-053,1,Rebellion Zion,ban,2,Ling,https://liquipedia.net/mobilelegends/MPL/Indonesia/Season_9/Regular_Season | https://github.com/LiTianYeoh/MLBB_Tournament_Analysis/blob/94ea36800e80c9e89a2356a0b81d3eeafbd6a4f7/analysis/data/consolidated_game_data_20240505.csv
9,S9-RS-053,1,Rebellion Zion,ban,3,Fanny,https://liquipedia.net/mobilelegends/MPL/Indonesia/Season_9/Regular_Season | https://github.com/LiTianYeoh/MLBB_Tournament_Analysis/blob/94ea36800e80c9e89a2356a0b81d3eeafbd6a4f7/analysis/data/consolidated_game_data_20240505.csv
9,S9-RS-053,1,Rebellion Zion,ban,4,Masha,https://liquipedia.net/mobilelegends/MPL/Indonesia/Season_9/Regular_Season | https://github.com/LiTianYeoh/MLBB_Tournament_Analysis/blob/94ea36800e80c9e89a2356a0b81d3eeafbd6a4f7/analysis/data/consolidated_game_data_20240505.csv
9,S9-RS-053,1,Rebellion Zion,ban,5,Karina,https://liquipedia.net/mobilelegends/MPL/Indonesia/Season_9/Regular_Season | https://github.com/LiTianYeoh/MLBB_Tournament_Analysis/blob/94ea36800e80c9e89a2356a0b81d3eeafbd6a4f7/analysis/data/consolidated_game_data_20240505.csv
9,S9-RS-053,1,Rebellion Zion,pick,1,Hilda,https://liquipedia.net/mobilelegends/MPL/Indonesia/Season_9/Regular_Season | https://github.com/LiTianYeoh/MLBB_Tournament_Analysis/blob/94ea36800e80c9e89a2356a0b81d3eeafbd6a4f7/analysis/data/consolidated_game_data_20240505.csv
9,S9-RS-053,1,Rebellion Zion,pick,2,Lancelot,https://liquipedia.net/mobilelegends/MPL/Indonesia/Season_9/Regular_Season | https://github.com/LiTianYeoh/MLBB_Tournament_Analysis/blob/94ea36800e80c9e89a2356a0b81d3eeafbd6a4f7/analysis/data/consolidated_game_data_20240505.csv
9,S9-RS-053,1,Rebellion Zion,pick,3,Beatrix,https://liquipedia.net/mobilelegends/MPL/Indonesia/Season_9/Regular_Season | https://github.com/LiTianYeoh/MLBB_Tournament_Analysis/blob/94ea36800e80c9e89a2356a0b81d3eeafbd6a4f7/analysis/data/consolidated_game_data_20240505.csv
9,S9-RS-053,1,Rebellion Zion,pick,4,Uranus,https://liquipedia.net/mobilelegends/MPL/Indonesia/Season_9/Regular_Season | https://github.com/LiTianYeoh/MLBB_Tournament_Analysis/blob/94ea36800e80c9e89a2356a0b81d3eeafbd6a4f7/analysis/data/consolidated_game_data_20240505.csv
9,S9-RS-053,1,Rebellion Zion,pick,5,Xavier,https://liquipedia.net/mobilelegends/MPL/Indonesia/Season_9/Regular_Season | https://github.com/LiTianYeoh/MLBB_Tournament_Analysis/blob/94ea36800e80c9e89a2356a0b81d3eeafbd6a4f7/analysis/data/consolidated_game_data_20240505.csv
9,S9-RS-053,2,AURA Fire,ban,1,Valentina,https://liquipedia.net/mobilelegends/MPL/Indonesia/Season_9/Regular_Season | https://github.com/LiTianYeoh/MLBB_Tournament_Analysis/blob/94ea36800e80c9e89a2356a0b81d3eeafbd6a4f7/analysis/data/consolidated_game_data_20240505.csv
9,S9-RS-053,2,AURA Fire,ban,2,Masha,https://liquipedia.net/mobilelegends/MPL/Indonesia/Season_9/Regular_Season | https://github.com/LiTianYeoh/MLBB_Tournament_Analysis/blob/94ea36800e80c9e89a2356a0b81d3eeafbd6a4f7/analysis/data/consolidated_game_data_20240505.csv
9,S9-RS-053,2,AURA Fire,ban,3,Yve,https://liquipedia.net/mobilelegends/MPL/Indonesia/Season_9/Regular_Season | https://github.com/LiTianYeoh/MLBB_Tournament_Analysis/blob/94ea36800e80c9e89a2356a0b81d3eeafbd6a4f7/analysis/data/consolidated_game_data_20240505.csv
9,S9-RS-053,2,AURA Fire,ban,4,Phoveus,https://liquipedia.net/mobilelegends/MPL/Indonesia/Season_9/Regular_Season | https://github.com/LiTianYeoh/MLBB_Tournament_Analysis/blob/94ea36800e80c9e89a2356a0b81d3eeafbd6a4f7/analysis/data/consolidated_game_data_20240505.csv
9,S9-RS-053,2,AURA Fire,ban,5,Cecilion,https://liquipedia.net/mobilelegends/MPL/Indonesia/Season_9/Regular_Season | https://github.com/LiTianYeoh/MLBB_Tournament_Analysis/blob/94ea36800e80c9e89a2356a0b81d3eeafbd6a4f7/analysis/data/consolidated_game_data_20240505.csv
9,S9-RS-053,2,AURA Fire,pick,1,Xavier,https://liquipedia.net/mobilelegends/MPL/Indonesia/Season_9/Regular_Season | https://github.com/LiTianYeoh/MLBB_Tournament_Analysis/blob/94ea36800e80c9e89a2356a0b81d3eeafbd6a4f7/analysis/data/consolidated_game_data_20240505.csv
9,S9-RS-053,2,AURA Fire,pick,2,Dyrroth,https://liquipedia.net/mobilelegends/MPL/Indonesia/Season_9/Regular_Season | https://github.com/LiTianYeoh/MLBB_Tournament_Analysis/blob/94ea36800e80c9e89a2356a0b81d3eeafbd6a4f7/analysis/data/consolidated_game_data_20240505.csv
9,S9-RS-053,2,AURA Fire,pick,3,Franco,https://liquipedia.net/mobilelegends/MPL/Indonesia/Season_9/Regular_Season | https://github.com/LiTianYeoh/MLBB_Tournament_Analysis/blob/94ea36800e80c9e89a2356a0b81d3eeafbd6a4f7/analysis/data/consolidated_game_data_20240505.csv
9,S9-RS-053,2,AURA Fire,pick,4,Chou,https://liquipedia.net/mobilelegends/MPL/Indonesia/Season_9/Regular_Season | https://github.com/LiTianYeoh/MLBB_Tournament_Analysis/blob/94ea36800e80c9e89a2356a0b81d3eeafbd6a4f7/analysis/data/consolidated_game_data_20240505.csv
9,S9-RS-053,2,AURA Fire,pick,5,Hylos,https://liquipedia.net/mobilelegends/MPL/Indonesia/Season_9/Regular_Season | https://github.com/LiTianYeoh/MLBB_Tournament_Analysis/blob/94ea36800e80c9e89a2356a0b81d3eeafbd6a4f7/analysis/data/consolidated_game_data_20240505.csv
9,S9-RS-053,2,Rebellion Zion,ban,1,Wanwan,https://liquipedia.net/mobilelegends/MPL/Indonesia/Season_9/Regular_Season | https://github.com/LiTianYeoh/MLBB_Tournament_Analysis/blob/94ea36800e80c9e89a2356a0b81d3eeafbd6a4f7/analysis/data/consolidated_game_data_20240505.csv
9,S9-RS-053,2,Rebellion Zion,ban,2,Esmeralda,https://liquipedia.net/mobilelegends/MPL/Indonesia/Season_9/Regular_Season | https://github.com/LiTianYeoh/MLBB_Tournament_Analysis/blob/94ea36800e80c9e89a2356a0b81d3eeafbd6a4f7/analysis/data/consolidated_game_data_20240505.csv
9,S9-RS-053,2,Rebellion Zion,ban,3,Ling,https://liquipedia.net/mobilelegends/MPL/Indonesia/Season_9/Regular_Season | https://github.com/LiTianYeoh/MLBB_Tournament_Analysis/blob/94ea36800e80c9e89a2356a0b81d3eeafbd6a4f7/analysis/data/consolidated_game_data_20240505.csv
9,S9-RS-053,2,Rebellion Zion,ban,4,Fanny,https://liquipedia.net/mobilelegends/MPL/Indonesia/Season_9/Regular_Season | https://github.com/LiTianYeoh/MLBB_Tournament_Analysis/blob/94ea36800e80c9e89a2356a0b81d3eeafbd6a4f7/analysis/data/consolidated_game_data_20240505.csv
9,S9-RS-053,2,Rebellion Zion,ban,5,Grock,https://liquipedia.net/mobilelegends/MPL/Indonesia/Season_9/Regular_Season | https://github.com/LiTianYeoh/MLBB_Tournament_Analysis/blob/94ea36800e80c9e89a2356a0b81d3eeafbd6a4f7/analysis/data/consolidated_game_data_20240505.csv
9,S9-RS-053,2,Rebellion Zion,pick,1,Karina,https://liquipedia.net/mobilelegends/MPL/Indonesia/Season_9/Regular_Season | https://github.com/LiTianYeoh/MLBB_Tournament_Analysis/blob/94ea36800e80c9e89a2356a0b81d3eeafbd6a4f7/analysis/data/consolidated_game_data_20240505.csv
9,S9-RS-053,2,Rebellion Zion,pick,2,Paquito,https://liquipedia.net/mobilelegends/MPL/Indonesia/Season_9/Regular_Season | https://github.com/LiTianYeoh/MLBB_Tournament_Analysis/blob/94ea36800e80c9e89a2356a0b81d3eeafbd6a4f7/analysis/data/consolidated_game_data_20240505.csv
9,S9-RS-053,2,Rebellion Zion,pick,3,Kagura,https://liquipedia.net/mobilelegends/MPL/Indonesia/Season_9/Regular_Season | https://github.com/LiTianYeoh/MLBB_Tournament_Analysis/blob/94ea36800e80c9e89a2356a0b81d3eeafbd6a4f7/analysis/data/consolidated_game_data_20240505.csv
9,S9-RS-053,2,Rebellion Zion,pick,4,Angela,https://liquipedia.net/mobilelegends/MPL/Indonesia/Season_9/Regular_Season | https://github.com/LiTianYeoh/MLBB_Tournament_Analysis/blob/94ea36800e80c9e89a2356a0b81d3eeafbd6a4f7/analysis/data/consolidated_game_data_20240505.csv
9,S9-RS-053,2,Rebellion Zion,pick,5,Popol and Kupa,https://liquipedia.net/mobilelegends/MPL/Indonesia/Season_9/Regular_Season | https://github.com/LiTianYeoh/MLBB_Tournament_Analysis/blob/94ea36800e80c9e89a2356a0b81d3eeafbd6a4f7/analysis/data/consolidated_game_data_20240505.csv
9,S9-RS-054,1,EVOS Legends,ban,1,Grock,https://liquipedia.net/mobilelegends/MPL/Indonesia/Season_9/Regular_Season | https://github.com/LiTianYeoh/MLBB_Tournament_Analysis/blob/94ea36800e80c9e89a2356a0b81d3eeafbd6a4f7/analysis/data/consolidated_game_data_20240505.csv
9,S9-RS-054,1,EVOS Legends,ban,2,Ling,https://liquipedia.net/mobilelegends/MPL/Indonesia/Season_9/Regular_Season | https://github.com/LiTianYeoh/MLBB_Tournament_Analysis/blob/94ea36800e80c9e89a2356a0b81d3eeafbd6a4f7/analysis/data/consolidated_game_data_20240505.csv
9,S9-RS-054,1,EVOS Legends,ban,3,Yve,https://liquipedia.net/mobilelegends/MPL/Indonesia/Season_9/Regular_Season | https://github.com/LiTianYeoh/MLBB_Tournament_Analysis/blob/94ea36800e80c9e89a2356a0b81d3eeafbd6a4f7/analysis/data/consolidated_game_data_20240505.csv
9,S9-RS-054,1,EVOS Legends,ban,4,Kagura,https://liquipedia.net/mobilelegends/MPL/Indonesia/Season_9/Regular_Season | https://github.com/LiTianYeoh/MLBB_Tournament_Analysis/blob/94ea36800e80c9e89a2356a0b81d3eeafbd6a4f7/analysis/data/consolidated_game_data_20240505.csv
9,S9-RS-054,1,EVOS Legends,ban,5,Hayabusa,https://liquipedia.net/mobilelegends/MPL/Indonesia/Season_9/Regular_Season | https://github.com/LiTianYeoh/MLBB_Tournament_Analysis/blob/94ea36800e80c9e89a2356a0b81d3eeafbd6a4f7/analysis/data/consolidated_game_data_20240505.csv
9,S9-RS-054,1,EVOS Legends,pick,1,Valentina,https://liquipedia.net/mobilelegends/MPL/Indonesia/Season_9/Regular_Season | https://github.com/LiTianYeoh/MLBB_Tournament_Analysis/blob/94ea36800e80c9e89a2356a0b81d3eeafbd6a4f7/analysis/data/consolidated_game_data_20240505.csv
9,S9-RS-054,1,EVOS Legends,pick,2,Baxia,https://liquipedia.net/mobilelegends/MPL/Indonesia/Season_9/Regular_Season | https://github.com/LiTianYeoh/MLBB_Tournament_Analysis/blob/94ea36800e80c9e89a2356a0b81d3eeafbd6a4f7/analysis/data/consolidated_game_data_20240505.csv
9,S9-RS-054,1,EVOS Legends,pick,3,Clint,https://liquipedia.net/mobilelegends/MPL/Indonesia/Season_9/Regular_Season | https://github.com/LiTianYeoh/MLBB_Tournament_Analysis/blob/94ea36800e80c9e89a2356a0b81d3eeafbd6a4f7/analysis/data/consolidated_game_data_20240505.csv
9,S9-RS-054,1,EVOS Legends,pick,4,Esmeralda,https://liquipedia.net/mobilelegends/MPL/Indonesia/Season_9/Regular_Season | https://github.com/LiTianYeoh/MLBB_Tournament_Analysis/blob/94ea36800e80c9e89a2356a0b81d3eeafbd6a4f7/analysis/data/consolidated_game_data_20240505.csv
9,S9-RS-054,1,EVOS Legends,pick,5,Lancelot,https://liquipedia.net/mobilelegends/MPL/Indonesia/Season_9/Regular_Season | https://github.com/LiTianYeoh/MLBB_Tournament_Analysis/blob/94ea36800e80c9e89a2356a0b81d3eeafbd6a4f7/analysis/data/consolidated_game_data_20240505.csv
9,S9-RS-054,1,RRQ Hoshi,ban,1,Yu Zhong,https://liquipedia.net/mobilelegends/MPL/Indonesia/Season_9/Regular_Season | https://github.com/LiTianYeoh/MLBB_Tournament_Analysis/blob/94ea36800e80c9e89a2356a0b81d3eeafbd6a4f7/analysis/data/consolidated_game_data_20240505.csv
9,S9-RS-054,1,RRQ Hoshi,ban,2,Hilda,https://liquipedia.net/mobilelegends/MPL/Indonesia/Season_9/Regular_Season | https://github.com/LiTianYeoh/MLBB_Tournament_Analysis/blob/94ea36800e80c9e89a2356a0b81d3eeafbd6a4f7/analysis/data/consolidated_game_data_20240505.csv
9,S9-RS-054,1,RRQ Hoshi,ban,3,Masha,https://liquipedia.net/mobilelegends/MPL/Indonesia/Season_9/Regular_Season | https://github.com/LiTianYeoh/MLBB_Tournament_Analysis/blob/94ea36800e80c9e89a2356a0b81d3eeafbd6a4f7/analysis/data/consolidated_game_data_20240505.csv
9,S9-RS-054,1,RRQ Hoshi,ban,4,Fanny,https://liquipedia.net/mobilelegends/MPL/Indonesia/Season_9/Regular_Season | https://github.com/LiTianYeoh/MLBB_Tournament_Analysis/blob/94ea36800e80c9e89a2356a0b81d3eeafbd6a4f7/analysis/data/consolidated_game_data_20240505.csv
9,S9-RS-054,1,RRQ Hoshi,ban,5,Karina,https://liquipedia.net/mobilelegends/MPL/Indonesia/Season_9/Regular_Season | https://github.com/LiTianYeoh/MLBB_Tournament_Analysis/blob/94ea36800e80c9e89a2356a0b81d3eeafbd6a4f7/analysis/data/consolidated_game_data_20240505.csv
9,S9-RS-054,1,RRQ Hoshi,pick,1,Helcurt,https://liquipedia.net/mobilelegends/MPL/Indonesia/Season_9/Regular_Season | https://github.com/LiTianYeoh/MLBB_Tournament_Analysis/blob/94ea36800e80c9e89a2356a0b81d3eeafbd6a4f7/analysis/data/consolidated_game_data_20240505.csv
9,S9-RS-054,1,RRQ Hoshi,pick,2,Cecilion,https://liquipedia.net/mobilelegends/MPL/Indonesia/Season_9/Regular_Season | https://github.com/LiTianYeoh/MLBB_Tournament_Analysis/blob/94ea36800e80c9e89a2356a0b81d3eeafbd6a4f7/analysis/data/consolidated_game_data_20240505.csv
9,S9-RS-054,1,RRQ Hoshi,pick,3,Dyrroth,https://liquipedia.net/mobilelegends/MPL/Indonesia/Season_9/Regular_Season | https://github.com/LiTianYeoh/MLBB_Tournament_Analysis/blob/94ea36800e80c9e89a2356a0b81d3eeafbd6a4f7/analysis/data/consolidated_game_data_20240505.csv
9,S9-RS-054,1,RRQ Hoshi,pick,4,Beatrix,https://liquipedia.net/mobilelegends/MPL/Indonesia/Season_9/Regular_Season | https://github.com/LiTianYeoh/MLBB_Tournament_Analysis/blob/94ea36800e80c9e89a2356a0b81d3eeafbd6a4f7/analysis/data/consolidated_game_data_20240505.csv
9,S9-RS-054,1,RRQ Hoshi,pick,5,Angela,https://liquipedia.net/mobilelegends/MPL/Indonesia/Season_9/Regular_Season | https://github.com/LiTianYeoh/MLBB_Tournament_Analysis/blob/94ea36800e80c9e89a2356a0b81d3eeafbd6a4f7/analysis/data/consolidated_game_data_20240505.csv
9,S9-RS-054,2,EVOS Legends,ban,1,Valentina,https://liquipedia.net/mobilelegends/MPL/Indonesia/Season_9/Regular_Season | https://github.com/LiTianYeoh/MLBB_Tournament_Analysis/blob/94ea36800e80c9e89a2356a0b81d3eeafbd6a4f7/analysis/data/consolidated_game_data_20240505.csv
9,S9-RS-054,2,EVOS Legends,ban,2,Grock,https://liquipedia.net/mobilelegends/MPL/Indonesia/Season_9/Regular_Season | https://github.com/LiTianYeoh/MLBB_Tournament_Analysis/blob/94ea36800e80c9e89a2356a0b81d3eeafbd6a4f7/analysis/data/consolidated_game_data_20240505.csv
9,S9-RS-054,2,EVOS Legends,ban,3,Masha,https://liquipedia.net/mobilelegends/MPL/Indonesia/Season_9/Regular_Season | https://github.com/LiTianYeoh/MLBB_Tournament_Analysis/blob/94ea36800e80c9e89a2356a0b81d3eeafbd6a4f7/analysis/data/consolidated_game_data_20240505.csv
9,S9-RS-054,2,EVOS Legends,ban,4,Selena,https://liquipedia.net/mobilelegends/MPL/Indonesia/Season_9/Regular_Season | https://github.com/LiTianYeoh/MLBB_Tournament_Analysis/blob/94ea36800e80c9e89a2356a0b81d3eeafbd6a4f7/analysis/data/consolidated_game_data_20240505.csv
9,S9-RS-054,2,EVOS Legends,ban,5,Guinevere,https://liquipedia.net/mobilelegends/MPL/Indonesia/Season_9/Regular_Season | https://github.com/LiTianYeoh/MLBB_Tournament_Analysis/blob/94ea36800e80c9e89a2356a0b81d3eeafbd6a4f7/analysis/data/consolidated_game_data_20240505.csv
9,S9-RS-054,2,EVOS Legends,pick,1,Angela,https://liquipedia.net/mobilelegends/MPL/Indonesia/Season_9/Regular_Season | https://github.com/LiTianYeoh/MLBB_Tournament_Analysis/blob/94ea36800e80c9e89a2356a0b81d3eeafbd6a4f7/analysis/data/consolidated_game_data_20240505.csv
9,S9-RS-054,2,EVOS Legends,pick,2,Yve,https://liquipedia.net/mobilelegends/MPL/Indonesia/Season_9/Regular_Season | https://github.com/LiTianYeoh/MLBB_Tournament_Analysis/blob/94ea36800e80c9e89a2356a0b81d3eeafbd6a4f7/analysis/data/consolidated_game_data_20240505.csv
9,S9-RS-054,2,EVOS Legends,pick,3,Uranus,https://liquipedia.net/mobilelegends/MPL/Indonesia/Season_9/Regular_Season | https://github.com/LiTianYeoh/MLBB_Tournament_Analysis/blob/94ea36800e80c9e89a2356a0b81d3eeafbd6a4f7/analysis/data/consolidated_game_data_20240505.csv
9,S9-RS-054,2,EVOS Legends,pick,4,Ling,https://liquipedia.net/mobilelegends/MPL/Indonesia/Season_9/Regular_Season | https://github.com/LiTianYeoh/MLBB_Tournament_Analysis/blob/94ea36800e80c9e89a2356a0b81d3eeafbd6a4f7/analysis/data/consolidated_game_data_20240505.csv
9,S9-RS-054,2,EVOS Legends,pick,5,Beatrix,https://liquipedia.net/mobilelegends/MPL/Indonesia/Season_9/Regular_Season | https://github.com/LiTianYeoh/MLBB_Tournament_Analysis/blob/94ea36800e80c9e89a2356a0b81d3eeafbd6a4f7/analysis/data/consolidated_game_data_20240505.csv
9,S9-RS-054,2,RRQ Hoshi,ban,1,Gloo,https://liquipedia.net/mobilelegends/MPL/Indonesia/Season_9/Regular_Season | https://github.com/LiTianYeoh/MLBB_Tournament_Analysis/blob/94ea36800e80c9e89a2356a0b81d3eeafbd6a4f7/analysis/data/consolidated_game_data_20240505.csv
9,S9-RS-054,2,RRQ Hoshi,ban,2,Dyrroth,https://liquipedia.net/mobilelegends/MPL/Indonesia/Season_9/Regular_Season | https://github.com/LiTianYeoh/MLBB_Tournament_Analysis/blob/94ea36800e80c9e89a2356a0b81d3eeafbd6a4f7/analysis/data/consolidated_game_data_20240505.csv
9,S9-RS-054,2,RRQ Hoshi,ban,3,Valir,https://liquipedia.net/mobilelegends/MPL/Indonesia/Season_9/Regular_Season | https://github.com/LiTianYeoh/MLBB_Tournament_Analysis/blob/94ea36800e80c9e89a2356a0b81d3eeafbd6a4f7/analysis/data/consolidated_game_data_20240505.csv
9,S9-RS-054,2,RRQ Hoshi,ban,4,Fanny,https://liquipedia.net/mobilelegends/MPL/Indonesia/Season_9/Regular_Season | https://github.com/LiTianYeoh/MLBB_Tournament_Analysis/blob/94ea36800e80c9e89a2356a0b81d3eeafbd6a4f7/analysis/data/consolidated_game_data_20240505.csv
9,S9-RS-054,2,RRQ Hoshi,ban,5,Karina,https://liquipedia.net/mobilelegends/MPL/Indonesia/Season_9/Regular_Season | https://github.com/LiTianYeoh/MLBB_Tournament_Analysis/blob/94ea36800e80c9e89a2356a0b81d3eeafbd6a4f7/analysis/data/consolidated_game_data_20240505.csv
9,S9-RS-054,2,RRQ Hoshi,pick,1,Kagura,https://liquipedia.net/mobilelegends/MPL/Indonesia/Season_9/Regular_Season | https://github.com/LiTianYeoh/MLBB_Tournament_Analysis/blob/94ea36800e80c9e89a2356a0b81d3eeafbd6a4f7/analysis/data/consolidated_game_data_20240505.csv
9,S9-RS-054,2,RRQ Hoshi,pick,2,Baxia,https://liquipedia.net/mobilelegends/MPL/Indonesia/Season_9/Regular_Season | https://github.com/LiTianYeoh/MLBB_Tournament_Analysis/blob/94ea36800e80c9e89a2356a0b81d3eeafbd6a4f7/analysis/data/consolidated_game_data_20240505.csv
9,S9-RS-054,2,RRQ Hoshi,pick,3,Brody,https://liquipedia.net/mobilelegends/MPL/Indonesia/Season_9/Regular_Season | https://github.com/LiTianYeoh/MLBB_Tournament_Analysis/blob/94ea36800e80c9e89a2356a0b81d3eeafbd6a4f7/analysis/data/consolidated_game_data_20240505.csv
9,S9-RS-054,2,RRQ Hoshi,pick,4,Lancelot,https://liquipedia.net/mobilelegends/MPL/Indonesia/Season_9/Regular_Season | https://github.com/LiTianYeoh/MLBB_Tournament_Analysis/blob/94ea36800e80c9e89a2356a0b81d3eeafbd6a4f7/analysis/data/consolidated_game_data_20240505.csv
9,S9-RS-054,2,RRQ Hoshi,pick,5,Hilda,https://liquipedia.net/mobilelegends/MPL/Indonesia/Season_9/Regular_Season | https://github.com/LiTianYeoh/MLBB_Tournament_Analysis/blob/94ea36800e80c9e89a2356a0b81d3eeafbd6a4f7/analysis/data/consolidated_game_data_20240505.csv
9,S9-RS-054,3,EVOS Legends,ban,1,Valentina,https://liquipedia.net/mobilelegends/MPL/Indonesia/Season_9/Regular_Season | https://github.com/LiTianYeoh/MLBB_Tournament_Analysis/blob/94ea36800e80c9e89a2356a0b81d3eeafbd6a4f7/analysis/data/consolidated_game_data_20240505.csv
9,S9-RS-054,3,EVOS Legends,ban,2,Masha,https://liquipedia.net/mobilelegends/MPL/Indonesia/Season_9/Regular_Season | https://github.com/LiTianYeoh/MLBB_Tournament_Analysis/blob/94ea36800e80c9e89a2356a0b81d3eeafbd6a4f7/analysis/data/consolidated_game_data_20240505.csv
9,S9-RS-054,3,EVOS Legends,ban,3,Ling,https://liquipedia.net/mobilelegends/MPL/Indonesia/Season_9/Regular_Season | https://github.com/LiTianYeoh/MLBB_Tournament_Analysis/blob/94ea36800e80c9e89a2356a0b81d3eeafbd6a4f7/analysis/data/consolidated_game_data_20240505.csv
9,S9-RS-054,3,EVOS Legends,ban,4,Beatrix,https://liquipedia.net/mobilelegends/MPL/Indonesia/Season_9/Regular_Season | https://github.com/LiTianYeoh/MLBB_Tournament_Analysis/blob/94ea36800e80c9e89a2356a0b81d3eeafbd6a4f7/analysis/data/consolidated_game_data_20240505.csv
9,S9-RS-054,3,EVOS Legends,ban,5,Popol and Kupa,https://liquipedia.net/mobilelegends/MPL/Indonesia/Season_9/Regular_Season | https://github.com/LiTianYeoh/MLBB_Tournament_Analysis/blob/94ea36800e80c9e89a2356a0b81d3eeafbd6a4f7/analysis/data/consolidated_game_data_20240505.csv
9,S9-RS-054,3,EVOS Legends,pick,1,Angela,https://liquipedia.net/mobilelegends/MPL/Indonesia/Season_9/Regular_Season | https://github.com/LiTianYeoh/MLBB_Tournament_Analysis/blob/94ea36800e80c9e89a2356a0b81d3eeafbd6a4f7/analysis/data/consolidated_game_data_20240505.csv
9,S9-RS-054,3,EVOS Legends,pick,2,Lancelot,https://liquipedia.net/mobilelegends/MPL/Indonesia/Season_9/Regular_Season | https://github.com/LiTianYeoh/MLBB_Tournament_Analysis/blob/94ea36800e80c9e89a2356a0b81d3eeafbd6a4f7/analysis/data/consolidated_game_data_20240505.csv
9,S9-RS-054,3,EVOS Legends,pick,3,Esmeralda,https://liquipedia.net/mobilelegends/MPL/Indonesia/Season_9/Regular_Season | https://github.com/LiTianYeoh/MLBB_Tournament_Analysis/blob/94ea36800e80c9e89a2356a0b81d3eeafbd6a4f7/analysis/data/consolidated_game_data_20240505.csv
9,S9-RS-054,3,EVOS Legends,pick,4,Wanwan,https://liquipedia.net/mobilelegends/MPL/Indonesia/Season_9/Regular_Season | https://github.com/LiTianYeoh/MLBB_Tournament_Analysis/blob/94ea36800e80c9e89a2356a0b81d3eeafbd6a4f7/analysis/data/consolidated_game_data_20240505.csv
9,S9-RS-054,3,EVOS Legends,pick,5,Khufra,https://liquipedia.net/mobilelegends/MPL/Indonesia/Season_9/Regular_Season | https://github.com/LiTianYeoh/MLBB_Tournament_Analysis/blob/94ea36800e80c9e89a2356a0b81d3eeafbd6a4f7/analysis/data/consolidated_game_data_20240505.csv
9,S9-RS-054,3,RRQ Hoshi,ban,1,Cecilion,https://liquipedia.net/mobilelegends/MPL/Indonesia/Season_9/Regular_Season | https://github.com/LiTianYeoh/MLBB_Tournament_Analysis/blob/94ea36800e80c9e89a2356a0b81d3eeafbd6a4f7/analysis/data/consolidated_game_data_20240505.csv
9,S9-RS-054,3,RRQ Hoshi,ban,2,Lylia,https://liquipedia.net/mobilelegends/MPL/Indonesia/Season_9/Regular_Season | https://github.com/LiTianYeoh/MLBB_Tournament_Analysis/blob/94ea36800e80c9e89a2356a0b81d3eeafbd6a4f7/analysis/data/consolidated_game_data_20240505.csv
9,S9-RS-054,3,RRQ Hoshi,ban,3,Baxia,https://liquipedia.net/mobilelegends/MPL/Indonesia/Season_9/Regular_Season | https://github.com/LiTianYeoh/MLBB_Tournament_Analysis/blob/94ea36800e80c9e89a2356a0b81d3eeafbd6a4f7/analysis/data/consolidated_game_data_20240505.csv
9,S9-RS-054,3,RRQ Hoshi,ban,4,Karina,https://liquipedia.net/mobilelegends/MPL/Indonesia/Season_9/Regular_Season | https://github.com/LiTianYeoh/MLBB_Tournament_Analysis/blob/94ea36800e80c9e89a2356a0b81d3eeafbd6a4f7/analysis/data/consolidated_game_data_20240505.csv
9,S9-RS-054,3,RRQ Hoshi,ban,5,Fanny,https://liquipedia.net/mobilelegends/MPL/Indonesia/Season_9/Regular_Season | https://github.com/LiTianYeoh/MLBB_Tournament_Analysis/blob/94ea36800e80c9e89a2356a0b81d3eeafbd6a4f7/analysis/data/consolidated_game_data_20240505.csv
9,S9-RS-054,3,RRQ Hoshi,pick,1,Franco,https://liquipedia.net/mobilelegends/MPL/Indonesia/Season_9/Regular_Season | https://github.com/LiTianYeoh/MLBB_Tournament_Analysis/blob/94ea36800e80c9e89a2356a0b81d3eeafbd6a4f7/analysis/data/consolidated_game_data_20240505.csv
9,S9-RS-054,3,RRQ Hoshi,pick,2,Clint,https://liquipedia.net/mobilelegends/MPL/Indonesia/Season_9/Regular_Season | https://github.com/LiTianYeoh/MLBB_Tournament_Analysis/blob/94ea36800e80c9e89a2356a0b81d3eeafbd6a4f7/analysis/data/consolidated_game_data_20240505.csv
9,S9-RS-054,3,RRQ Hoshi,pick,3,Kagura,https://liquipedia.net/mobilelegends/MPL/Indonesia/Season_9/Regular_Season | https://github.com/LiTianYeoh/MLBB_Tournament_Analysis/blob/94ea36800e80c9e89a2356a0b81d3eeafbd6a4f7/analysis/data/consolidated_game_data_20240505.csv
9,S9-RS-054,3,RRQ Hoshi,pick,4,Hayabusa,https://liquipedia.net/mobilelegends/MPL/Indonesia/Season_9/Regular_Season | https://github.com/LiTianYeoh/MLBB_Tournament_Analysis/blob/94ea36800e80c9e89a2356a0b81d3eeafbd6a4f7/analysis/data/consolidated_game_data_20240505.csv
9,S9-RS-054,3,RRQ Hoshi,pick,5,Grock,https://liquipedia.net/mobilelegends/MPL/Indonesia/Season_9/Regular_Season | https://github.com/LiTianYeoh/MLBB_Tournament_Analysis/blob/94ea36800e80c9e89a2356a0b81d3eeafbd6a4f7/analysis/data/consolidated_game_data_20240505.csv
9,S9-RS-055,1,Rebellion Zion,ban,1,Hilda,https://liquipedia.net/mobilelegends/MPL/Indonesia/Season_9/Regular_Season | https://github.com/LiTianYeoh/MLBB_Tournament_Analysis/blob/94ea36800e80c9e89a2356a0b81d3eeafbd6a4f7/analysis/data/consolidated_game_data_20240505.csv
9,S9-RS-055,1,Rebellion Zion,ban,2,Selena,https://liquipedia.net/mobilelegends/MPL/Indonesia/Season_9/Regular_Season | https://github.com/LiTianYeoh/MLBB_Tournament_Analysis/blob/94ea36800e80c9e89a2356a0b81d3eeafbd6a4f7/analysis/data/consolidated_game_data_20240505.csv
9,S9-RS-055,1,Rebellion Zion,ban,3,Grock,https://liquipedia.net/mobilelegends/MPL/Indonesia/Season_9/Regular_Season | https://github.com/LiTianYeoh/MLBB_Tournament_Analysis/blob/94ea36800e80c9e89a2356a0b81d3eeafbd6a4f7/analysis/data/consolidated_game_data_20240505.csv
9,S9-RS-055,1,Rebellion Zion,ban,4,Cecilion,https://liquipedia.net/mobilelegends/MPL/Indonesia/Season_9/Regular_Season | https://github.com/LiTianYeoh/MLBB_Tournament_Analysis/blob/94ea36800e80c9e89a2356a0b81d3eeafbd6a4f7/analysis/data/consolidated_game_data_20240505.csv
9,S9-RS-055,1,Rebellion Zion,ban,5,Beatrix,https://liquipedia.net/mobilelegends/MPL/Indonesia/Season_9/Regular_Season | https://github.com/LiTianYeoh/MLBB_Tournament_Analysis/blob/94ea36800e80c9e89a2356a0b81d3eeafbd6a4f7/analysis/data/consolidated_game_data_20240505.csv
9,S9-RS-055,1,Rebellion Zion,pick,1,Yve,https://liquipedia.net/mobilelegends/MPL/Indonesia/Season_9/Regular_Season | https://github.com/LiTianYeoh/MLBB_Tournament_Analysis/blob/94ea36800e80c9e89a2356a0b81d3eeafbd6a4f7/analysis/data/consolidated_game_data_20240505.csv
9,S9-RS-055,1,Rebellion Zion,pick,2,Chou,https://liquipedia.net/mobilelegends/MPL/Indonesia/Season_9/Regular_Season | https://github.com/LiTianYeoh/MLBB_Tournament_Analysis/blob/94ea36800e80c9e89a2356a0b81d3eeafbd6a4f7/analysis/data/consolidated_game_data_20240505.csv
9,S9-RS-055,1,Rebellion Zion,pick,3,Ruby,https://liquipedia.net/mobilelegends/MPL/Indonesia/Season_9/Regular_Season | https://github.com/LiTianYeoh/MLBB_Tournament_Analysis/blob/94ea36800e80c9e89a2356a0b81d3eeafbd6a4f7/analysis/data/consolidated_game_data_20240505.csv
9,S9-RS-055,1,Rebellion Zion,pick,4,Hayabusa,https://liquipedia.net/mobilelegends/MPL/Indonesia/Season_9/Regular_Season | https://github.com/LiTianYeoh/MLBB_Tournament_Analysis/blob/94ea36800e80c9e89a2356a0b81d3eeafbd6a4f7/analysis/data/consolidated_game_data_20240505.csv
9,S9-RS-055,1,Rebellion Zion,pick,5,Natalia,https://liquipedia.net/mobilelegends/MPL/Indonesia/Season_9/Regular_Season | https://github.com/LiTianYeoh/MLBB_Tournament_Analysis/blob/94ea36800e80c9e89a2356a0b81d3eeafbd6a4f7/analysis/data/consolidated_game_data_20240505.csv
9,S9-RS-055,1,Geek Fam ID,ban,1,Aulus,https://liquipedia.net/mobilelegends/MPL/Indonesia/Season_9/Regular_Season | https://github.com/LiTianYeoh/MLBB_Tournament_Analysis/blob/94ea36800e80c9e89a2356a0b81d3eeafbd6a4f7/analysis/data/consolidated_game_data_20240505.csv
9,S9-RS-055,1,Geek Fam ID,ban,2,Moskov,https://liquipedia.net/mobilelegends/MPL/Indonesia/Season_9/Regular_Season | https://github.com/LiTianYeoh/MLBB_Tournament_Analysis/blob/94ea36800e80c9e89a2356a0b81d3eeafbd6a4f7/analysis/data/consolidated_game_data_20240505.csv
9,S9-RS-055,1,Geek Fam ID,ban,3,Karina,https://liquipedia.net/mobilelegends/MPL/Indonesia/Season_9/Regular_Season | https://github.com/LiTianYeoh/MLBB_Tournament_Analysis/blob/94ea36800e80c9e89a2356a0b81d3eeafbd6a4f7/analysis/data/consolidated_game_data_20240505.csv
9,S9-RS-055,1,Geek Fam ID,ban,4,Masha,https://liquipedia.net/mobilelegends/MPL/Indonesia/Season_9/Regular_Season | https://github.com/LiTianYeoh/MLBB_Tournament_Analysis/blob/94ea36800e80c9e89a2356a0b81d3eeafbd6a4f7/analysis/data/consolidated_game_data_20240505.csv
9,S9-RS-055,1,Geek Fam ID,ban,5,Valentina,https://liquipedia.net/mobilelegends/MPL/Indonesia/Season_9/Regular_Season | https://github.com/LiTianYeoh/MLBB_Tournament_Analysis/blob/94ea36800e80c9e89a2356a0b81d3eeafbd6a4f7/analysis/data/consolidated_game_data_20240505.csv
9,S9-RS-055,1,Geek Fam ID,pick,1,Wanwan,https://liquipedia.net/mobilelegends/MPL/Indonesia/Season_9/Regular_Season | https://github.com/LiTianYeoh/MLBB_Tournament_Analysis/blob/94ea36800e80c9e89a2356a0b81d3eeafbd6a4f7/analysis/data/consolidated_game_data_20240505.csv
9,S9-RS-055,1,Geek Fam ID,pick,2,Pharsa,https://liquipedia.net/mobilelegends/MPL/Indonesia/Season_9/Regular_Season | https://github.com/LiTianYeoh/MLBB_Tournament_Analysis/blob/94ea36800e80c9e89a2356a0b81d3eeafbd6a4f7/analysis/data/consolidated_game_data_20240505.csv
9,S9-RS-055,1,Geek Fam ID,pick,3,Esmeralda,https://liquipedia.net/mobilelegends/MPL/Indonesia/Season_9/Regular_Season | https://github.com/LiTianYeoh/MLBB_Tournament_Analysis/blob/94ea36800e80c9e89a2356a0b81d3eeafbd6a4f7/analysis/data/consolidated_game_data_20240505.csv
9,S9-RS-055,1,Geek Fam ID,pick,4,Franco,https://liquipedia.net/mobilelegends/MPL/Indonesia/Season_9/Regular_Season | https://github.com/LiTianYeoh/MLBB_Tournament_Analysis/blob/94ea36800e80c9e89a2356a0b81d3eeafbd6a4f7/analysis/data/consolidated_game_data_20240505.csv
9,S9-RS-055,1,Geek Fam ID,pick,5,Fanny,https://liquipedia.net/mobilelegends/MPL/Indonesia/Season_9/Regular_Season | https://github.com/LiTianYeoh/MLBB_Tournament_Analysis/blob/94ea36800e80c9e89a2356a0b81d3eeafbd6a4f7/analysis/data/consolidated_game_data_20240505.csv
9,S9-RS-055,2,Rebellion Zion,ban,1,Grock,https://liquipedia.net/mobilelegends/MPL/Indonesia/Season_9/Regular_Season | https://github.com/LiTianYeoh/MLBB_Tournament_Analysis/blob/94ea36800e80c9e89a2356a0b81d3eeafbd6a4f7/analysis/data/consolidated_game_data_20240505.csv
9,S9-RS-055,2,Rebellion Zion,ban,2,Hilda,https://liquipedia.net/mobilelegends/MPL/Indonesia/Season_9/Regular_Season | https://github.com/LiTianYeoh/MLBB_Tournament_Analysis/blob/94ea36800e80c9e89a2356a0b81d3eeafbd6a4f7/analysis/data/consolidated_game_data_20240505.csv
9,S9-RS-055,2,Rebellion Zion,ban,3,Valentina,https://liquipedia.net/mobilelegends/MPL/Indonesia/Season_9/Regular_Season | https://github.com/LiTianYeoh/MLBB_Tournament_Analysis/blob/94ea36800e80c9e89a2356a0b81d3eeafbd6a4f7/analysis/data/consolidated_game_data_20240505.csv
9,S9-RS-055,2,Rebellion Zion,ban,4,Uranus,https://liquipedia.net/mobilelegends/MPL/Indonesia/Season_9/Regular_Season | https://github.com/LiTianYeoh/MLBB_Tournament_Analysis/blob/94ea36800e80c9e89a2356a0b81d3eeafbd6a4f7/analysis/data/consolidated_game_data_20240505.csv
9,S9-RS-055,2,Rebellion Zion,ban,5,Phoveus,https://liquipedia.net/mobilelegends/MPL/Indonesia/Season_9/Regular_Season | https://github.com/LiTianYeoh/MLBB_Tournament_Analysis/blob/94ea36800e80c9e89a2356a0b81d3eeafbd6a4f7/analysis/data/consolidated_game_data_20240505.csv
9,S9-RS-055,2,Rebellion Zion,pick,1,Xavier,https://liquipedia.net/mobilelegends/MPL/Indonesia/Season_9/Regular_Season | https://github.com/LiTianYeoh/MLBB_Tournament_Analysis/blob/94ea36800e80c9e89a2356a0b81d3eeafbd6a4f7/analysis/data/consolidated_game_data_20240505.csv
9,S9-RS-055,2,Rebellion Zion,pick,2,Yu Zhong,https://liquipedia.net/mobilelegends/MPL/Indonesia/Season_9/Regular_Season | https://github.com/LiTianYeoh/MLBB_Tournament_Analysis/blob/94ea36800e80c9e89a2356a0b81d3eeafbd6a4f7/analysis/data/consolidated_game_data_20240505.csv
9,S9-RS-055,2,Rebellion Zion,pick,3,Ruby,https://liquipedia.net/mobilelegends/MPL/Indonesia/Season_9/Regular_Season | https://github.com/LiTianYeoh/MLBB_Tournament_Analysis/blob/94ea36800e80c9e89a2356a0b81d3eeafbd6a4f7/analysis/data/consolidated_game_data_20240505.csv
9,S9-RS-055,2,Rebellion Zion,pick,4,Lancelot,https://liquipedia.net/mobilelegends/MPL/Indonesia/Season_9/Regular_Season | https://github.com/LiTianYeoh/MLBB_Tournament_Analysis/blob/94ea36800e80c9e89a2356a0b81d3eeafbd6a4f7/analysis/data/consolidated_game_data_20240505.csv
9,S9-RS-055,2,Rebellion Zion,pick,5,Wanwan,https://liquipedia.net/mobilelegends/MPL/Indonesia/Season_9/Regular_Season | https://github.com/LiTianYeoh/MLBB_Tournament_Analysis/blob/94ea36800e80c9e89a2356a0b81d3eeafbd6a4f7/analysis/data/consolidated_game_data_20240505.csv
9,S9-RS-055,2,Geek Fam ID,ban,1,Moskov,https://liquipedia.net/mobilelegends/MPL/Indonesia/Season_9/Regular_Season | https://github.com/LiTianYeoh/MLBB_Tournament_Analysis/blob/94ea36800e80c9e89a2356a0b81d3eeafbd6a4f7/analysis/data/consolidated_game_data_20240505.csv
9,S9-RS-055,2,Geek Fam ID,ban,2,Natalia,https://liquipedia.net/mobilelegends/MPL/Indonesia/Season_9/Regular_Season | https://github.com/LiTianYeoh/MLBB_Tournament_Analysis/blob/94ea36800e80c9e89a2356a0b81d3eeafbd6a4f7/analysis/data/consolidated_game_data_20240505.csv
9,S9-RS-055,2,Geek Fam ID,ban,3,Chou,https://liquipedia.net/mobilelegends/MPL/Indonesia/Season_9/Regular_Season | https://github.com/LiTianYeoh/MLBB_Tournament_Analysis/blob/94ea36800e80c9e89a2356a0b81d3eeafbd6a4f7/analysis/data/consolidated_game_data_20240505.csv
9,S9-RS-055,2,Geek Fam ID,ban,4,Karina,https://liquipedia.net/mobilelegends/MPL/Indonesia/Season_9/Regular_Season | https://github.com/LiTianYeoh/MLBB_Tournament_Analysis/blob/94ea36800e80c9e89a2356a0b81d3eeafbd6a4f7/analysis/data/consolidated_game_data_20240505.csv
9,S9-RS-055,2,Geek Fam ID,ban,5,Masha,https://liquipedia.net/mobilelegends/MPL/Indonesia/Season_9/Regular_Season | https://github.com/LiTianYeoh/MLBB_Tournament_Analysis/blob/94ea36800e80c9e89a2356a0b81d3eeafbd6a4f7/analysis/data/consolidated_game_data_20240505.csv
9,S9-RS-055,2,Geek Fam ID,pick,1,Paquito,https://liquipedia.net/mobilelegends/MPL/Indonesia/Season_9/Regular_Season | https://github.com/LiTianYeoh/MLBB_Tournament_Analysis/blob/94ea36800e80c9e89a2356a0b81d3eeafbd6a4f7/analysis/data/consolidated_game_data_20240505.csv
9,S9-RS-055,2,Geek Fam ID,pick,2,Dyrroth,https://liquipedia.net/mobilelegends/MPL/Indonesia/Season_9/Regular_Season | https://github.com/LiTianYeoh/MLBB_Tournament_Analysis/blob/94ea36800e80c9e89a2356a0b81d3eeafbd6a4f7/analysis/data/consolidated_game_data_20240505.csv
9,S9-RS-055,2,Geek Fam ID,pick,3,Fanny,https://liquipedia.net/mobilelegends/MPL/Indonesia/Season_9/Regular_Season | https://github.com/LiTianYeoh/MLBB_Tournament_Analysis/blob/94ea36800e80c9e89a2356a0b81d3eeafbd6a4f7/analysis/data/consolidated_game_data_20240505.csv
9,S9-RS-055,2,Geek Fam ID,pick,4,Angela,https://liquipedia.net/mobilelegends/MPL/Indonesia/Season_9/Regular_Season | https://github.com/LiTianYeoh/MLBB_Tournament_Analysis/blob/94ea36800e80c9e89a2356a0b81d3eeafbd6a4f7/analysis/data/consolidated_game_data_20240505.csv
9,S9-RS-055,2,Geek Fam ID,pick,5,Yve,https://liquipedia.net/mobilelegends/MPL/Indonesia/Season_9/Regular_Season | https://github.com/LiTianYeoh/MLBB_Tournament_Analysis/blob/94ea36800e80c9e89a2356a0b81d3eeafbd6a4f7/analysis/data/consolidated_game_data_20240505.csv
9,S9-RS-056,1,ONIC Esports,ban,1,Valentina,https://liquipedia.net/mobilelegends/MPL/Indonesia/Season_9/Regular_Season | https://github.com/LiTianYeoh/MLBB_Tournament_Analysis/blob/94ea36800e80c9e89a2356a0b81d3eeafbd6a4f7/analysis/data/consolidated_game_data_20240505.csv
9,S9-RS-056,1,ONIC Esports,ban,2,Yve,https://liquipedia.net/mobilelegends/MPL/Indonesia/Season_9/Regular_Season | https://github.com/LiTianYeoh/MLBB_Tournament_Analysis/blob/94ea36800e80c9e89a2356a0b81d3eeafbd6a4f7/analysis/data/consolidated_game_data_20240505.csv
9,S9-RS-056,1,ONIC Esports,ban,3,Baxia,https://liquipedia.net/mobilelegends/MPL/Indonesia/Season_9/Regular_Season | https://github.com/LiTianYeoh/MLBB_Tournament_Analysis/blob/94ea36800e80c9e89a2356a0b81d3eeafbd6a4f7/analysis/data/consolidated_game_data_20240505.csv
9,S9-RS-056,1,ONIC Esports,ban,4,Esmeralda,https://liquipedia.net/mobilelegends/MPL/Indonesia/Season_9/Regular_Season | https://github.com/LiTianYeoh/MLBB_Tournament_Analysis/blob/94ea36800e80c9e89a2356a0b81d3eeafbd6a4f7/analysis/data/consolidated_game_data_20240505.csv
9,S9-RS-056,1,ONIC Esports,ban,5,Phoveus,https://liquipedia.net/mobilelegends/MPL/Indonesia/Season_9/Regular_Season | https://github.com/LiTianYeoh/MLBB_Tournament_Analysis/blob/94ea36800e80c9e89a2356a0b81d3eeafbd6a4f7/analysis/data/consolidated_game_data_20240505.csv
9,S9-RS-056,1,ONIC Esports,pick,1,Chou,https://liquipedia.net/mobilelegends/MPL/Indonesia/Season_9/Regular_Season | https://github.com/LiTianYeoh/MLBB_Tournament_Analysis/blob/94ea36800e80c9e89a2356a0b81d3eeafbd6a4f7/analysis/data/consolidated_game_data_20240505.csv
9,S9-RS-056,1,ONIC Esports,pick,2,Karina,https://liquipedia.net/mobilelegends/MPL/Indonesia/Season_9/Regular_Season | https://github.com/LiTianYeoh/MLBB_Tournament_Analysis/blob/94ea36800e80c9e89a2356a0b81d3eeafbd6a4f7/analysis/data/consolidated_game_data_20240505.csv
9,S9-RS-056,1,ONIC Esports,pick,3,Kagura,https://liquipedia.net/mobilelegends/MPL/Indonesia/Season_9/Regular_Season | https://github.com/LiTianYeoh/MLBB_Tournament_Analysis/blob/94ea36800e80c9e89a2356a0b81d3eeafbd6a4f7/analysis/data/consolidated_game_data_20240505.csv
9,S9-RS-056,1,ONIC Esports,pick,4,Ruby,https://liquipedia.net/mobilelegends/MPL/Indonesia/Season_9/Regular_Season | https://github.com/LiTianYeoh/MLBB_Tournament_Analysis/blob/94ea36800e80c9e89a2356a0b81d3eeafbd6a4f7/analysis/data/consolidated_game_data_20240505.csv
9,S9-RS-056,1,ONIC Esports,pick,5,Popol and Kupa,https://liquipedia.net/mobilelegends/MPL/Indonesia/Season_9/Regular_Season | https://github.com/LiTianYeoh/MLBB_Tournament_Analysis/blob/94ea36800e80c9e89a2356a0b81d3eeafbd6a4f7/analysis/data/consolidated_game_data_20240505.csv
9,S9-RS-056,1,Alter Ego,ban,1,Angela,https://liquipedia.net/mobilelegends/MPL/Indonesia/Season_9/Regular_Season | https://github.com/LiTianYeoh/MLBB_Tournament_Analysis/blob/94ea36800e80c9e89a2356a0b81d3eeafbd6a4f7/analysis/data/consolidated_game_data_20240505.csv
9,S9-RS-056,1,Alter Ego,ban,2,Natalia,https://liquipedia.net/mobilelegends/MPL/Indonesia/Season_9/Regular_Season | https://github.com/LiTianYeoh/MLBB_Tournament_Analysis/blob/94ea36800e80c9e89a2356a0b81d3eeafbd6a4f7/analysis/data/consolidated_game_data_20240505.csv
9,S9-RS-056,1,Alter Ego,ban,3,Hilda,https://liquipedia.net/mobilelegends/MPL/Indonesia/Season_9/Regular_Season | https://github.com/LiTianYeoh/MLBB_Tournament_Analysis/blob/94ea36800e80c9e89a2356a0b81d3eeafbd6a4f7/analysis/data/consolidated_game_data_20240505.csv
9,S9-RS-056,1,Alter Ego,ban,4,Masha,https://liquipedia.net/mobilelegends/MPL/Indonesia/Season_9/Regular_Season | https://github.com/LiTianYeoh/MLBB_Tournament_Analysis/blob/94ea36800e80c9e89a2356a0b81d3eeafbd6a4f7/analysis/data/consolidated_game_data_20240505.csv
9,S9-RS-056,1,Alter Ego,ban,5,Selena,https://liquipedia.net/mobilelegends/MPL/Indonesia/Season_9/Regular_Season | https://github.com/LiTianYeoh/MLBB_Tournament_Analysis/blob/94ea36800e80c9e89a2356a0b81d3eeafbd6a4f7/analysis/data/consolidated_game_data_20240505.csv
9,S9-RS-056,1,Alter Ego,pick,1,Khufra,https://liquipedia.net/mobilelegends/MPL/Indonesia/Season_9/Regular_Season | https://github.com/LiTianYeoh/MLBB_Tournament_Analysis/blob/94ea36800e80c9e89a2356a0b81d3eeafbd6a4f7/analysis/data/consolidated_game_data_20240505.csv
9,S9-RS-056,1,Alter Ego,pick,2,Beatrix,https://liquipedia.net/mobilelegends/MPL/Indonesia/Season_9/Regular_Season | https://github.com/LiTianYeoh/MLBB_Tournament_Analysis/blob/94ea36800e80c9e89a2356a0b81d3eeafbd6a4f7/analysis/data/consolidated_game_data_20240505.csv
9,S9-RS-056,1,Alter Ego,pick,3,Lylia,https://liquipedia.net/mobilelegends/MPL/Indonesia/Season_9/Regular_Season | https://github.com/LiTianYeoh/MLBB_Tournament_Analysis/blob/94ea36800e80c9e89a2356a0b81d3eeafbd6a4f7/analysis/data/consolidated_game_data_20240505.csv
9,S9-RS-056,1,Alter Ego,pick,4,Ling,https://liquipedia.net/mobilelegends/MPL/Indonesia/Season_9/Regular_Season | https://github.com/LiTianYeoh/MLBB_Tournament_Analysis/blob/94ea36800e80c9e89a2356a0b81d3eeafbd6a4f7/analysis/data/consolidated_game_data_20240505.csv
9,S9-RS-056,1,Alter Ego,pick,5,Grock,https://liquipedia.net/mobilelegends/MPL/Indonesia/Season_9/Regular_Season | https://github.com/LiTianYeoh/MLBB_Tournament_Analysis/blob/94ea36800e80c9e89a2356a0b81d3eeafbd6a4f7/analysis/data/consolidated_game_data_20240505.csv
9,S9-RS-056,2,ONIC Esports,ban,1,Valentina,https://liquipedia.net/mobilelegends/MPL/Indonesia/Season_9/Regular_Season | https://github.com/LiTianYeoh/MLBB_Tournament_Analysis/blob/94ea36800e80c9e89a2356a0b81d3eeafbd6a4f7/analysis/data/consolidated_game_data_20240505.csv
9,S9-RS-056,2,ONIC Esports,ban,2,Grock,https://liquipedia.net/mobilelegends/MPL/Indonesia/Season_9/Regular_Season | https://github.com/LiTianYeoh/MLBB_Tournament_Analysis/blob/94ea36800e80c9e89a2356a0b81d3eeafbd6a4f7/analysis/data/consolidated_game_data_20240505.csv
9,S9-RS-056,2,ONIC Esports,ban,3,Yve,https://liquipedia.net/mobilelegends/MPL/Indonesia/Season_9/Regular_Season | https://github.com/LiTianYeoh/MLBB_Tournament_Analysis/blob/94ea36800e80c9e89a2356a0b81d3eeafbd6a4f7/analysis/data/consolidated_game_data_20240505.csv
9,S9-RS-056,2,ONIC Esports,ban,4,Karina,https://liquipedia.net/mobilelegends/MPL/Indonesia/Season_9/Regular_Season | https://github.com/LiTianYeoh/MLBB_Tournament_Analysis/blob/94ea36800e80c9e89a2356a0b81d3eeafbd6a4f7/analysis/data/consolidated_game_data_20240505.csv
9,S9-RS-056,2,ONIC Esports,ban,5,Lancelot,https://liquipedia.net/mobilelegends/MPL/Indonesia/Season_9/Regular_Season | https://github.com/LiTianYeoh/MLBB_Tournament_Analysis/blob/94ea36800e80c9e89a2356a0b81d3eeafbd6a4f7/analysis/data/consolidated_game_data_20240505.csv
9,S9-RS-056,2,ONIC Esports,pick,1,Angela,https://liquipedia.net/mobilelegends/MPL/Indonesia/Season_9/Regular_Season | https://github.com/LiTianYeoh/MLBB_Tournament_Analysis/blob/94ea36800e80c9e89a2356a0b81d3eeafbd6a4f7/analysis/data/consolidated_game_data_20240505.csv
9,S9-RS-056,2,ONIC Esports,pick,2,Ling,https://liquipedia.net/mobilelegends/MPL/Indonesia/Season_9/Regular_Season | https://github.com/LiTianYeoh/MLBB_Tournament_Analysis/blob/94ea36800e80c9e89a2356a0b81d3eeafbd6a4f7/analysis/data/consolidated_game_data_20240505.csv
9,S9-RS-056,2,ONIC Esports,pick,3,Yu Zhong,https://liquipedia.net/mobilelegends/MPL/Indonesia/Season_9/Regular_Season | https://github.com/LiTianYeoh/MLBB_Tournament_Analysis/blob/94ea36800e80c9e89a2356a0b81d3eeafbd6a4f7/analysis/data/consolidated_game_data_20240505.csv
9,S9-RS-056,2,ONIC Esports,pick,4,Melissa,https://liquipedia.net/mobilelegends/MPL/Indonesia/Season_9/Regular_Season | https://github.com/LiTianYeoh/MLBB_Tournament_Analysis/blob/94ea36800e80c9e89a2356a0b81d3eeafbd6a4f7/analysis/data/consolidated_game_data_20240505.csv
9,S9-RS-056,2,ONIC Esports,pick,5,Ruby,https://liquipedia.net/mobilelegends/MPL/Indonesia/Season_9/Regular_Season | https://github.com/LiTianYeoh/MLBB_Tournament_Analysis/blob/94ea36800e80c9e89a2356a0b81d3eeafbd6a4f7/analysis/data/consolidated_game_data_20240505.csv
9,S9-RS-056,2,Alter Ego,ban,1,Natalia,https://liquipedia.net/mobilelegends/MPL/Indonesia/Season_9/Regular_Season | https://github.com/LiTianYeoh/MLBB_Tournament_Analysis/blob/94ea36800e80c9e89a2356a0b81d3eeafbd6a4f7/analysis/data/consolidated_game_data_20240505.csv
9,S9-RS-056,2,Alter Ego,ban,2,Kagura,https://liquipedia.net/mobilelegends/MPL/Indonesia/Season_9/Regular_Season | https://github.com/LiTianYeoh/MLBB_Tournament_Analysis/blob/94ea36800e80c9e89a2356a0b81d3eeafbd6a4f7/analysis/data/consolidated_game_data_20240505.csv
9,S9-RS-056,2,Alter Ego,ban,3,Hilda,https://liquipedia.net/mobilelegends/MPL/Indonesia/Season_9/Regular_Season | https://github.com/LiTianYeoh/MLBB_Tournament_Analysis/blob/94ea36800e80c9e89a2356a0b81d3eeafbd6a4f7/analysis/data/consolidated_game_data_20240505.csv
9,S9-RS-056,2,Alter Ego,ban,4,Masha,https://liquipedia.net/mobilelegends/MPL/Indonesia/Season_9/Regular_Season | https://github.com/LiTianYeoh/MLBB_Tournament_Analysis/blob/94ea36800e80c9e89a2356a0b81d3eeafbd6a4f7/analysis/data/consolidated_game_data_20240505.csv
9,S9-RS-056,2,Alter Ego,ban,5,Selena,https://liquipedia.net/mobilelegends/MPL/Indonesia/Season_9/Regular_Season | https://github.com/LiTianYeoh/MLBB_Tournament_Analysis/blob/94ea36800e80c9e89a2356a0b81d3eeafbd6a4f7/analysis/data/consolidated_game_data_20240505.csv
9,S9-RS-056,2,Alter Ego,pick,1,Helcurt,https://liquipedia.net/mobilelegends/MPL/Indonesia/Season_9/Regular_Season | https://github.com/LiTianYeoh/MLBB_Tournament_Analysis/blob/94ea36800e80c9e89a2356a0b81d3eeafbd6a4f7/analysis/data/consolidated_game_data_20240505.csv
9,S9-RS-056,2,Alter Ego,pick,2,Lylia,https://liquipedia.net/mobilelegends/MPL/Indonesia/Season_9/Regular_Season | https://github.com/LiTianYeoh/MLBB_Tournament_Analysis/blob/94ea36800e80c9e89a2356a0b81d3eeafbd6a4f7/analysis/data/consolidated_game_data_20240505.csv
9,S9-RS-056,2,Alter Ego,pick,3,Beatrix,https://liquipedia.net/mobilelegends/MPL/Indonesia/Season_9/Regular_Season | https://github.com/LiTianYeoh/MLBB_Tournament_Analysis/blob/94ea36800e80c9e89a2356a0b81d3eeafbd6a4f7/analysis/data/consolidated_game_data_20240505.csv
9,S9-RS-056,2,Alter Ego,pick,4,Khufra,https://liquipedia.net/mobilelegends/MPL/Indonesia/Season_9/Regular_Season | https://github.com/LiTianYeoh/MLBB_Tournament_Analysis/blob/94ea36800e80c9e89a2356a0b81d3eeafbd6a4f7/analysis/data/consolidated_game_data_20240505.csv
9,S9-RS-056,2,Alter Ego,pick,5,Baxia,https://liquipedia.net/mobilelegends/MPL/Indonesia/Season_9/Regular_Season | https://github.com/LiTianYeoh/MLBB_Tournament_Analysis/blob/94ea36800e80c9e89a2356a0b81d3eeafbd6a4f7/analysis/data/consolidated_game_data_20240505.csv
9,S9-RS-056,3,ONIC Esports,ban,1,Hilda,https://liquipedia.net/mobilelegends/MPL/Indonesia/Season_9/Regular_Season | https://github.com/LiTianYeoh/MLBB_Tournament_Analysis/blob/94ea36800e80c9e89a2356a0b81d3eeafbd6a4f7/analysis/data/consolidated_game_data_20240505.csv
9,S9-RS-056,3,ONIC Esports,ban,2,Masha,https://liquipedia.net/mobilelegends/MPL/Indonesia/Season_9/Regular_Season | https://github.com/LiTianYeoh/MLBB_Tournament_Analysis/blob/94ea36800e80c9e89a2356a0b81d3eeafbd6a4f7/analysis/data/consolidated_game_data_20240505.csv
9,S9-RS-056,3,ONIC Esports,ban,3,Karina,https://liquipedia.net/mobilelegends/MPL/Indonesia/Season_9/Regular_Season | https://github.com/LiTianYeoh/MLBB_Tournament_Analysis/blob/94ea36800e80c9e89a2356a0b81d3eeafbd6a4f7/analysis/data/consolidated_game_data_20240505.csv
9,S9-RS-056,3,ONIC Esports,ban,4,Lancelot,https://liquipedia.net/mobilelegends/MPL/Indonesia/Season_9/Regular_Season | https://github.com/LiTianYeoh/MLBB_Tournament_Analysis/blob/94ea36800e80c9e89a2356a0b81d3eeafbd6a4f7/analysis/data/consolidated_game_data_20240505.csv
9,S9-RS-056,3,ONIC Esports,ban,5,Helcurt,https://liquipedia.net/mobilelegends/MPL/Indonesia/Season_9/Regular_Season | https://github.com/LiTianYeoh/MLBB_Tournament_Analysis/blob/94ea36800e80c9e89a2356a0b81d3eeafbd6a4f7/analysis/data/consolidated_game_data_20240505.csv
9,S9-RS-056,3,ONIC Esports,pick,1,Ling,https://liquipedia.net/mobilelegends/MPL/Indonesia/Season_9/Regular_Season | https://github.com/LiTianYeoh/MLBB_Tournament_Analysis/blob/94ea36800e80c9e89a2356a0b81d3eeafbd6a4f7/analysis/data/consolidated_game_data_20240505.csv
9,S9-RS-056,3,ONIC Esports,pick,2,Baxia,https://liquipedia.net/mobilelegends/MPL/Indonesia/Season_9/Regular_Season | https://github.com/LiTianYeoh/MLBB_Tournament_Analysis/blob/94ea36800e80c9e89a2356a0b81d3eeafbd6a4f7/analysis/data/consolidated_game_data_20240505.csv
9,S9-RS-056,3,ONIC Esports,pick,3,Beatrix,https://liquipedia.net/mobilelegends/MPL/Indonesia/Season_9/Regular_Season | https://github.com/LiTianYeoh/MLBB_Tournament_Analysis/blob/94ea36800e80c9e89a2356a0b81d3eeafbd6a4f7/analysis/data/consolidated_game_data_20240505.csv
9,S9-RS-056,3,ONIC Esports,pick,4,Xavier,https://liquipedia.net/mobilelegends/MPL/Indonesia/Season_9/Regular_Season | https://github.com/LiTianYeoh/MLBB_Tournament_Analysis/blob/94ea36800e80c9e89a2356a0b81d3eeafbd6a4f7/analysis/data/consolidated_game_data_20240505.csv
9,S9-RS-056,3,ONIC Esports,pick,5,Atlas,https://liquipedia.net/mobilelegends/MPL/Indonesia/Season_9/Regular_Season | https://github.com/LiTianYeoh/MLBB_Tournament_Analysis/blob/94ea36800e80c9e89a2356a0b81d3eeafbd6a4f7/analysis/data/consolidated_game_data_20240505.csv
9,S9-RS-056,3,Alter Ego,ban,1,Diggie,https://liquipedia.net/mobilelegends/MPL/Indonesia/Season_9/Regular_Season | https://github.com/LiTianYeoh/MLBB_Tournament_Analysis/blob/94ea36800e80c9e89a2356a0b81d3eeafbd6a4f7/analysis/data/consolidated_game_data_20240505.csv
9,S9-RS-056,3,Alter Ego,ban,2,Angela,https://liquipedia.net/mobilelegends/MPL/Indonesia/Season_9/Regular_Season | https://github.com/LiTianYeoh/MLBB_Tournament_Analysis/blob/94ea36800e80c9e89a2356a0b81d3eeafbd6a4f7/analysis/data/consolidated_game_data_20240505.csv
9,S9-RS-056,3,Alter Ego,ban,3,Selena,https://liquipedia.net/mobilelegends/MPL/Indonesia/Season_9/Regular_Season | https://github.com/LiTianYeoh/MLBB_Tournament_Analysis/blob/94ea36800e80c9e89a2356a0b81d3eeafbd6a4f7/analysis/data/consolidated_game_data_20240505.csv
9,S9-RS-056,3,Alter Ego,ban,4,Grock,https://liquipedia.net/mobilelegends/MPL/Indonesia/Season_9/Regular_Season | https://github.com/LiTianYeoh/MLBB_Tournament_Analysis/blob/94ea36800e80c9e89a2356a0b81d3eeafbd6a4f7/analysis/data/consolidated_game_data_20240505.csv
9,S9-RS-056,3,Alter Ego,ban,5,Valentina,https://liquipedia.net/mobilelegends/MPL/Indonesia/Season_9/Regular_Season | https://github.com/LiTianYeoh/MLBB_Tournament_Analysis/blob/94ea36800e80c9e89a2356a0b81d3eeafbd6a4f7/analysis/data/consolidated_game_data_20240505.csv
9,S9-RS-056,3,Alter Ego,pick,1,Natalia,https://liquipedia.net/mobilelegends/MPL/Indonesia/Season_9/Regular_Season | https://github.com/LiTianYeoh/MLBB_Tournament_Analysis/blob/94ea36800e80c9e89a2356a0b81d3eeafbd6a4f7/analysis/data/consolidated_game_data_20240505.csv
9,S9-RS-056,3,Alter Ego,pick,2,Hayabusa,https://liquipedia.net/mobilelegends/MPL/Indonesia/Season_9/Regular_Season | https://github.com/LiTianYeoh/MLBB_Tournament_Analysis/blob/94ea36800e80c9e89a2356a0b81d3eeafbd6a4f7/analysis/data/consolidated_game_data_20240505.csv
9,S9-RS-056,3,Alter Ego,pick,3,Ruby,https://liquipedia.net/mobilelegends/MPL/Indonesia/Season_9/Regular_Season | https://github.com/LiTianYeoh/MLBB_Tournament_Analysis/blob/94ea36800e80c9e89a2356a0b81d3eeafbd6a4f7/analysis/data/consolidated_game_data_20240505.csv
9,S9-RS-056,3,Alter Ego,pick,4,Yve,https://liquipedia.net/mobilelegends/MPL/Indonesia/Season_9/Regular_Season | https://github.com/LiTianYeoh/MLBB_Tournament_Analysis/blob/94ea36800e80c9e89a2356a0b81d3eeafbd6a4f7/analysis/data/consolidated_game_data_20240505.csv
9,S9-RS-056,3,Alter Ego,pick,5,Esmeralda,https://liquipedia.net/mobilelegends/MPL/Indonesia/Season_9/Regular_Season | https://github.com/LiTianYeoh/MLBB_Tournament_Analysis/blob/94ea36800e80c9e89a2356a0b81d3eeafbd6a4f7/analysis/data/consolidated_game_data_20240505.csv
9,S9-PO-001,1,AURA Fire,ban,1,Ling,https://liquipedia.net/mobilelegends/MPL/Indonesia/Season_9/Playoffs | https://github.com/LiTianYeoh/MLBB_Tournament_Analysis/blob/94ea36800e80c9e89a2356a0b81d3eeafbd6a4f7/analysis/data/consolidated_game_data_20240505.csv
9,S9-PO-001,1,AURA Fire,ban,2,Esmeralda,https://liquipedia.net/mobilelegends/MPL/Indonesia/Season_9/Playoffs | https://github.com/LiTianYeoh/MLBB_Tournament_Analysis/blob/94ea36800e80c9e89a2356a0b81d3eeafbd6a4f7/analysis/data/consolidated_game_data_20240505.csv
9,S9-PO-001,1,AURA Fire,ban,3,Karina,https://liquipedia.net/mobilelegends/MPL/Indonesia/Season_9/Playoffs | https://github.com/LiTianYeoh/MLBB_Tournament_Analysis/blob/94ea36800e80c9e89a2356a0b81d3eeafbd6a4f7/analysis/data/consolidated_game_data_20240505.csv
9,S9-PO-001,1,AURA Fire,ban,4,Franco,https://liquipedia.net/mobilelegends/MPL/Indonesia/Season_9/Playoffs | https://github.com/LiTianYeoh/MLBB_Tournament_Analysis/blob/94ea36800e80c9e89a2356a0b81d3eeafbd6a4f7/analysis/data/consolidated_game_data_20240505.csv
9,S9-PO-001,1,AURA Fire,ban,5,Phoveus,https://liquipedia.net/mobilelegends/MPL/Indonesia/Season_9/Playoffs | https://github.com/LiTianYeoh/MLBB_Tournament_Analysis/blob/94ea36800e80c9e89a2356a0b81d3eeafbd6a4f7/analysis/data/consolidated_game_data_20240505.csv
9,S9-PO-001,1,AURA Fire,pick,1,Baxia,https://liquipedia.net/mobilelegends/MPL/Indonesia/Season_9/Playoffs | https://github.com/LiTianYeoh/MLBB_Tournament_Analysis/blob/94ea36800e80c9e89a2356a0b81d3eeafbd6a4f7/analysis/data/consolidated_game_data_20240505.csv
9,S9-PO-001,1,AURA Fire,pick,2,Fanny,https://liquipedia.net/mobilelegends/MPL/Indonesia/Season_9/Playoffs | https://github.com/LiTianYeoh/MLBB_Tournament_Analysis/blob/94ea36800e80c9e89a2356a0b81d3eeafbd6a4f7/analysis/data/consolidated_game_data_20240505.csv
9,S9-PO-001,1,AURA Fire,pick,3,Kadita,https://liquipedia.net/mobilelegends/MPL/Indonesia/Season_9/Playoffs | https://github.com/LiTianYeoh/MLBB_Tournament_Analysis/blob/94ea36800e80c9e89a2356a0b81d3eeafbd6a4f7/analysis/data/consolidated_game_data_20240505.csv
9,S9-PO-001,1,AURA Fire,pick,4,Wanwan,https://liquipedia.net/mobilelegends/MPL/Indonesia/Season_9/Playoffs | https://github.com/LiTianYeoh/MLBB_Tournament_Analysis/blob/94ea36800e80c9e89a2356a0b81d3eeafbd6a4f7/analysis/data/consolidated_game_data_20240505.csv
9,S9-PO-001,1,AURA Fire,pick,5,Angela,https://liquipedia.net/mobilelegends/MPL/Indonesia/Season_9/Playoffs | https://github.com/LiTianYeoh/MLBB_Tournament_Analysis/blob/94ea36800e80c9e89a2356a0b81d3eeafbd6a4f7/analysis/data/consolidated_game_data_20240505.csv
9,S9-PO-001,1,Bigetron Alpha,ban,1,Yu Zhong,https://liquipedia.net/mobilelegends/MPL/Indonesia/Season_9/Playoffs | https://github.com/LiTianYeoh/MLBB_Tournament_Analysis/blob/94ea36800e80c9e89a2356a0b81d3eeafbd6a4f7/analysis/data/consolidated_game_data_20240505.csv
9,S9-PO-001,1,Bigetron Alpha,ban,2,Popol and Kupa,https://liquipedia.net/mobilelegends/MPL/Indonesia/Season_9/Playoffs | https://github.com/LiTianYeoh/MLBB_Tournament_Analysis/blob/94ea36800e80c9e89a2356a0b81d3eeafbd6a4f7/analysis/data/consolidated_game_data_20240505.csv
9,S9-PO-001,1,Bigetron Alpha,ban,3,Yve,https://liquipedia.net/mobilelegends/MPL/Indonesia/Season_9/Playoffs | https://github.com/LiTianYeoh/MLBB_Tournament_Analysis/blob/94ea36800e80c9e89a2356a0b81d3eeafbd6a4f7/analysis/data/consolidated_game_data_20240505.csv
9,S9-PO-001,1,Bigetron Alpha,ban,4,Grock,https://liquipedia.net/mobilelegends/MPL/Indonesia/Season_9/Playoffs | https://github.com/LiTianYeoh/MLBB_Tournament_Analysis/blob/94ea36800e80c9e89a2356a0b81d3eeafbd6a4f7/analysis/data/consolidated_game_data_20240505.csv
9,S9-PO-001,1,Bigetron Alpha,ban,5,Valentina,https://liquipedia.net/mobilelegends/MPL/Indonesia/Season_9/Playoffs | https://github.com/LiTianYeoh/MLBB_Tournament_Analysis/blob/94ea36800e80c9e89a2356a0b81d3eeafbd6a4f7/analysis/data/consolidated_game_data_20240505.csv
9,S9-PO-001,1,Bigetron Alpha,pick,1,Lancelot,https://liquipedia.net/mobilelegends/MPL/Indonesia/Season_9/Playoffs | https://github.com/LiTianYeoh/MLBB_Tournament_Analysis/blob/94ea36800e80c9e89a2356a0b81d3eeafbd6a4f7/analysis/data/consolidated_game_data_20240505.csv
9,S9-PO-001,1,Bigetron Alpha,pick,2,X.Borg,https://liquipedia.net/mobilelegends/MPL/Indonesia/Season_9/Playoffs | https://github.com/LiTianYeoh/MLBB_Tournament_Analysis/blob/94ea36800e80c9e89a2356a0b81d3eeafbd6a4f7/analysis/data/consolidated_game_data_20240505.csv
9,S9-PO-001,1,Bigetron Alpha,pick,3,Khufra,https://liquipedia.net/mobilelegends/MPL/Indonesia/Season_9/Playoffs | https://github.com/LiTianYeoh/MLBB_Tournament_Analysis/blob/94ea36800e80c9e89a2356a0b81d3eeafbd6a4f7/analysis/data/consolidated_game_data_20240505.csv
9,S9-PO-001,1,Bigetron Alpha,pick,4,Beatrix,https://liquipedia.net/mobilelegends/MPL/Indonesia/Season_9/Playoffs | https://github.com/LiTianYeoh/MLBB_Tournament_Analysis/blob/94ea36800e80c9e89a2356a0b81d3eeafbd6a4f7/analysis/data/consolidated_game_data_20240505.csv
9,S9-PO-001,1,Bigetron Alpha,pick,5,Xavier,https://liquipedia.net/mobilelegends/MPL/Indonesia/Season_9/Playoffs | https://github.com/LiTianYeoh/MLBB_Tournament_Analysis/blob/94ea36800e80c9e89a2356a0b81d3eeafbd6a4f7/analysis/data/consolidated_game_data_20240505.csv
9,S9-PO-001,2,AURA Fire,ban,1,Ling,https://liquipedia.net/mobilelegends/MPL/Indonesia/Season_9/Playoffs | https://github.com/LiTianYeoh/MLBB_Tournament_Analysis/blob/94ea36800e80c9e89a2356a0b81d3eeafbd6a4f7/analysis/data/consolidated_game_data_20240505.csv
9,S9-PO-001,2,AURA Fire,ban,2,Esmeralda,https://liquipedia.net/mobilelegends/MPL/Indonesia/Season_9/Playoffs | https://github.com/LiTianYeoh/MLBB_Tournament_Analysis/blob/94ea36800e80c9e89a2356a0b81d3eeafbd6a4f7/analysis/data/consolidated_game_data_20240505.csv
9,S9-PO-001,2,AURA Fire,ban,3,Karina,https://liquipedia.net/mobilelegends/MPL/Indonesia/Season_9/Playoffs | https://github.com/LiTianYeoh/MLBB_Tournament_Analysis/blob/94ea36800e80c9e89a2356a0b81d3eeafbd6a4f7/analysis/data/consolidated_game_data_20240505.csv
9,S9-PO-001,2,AURA Fire,ban,4,Hylos,https://liquipedia.net/mobilelegends/MPL/Indonesia/Season_9/Playoffs | https://github.com/LiTianYeoh/MLBB_Tournament_Analysis/blob/94ea36800e80c9e89a2356a0b81d3eeafbd6a4f7/analysis/data/consolidated_game_data_20240505.csv
9,S9-PO-001,2,AURA Fire,ban,5,Chou,https://liquipedia.net/mobilelegends/MPL/Indonesia/Season_9/Playoffs | https://github.com/LiTianYeoh/MLBB_Tournament_Analysis/blob/94ea36800e80c9e89a2356a0b81d3eeafbd6a4f7/analysis/data/consolidated_game_data_20240505.csv
9,S9-PO-001,2,AURA Fire,pick,1,Dyrroth,https://liquipedia.net/mobilelegends/MPL/Indonesia/Season_9/Playoffs | https://github.com/LiTianYeoh/MLBB_Tournament_Analysis/blob/94ea36800e80c9e89a2356a0b81d3eeafbd6a4f7/analysis/data/consolidated_game_data_20240505.csv
9,S9-PO-001,2,AURA Fire,pick,2,Beatrix,https://liquipedia.net/mobilelegends/MPL/Indonesia/Season_9/Playoffs | https://github.com/LiTianYeoh/MLBB_Tournament_Analysis/blob/94ea36800e80c9e89a2356a0b81d3eeafbd6a4f7/analysis/data/consolidated_game_data_20240505.csv
9,S9-PO-001,2,AURA Fire,pick,3,Xavier,https://liquipedia.net/mobilelegends/MPL/Indonesia/Season_9/Playoffs | https://github.com/LiTianYeoh/MLBB_Tournament_Analysis/blob/94ea36800e80c9e89a2356a0b81d3eeafbd6a4f7/analysis/data/consolidated_game_data_20240505.csv
9,S9-PO-001,2,AURA Fire,pick,4,Grock,https://liquipedia.net/mobilelegends/MPL/Indonesia/Season_9/Playoffs | https://github.com/LiTianYeoh/MLBB_Tournament_Analysis/blob/94ea36800e80c9e89a2356a0b81d3eeafbd6a4f7/analysis/data/consolidated_game_data_20240505.csv
9,S9-PO-001,2,AURA Fire,pick,5,Hayabusa,https://liquipedia.net/mobilelegends/MPL/Indonesia/Season_9/Playoffs | https://github.com/LiTianYeoh/MLBB_Tournament_Analysis/blob/94ea36800e80c9e89a2356a0b81d3eeafbd6a4f7/analysis/data/consolidated_game_data_20240505.csv
9,S9-PO-001,2,Bigetron Alpha,ban,1,Lancelot,https://liquipedia.net/mobilelegends/MPL/Indonesia/Season_9/Playoffs | https://github.com/LiTianYeoh/MLBB_Tournament_Analysis/blob/94ea36800e80c9e89a2356a0b81d3eeafbd6a4f7/analysis/data/consolidated_game_data_20240505.csv
9,S9-PO-001,2,Bigetron Alpha,ban,2,Kadita,https://liquipedia.net/mobilelegends/MPL/Indonesia/Season_9/Playoffs | https://github.com/LiTianYeoh/MLBB_Tournament_Analysis/blob/94ea36800e80c9e89a2356a0b81d3eeafbd6a4f7/analysis/data/consolidated_game_data_20240505.csv
9,S9-PO-001,2,Bigetron Alpha,ban,3,Fanny,https://liquipedia.net/mobilelegends/MPL/Indonesia/Season_9/Playoffs | https://github.com/LiTianYeoh/MLBB_Tournament_Analysis/blob/94ea36800e80c9e89a2356a0b81d3eeafbd6a4f7/analysis/data/consolidated_game_data_20240505.csv
9,S9-PO-001,2,Bigetron Alpha,ban,4,Yve,https://liquipedia.net/mobilelegends/MPL/Indonesia/Season_9/Playoffs | https://github.com/LiTianYeoh/MLBB_Tournament_Analysis/blob/94ea36800e80c9e89a2356a0b81d3eeafbd6a4f7/analysis/data/consolidated_game_data_20240505.csv
9,S9-PO-001,2,Bigetron Alpha,ban,5,Valentina,https://liquipedia.net/mobilelegends/MPL/Indonesia/Season_9/Playoffs | https://github.com/LiTianYeoh/MLBB_Tournament_Analysis/blob/94ea36800e80c9e89a2356a0b81d3eeafbd6a4f7/analysis/data/consolidated_game_data_20240505.csv
9,S9-PO-001,2,Bigetron Alpha,pick,1,Baxia,https://liquipedia.net/mobilelegends/MPL/Indonesia/Season_9/Playoffs | https://github.com/LiTianYeoh/MLBB_Tournament_Analysis/blob/94ea36800e80c9e89a2356a0b81d3eeafbd6a4f7/analysis/data/consolidated_game_data_20240505.csv
9,S9-PO-001,2,Bigetron Alpha,pick,2,Uranus,https://liquipedia.net/mobilelegends/MPL/Indonesia/Season_9/Playoffs | https://github.com/LiTianYeoh/MLBB_Tournament_Analysis/blob/94ea36800e80c9e89a2356a0b81d3eeafbd6a4f7/analysis/data/consolidated_game_data_20240505.csv
9,S9-PO-001,2,Bigetron Alpha,pick,3,Angela,https://liquipedia.net/mobilelegends/MPL/Indonesia/Season_9/Playoffs | https://github.com/LiTianYeoh/MLBB_Tournament_Analysis/blob/94ea36800e80c9e89a2356a0b81d3eeafbd6a4f7/analysis/data/consolidated_game_data_20240505.csv
9,S9-PO-001,2,Bigetron Alpha,pick,4,Yu Zhong,https://liquipedia.net/mobilelegends/MPL/Indonesia/Season_9/Playoffs | https://github.com/LiTianYeoh/MLBB_Tournament_Analysis/blob/94ea36800e80c9e89a2356a0b81d3eeafbd6a4f7/analysis/data/consolidated_game_data_20240505.csv
9,S9-PO-001,2,Bigetron Alpha,pick,5,Cecilion,https://liquipedia.net/mobilelegends/MPL/Indonesia/Season_9/Playoffs | https://github.com/LiTianYeoh/MLBB_Tournament_Analysis/blob/94ea36800e80c9e89a2356a0b81d3eeafbd6a4f7/analysis/data/consolidated_game_data_20240505.csv
9,S9-PO-001,3,AURA Fire,ban,1,Ling,https://liquipedia.net/mobilelegends/MPL/Indonesia/Season_9/Playoffs | https://github.com/LiTianYeoh/MLBB_Tournament_Analysis/blob/94ea36800e80c9e89a2356a0b81d3eeafbd6a4f7/analysis/data/consolidated_game_data_20240505.csv
9,S9-PO-001,3,AURA Fire,ban,2,Esmeralda,https://liquipedia.net/mobilelegends/MPL/Indonesia/Season_9/Playoffs | https://github.com/LiTianYeoh/MLBB_Tournament_Analysis/blob/94ea36800e80c9e89a2356a0b81d3eeafbd6a4f7/analysis/data/consolidated_game_data_20240505.csv
9,S9-PO-001,3,AURA Fire,ban,3,Karina,https://liquipedia.net/mobilelegends/MPL/Indonesia/Season_9/Playoffs | https://github.com/LiTianYeoh/MLBB_Tournament_Analysis/blob/94ea36800e80c9e89a2356a0b81d3eeafbd6a4f7/analysis/data/consolidated_game_data_20240505.csv
9,S9-PO-001,3,AURA Fire,ban,4,Lylia,https://liquipedia.net/mobilelegends/MPL/Indonesia/Season_9/Playoffs | https://github.com/LiTianYeoh/MLBB_Tournament_Analysis/blob/94ea36800e80c9e89a2356a0b81d3eeafbd6a4f7/analysis/data/consolidated_game_data_20240505.csv
9,S9-PO-001,3,AURA Fire,ban,5,Johnson,https://liquipedia.net/mobilelegends/MPL/Indonesia/Season_9/Playoffs | https://github.com/LiTianYeoh/MLBB_Tournament_Analysis/blob/94ea36800e80c9e89a2356a0b81d3eeafbd6a4f7/analysis/data/consolidated_game_data_20240505.csv
9,S9-PO-001,3,AURA Fire,pick,1,Xavier,https://liquipedia.net/mobilelegends/MPL/Indonesia/Season_9/Playoffs | https://github.com/LiTianYeoh/MLBB_Tournament_Analysis/blob/94ea36800e80c9e89a2356a0b81d3eeafbd6a4f7/analysis/data/consolidated_game_data_20240505.csv
9,S9-PO-001,3,AURA Fire,pick,2,Chou,https://liquipedia.net/mobilelegends/MPL/Indonesia/Season_9/Playoffs | https://github.com/LiTianYeoh/MLBB_Tournament_Analysis/blob/94ea36800e80c9e89a2356a0b81d3eeafbd6a4f7/analysis/data/consolidated_game_data_20240505.csv
9,S9-PO-001,3,AURA Fire,pick,3,Baxia,https://liquipedia.net/mobilelegends/MPL/Indonesia/Season_9/Playoffs | https://github.com/LiTianYeoh/MLBB_Tournament_Analysis/blob/94ea36800e80c9e89a2356a0b81d3eeafbd6a4f7/analysis/data/consolidated_game_data_20240505.csv
9,S9-PO-001,3,AURA Fire,pick,4,Hilda,https://liquipedia.net/mobilelegends/MPL/Indonesia/Season_9/Playoffs | https://github.com/LiTianYeoh/MLBB_Tournament_Analysis/blob/94ea36800e80c9e89a2356a0b81d3eeafbd6a4f7/analysis/data/consolidated_game_data_20240505.csv
9,S9-PO-001,3,AURA Fire,pick,5,Paquito,https://liquipedia.net/mobilelegends/MPL/Indonesia/Season_9/Playoffs | https://github.com/LiTianYeoh/MLBB_Tournament_Analysis/blob/94ea36800e80c9e89a2356a0b81d3eeafbd6a4f7/analysis/data/consolidated_game_data_20240505.csv
9,S9-PO-001,3,Bigetron Alpha,ban,1,Natalia,https://liquipedia.net/mobilelegends/MPL/Indonesia/Season_9/Playoffs | https://github.com/LiTianYeoh/MLBB_Tournament_Analysis/blob/94ea36800e80c9e89a2356a0b81d3eeafbd6a4f7/analysis/data/consolidated_game_data_20240505.csv
9,S9-PO-001,3,Bigetron Alpha,ban,2,Dyrroth,https://liquipedia.net/mobilelegends/MPL/Indonesia/Season_9/Playoffs | https://github.com/LiTianYeoh/MLBB_Tournament_Analysis/blob/94ea36800e80c9e89a2356a0b81d3eeafbd6a4f7/analysis/data/consolidated_game_data_20240505.csv
9,S9-PO-001,3,Bigetron Alpha,ban,3,Fanny,https://liquipedia.net/mobilelegends/MPL/Indonesia/Season_9/Playoffs | https://github.com/LiTianYeoh/MLBB_Tournament_Analysis/blob/94ea36800e80c9e89a2356a0b81d3eeafbd6a4f7/analysis/data/consolidated_game_data_20240505.csv
9,S9-PO-001,3,Bigetron Alpha,ban,4,Yve,https://liquipedia.net/mobilelegends/MPL/Indonesia/Season_9/Playoffs | https://github.com/LiTianYeoh/MLBB_Tournament_Analysis/blob/94ea36800e80c9e89a2356a0b81d3eeafbd6a4f7/analysis/data/consolidated_game_data_20240505.csv
9,S9-PO-001,3,Bigetron Alpha,ban,5,Valentina,https://liquipedia.net/mobilelegends/MPL/Indonesia/Season_9/Playoffs | https://github.com/LiTianYeoh/MLBB_Tournament_Analysis/blob/94ea36800e80c9e89a2356a0b81d3eeafbd6a4f7/analysis/data/consolidated_game_data_20240505.csv
9,S9-PO-001,3,Bigetron Alpha,pick,1,Atlas,https://liquipedia.net/mobilelegends/MPL/Indonesia/Season_9/Playoffs | https://github.com/LiTianYeoh/MLBB_Tournament_Analysis/blob/94ea36800e80c9e89a2356a0b81d3eeafbd6a4f7/analysis/data/consolidated_game_data_20240505.csv
9,S9-PO-001,3,Bigetron Alpha,pick,2,Cecilion,https://liquipedia.net/mobilelegends/MPL/Indonesia/Season_9/Playoffs | https://github.com/LiTianYeoh/MLBB_Tournament_Analysis/blob/94ea36800e80c9e89a2356a0b81d3eeafbd6a4f7/analysis/data/consolidated_game_data_20240505.csv
9,S9-PO-001,3,Bigetron Alpha,pick,3,Lancelot,https://liquipedia.net/mobilelegends/MPL/Indonesia/Season_9/Playoffs | https://github.com/LiTianYeoh/MLBB_Tournament_Analysis/blob/94ea36800e80c9e89a2356a0b81d3eeafbd6a4f7/analysis/data/consolidated_game_data_20240505.csv
9,S9-PO-001,3,Bigetron Alpha,pick,4,Beatrix,https://liquipedia.net/mobilelegends/MPL/Indonesia/Season_9/Playoffs | https://github.com/LiTianYeoh/MLBB_Tournament_Analysis/blob/94ea36800e80c9e89a2356a0b81d3eeafbd6a4f7/analysis/data/consolidated_game_data_20240505.csv
9,S9-PO-001,3,Bigetron Alpha,pick,5,Grock,https://liquipedia.net/mobilelegends/MPL/Indonesia/Season_9/Playoffs | https://github.com/LiTianYeoh/MLBB_Tournament_Analysis/blob/94ea36800e80c9e89a2356a0b81d3eeafbd6a4f7/analysis/data/consolidated_game_data_20240505.csv
9,S9-PO-001,4,AURA Fire,ban,1,Valentina,https://liquipedia.net/mobilelegends/MPL/Indonesia/Season_9/Playoffs | https://github.com/LiTianYeoh/MLBB_Tournament_Analysis/blob/94ea36800e80c9e89a2356a0b81d3eeafbd6a4f7/analysis/data/consolidated_game_data_20240505.csv
9,S9-PO-001,4,AURA Fire,ban,2,Ling,https://liquipedia.net/mobilelegends/MPL/Indonesia/Season_9/Playoffs | https://github.com/LiTianYeoh/MLBB_Tournament_Analysis/blob/94ea36800e80c9e89a2356a0b81d3eeafbd6a4f7/analysis/data/consolidated_game_data_20240505.csv
9,S9-PO-001,4,AURA Fire,ban,3,Esmeralda,https://liquipedia.net/mobilelegends/MPL/Indonesia/Season_9/Playoffs | https://github.com/LiTianYeoh/MLBB_Tournament_Analysis/blob/94ea36800e80c9e89a2356a0b81d3eeafbd6a4f7/analysis/data/consolidated_game_data_20240505.csv
9,S9-PO-001,4,AURA Fire,ban,4,Wanwan,https://liquipedia.net/mobilelegends/MPL/Indonesia/Season_9/Playoffs | https://github.com/LiTianYeoh/MLBB_Tournament_Analysis/blob/94ea36800e80c9e89a2356a0b81d3eeafbd6a4f7/analysis/data/consolidated_game_data_20240505.csv
9,S9-PO-001,4,AURA Fire,ban,5,Karrie,https://liquipedia.net/mobilelegends/MPL/Indonesia/Season_9/Playoffs | https://github.com/LiTianYeoh/MLBB_Tournament_Analysis/blob/94ea36800e80c9e89a2356a0b81d3eeafbd6a4f7/analysis/data/consolidated_game_data_20240505.csv
9,S9-PO-001,4,AURA Fire,pick,1,Baxia,https://liquipedia.net/mobilelegends/MPL/Indonesia/Season_9/Playoffs | https://github.com/LiTianYeoh/MLBB_Tournament_Analysis/blob/94ea36800e80c9e89a2356a0b81d3eeafbd6a4f7/analysis/data/consolidated_game_data_20240505.csv
9,S9-PO-001,4,AURA Fire,pick,2,Karina,https://liquipedia.net/mobilelegends/MPL/Indonesia/Season_9/Playoffs | https://github.com/LiTianYeoh/MLBB_Tournament_Analysis/blob/94ea36800e80c9e89a2356a0b81d3eeafbd6a4f7/analysis/data/consolidated_game_data_20240505.csv
9,S9-PO-001,4,AURA Fire,pick,3,Yu Zhong,https://liquipedia.net/mobilelegends/MPL/Indonesia/Season_9/Playoffs | https://github.com/LiTianYeoh/MLBB_Tournament_Analysis/blob/94ea36800e80c9e89a2356a0b81d3eeafbd6a4f7/analysis/data/consolidated_game_data_20240505.csv
9,S9-PO-001,4,AURA Fire,pick,4,Cecilion,https://liquipedia.net/mobilelegends/MPL/Indonesia/Season_9/Playoffs | https://github.com/LiTianYeoh/MLBB_Tournament_Analysis/blob/94ea36800e80c9e89a2356a0b81d3eeafbd6a4f7/analysis/data/consolidated_game_data_20240505.csv
9,S9-PO-001,4,AURA Fire,pick,5,Paquito,https://liquipedia.net/mobilelegends/MPL/Indonesia/Season_9/Playoffs | https://github.com/LiTianYeoh/MLBB_Tournament_Analysis/blob/94ea36800e80c9e89a2356a0b81d3eeafbd6a4f7/analysis/data/consolidated_game_data_20240505.csv
9,S9-PO-001,4,Bigetron Alpha,ban,1,Phoveus,https://liquipedia.net/mobilelegends/MPL/Indonesia/Season_9/Playoffs | https://github.com/LiTianYeoh/MLBB_Tournament_Analysis/blob/94ea36800e80c9e89a2356a0b81d3eeafbd6a4f7/analysis/data/consolidated_game_data_20240505.csv
9,S9-PO-001,4,Bigetron Alpha,ban,2,Angela,https://liquipedia.net/mobilelegends/MPL/Indonesia/Season_9/Playoffs | https://github.com/LiTianYeoh/MLBB_Tournament_Analysis/blob/94ea36800e80c9e89a2356a0b81d3eeafbd6a4f7/analysis/data/consolidated_game_data_20240505.csv
9,S9-PO-001,4,Bigetron Alpha,ban,3,Xavier,https://liquipedia.net/mobilelegends/MPL/Indonesia/Season_9/Playoffs | https://github.com/LiTianYeoh/MLBB_Tournament_Analysis/blob/94ea36800e80c9e89a2356a0b81d3eeafbd6a4f7/analysis/data/consolidated_game_data_20240505.csv
9,S9-PO-001,4,Bigetron Alpha,ban,4,Grock,https://liquipedia.net/mobilelegends/MPL/Indonesia/Season_9/Playoffs | https://github.com/LiTianYeoh/MLBB_Tournament_Analysis/blob/94ea36800e80c9e89a2356a0b81d3eeafbd6a4f7/analysis/data/consolidated_game_data_20240505.csv
9,S9-PO-001,4,Bigetron Alpha,ban,5,Fanny,https://liquipedia.net/mobilelegends/MPL/Indonesia/Season_9/Playoffs | https://github.com/LiTianYeoh/MLBB_Tournament_Analysis/blob/94ea36800e80c9e89a2356a0b81d3eeafbd6a4f7/analysis/data/consolidated_game_data_20240505.csv
9,S9-PO-001,4,Bigetron Alpha,pick,1,Khufra,https://liquipedia.net/mobilelegends/MPL/Indonesia/Season_9/Playoffs | https://github.com/LiTianYeoh/MLBB_Tournament_Analysis/blob/94ea36800e80c9e89a2356a0b81d3eeafbd6a4f7/analysis/data/consolidated_game_data_20240505.csv
9,S9-PO-001,4,Bigetron Alpha,pick,2,Beatrix,https://liquipedia.net/mobilelegends/MPL/Indonesia/Season_9/Playoffs | https://github.com/LiTianYeoh/MLBB_Tournament_Analysis/blob/94ea36800e80c9e89a2356a0b81d3eeafbd6a4f7/analysis/data/consolidated_game_data_20240505.csv
9,S9-PO-001,4,Bigetron Alpha,pick,3,Dyrroth,https://liquipedia.net/mobilelegends/MPL/Indonesia/Season_9/Playoffs | https://github.com/LiTianYeoh/MLBB_Tournament_Analysis/blob/94ea36800e80c9e89a2356a0b81d3eeafbd6a4f7/analysis/data/consolidated_game_data_20240505.csv
9,S9-PO-001,4,Bigetron Alpha,pick,4,Lancelot,https://liquipedia.net/mobilelegends/MPL/Indonesia/Season_9/Playoffs | https://github.com/LiTianYeoh/MLBB_Tournament_Analysis/blob/94ea36800e80c9e89a2356a0b81d3eeafbd6a4f7/analysis/data/consolidated_game_data_20240505.csv
9,S9-PO-001,4,Bigetron Alpha,pick,5,Yve,https://liquipedia.net/mobilelegends/MPL/Indonesia/Season_9/Playoffs | https://github.com/LiTianYeoh/MLBB_Tournament_Analysis/blob/94ea36800e80c9e89a2356a0b81d3eeafbd6a4f7/analysis/data/consolidated_game_data_20240505.csv
9,S9-PO-001,5,AURA Fire,ban,1,Ling,https://liquipedia.net/mobilelegends/MPL/Indonesia/Season_9/Playoffs | https://github.com/LiTianYeoh/MLBB_Tournament_Analysis/blob/94ea36800e80c9e89a2356a0b81d3eeafbd6a4f7/analysis/data/consolidated_game_data_20240505.csv
9,S9-PO-001,5,AURA Fire,ban,2,Esmeralda,https://liquipedia.net/mobilelegends/MPL/Indonesia/Season_9/Playoffs | https://github.com/LiTianYeoh/MLBB_Tournament_Analysis/blob/94ea36800e80c9e89a2356a0b81d3eeafbd6a4f7/analysis/data/consolidated_game_data_20240505.csv
9,S9-PO-001,5,AURA Fire,ban,3,Karina,https://liquipedia.net/mobilelegends/MPL/Indonesia/Season_9/Playoffs | https://github.com/LiTianYeoh/MLBB_Tournament_Analysis/blob/94ea36800e80c9e89a2356a0b81d3eeafbd6a4f7/analysis/data/consolidated_game_data_20240505.csv
9,S9-PO-001,5,AURA Fire,ban,4,Johnson,https://liquipedia.net/mobilelegends/MPL/Indonesia/Season_9/Playoffs | https://github.com/LiTianYeoh/MLBB_Tournament_Analysis/blob/94ea36800e80c9e89a2356a0b81d3eeafbd6a4f7/analysis/data/consolidated_game_data_20240505.csv
9,S9-PO-001,5,AURA Fire,ban,5,Cecilion,https://liquipedia.net/mobilelegends/MPL/Indonesia/Season_9/Playoffs | https://github.com/LiTianYeoh/MLBB_Tournament_Analysis/blob/94ea36800e80c9e89a2356a0b81d3eeafbd6a4f7/analysis/data/consolidated_game_data_20240505.csv
9,S9-PO-001,5,AURA Fire,pick,1,Grock,https://liquipedia.net/mobilelegends/MPL/Indonesia/Season_9/Playoffs | https://github.com/LiTianYeoh/MLBB_Tournament_Analysis/blob/94ea36800e80c9e89a2356a0b81d3eeafbd6a4f7/analysis/data/consolidated_game_data_20240505.csv
9,S9-PO-001,5,AURA Fire,pick,2,Baxia,https://liquipedia.net/mobilelegends/MPL/Indonesia/Season_9/Playoffs | https://github.com/LiTianYeoh/MLBB_Tournament_Analysis/blob/94ea36800e80c9e89a2356a0b81d3eeafbd6a4f7/analysis/data/consolidated_game_data_20240505.csv
9,S9-PO-001,5,AURA Fire,pick,3,Lylia,https://liquipedia.net/mobilelegends/MPL/Indonesia/Season_9/Playoffs | https://github.com/LiTianYeoh/MLBB_Tournament_Analysis/blob/94ea36800e80c9e89a2356a0b81d3eeafbd6a4f7/analysis/data/consolidated_game_data_20240505.csv
9,S9-PO-001,5,AURA Fire,pick,4,Yu Zhong,https://liquipedia.net/mobilelegends/MPL/Indonesia/Season_9/Playoffs | https://github.com/LiTianYeoh/MLBB_Tournament_Analysis/blob/94ea36800e80c9e89a2356a0b81d3eeafbd6a4f7/analysis/data/consolidated_game_data_20240505.csv
9,S9-PO-001,5,AURA Fire,pick,5,Kadita,https://liquipedia.net/mobilelegends/MPL/Indonesia/Season_9/Playoffs | https://github.com/LiTianYeoh/MLBB_Tournament_Analysis/blob/94ea36800e80c9e89a2356a0b81d3eeafbd6a4f7/analysis/data/consolidated_game_data_20240505.csv
9,S9-PO-001,5,Bigetron Alpha,ban,1,Chou,https://liquipedia.net/mobilelegends/MPL/Indonesia/Season_9/Playoffs | https://github.com/LiTianYeoh/MLBB_Tournament_Analysis/blob/94ea36800e80c9e89a2356a0b81d3eeafbd6a4f7/analysis/data/consolidated_game_data_20240505.csv
9,S9-PO-001,5,Bigetron Alpha,ban,2,Dyrroth,https://liquipedia.net/mobilelegends/MPL/Indonesia/Season_9/Playoffs | https://github.com/LiTianYeoh/MLBB_Tournament_Analysis/blob/94ea36800e80c9e89a2356a0b81d3eeafbd6a4f7/analysis/data/consolidated_game_data_20240505.csv
9,S9-PO-001,5,Bigetron Alpha,ban,3,Xavier,https://liquipedia.net/mobilelegends/MPL/Indonesia/Season_9/Playoffs | https://github.com/LiTianYeoh/MLBB_Tournament_Analysis/blob/94ea36800e80c9e89a2356a0b81d3eeafbd6a4f7/analysis/data/consolidated_game_data_20240505.csv
9,S9-PO-001,5,Bigetron Alpha,ban,4,Yve,https://liquipedia.net/mobilelegends/MPL/Indonesia/Season_9/Playoffs | https://github.com/LiTianYeoh/MLBB_Tournament_Analysis/blob/94ea36800e80c9e89a2356a0b81d3eeafbd6a4f7/analysis/data/consolidated_game_data_20240505.csv
9,S9-PO-001,5,Bigetron Alpha,ban,5,Valentina,https://liquipedia.net/mobilelegends/MPL/Indonesia/Season_9/Playoffs | https://github.com/LiTianYeoh/MLBB_Tournament_Analysis/blob/94ea36800e80c9e89a2356a0b81d3eeafbd6a4f7/analysis/data/consolidated_game_data_20240505.csv
9,S9-PO-001,5,Bigetron Alpha,pick,1,Khufra,https://liquipedia.net/mobilelegends/MPL/Indonesia/Season_9/Playoffs | https://github.com/LiTianYeoh/MLBB_Tournament_Analysis/blob/94ea36800e80c9e89a2356a0b81d3eeafbd6a4f7/analysis/data/consolidated_game_data_20240505.csv
9,S9-PO-001,5,Bigetron Alpha,pick,2,Selena,https://liquipedia.net/mobilelegends/MPL/Indonesia/Season_9/Playoffs | https://github.com/LiTianYeoh/MLBB_Tournament_Analysis/blob/94ea36800e80c9e89a2356a0b81d3eeafbd6a4f7/analysis/data/consolidated_game_data_20240505.csv
9,S9-PO-001,5,Bigetron Alpha,pick,3,Uranus,https://liquipedia.net/mobilelegends/MPL/Indonesia/Season_9/Playoffs | https://github.com/LiTianYeoh/MLBB_Tournament_Analysis/blob/94ea36800e80c9e89a2356a0b81d3eeafbd6a4f7/analysis/data/consolidated_game_data_20240505.csv
9,S9-PO-001,5,Bigetron Alpha,pick,4,Lancelot,https://liquipedia.net/mobilelegends/MPL/Indonesia/Season_9/Playoffs | https://github.com/LiTianYeoh/MLBB_Tournament_Analysis/blob/94ea36800e80c9e89a2356a0b81d3eeafbd6a4f7/analysis/data/consolidated_game_data_20240505.csv
9,S9-PO-001,5,Bigetron Alpha,pick,5,Beatrix,https://liquipedia.net/mobilelegends/MPL/Indonesia/Season_9/Playoffs | https://github.com/LiTianYeoh/MLBB_Tournament_Analysis/blob/94ea36800e80c9e89a2356a0b81d3eeafbd6a4f7/analysis/data/consolidated_game_data_20240505.csv
9,S9-PO-002,1,EVOS Legends,ban,1,Yve,https://liquipedia.net/mobilelegends/MPL/Indonesia/Season_9/Playoffs | https://github.com/LiTianYeoh/MLBB_Tournament_Analysis/blob/94ea36800e80c9e89a2356a0b81d3eeafbd6a4f7/analysis/data/consolidated_game_data_20240505.csv
9,S9-PO-002,1,EVOS Legends,ban,2,Hayabusa,https://liquipedia.net/mobilelegends/MPL/Indonesia/Season_9/Playoffs | https://github.com/LiTianYeoh/MLBB_Tournament_Analysis/blob/94ea36800e80c9e89a2356a0b81d3eeafbd6a4f7/analysis/data/consolidated_game_data_20240505.csv
9,S9-PO-002,1,EVOS Legends,ban,3,Natalia,https://liquipedia.net/mobilelegends/MPL/Indonesia/Season_9/Playoffs | https://github.com/LiTianYeoh/MLBB_Tournament_Analysis/blob/94ea36800e80c9e89a2356a0b81d3eeafbd6a4f7/analysis/data/consolidated_game_data_20240505.csv
9,S9-PO-002,1,EVOS Legends,ban,4,Khufra,https://liquipedia.net/mobilelegends/MPL/Indonesia/Season_9/Playoffs | https://github.com/LiTianYeoh/MLBB_Tournament_Analysis/blob/94ea36800e80c9e89a2356a0b81d3eeafbd6a4f7/analysis/data/consolidated_game_data_20240505.csv
9,S9-PO-002,1,EVOS Legends,ban,5,Beatrix,https://liquipedia.net/mobilelegends/MPL/Indonesia/Season_9/Playoffs | https://github.com/LiTianYeoh/MLBB_Tournament_Analysis/blob/94ea36800e80c9e89a2356a0b81d3eeafbd6a4f7/analysis/data/consolidated_game_data_20240505.csv
9,S9-PO-002,1,EVOS Legends,pick,1,Grock,https://liquipedia.net/mobilelegends/MPL/Indonesia/Season_9/Playoffs | https://github.com/LiTianYeoh/MLBB_Tournament_Analysis/blob/94ea36800e80c9e89a2356a0b81d3eeafbd6a4f7/analysis/data/consolidated_game_data_20240505.csv
9,S9-PO-002,1,EVOS Legends,pick,2,Fanny,https://liquipedia.net/mobilelegends/MPL/Indonesia/Season_9/Playoffs | https://github.com/LiTianYeoh/MLBB_Tournament_Analysis/blob/94ea36800e80c9e89a2356a0b81d3eeafbd6a4f7/analysis/data/consolidated_game_data_20240505.csv
9,S9-PO-002,1,EVOS Legends,pick,3,Kagura,https://liquipedia.net/mobilelegends/MPL/Indonesia/Season_9/Playoffs | https://github.com/LiTianYeoh/MLBB_Tournament_Analysis/blob/94ea36800e80c9e89a2356a0b81d3eeafbd6a4f7/analysis/data/consolidated_game_data_20240505.csv
9,S9-PO-002,1,EVOS Legends,pick,4,Angela,https://liquipedia.net/mobilelegends/MPL/Indonesia/Season_9/Playoffs | https://github.com/LiTianYeoh/MLBB_Tournament_Analysis/blob/94ea36800e80c9e89a2356a0b81d3eeafbd6a4f7/analysis/data/consolidated_game_data_20240505.csv
9,S9-PO-002,1,EVOS Legends,pick,5,Wanwan,https://liquipedia.net/mobilelegends/MPL/Indonesia/Season_9/Playoffs | https://github.com/LiTianYeoh/MLBB_Tournament_Analysis/blob/94ea36800e80c9e89a2356a0b81d3eeafbd6a4f7/analysis/data/consolidated_game_data_20240505.csv
9,S9-PO-002,1,Alter Ego,ban,1,Uranus,https://liquipedia.net/mobilelegends/MPL/Indonesia/Season_9/Playoffs | https://github.com/LiTianYeoh/MLBB_Tournament_Analysis/blob/94ea36800e80c9e89a2356a0b81d3eeafbd6a4f7/analysis/data/consolidated_game_data_20240505.csv
9,S9-PO-002,1,Alter Ego,ban,2,Dyrroth,https://liquipedia.net/mobilelegends/MPL/Indonesia/Season_9/Playoffs | https://github.com/LiTianYeoh/MLBB_Tournament_Analysis/blob/94ea36800e80c9e89a2356a0b81d3eeafbd6a4f7/analysis/data/consolidated_game_data_20240505.csv
9,S9-PO-002,1,Alter Ego,ban,3,Karina,https://liquipedia.net/mobilelegends/MPL/Indonesia/Season_9/Playoffs | https://github.com/LiTianYeoh/MLBB_Tournament_Analysis/blob/94ea36800e80c9e89a2356a0b81d3eeafbd6a4f7/analysis/data/consolidated_game_data_20240505.csv
9,S9-PO-002,1,Alter Ego,ban,4,Hilda,https://liquipedia.net/mobilelegends/MPL/Indonesia/Season_9/Playoffs | https://github.com/LiTianYeoh/MLBB_Tournament_Analysis/blob/94ea36800e80c9e89a2356a0b81d3eeafbd6a4f7/analysis/data/consolidated_game_data_20240505.csv
9,S9-PO-002,1,Alter Ego,ban,5,Valentina,https://liquipedia.net/mobilelegends/MPL/Indonesia/Season_9/Playoffs | https://github.com/LiTianYeoh/MLBB_Tournament_Analysis/blob/94ea36800e80c9e89a2356a0b81d3eeafbd6a4f7/analysis/data/consolidated_game_data_20240505.csv
9,S9-PO-002,1,Alter Ego,pick,1,Phoveus,https://liquipedia.net/mobilelegends/MPL/Indonesia/Season_9/Playoffs | https://github.com/LiTianYeoh/MLBB_Tournament_Analysis/blob/94ea36800e80c9e89a2356a0b81d3eeafbd6a4f7/analysis/data/consolidated_game_data_20240505.csv
9,S9-PO-002,1,Alter Ego,pick,2,Chou,https://liquipedia.net/mobilelegends/MPL/Indonesia/Season_9/Playoffs | https://github.com/LiTianYeoh/MLBB_Tournament_Analysis/blob/94ea36800e80c9e89a2356a0b81d3eeafbd6a4f7/analysis/data/consolidated_game_data_20240505.csv
9,S9-PO-002,1,Alter Ego,pick,3,Esmeralda,https://liquipedia.net/mobilelegends/MPL/Indonesia/Season_9/Playoffs | https://github.com/LiTianYeoh/MLBB_Tournament_Analysis/blob/94ea36800e80c9e89a2356a0b81d3eeafbd6a4f7/analysis/data/consolidated_game_data_20240505.csv
9,S9-PO-002,1,Alter Ego,pick,4,Lylia,https://liquipedia.net/mobilelegends/MPL/Indonesia/Season_9/Playoffs | https://github.com/LiTianYeoh/MLBB_Tournament_Analysis/blob/94ea36800e80c9e89a2356a0b81d3eeafbd6a4f7/analysis/data/consolidated_game_data_20240505.csv
9,S9-PO-002,1,Alter Ego,pick,5,Ling,https://liquipedia.net/mobilelegends/MPL/Indonesia/Season_9/Playoffs | https://github.com/LiTianYeoh/MLBB_Tournament_Analysis/blob/94ea36800e80c9e89a2356a0b81d3eeafbd6a4f7/analysis/data/consolidated_game_data_20240505.csv
9,S9-PO-002,2,EVOS Legends,ban,1,Grock,https://liquipedia.net/mobilelegends/MPL/Indonesia/Season_9/Playoffs | https://github.com/LiTianYeoh/MLBB_Tournament_Analysis/blob/94ea36800e80c9e89a2356a0b81d3eeafbd6a4f7/analysis/data/consolidated_game_data_20240505.csv
9,S9-PO-002,2,EVOS Legends,ban,2,Yve,https://liquipedia.net/mobilelegends/MPL/Indonesia/Season_9/Playoffs | https://github.com/LiTianYeoh/MLBB_Tournament_Analysis/blob/94ea36800e80c9e89a2356a0b81d3eeafbd6a4f7/analysis/data/consolidated_game_data_20240505.csv
9,S9-PO-002,2,EVOS Legends,ban,3,Valentina,https://liquipedia.net/mobilelegends/MPL/Indonesia/Season_9/Playoffs | https://github.com/LiTianYeoh/MLBB_Tournament_Analysis/blob/94ea36800e80c9e89a2356a0b81d3eeafbd6a4f7/analysis/data/consolidated_game_data_20240505.csv
9,S9-PO-002,2,EVOS Legends,ban,4,Uranus,https://liquipedia.net/mobilelegends/MPL/Indonesia/Season_9/Playoffs | https://github.com/LiTianYeoh/MLBB_Tournament_Analysis/blob/94ea36800e80c9e89a2356a0b81d3eeafbd6a4f7/analysis/data/consolidated_game_data_20240505.csv
9,S9-PO-002,2,EVOS Legends,ban,5,Chou,https://liquipedia.net/mobilelegends/MPL/Indonesia/Season_9/Playoffs | https://github.com/LiTianYeoh/MLBB_Tournament_Analysis/blob/94ea36800e80c9e89a2356a0b81d3eeafbd6a4f7/analysis/data/consolidated_game_data_20240505.csv
9,S9-PO-002,2,EVOS Legends,pick,1,Angela,https://liquipedia.net/mobilelegends/MPL/Indonesia/Season_9/Playoffs | https://github.com/LiTianYeoh/MLBB_Tournament_Analysis/blob/94ea36800e80c9e89a2356a0b81d3eeafbd6a4f7/analysis/data/consolidated_game_data_20240505.csv
9,S9-PO-002,2,EVOS Legends,pick,2,Baxia,https://liquipedia.net/mobilelegends/MPL/Indonesia/Season_9/Playoffs | https://github.com/LiTianYeoh/MLBB_Tournament_Analysis/blob/94ea36800e80c9e89a2356a0b81d3eeafbd6a4f7/analysis/data/consolidated_game_data_20240505.csv
9,S9-PO-002,2,EVOS Legends,pick,3,Kagura,https://liquipedia.net/mobilelegends/MPL/Indonesia/Season_9/Playoffs | https://github.com/LiTianYeoh/MLBB_Tournament_Analysis/blob/94ea36800e80c9e89a2356a0b81d3eeafbd6a4f7/analysis/data/consolidated_game_data_20240505.csv
9,S9-PO-002,2,EVOS Legends,pick,4,Masha,https://liquipedia.net/mobilelegends/MPL/Indonesia/Season_9/Playoffs | https://github.com/LiTianYeoh/MLBB_Tournament_Analysis/blob/94ea36800e80c9e89a2356a0b81d3eeafbd6a4f7/analysis/data/consolidated_game_data_20240505.csv
9,S9-PO-002,2,EVOS Legends,pick,5,Melissa,https://liquipedia.net/mobilelegends/MPL/Indonesia/Season_9/Playoffs | https://github.com/LiTianYeoh/MLBB_Tournament_Analysis/blob/94ea36800e80c9e89a2356a0b81d3eeafbd6a4f7/analysis/data/consolidated_game_data_20240505.csv
9,S9-PO-002,2,Alter Ego,ban,1,Popol and Kupa,https://liquipedia.net/mobilelegends/MPL/Indonesia/Season_9/Playoffs | https://github.com/LiTianYeoh/MLBB_Tournament_Analysis/blob/94ea36800e80c9e89a2356a0b81d3eeafbd6a4f7/analysis/data/consolidated_game_data_20240505.csv
9,S9-PO-002,2,Alter Ego,ban,2,Brody,https://liquipedia.net/mobilelegends/MPL/Indonesia/Season_9/Playoffs | https://github.com/LiTianYeoh/MLBB_Tournament_Analysis/blob/94ea36800e80c9e89a2356a0b81d3eeafbd6a4f7/analysis/data/consolidated_game_data_20240505.csv
9,S9-PO-002,2,Alter Ego,ban,3,Karina,https://liquipedia.net/mobilelegends/MPL/Indonesia/Season_9/Playoffs | https://github.com/LiTianYeoh/MLBB_Tournament_Analysis/blob/94ea36800e80c9e89a2356a0b81d3eeafbd6a4f7/analysis/data/consolidated_game_data_20240505.csv
9,S9-PO-002,2,Alter Ego,ban,4,Wanwan,https://liquipedia.net/mobilelegends/MPL/Indonesia/Season_9/Playoffs | https://github.com/LiTianYeoh/MLBB_Tournament_Analysis/blob/94ea36800e80c9e89a2356a0b81d3eeafbd6a4f7/analysis/data/consolidated_game_data_20240505.csv
9,S9-PO-002,2,Alter Ego,ban,5,Hilda,https://liquipedia.net/mobilelegends/MPL/Indonesia/Season_9/Playoffs | https://github.com/LiTianYeoh/MLBB_Tournament_Analysis/blob/94ea36800e80c9e89a2356a0b81d3eeafbd6a4f7/analysis/data/consolidated_game_data_20240505.csv
9,S9-PO-002,2,Alter Ego,pick,1,Ruby,https://liquipedia.net/mobilelegends/MPL/Indonesia/Season_9/Playoffs | https://github.com/LiTianYeoh/MLBB_Tournament_Analysis/blob/94ea36800e80c9e89a2356a0b81d3eeafbd6a4f7/analysis/data/consolidated_game_data_20240505.csv
9,S9-PO-002,2,Alter Ego,pick,2,Esmeralda,https://liquipedia.net/mobilelegends/MPL/Indonesia/Season_9/Playoffs | https://github.com/LiTianYeoh/MLBB_Tournament_Analysis/blob/94ea36800e80c9e89a2356a0b81d3eeafbd6a4f7/analysis/data/consolidated_game_data_20240505.csv
9,S9-PO-002,2,Alter Ego,pick,3,Lylia,https://liquipedia.net/mobilelegends/MPL/Indonesia/Season_9/Playoffs | https://github.com/LiTianYeoh/MLBB_Tournament_Analysis/blob/94ea36800e80c9e89a2356a0b81d3eeafbd6a4f7/analysis/data/consolidated_game_data_20240505.csv
9,S9-PO-002,2,Alter Ego,pick,4,Beatrix,https://liquipedia.net/mobilelegends/MPL/Indonesia/Season_9/Playoffs | https://github.com/LiTianYeoh/MLBB_Tournament_Analysis/blob/94ea36800e80c9e89a2356a0b81d3eeafbd6a4f7/analysis/data/consolidated_game_data_20240505.csv
9,S9-PO-002,2,Alter Ego,pick,5,Ling,https://liquipedia.net/mobilelegends/MPL/Indonesia/Season_9/Playoffs | https://github.com/LiTianYeoh/MLBB_Tournament_Analysis/blob/94ea36800e80c9e89a2356a0b81d3eeafbd6a4f7/analysis/data/consolidated_game_data_20240505.csv
9,S9-PO-002,3,EVOS Legends,ban,1,Yve,https://liquipedia.net/mobilelegends/MPL/Indonesia/Season_9/Playoffs | https://github.com/LiTianYeoh/MLBB_Tournament_Analysis/blob/94ea36800e80c9e89a2356a0b81d3eeafbd6a4f7/analysis/data/consolidated_game_data_20240505.csv
9,S9-PO-002,3,EVOS Legends,ban,2,Natalia,https://liquipedia.net/mobilelegends/MPL/Indonesia/Season_9/Playoffs | https://github.com/LiTianYeoh/MLBB_Tournament_Analysis/blob/94ea36800e80c9e89a2356a0b81d3eeafbd6a4f7/analysis/data/consolidated_game_data_20240505.csv
9,S9-PO-002,3,EVOS Legends,ban,3,Hayabusa,https://liquipedia.net/mobilelegends/MPL/Indonesia/Season_9/Playoffs | https://github.com/LiTianYeoh/MLBB_Tournament_Analysis/blob/94ea36800e80c9e89a2356a0b81d3eeafbd6a4f7/analysis/data/consolidated_game_data_20240505.csv
9,S9-PO-002,3,EVOS Legends,ban,4,Uranus,https://liquipedia.net/mobilelegends/MPL/Indonesia/Season_9/Playoffs | https://github.com/LiTianYeoh/MLBB_Tournament_Analysis/blob/94ea36800e80c9e89a2356a0b81d3eeafbd6a4f7/analysis/data/consolidated_game_data_20240505.csv
9,S9-PO-002,3,EVOS Legends,ban,5,Esmeralda,https://liquipedia.net/mobilelegends/MPL/Indonesia/Season_9/Playoffs | https://github.com/LiTianYeoh/MLBB_Tournament_Analysis/blob/94ea36800e80c9e89a2356a0b81d3eeafbd6a4f7/analysis/data/consolidated_game_data_20240505.csv
9,S9-PO-002,3,EVOS Legends,pick,1,Grock,https://liquipedia.net/mobilelegends/MPL/Indonesia/Season_9/Playoffs | https://github.com/LiTianYeoh/MLBB_Tournament_Analysis/blob/94ea36800e80c9e89a2356a0b81d3eeafbd6a4f7/analysis/data/consolidated_game_data_20240505.csv
9,S9-PO-002,3,EVOS Legends,pick,2,Karina,https://liquipedia.net/mobilelegends/MPL/Indonesia/Season_9/Playoffs | https://github.com/LiTianYeoh/MLBB_Tournament_Analysis/blob/94ea36800e80c9e89a2356a0b81d3eeafbd6a4f7/analysis/data/consolidated_game_data_20240505.csv
9,S9-PO-002,3,EVOS Legends,pick,3,Mathilda,https://liquipedia.net/mobilelegends/MPL/Indonesia/Season_9/Playoffs | https://github.com/LiTianYeoh/MLBB_Tournament_Analysis/blob/94ea36800e80c9e89a2356a0b81d3eeafbd6a4f7/analysis/data/consolidated_game_data_20240505.csv
9,S9-PO-002,3,EVOS Legends,pick,4,Xavier,https://liquipedia.net/mobilelegends/MPL/Indonesia/Season_9/Playoffs | https://github.com/LiTianYeoh/MLBB_Tournament_Analysis/blob/94ea36800e80c9e89a2356a0b81d3eeafbd6a4f7/analysis/data/consolidated_game_data_20240505.csv
9,S9-PO-002,3,EVOS Legends,pick,5,Melissa,https://liquipedia.net/mobilelegends/MPL/Indonesia/Season_9/Playoffs | https://github.com/LiTianYeoh/MLBB_Tournament_Analysis/blob/94ea36800e80c9e89a2356a0b81d3eeafbd6a4f7/analysis/data/consolidated_game_data_20240505.csv
9,S9-PO-002,3,Alter Ego,ban,1,Phoveus,https://liquipedia.net/mobilelegends/MPL/Indonesia/Season_9/Playoffs | https://github.com/LiTianYeoh/MLBB_Tournament_Analysis/blob/94ea36800e80c9e89a2356a0b81d3eeafbd6a4f7/analysis/data/consolidated_game_data_20240505.csv
9,S9-PO-002,3,Alter Ego,ban,2,Brody,https://liquipedia.net/mobilelegends/MPL/Indonesia/Season_9/Playoffs | https://github.com/LiTianYeoh/MLBB_Tournament_Analysis/blob/94ea36800e80c9e89a2356a0b81d3eeafbd6a4f7/analysis/data/consolidated_game_data_20240505.csv
9,S9-PO-002,3,Alter Ego,ban,3,Fanny,https://liquipedia.net/mobilelegends/MPL/Indonesia/Season_9/Playoffs | https://github.com/LiTianYeoh/MLBB_Tournament_Analysis/blob/94ea36800e80c9e89a2356a0b81d3eeafbd6a4f7/analysis/data/consolidated_game_data_20240505.csv
9,S9-PO-002,3,Alter Ego,ban,4,Angela,https://liquipedia.net/mobilelegends/MPL/Indonesia/Season_9/Playoffs | https://github.com/LiTianYeoh/MLBB_Tournament_Analysis/blob/94ea36800e80c9e89a2356a0b81d3eeafbd6a4f7/analysis/data/consolidated_game_data_20240505.csv
9,S9-PO-002,3,Alter Ego,ban,5,Valentina,https://liquipedia.net/mobilelegends/MPL/Indonesia/Season_9/Playoffs | https://github.com/LiTianYeoh/MLBB_Tournament_Analysis/blob/94ea36800e80c9e89a2356a0b81d3eeafbd6a4f7/analysis/data/consolidated_game_data_20240505.csv
9,S9-PO-002,3,Alter Ego,pick,1,Ling,https://liquipedia.net/mobilelegends/MPL/Indonesia/Season_9/Playoffs | https://github.com/LiTianYeoh/MLBB_Tournament_Analysis/blob/94ea36800e80c9e89a2356a0b81d3eeafbd6a4f7/analysis/data/consolidated_game_data_20240505.csv
9,S9-PO-002,3,Alter Ego,pick,2,Baxia,https://liquipedia.net/mobilelegends/MPL/Indonesia/Season_9/Playoffs | https://github.com/LiTianYeoh/MLBB_Tournament_Analysis/blob/94ea36800e80c9e89a2356a0b81d3eeafbd6a4f7/analysis/data/consolidated_game_data_20240505.csv
9,S9-PO-002,3,Alter Ego,pick,3,Lylia,https://liquipedia.net/mobilelegends/MPL/Indonesia/Season_9/Playoffs | https://github.com/LiTianYeoh/MLBB_Tournament_Analysis/blob/94ea36800e80c9e89a2356a0b81d3eeafbd6a4f7/analysis/data/consolidated_game_data_20240505.csv
9,S9-PO-002,3,Alter Ego,pick,4,Wanwan,https://liquipedia.net/mobilelegends/MPL/Indonesia/Season_9/Playoffs | https://github.com/LiTianYeoh/MLBB_Tournament_Analysis/blob/94ea36800e80c9e89a2356a0b81d3eeafbd6a4f7/analysis/data/consolidated_game_data_20240505.csv
9,S9-PO-002,3,Alter Ego,pick,5,Hilda,https://liquipedia.net/mobilelegends/MPL/Indonesia/Season_9/Playoffs | https://github.com/LiTianYeoh/MLBB_Tournament_Analysis/blob/94ea36800e80c9e89a2356a0b81d3eeafbd6a4f7/analysis/data/consolidated_game_data_20240505.csv
9,S9-PO-002,4,EVOS Legends,ban,1,Yve,https://liquipedia.net/mobilelegends/MPL/Indonesia/Season_9/Playoffs | https://github.com/LiTianYeoh/MLBB_Tournament_Analysis/blob/94ea36800e80c9e89a2356a0b81d3eeafbd6a4f7/analysis/data/consolidated_game_data_20240505.csv
9,S9-PO-002,4,EVOS Legends,ban,2,Grock,https://liquipedia.net/mobilelegends/MPL/Indonesia/Season_9/Playoffs | https://github.com/LiTianYeoh/MLBB_Tournament_Analysis/blob/94ea36800e80c9e89a2356a0b81d3eeafbd6a4f7/analysis/data/consolidated_game_data_20240505.csv
9,S9-PO-002,4,EVOS Legends,ban,3,Valentina,https://liquipedia.net/mobilelegends/MPL/Indonesia/Season_9/Playoffs | https://github.com/LiTianYeoh/MLBB_Tournament_Analysis/blob/94ea36800e80c9e89a2356a0b81d3eeafbd6a4f7/analysis/data/consolidated_game_data_20240505.csv
9,S9-PO-002,4,EVOS Legends,ban,4,Uranus,https://liquipedia.net/mobilelegends/MPL/Indonesia/Season_9/Playoffs | https://github.com/LiTianYeoh/MLBB_Tournament_Analysis/blob/94ea36800e80c9e89a2356a0b81d3eeafbd6a4f7/analysis/data/consolidated_game_data_20240505.csv
9,S9-PO-002,4,EVOS Legends,ban,5,Esmeralda,https://liquipedia.net/mobilelegends/MPL/Indonesia/Season_9/Playoffs | https://github.com/LiTianYeoh/MLBB_Tournament_Analysis/blob/94ea36800e80c9e89a2356a0b81d3eeafbd6a4f7/analysis/data/consolidated_game_data_20240505.csv
9,S9-PO-002,4,EVOS Legends,pick,1,Karina,https://liquipedia.net/mobilelegends/MPL/Indonesia/Season_9/Playoffs | https://github.com/LiTianYeoh/MLBB_Tournament_Analysis/blob/94ea36800e80c9e89a2356a0b81d3eeafbd6a4f7/analysis/data/consolidated_game_data_20240505.csv
9,S9-PO-002,4,EVOS Legends,pick,2,Lylia,https://liquipedia.net/mobilelegends/MPL/Indonesia/Season_9/Playoffs | https://github.com/LiTianYeoh/MLBB_Tournament_Analysis/blob/94ea36800e80c9e89a2356a0b81d3eeafbd6a4f7/analysis/data/consolidated_game_data_20240505.csv
9,S9-PO-002,4,EVOS Legends,pick,3,Masha,https://liquipedia.net/mobilelegends/MPL/Indonesia/Season_9/Playoffs | https://github.com/LiTianYeoh/MLBB_Tournament_Analysis/blob/94ea36800e80c9e89a2356a0b81d3eeafbd6a4f7/analysis/data/consolidated_game_data_20240505.csv
9,S9-PO-002,4,EVOS Legends,pick,4,Popol and Kupa,https://liquipedia.net/mobilelegends/MPL/Indonesia/Season_9/Playoffs | https://github.com/LiTianYeoh/MLBB_Tournament_Analysis/blob/94ea36800e80c9e89a2356a0b81d3eeafbd6a4f7/analysis/data/consolidated_game_data_20240505.csv
9,S9-PO-002,4,EVOS Legends,pick,5,Natalia,https://liquipedia.net/mobilelegends/MPL/Indonesia/Season_9/Playoffs | https://github.com/LiTianYeoh/MLBB_Tournament_Analysis/blob/94ea36800e80c9e89a2356a0b81d3eeafbd6a4f7/analysis/data/consolidated_game_data_20240505.csv
9,S9-PO-002,4,Alter Ego,ban,1,Melissa,https://liquipedia.net/mobilelegends/MPL/Indonesia/Season_9/Playoffs | https://github.com/LiTianYeoh/MLBB_Tournament_Analysis/blob/94ea36800e80c9e89a2356a0b81d3eeafbd6a4f7/analysis/data/consolidated_game_data_20240505.csv
9,S9-PO-002,4,Alter Ego,ban,2,Mathilda,https://liquipedia.net/mobilelegends/MPL/Indonesia/Season_9/Playoffs | https://github.com/LiTianYeoh/MLBB_Tournament_Analysis/blob/94ea36800e80c9e89a2356a0b81d3eeafbd6a4f7/analysis/data/consolidated_game_data_20240505.csv
9,S9-PO-002,4,Alter Ego,ban,3,Hilda,https://liquipedia.net/mobilelegends/MPL/Indonesia/Season_9/Playoffs | https://github.com/LiTianYeoh/MLBB_Tournament_Analysis/blob/94ea36800e80c9e89a2356a0b81d3eeafbd6a4f7/analysis/data/consolidated_game_data_20240505.csv
9,S9-PO-002,4,Alter Ego,ban,4,Wanwan,https://liquipedia.net/mobilelegends/MPL/Indonesia/Season_9/Playoffs | https://github.com/LiTianYeoh/MLBB_Tournament_Analysis/blob/94ea36800e80c9e89a2356a0b81d3eeafbd6a4f7/analysis/data/consolidated_game_data_20240505.csv
9,S9-PO-002,4,Alter Ego,ban,5,Angela,https://liquipedia.net/mobilelegends/MPL/Indonesia/Season_9/Playoffs | https://github.com/LiTianYeoh/MLBB_Tournament_Analysis/blob/94ea36800e80c9e89a2356a0b81d3eeafbd6a4f7/analysis/data/consolidated_game_data_20240505.csv
9,S9-PO-002,4,Alter Ego,pick,1,Paquito,https://liquipedia.net/mobilelegends/MPL/Indonesia/Season_9/Playoffs | https://github.com/LiTianYeoh/MLBB_Tournament_Analysis/blob/94ea36800e80c9e89a2356a0b81d3eeafbd6a4f7/analysis/data/consolidated_game_data_20240505.csv
9,S9-PO-002,4,Alter Ego,pick,2,Pharsa,https://liquipedia.net/mobilelegends/MPL/Indonesia/Season_9/Playoffs | https://github.com/LiTianYeoh/MLBB_Tournament_Analysis/blob/94ea36800e80c9e89a2356a0b81d3eeafbd6a4f7/analysis/data/consolidated_game_data_20240505.csv
9,S9-PO-002,4,Alter Ego,pick,3,Baxia,https://liquipedia.net/mobilelegends/MPL/Indonesia/Season_9/Playoffs | https://github.com/LiTianYeoh/MLBB_Tournament_Analysis/blob/94ea36800e80c9e89a2356a0b81d3eeafbd6a4f7/analysis/data/consolidated_game_data_20240505.csv
9,S9-PO-002,4,Alter Ego,pick,4,Beatrix,https://liquipedia.net/mobilelegends/MPL/Indonesia/Season_9/Playoffs | https://github.com/LiTianYeoh/MLBB_Tournament_Analysis/blob/94ea36800e80c9e89a2356a0b81d3eeafbd6a4f7/analysis/data/consolidated_game_data_20240505.csv
9,S9-PO-002,4,Alter Ego,pick,5,Ling,https://liquipedia.net/mobilelegends/MPL/Indonesia/Season_9/Playoffs | https://github.com/LiTianYeoh/MLBB_Tournament_Analysis/blob/94ea36800e80c9e89a2356a0b81d3eeafbd6a4f7/analysis/data/consolidated_game_data_20240505.csv
9,S9-PO-002,5,EVOS Legends,ban,1,Yve,https://liquipedia.net/mobilelegends/MPL/Indonesia/Season_9/Playoffs | https://github.com/LiTianYeoh/MLBB_Tournament_Analysis/blob/94ea36800e80c9e89a2356a0b81d3eeafbd6a4f7/analysis/data/consolidated_game_data_20240505.csv
9,S9-PO-002,5,EVOS Legends,ban,2,Grock,https://liquipedia.net/mobilelegends/MPL/Indonesia/Season_9/Playoffs | https://github.com/LiTianYeoh/MLBB_Tournament_Analysis/blob/94ea36800e80c9e89a2356a0b81d3eeafbd6a4f7/analysis/data/consolidated_game_data_20240505.csv
9,S9-PO-002,5,EVOS Legends,ban,3,Wanwan,https://liquipedia.net/mobilelegends/MPL/Indonesia/Season_9/Playoffs | https://github.com/LiTianYeoh/MLBB_Tournament_Analysis/blob/94ea36800e80c9e89a2356a0b81d3eeafbd6a4f7/analysis/data/consolidated_game_data_20240505.csv
9,S9-PO-002,5,EVOS Legends,ban,4,Natalia,https://liquipedia.net/mobilelegends/MPL/Indonesia/Season_9/Playoffs | https://github.com/LiTianYeoh/MLBB_Tournament_Analysis/blob/94ea36800e80c9e89a2356a0b81d3eeafbd6a4f7/analysis/data/consolidated_game_data_20240505.csv
9,S9-PO-002,5,EVOS Legends,ban,5,Lylia,https://liquipedia.net/mobilelegends/MPL/Indonesia/Season_9/Playoffs | https://github.com/LiTianYeoh/MLBB_Tournament_Analysis/blob/94ea36800e80c9e89a2356a0b81d3eeafbd6a4f7/analysis/data/consolidated_game_data_20240505.csv
9,S9-PO-002,5,EVOS Legends,pick,1,Hilda,https://liquipedia.net/mobilelegends/MPL/Indonesia/Season_9/Playoffs | https://github.com/LiTianYeoh/MLBB_Tournament_Analysis/blob/94ea36800e80c9e89a2356a0b81d3eeafbd6a4f7/analysis/data/consolidated_game_data_20240505.csv
9,S9-PO-002,5,EVOS Legends,pick,2,Lancelot,https://liquipedia.net/mobilelegends/MPL/Indonesia/Season_9/Playoffs | https://github.com/LiTianYeoh/MLBB_Tournament_Analysis/blob/94ea36800e80c9e89a2356a0b81d3eeafbd6a4f7/analysis/data/consolidated_game_data_20240505.csv
9,S9-PO-002,5,EVOS Legends,pick,3,Beatrix,https://liquipedia.net/mobilelegends/MPL/Indonesia/Season_9/Playoffs | https://github.com/LiTianYeoh/MLBB_Tournament_Analysis/blob/94ea36800e80c9e89a2356a0b81d3eeafbd6a4f7/analysis/data/consolidated_game_data_20240505.csv
9,S9-PO-002,5,EVOS Legends,pick,4,Paquito,https://liquipedia.net/mobilelegends/MPL/Indonesia/Season_9/Playoffs | https://github.com/LiTianYeoh/MLBB_Tournament_Analysis/blob/94ea36800e80c9e89a2356a0b81d3eeafbd6a4f7/analysis/data/consolidated_game_data_20240505.csv
9,S9-PO-002,5,EVOS Legends,pick,5,Cecilion,https://liquipedia.net/mobilelegends/MPL/Indonesia/Season_9/Playoffs | https://github.com/LiTianYeoh/MLBB_Tournament_Analysis/blob/94ea36800e80c9e89a2356a0b81d3eeafbd6a4f7/analysis/data/consolidated_game_data_20240505.csv
9,S9-PO-002,5,Alter Ego,ban,1,Masha,https://liquipedia.net/mobilelegends/MPL/Indonesia/Season_9/Playoffs | https://github.com/LiTianYeoh/MLBB_Tournament_Analysis/blob/94ea36800e80c9e89a2356a0b81d3eeafbd6a4f7/analysis/data/consolidated_game_data_20240505.csv
9,S9-PO-002,5,Alter Ego,ban,2,Esmeralda,https://liquipedia.net/mobilelegends/MPL/Indonesia/Season_9/Playoffs | https://github.com/LiTianYeoh/MLBB_Tournament_Analysis/blob/94ea36800e80c9e89a2356a0b81d3eeafbd6a4f7/analysis/data/consolidated_game_data_20240505.csv
9,S9-PO-002,5,Alter Ego,ban,3,Fanny,https://liquipedia.net/mobilelegends/MPL/Indonesia/Season_9/Playoffs | https://github.com/LiTianYeoh/MLBB_Tournament_Analysis/blob/94ea36800e80c9e89a2356a0b81d3eeafbd6a4f7/analysis/data/consolidated_game_data_20240505.csv
9,S9-PO-002,5,Alter Ego,ban,4,Angela,https://liquipedia.net/mobilelegends/MPL/Indonesia/Season_9/Playoffs | https://github.com/LiTianYeoh/MLBB_Tournament_Analysis/blob/94ea36800e80c9e89a2356a0b81d3eeafbd6a4f7/analysis/data/consolidated_game_data_20240505.csv
9,S9-PO-002,5,Alter Ego,ban,5,Valentina,https://liquipedia.net/mobilelegends/MPL/Indonesia/Season_9/Playoffs | https://github.com/LiTianYeoh/MLBB_Tournament_Analysis/blob/94ea36800e80c9e89a2356a0b81d3eeafbd6a4f7/analysis/data/consolidated_game_data_20240505.csv
9,S9-PO-002,5,Alter Ego,pick,1,Yu Zhong,https://liquipedia.net/mobilelegends/MPL/Indonesia/Season_9/Playoffs | https://github.com/LiTianYeoh/MLBB_Tournament_Analysis/blob/94ea36800e80c9e89a2356a0b81d3eeafbd6a4f7/analysis/data/consolidated_game_data_20240505.csv
9,S9-PO-002,5,Alter Ego,pick,2,Pharsa,https://liquipedia.net/mobilelegends/MPL/Indonesia/Season_9/Playoffs | https://github.com/LiTianYeoh/MLBB_Tournament_Analysis/blob/94ea36800e80c9e89a2356a0b81d3eeafbd6a4f7/analysis/data/consolidated_game_data_20240505.csv
9,S9-PO-002,5,Alter Ego,pick,3,Phoveus,https://liquipedia.net/mobilelegends/MPL/Indonesia/Season_9/Playoffs | https://github.com/LiTianYeoh/MLBB_Tournament_Analysis/blob/94ea36800e80c9e89a2356a0b81d3eeafbd6a4f7/analysis/data/consolidated_game_data_20240505.csv
9,S9-PO-002,5,Alter Ego,pick,4,Ling,https://liquipedia.net/mobilelegends/MPL/Indonesia/Season_9/Playoffs | https://github.com/LiTianYeoh/MLBB_Tournament_Analysis/blob/94ea36800e80c9e89a2356a0b81d3eeafbd6a4f7/analysis/data/consolidated_game_data_20240505.csv
9,S9-PO-002,5,Alter Ego,pick,5,Baxia,https://liquipedia.net/mobilelegends/MPL/Indonesia/Season_9/Playoffs | https://github.com/LiTianYeoh/MLBB_Tournament_Analysis/blob/94ea36800e80c9e89a2356a0b81d3eeafbd6a4f7/analysis/data/consolidated_game_data_20240505.csv
9,S9-PO-003,1,ONIC Esports,ban,1,Valentina,https://liquipedia.net/mobilelegends/MPL/Indonesia/Season_9/Playoffs | https://github.com/LiTianYeoh/MLBB_Tournament_Analysis/blob/94ea36800e80c9e89a2356a0b81d3eeafbd6a4f7/analysis/data/consolidated_game_data_20240505.csv
9,S9-PO-003,1,ONIC Esports,ban,2,Grock,https://liquipedia.net/mobilelegends/MPL/Indonesia/Season_9/Playoffs | https://github.com/LiTianYeoh/MLBB_Tournament_Analysis/blob/94ea36800e80c9e89a2356a0b81d3eeafbd6a4f7/analysis/data/consolidated_game_data_20240505.csv
9,S9-PO-003,1,ONIC Esports,ban,3,Karina,https://liquipedia.net/mobilelegends/MPL/Indonesia/Season_9/Playoffs | https://github.com/LiTianYeoh/MLBB_Tournament_Analysis/blob/94ea36800e80c9e89a2356a0b81d3eeafbd6a4f7/analysis/data/consolidated_game_data_20240505.csv
9,S9-PO-003,1,ONIC Esports,ban,4,Atlas,https://liquipedia.net/mobilelegends/MPL/Indonesia/Season_9/Playoffs | https://github.com/LiTianYeoh/MLBB_Tournament_Analysis/blob/94ea36800e80c9e89a2356a0b81d3eeafbd6a4f7/analysis/data/consolidated_game_data_20240505.csv
9,S9-PO-003,1,ONIC Esports,ban,5,Kadita,https://liquipedia.net/mobilelegends/MPL/Indonesia/Season_9/Playoffs | https://github.com/LiTianYeoh/MLBB_Tournament_Analysis/blob/94ea36800e80c9e89a2356a0b81d3eeafbd6a4f7/analysis/data/consolidated_game_data_20240505.csv
9,S9-PO-003,1,ONIC Esports,pick,1,Wanwan,https://liquipedia.net/mobilelegends/MPL/Indonesia/Season_9/Playoffs | https://github.com/LiTianYeoh/MLBB_Tournament_Analysis/blob/94ea36800e80c9e89a2356a0b81d3eeafbd6a4f7/analysis/data/consolidated_game_data_20240505.csv
9,S9-PO-003,1,ONIC Esports,pick,2,Masha,https://liquipedia.net/mobilelegends/MPL/Indonesia/Season_9/Playoffs | https://github.com/LiTianYeoh/MLBB_Tournament_Analysis/blob/94ea36800e80c9e89a2356a0b81d3eeafbd6a4f7/analysis/data/consolidated_game_data_20240505.csv
9,S9-PO-003,1,ONIC Esports,pick,3,Franco,https://liquipedia.net/mobilelegends/MPL/Indonesia/Season_9/Playoffs | https://github.com/LiTianYeoh/MLBB_Tournament_Analysis/blob/94ea36800e80c9e89a2356a0b81d3eeafbd6a4f7/analysis/data/consolidated_game_data_20240505.csv
9,S9-PO-003,1,ONIC Esports,pick,4,Lylia,https://liquipedia.net/mobilelegends/MPL/Indonesia/Season_9/Playoffs | https://github.com/LiTianYeoh/MLBB_Tournament_Analysis/blob/94ea36800e80c9e89a2356a0b81d3eeafbd6a4f7/analysis/data/consolidated_game_data_20240505.csv
9,S9-PO-003,1,ONIC Esports,pick,5,Paquito,https://liquipedia.net/mobilelegends/MPL/Indonesia/Season_9/Playoffs | https://github.com/LiTianYeoh/MLBB_Tournament_Analysis/blob/94ea36800e80c9e89a2356a0b81d3eeafbd6a4f7/analysis/data/consolidated_game_data_20240505.csv
9,S9-PO-003,1,AURA Fire,ban,1,Moskov,https://liquipedia.net/mobilelegends/MPL/Indonesia/Season_9/Playoffs | https://github.com/LiTianYeoh/MLBB_Tournament_Analysis/blob/94ea36800e80c9e89a2356a0b81d3eeafbd6a4f7/analysis/data/consolidated_game_data_20240505.csv
9,S9-PO-003,1,AURA Fire,ban,2,Melissa,https://liquipedia.net/mobilelegends/MPL/Indonesia/Season_9/Playoffs | https://github.com/LiTianYeoh/MLBB_Tournament_Analysis/blob/94ea36800e80c9e89a2356a0b81d3eeafbd6a4f7/analysis/data/consolidated_game_data_20240505.csv
9,S9-PO-003,1,AURA Fire,ban,3,Yve,https://liquipedia.net/mobilelegends/MPL/Indonesia/Season_9/Playoffs | https://github.com/LiTianYeoh/MLBB_Tournament_Analysis/blob/94ea36800e80c9e89a2356a0b81d3eeafbd6a4f7/analysis/data/consolidated_game_data_20240505.csv
9,S9-PO-003,1,AURA Fire,ban,4,Ling,https://liquipedia.net/mobilelegends/MPL/Indonesia/Season_9/Playoffs | https://github.com/LiTianYeoh/MLBB_Tournament_Analysis/blob/94ea36800e80c9e89a2356a0b81d3eeafbd6a4f7/analysis/data/consolidated_game_data_20240505.csv
9,S9-PO-003,1,AURA Fire,ban,5,Natalia,https://liquipedia.net/mobilelegends/MPL/Indonesia/Season_9/Playoffs | https://github.com/LiTianYeoh/MLBB_Tournament_Analysis/blob/94ea36800e80c9e89a2356a0b81d3eeafbd6a4f7/analysis/data/consolidated_game_data_20240505.csv
9,S9-PO-003,1,AURA Fire,pick,1,Baxia,https://liquipedia.net/mobilelegends/MPL/Indonesia/Season_9/Playoffs | https://github.com/LiTianYeoh/MLBB_Tournament_Analysis/blob/94ea36800e80c9e89a2356a0b81d3eeafbd6a4f7/analysis/data/consolidated_game_data_20240505.csv
9,S9-PO-003,1,AURA Fire,pick,2,Popol and Kupa,https://liquipedia.net/mobilelegends/MPL/Indonesia/Season_9/Playoffs | https://github.com/LiTianYeoh/MLBB_Tournament_Analysis/blob/94ea36800e80c9e89a2356a0b81d3eeafbd6a4f7/analysis/data/consolidated_game_data_20240505.csv
9,S9-PO-003,1,AURA Fire,pick,3,Esmeralda,https://liquipedia.net/mobilelegends/MPL/Indonesia/Season_9/Playoffs | https://github.com/LiTianYeoh/MLBB_Tournament_Analysis/blob/94ea36800e80c9e89a2356a0b81d3eeafbd6a4f7/analysis/data/consolidated_game_data_20240505.csv
9,S9-PO-003,1,AURA Fire,pick,4,Fanny,https://liquipedia.net/mobilelegends/MPL/Indonesia/Season_9/Playoffs | https://github.com/LiTianYeoh/MLBB_Tournament_Analysis/blob/94ea36800e80c9e89a2356a0b81d3eeafbd6a4f7/analysis/data/consolidated_game_data_20240505.csv
9,S9-PO-003,1,AURA Fire,pick,5,Xavier,https://liquipedia.net/mobilelegends/MPL/Indonesia/Season_9/Playoffs | https://github.com/LiTianYeoh/MLBB_Tournament_Analysis/blob/94ea36800e80c9e89a2356a0b81d3eeafbd6a4f7/analysis/data/consolidated_game_data_20240505.csv
9,S9-PO-003,2,ONIC Esports,ban,1,Valentina,https://liquipedia.net/mobilelegends/MPL/Indonesia/Season_9/Playoffs | https://github.com/LiTianYeoh/MLBB_Tournament_Analysis/blob/94ea36800e80c9e89a2356a0b81d3eeafbd6a4f7/analysis/data/consolidated_game_data_20240505.csv
9,S9-PO-003,2,ONIC Esports,ban,2,Grock,https://liquipedia.net/mobilelegends/MPL/Indonesia/Season_9/Playoffs | https://github.com/LiTianYeoh/MLBB_Tournament_Analysis/blob/94ea36800e80c9e89a2356a0b81d3eeafbd6a4f7/analysis/data/consolidated_game_data_20240505.csv
9,S9-PO-003,2,ONIC Esports,ban,3,Baxia,https://liquipedia.net/mobilelegends/MPL/Indonesia/Season_9/Playoffs | https://github.com/LiTianYeoh/MLBB_Tournament_Analysis/blob/94ea36800e80c9e89a2356a0b81d3eeafbd6a4f7/analysis/data/consolidated_game_data_20240505.csv
9,S9-PO-003,2,ONIC Esports,ban,4,Dyrroth,https://liquipedia.net/mobilelegends/MPL/Indonesia/Season_9/Playoffs | https://github.com/LiTianYeoh/MLBB_Tournament_Analysis/blob/94ea36800e80c9e89a2356a0b81d3eeafbd6a4f7/analysis/data/consolidated_game_data_20240505.csv
9,S9-PO-003,2,ONIC Esports,ban,5,Hylos,https://liquipedia.net/mobilelegends/MPL/Indonesia/Season_9/Playoffs | https://github.com/LiTianYeoh/MLBB_Tournament_Analysis/blob/94ea36800e80c9e89a2356a0b81d3eeafbd6a4f7/analysis/data/consolidated_game_data_20240505.csv
9,S9-PO-003,2,ONIC Esports,pick,1,Fanny,https://liquipedia.net/mobilelegends/MPL/Indonesia/Season_9/Playoffs | https://github.com/LiTianYeoh/MLBB_Tournament_Analysis/blob/94ea36800e80c9e89a2356a0b81d3eeafbd6a4f7/analysis/data/consolidated_game_data_20240505.csv
9,S9-PO-003,2,ONIC Esports,pick,2,Lylia,https://liquipedia.net/mobilelegends/MPL/Indonesia/Season_9/Playoffs | https://github.com/LiTianYeoh/MLBB_Tournament_Analysis/blob/94ea36800e80c9e89a2356a0b81d3eeafbd6a4f7/analysis/data/consolidated_game_data_20240505.csv
9,S9-PO-003,2,ONIC Esports,pick,3,Esmeralda,https://liquipedia.net/mobilelegends/MPL/Indonesia/Season_9/Playoffs | https://github.com/LiTianYeoh/MLBB_Tournament_Analysis/blob/94ea36800e80c9e89a2356a0b81d3eeafbd6a4f7/analysis/data/consolidated_game_data_20240505.csv
9,S9-PO-003,2,ONIC Esports,pick,4,Wanwan,https://liquipedia.net/mobilelegends/MPL/Indonesia/Season_9/Playoffs | https://github.com/LiTianYeoh/MLBB_Tournament_Analysis/blob/94ea36800e80c9e89a2356a0b81d3eeafbd6a4f7/analysis/data/consolidated_game_data_20240505.csv
9,S9-PO-003,2,ONIC Esports,pick,5,Mathilda,https://liquipedia.net/mobilelegends/MPL/Indonesia/Season_9/Playoffs | https://github.com/LiTianYeoh/MLBB_Tournament_Analysis/blob/94ea36800e80c9e89a2356a0b81d3eeafbd6a4f7/analysis/data/consolidated_game_data_20240505.csv
9,S9-PO-003,2,AURA Fire,ban,1,Atlas,https://liquipedia.net/mobilelegends/MPL/Indonesia/Season_9/Playoffs | https://github.com/LiTianYeoh/MLBB_Tournament_Analysis/blob/94ea36800e80c9e89a2356a0b81d3eeafbd6a4f7/analysis/data/consolidated_game_data_20240505.csv
9,S9-PO-003,2,AURA Fire,ban,2,Diggie,https://liquipedia.net/mobilelegends/MPL/Indonesia/Season_9/Playoffs | https://github.com/LiTianYeoh/MLBB_Tournament_Analysis/blob/94ea36800e80c9e89a2356a0b81d3eeafbd6a4f7/analysis/data/consolidated_game_data_20240505.csv
9,S9-PO-003,2,AURA Fire,ban,3,Yve,https://liquipedia.net/mobilelegends/MPL/Indonesia/Season_9/Playoffs | https://github.com/LiTianYeoh/MLBB_Tournament_Analysis/blob/94ea36800e80c9e89a2356a0b81d3eeafbd6a4f7/analysis/data/consolidated_game_data_20240505.csv
9,S9-PO-003,2,AURA Fire,ban,4,Ling,https://liquipedia.net/mobilelegends/MPL/Indonesia/Season_9/Playoffs | https://github.com/LiTianYeoh/MLBB_Tournament_Analysis/blob/94ea36800e80c9e89a2356a0b81d3eeafbd6a4f7/analysis/data/consolidated_game_data_20240505.csv
9,S9-PO-003,2,AURA Fire,ban,5,Natalia,https://liquipedia.net/mobilelegends/MPL/Indonesia/Season_9/Playoffs | https://github.com/LiTianYeoh/MLBB_Tournament_Analysis/blob/94ea36800e80c9e89a2356a0b81d3eeafbd6a4f7/analysis/data/consolidated_game_data_20240505.csv
9,S9-PO-003,2,AURA Fire,pick,1,Hayabusa,https://liquipedia.net/mobilelegends/MPL/Indonesia/Season_9/Playoffs | https://github.com/LiTianYeoh/MLBB_Tournament_Analysis/blob/94ea36800e80c9e89a2356a0b81d3eeafbd6a4f7/analysis/data/consolidated_game_data_20240505.csv
9,S9-PO-003,2,AURA Fire,pick,2,Ruby,https://liquipedia.net/mobilelegends/MPL/Indonesia/Season_9/Playoffs | https://github.com/LiTianYeoh/MLBB_Tournament_Analysis/blob/94ea36800e80c9e89a2356a0b81d3eeafbd6a4f7/analysis/data/consolidated_game_data_20240505.csv
9,S9-PO-003,2,AURA Fire,pick,3,Khufra,https://liquipedia.net/mobilelegends/MPL/Indonesia/Season_9/Playoffs | https://github.com/LiTianYeoh/MLBB_Tournament_Analysis/blob/94ea36800e80c9e89a2356a0b81d3eeafbd6a4f7/analysis/data/consolidated_game_data_20240505.csv
9,S9-PO-003,2,AURA Fire,pick,4,Chou,https://liquipedia.net/mobilelegends/MPL/Indonesia/Season_9/Playoffs | https://github.com/LiTianYeoh/MLBB_Tournament_Analysis/blob/94ea36800e80c9e89a2356a0b81d3eeafbd6a4f7/analysis/data/consolidated_game_data_20240505.csv
9,S9-PO-003,2,AURA Fire,pick,5,Xavier,https://liquipedia.net/mobilelegends/MPL/Indonesia/Season_9/Playoffs | https://github.com/LiTianYeoh/MLBB_Tournament_Analysis/blob/94ea36800e80c9e89a2356a0b81d3eeafbd6a4f7/analysis/data/consolidated_game_data_20240505.csv
9,S9-PO-003,3,ONIC Esports,ban,1,Baxia,https://liquipedia.net/mobilelegends/MPL/Indonesia/Season_9/Playoffs | https://github.com/LiTianYeoh/MLBB_Tournament_Analysis/blob/94ea36800e80c9e89a2356a0b81d3eeafbd6a4f7/analysis/data/consolidated_game_data_20240505.csv
9,S9-PO-003,3,ONIC Esports,ban,2,Yve,https://liquipedia.net/mobilelegends/MPL/Indonesia/Season_9/Playoffs | https://github.com/LiTianYeoh/MLBB_Tournament_Analysis/blob/94ea36800e80c9e89a2356a0b81d3eeafbd6a4f7/analysis/data/consolidated_game_data_20240505.csv
9,S9-PO-003,3,ONIC Esports,ban,3,Esmeralda,https://liquipedia.net/mobilelegends/MPL/Indonesia/Season_9/Playoffs | https://github.com/LiTianYeoh/MLBB_Tournament_Analysis/blob/94ea36800e80c9e89a2356a0b81d3eeafbd6a4f7/analysis/data/consolidated_game_data_20240505.csv
9,S9-PO-003,3,ONIC Esports,ban,4,Yu Zhong,https://liquipedia.net/mobilelegends/MPL/Indonesia/Season_9/Playoffs | https://github.com/LiTianYeoh/MLBB_Tournament_Analysis/blob/94ea36800e80c9e89a2356a0b81d3eeafbd6a4f7/analysis/data/consolidated_game_data_20240505.csv
9,S9-PO-003,3,ONIC Esports,ban,5,Brody,https://liquipedia.net/mobilelegends/MPL/Indonesia/Season_9/Playoffs | https://github.com/LiTianYeoh/MLBB_Tournament_Analysis/blob/94ea36800e80c9e89a2356a0b81d3eeafbd6a4f7/analysis/data/consolidated_game_data_20240505.csv
9,S9-PO-003,3,ONIC Esports,pick,1,Fanny,https://liquipedia.net/mobilelegends/MPL/Indonesia/Season_9/Playoffs | https://github.com/LiTianYeoh/MLBB_Tournament_Analysis/blob/94ea36800e80c9e89a2356a0b81d3eeafbd6a4f7/analysis/data/consolidated_game_data_20240505.csv
9,S9-PO-003,3,ONIC Esports,pick,2,Hylos,https://liquipedia.net/mobilelegends/MPL/Indonesia/Season_9/Playoffs | https://github.com/LiTianYeoh/MLBB_Tournament_Analysis/blob/94ea36800e80c9e89a2356a0b81d3eeafbd6a4f7/analysis/data/consolidated_game_data_20240505.csv
9,S9-PO-003,3,ONIC Esports,pick,3,Beatrix,https://liquipedia.net/mobilelegends/MPL/Indonesia/Season_9/Playoffs | https://github.com/LiTianYeoh/MLBB_Tournament_Analysis/blob/94ea36800e80c9e89a2356a0b81d3eeafbd6a4f7/analysis/data/consolidated_game_data_20240505.csv
9,S9-PO-003,3,ONIC Esports,pick,4,Lunox,https://liquipedia.net/mobilelegends/MPL/Indonesia/Season_9/Playoffs | https://github.com/LiTianYeoh/MLBB_Tournament_Analysis/blob/94ea36800e80c9e89a2356a0b81d3eeafbd6a4f7/analysis/data/consolidated_game_data_20240505.csv
9,S9-PO-003,3,ONIC Esports,pick,5,Natalia,https://liquipedia.net/mobilelegends/MPL/Indonesia/Season_9/Playoffs | https://github.com/LiTianYeoh/MLBB_Tournament_Analysis/blob/94ea36800e80c9e89a2356a0b81d3eeafbd6a4f7/analysis/data/consolidated_game_data_20240505.csv
9,S9-PO-003,3,AURA Fire,ban,1,Selena,https://liquipedia.net/mobilelegends/MPL/Indonesia/Season_9/Playoffs | https://github.com/LiTianYeoh/MLBB_Tournament_Analysis/blob/94ea36800e80c9e89a2356a0b81d3eeafbd6a4f7/analysis/data/consolidated_game_data_20240505.csv
9,S9-PO-003,3,AURA Fire,ban,2,Lylia,https://liquipedia.net/mobilelegends/MPL/Indonesia/Season_9/Playoffs | https://github.com/LiTianYeoh/MLBB_Tournament_Analysis/blob/94ea36800e80c9e89a2356a0b81d3eeafbd6a4f7/analysis/data/consolidated_game_data_20240505.csv
9,S9-PO-003,3,AURA Fire,ban,3,Grock,https://liquipedia.net/mobilelegends/MPL/Indonesia/Season_9/Playoffs | https://github.com/LiTianYeoh/MLBB_Tournament_Analysis/blob/94ea36800e80c9e89a2356a0b81d3eeafbd6a4f7/analysis/data/consolidated_game_data_20240505.csv
9,S9-PO-003,3,AURA Fire,ban,4,Angela,https://liquipedia.net/mobilelegends/MPL/Indonesia/Season_9/Playoffs | https://github.com/LiTianYeoh/MLBB_Tournament_Analysis/blob/94ea36800e80c9e89a2356a0b81d3eeafbd6a4f7/analysis/data/consolidated_game_data_20240505.csv
9,S9-PO-003,3,AURA Fire,ban,5,Valentina,https://liquipedia.net/mobilelegends/MPL/Indonesia/Season_9/Playoffs | https://github.com/LiTianYeoh/MLBB_Tournament_Analysis/blob/94ea36800e80c9e89a2356a0b81d3eeafbd6a4f7/analysis/data/consolidated_game_data_20240505.csv
9,S9-PO-003,3,AURA Fire,pick,1,Kadita,https://liquipedia.net/mobilelegends/MPL/Indonesia/Season_9/Playoffs | https://github.com/LiTianYeoh/MLBB_Tournament_Analysis/blob/94ea36800e80c9e89a2356a0b81d3eeafbd6a4f7/analysis/data/consolidated_game_data_20240505.csv
9,S9-PO-003,3,AURA Fire,pick,2,Chou,https://liquipedia.net/mobilelegends/MPL/Indonesia/Season_9/Playoffs | https://github.com/LiTianYeoh/MLBB_Tournament_Analysis/blob/94ea36800e80c9e89a2356a0b81d3eeafbd6a4f7/analysis/data/consolidated_game_data_20240505.csv
9,S9-PO-003,3,AURA Fire,pick,3,Dyrroth,https://liquipedia.net/mobilelegends/MPL/Indonesia/Season_9/Playoffs | https://github.com/LiTianYeoh/MLBB_Tournament_Analysis/blob/94ea36800e80c9e89a2356a0b81d3eeafbd6a4f7/analysis/data/consolidated_game_data_20240505.csv
9,S9-PO-003,3,AURA Fire,pick,4,Khufra,https://liquipedia.net/mobilelegends/MPL/Indonesia/Season_9/Playoffs | https://github.com/LiTianYeoh/MLBB_Tournament_Analysis/blob/94ea36800e80c9e89a2356a0b81d3eeafbd6a4f7/analysis/data/consolidated_game_data_20240505.csv
9,S9-PO-003,3,AURA Fire,pick,5,Xavier,https://liquipedia.net/mobilelegends/MPL/Indonesia/Season_9/Playoffs | https://github.com/LiTianYeoh/MLBB_Tournament_Analysis/blob/94ea36800e80c9e89a2356a0b81d3eeafbd6a4f7/analysis/data/consolidated_game_data_20240505.csv
9,S9-PO-003,4,ONIC Esports,ban,1,Valentina,https://liquipedia.net/mobilelegends/MPL/Indonesia/Season_9/Playoffs | https://github.com/LiTianYeoh/MLBB_Tournament_Analysis/blob/94ea36800e80c9e89a2356a0b81d3eeafbd6a4f7/analysis/data/consolidated_game_data_20240505.csv
9,S9-PO-003,4,ONIC Esports,ban,2,Fanny,https://liquipedia.net/mobilelegends/MPL/Indonesia/Season_9/Playoffs | https://github.com/LiTianYeoh/MLBB_Tournament_Analysis/blob/94ea36800e80c9e89a2356a0b81d3eeafbd6a4f7/analysis/data/consolidated_game_data_20240505.csv
9,S9-PO-003,4,ONIC Esports,ban,3,Dyrroth,https://liquipedia.net/mobilelegends/MPL/Indonesia/Season_9/Playoffs | https://github.com/LiTianYeoh/MLBB_Tournament_Analysis/blob/94ea36800e80c9e89a2356a0b81d3eeafbd6a4f7/analysis/data/consolidated_game_data_20240505.csv
9,S9-PO-003,4,ONIC Esports,ban,4,Esmeralda,https://liquipedia.net/mobilelegends/MPL/Indonesia/Season_9/Playoffs | https://github.com/LiTianYeoh/MLBB_Tournament_Analysis/blob/94ea36800e80c9e89a2356a0b81d3eeafbd6a4f7/analysis/data/consolidated_game_data_20240505.csv
9,S9-PO-003,4,ONIC Esports,ban,5,Uranus,https://liquipedia.net/mobilelegends/MPL/Indonesia/Season_9/Playoffs | https://github.com/LiTianYeoh/MLBB_Tournament_Analysis/blob/94ea36800e80c9e89a2356a0b81d3eeafbd6a4f7/analysis/data/consolidated_game_data_20240505.csv
9,S9-PO-003,4,ONIC Esports,pick,1,Grock,https://liquipedia.net/mobilelegends/MPL/Indonesia/Season_9/Playoffs | https://github.com/LiTianYeoh/MLBB_Tournament_Analysis/blob/94ea36800e80c9e89a2356a0b81d3eeafbd6a4f7/analysis/data/consolidated_game_data_20240505.csv
9,S9-PO-003,4,ONIC Esports,pick,2,Hylos,https://liquipedia.net/mobilelegends/MPL/Indonesia/Season_9/Playoffs | https://github.com/LiTianYeoh/MLBB_Tournament_Analysis/blob/94ea36800e80c9e89a2356a0b81d3eeafbd6a4f7/analysis/data/consolidated_game_data_20240505.csv
9,S9-PO-003,4,ONIC Esports,pick,3,Lylia,https://liquipedia.net/mobilelegends/MPL/Indonesia/Season_9/Playoffs | https://github.com/LiTianYeoh/MLBB_Tournament_Analysis/blob/94ea36800e80c9e89a2356a0b81d3eeafbd6a4f7/analysis/data/consolidated_game_data_20240505.csv
9,S9-PO-003,4,ONIC Esports,pick,4,Popol and Kupa,https://liquipedia.net/mobilelegends/MPL/Indonesia/Season_9/Playoffs | https://github.com/LiTianYeoh/MLBB_Tournament_Analysis/blob/94ea36800e80c9e89a2356a0b81d3eeafbd6a4f7/analysis/data/consolidated_game_data_20240505.csv
9,S9-PO-003,4,ONIC Esports,pick,5,Helcurt,https://liquipedia.net/mobilelegends/MPL/Indonesia/Season_9/Playoffs | https://github.com/LiTianYeoh/MLBB_Tournament_Analysis/blob/94ea36800e80c9e89a2356a0b81d3eeafbd6a4f7/analysis/data/consolidated_game_data_20240505.csv
9,S9-PO-003,4,AURA Fire,ban,1,Lancelot,https://liquipedia.net/mobilelegends/MPL/Indonesia/Season_9/Playoffs | https://github.com/LiTianYeoh/MLBB_Tournament_Analysis/blob/94ea36800e80c9e89a2356a0b81d3eeafbd6a4f7/analysis/data/consolidated_game_data_20240505.csv
9,S9-PO-003,4,AURA Fire,ban,2,Phoveus,https://liquipedia.net/mobilelegends/MPL/Indonesia/Season_9/Playoffs | https://github.com/LiTianYeoh/MLBB_Tournament_Analysis/blob/94ea36800e80c9e89a2356a0b81d3eeafbd6a4f7/analysis/data/consolidated_game_data_20240505.csv
9,S9-PO-003,4,AURA Fire,ban,3,Yve,https://liquipedia.net/mobilelegends/MPL/Indonesia/Season_9/Playoffs | https://github.com/LiTianYeoh/MLBB_Tournament_Analysis/blob/94ea36800e80c9e89a2356a0b81d3eeafbd6a4f7/analysis/data/consolidated_game_data_20240505.csv
9,S9-PO-003,4,AURA Fire,ban,4,Ling,https://liquipedia.net/mobilelegends/MPL/Indonesia/Season_9/Playoffs | https://github.com/LiTianYeoh/MLBB_Tournament_Analysis/blob/94ea36800e80c9e89a2356a0b81d3eeafbd6a4f7/analysis/data/consolidated_game_data_20240505.csv
9,S9-PO-003,4,AURA Fire,ban,5,Natalia,https://liquipedia.net/mobilelegends/MPL/Indonesia/Season_9/Playoffs | https://github.com/LiTianYeoh/MLBB_Tournament_Analysis/blob/94ea36800e80c9e89a2356a0b81d3eeafbd6a4f7/analysis/data/consolidated_game_data_20240505.csv
9,S9-PO-003,4,AURA Fire,pick,1,X.Borg,https://liquipedia.net/mobilelegends/MPL/Indonesia/Season_9/Playoffs | https://github.com/LiTianYeoh/MLBB_Tournament_Analysis/blob/94ea36800e80c9e89a2356a0b81d3eeafbd6a4f7/analysis/data/consolidated_game_data_20240505.csv
9,S9-PO-003,4,AURA Fire,pick,2,Mathilda,https://liquipedia.net/mobilelegends/MPL/Indonesia/Season_9/Playoffs | https://github.com/LiTianYeoh/MLBB_Tournament_Analysis/blob/94ea36800e80c9e89a2356a0b81d3eeafbd6a4f7/analysis/data/consolidated_game_data_20240505.csv
9,S9-PO-003,4,AURA Fire,pick,3,Baxia,https://liquipedia.net/mobilelegends/MPL/Indonesia/Season_9/Playoffs | https://github.com/LiTianYeoh/MLBB_Tournament_Analysis/blob/94ea36800e80c9e89a2356a0b81d3eeafbd6a4f7/analysis/data/consolidated_game_data_20240505.csv
9,S9-PO-003,4,AURA Fire,pick,4,Beatrix,https://liquipedia.net/mobilelegends/MPL/Indonesia/Season_9/Playoffs | https://github.com/LiTianYeoh/MLBB_Tournament_Analysis/blob/94ea36800e80c9e89a2356a0b81d3eeafbd6a4f7/analysis/data/consolidated_game_data_20240505.csv
9,S9-PO-003,4,AURA Fire,pick,5,Xavier,https://liquipedia.net/mobilelegends/MPL/Indonesia/Season_9/Playoffs | https://github.com/LiTianYeoh/MLBB_Tournament_Analysis/blob/94ea36800e80c9e89a2356a0b81d3eeafbd6a4f7/analysis/data/consolidated_game_data_20240505.csv
9,S9-PO-004,1,RRQ Hoshi,ban,1,Karina,https://liquipedia.net/mobilelegends/MPL/Indonesia/Season_9/Playoffs | https://github.com/LiTianYeoh/MLBB_Tournament_Analysis/blob/94ea36800e80c9e89a2356a0b81d3eeafbd6a4f7/analysis/data/consolidated_game_data_20240505.csv
9,S9-PO-004,1,RRQ Hoshi,ban,2,Angela,https://liquipedia.net/mobilelegends/MPL/Indonesia/Season_9/Playoffs | https://github.com/LiTianYeoh/MLBB_Tournament_Analysis/blob/94ea36800e80c9e89a2356a0b81d3eeafbd6a4f7/analysis/data/consolidated_game_data_20240505.csv
9,S9-PO-004,1,RRQ Hoshi,ban,3,Hilda,https://liquipedia.net/mobilelegends/MPL/Indonesia/Season_9/Playoffs | https://github.com/LiTianYeoh/MLBB_Tournament_Analysis/blob/94ea36800e80c9e89a2356a0b81d3eeafbd6a4f7/analysis/data/consolidated_game_data_20240505.csv
9,S9-PO-004,1,RRQ Hoshi,ban,4,Wanwan,https://liquipedia.net/mobilelegends/MPL/Indonesia/Season_9/Playoffs | https://github.com/LiTianYeoh/MLBB_Tournament_Analysis/blob/94ea36800e80c9e89a2356a0b81d3eeafbd6a4f7/analysis/data/consolidated_game_data_20240505.csv
9,S9-PO-004,1,RRQ Hoshi,ban,5,Esmeralda,https://liquipedia.net/mobilelegends/MPL/Indonesia/Season_9/Playoffs | https://github.com/LiTianYeoh/MLBB_Tournament_Analysis/blob/94ea36800e80c9e89a2356a0b81d3eeafbd6a4f7/analysis/data/consolidated_game_data_20240505.csv
9,S9-PO-004,1,RRQ Hoshi,pick,1,Clint,https://liquipedia.net/mobilelegends/MPL/Indonesia/Season_9/Playoffs | https://github.com/LiTianYeoh/MLBB_Tournament_Analysis/blob/94ea36800e80c9e89a2356a0b81d3eeafbd6a4f7/analysis/data/consolidated_game_data_20240505.csv
9,S9-PO-004,1,RRQ Hoshi,pick,2,Ruby,https://liquipedia.net/mobilelegends/MPL/Indonesia/Season_9/Playoffs | https://github.com/LiTianYeoh/MLBB_Tournament_Analysis/blob/94ea36800e80c9e89a2356a0b81d3eeafbd6a4f7/analysis/data/consolidated_game_data_20240505.csv
9,S9-PO-004,1,RRQ Hoshi,pick,3,Lancelot,https://liquipedia.net/mobilelegends/MPL/Indonesia/Season_9/Playoffs | https://github.com/LiTianYeoh/MLBB_Tournament_Analysis/blob/94ea36800e80c9e89a2356a0b81d3eeafbd6a4f7/analysis/data/consolidated_game_data_20240505.csv
9,S9-PO-004,1,RRQ Hoshi,pick,4,Grock,https://liquipedia.net/mobilelegends/MPL/Indonesia/Season_9/Playoffs | https://github.com/LiTianYeoh/MLBB_Tournament_Analysis/blob/94ea36800e80c9e89a2356a0b81d3eeafbd6a4f7/analysis/data/consolidated_game_data_20240505.csv
9,S9-PO-004,1,RRQ Hoshi,pick,5,Xavier,https://liquipedia.net/mobilelegends/MPL/Indonesia/Season_9/Playoffs | https://github.com/LiTianYeoh/MLBB_Tournament_Analysis/blob/94ea36800e80c9e89a2356a0b81d3eeafbd6a4f7/analysis/data/consolidated_game_data_20240505.csv
9,S9-PO-004,1,EVOS Legends,ban,1,Beatrix,https://liquipedia.net/mobilelegends/MPL/Indonesia/Season_9/Playoffs | https://github.com/LiTianYeoh/MLBB_Tournament_Analysis/blob/94ea36800e80c9e89a2356a0b81d3eeafbd6a4f7/analysis/data/consolidated_game_data_20240505.csv
9,S9-PO-004,1,EVOS Legends,ban,2,Franco,https://liquipedia.net/mobilelegends/MPL/Indonesia/Season_9/Playoffs | https://github.com/LiTianYeoh/MLBB_Tournament_Analysis/blob/94ea36800e80c9e89a2356a0b81d3eeafbd6a4f7/analysis/data/consolidated_game_data_20240505.csv
9,S9-PO-004,1,EVOS Legends,ban,3,Yve,https://liquipedia.net/mobilelegends/MPL/Indonesia/Season_9/Playoffs | https://github.com/LiTianYeoh/MLBB_Tournament_Analysis/blob/94ea36800e80c9e89a2356a0b81d3eeafbd6a4f7/analysis/data/consolidated_game_data_20240505.csv
9,S9-PO-004,1,EVOS Legends,ban,4,Valentina,https://liquipedia.net/mobilelegends/MPL/Indonesia/Season_9/Playoffs | https://github.com/LiTianYeoh/MLBB_Tournament_Analysis/blob/94ea36800e80c9e89a2356a0b81d3eeafbd6a4f7/analysis/data/consolidated_game_data_20240505.csv
9,S9-PO-004,1,EVOS Legends,ban,5,Ling,https://liquipedia.net/mobilelegends/MPL/Indonesia/Season_9/Playoffs | https://github.com/LiTianYeoh/MLBB_Tournament_Analysis/blob/94ea36800e80c9e89a2356a0b81d3eeafbd6a4f7/analysis/data/consolidated_game_data_20240505.csv
9,S9-PO-004,1,EVOS Legends,pick,1,Brody,https://liquipedia.net/mobilelegends/MPL/Indonesia/Season_9/Playoffs | https://github.com/LiTianYeoh/MLBB_Tournament_Analysis/blob/94ea36800e80c9e89a2356a0b81d3eeafbd6a4f7/analysis/data/consolidated_game_data_20240505.csv
9,S9-PO-004,1,EVOS Legends,pick,2,Carmilla,https://liquipedia.net/mobilelegends/MPL/Indonesia/Season_9/Playoffs | https://github.com/LiTianYeoh/MLBB_Tournament_Analysis/blob/94ea36800e80c9e89a2356a0b81d3eeafbd6a4f7/analysis/data/consolidated_game_data_20240505.csv
9,S9-PO-004,1,EVOS Legends,pick,3,Cecilion,https://liquipedia.net/mobilelegends/MPL/Indonesia/Season_9/Playoffs | https://github.com/LiTianYeoh/MLBB_Tournament_Analysis/blob/94ea36800e80c9e89a2356a0b81d3eeafbd6a4f7/analysis/data/consolidated_game_data_20240505.csv
9,S9-PO-004,1,EVOS Legends,pick,4,Fanny,https://liquipedia.net/mobilelegends/MPL/Indonesia/Season_9/Playoffs | https://github.com/LiTianYeoh/MLBB_Tournament_Analysis/blob/94ea36800e80c9e89a2356a0b81d3eeafbd6a4f7/analysis/data/consolidated_game_data_20240505.csv
9,S9-PO-004,1,EVOS Legends,pick,5,Baxia,https://liquipedia.net/mobilelegends/MPL/Indonesia/Season_9/Playoffs | https://github.com/LiTianYeoh/MLBB_Tournament_Analysis/blob/94ea36800e80c9e89a2356a0b81d3eeafbd6a4f7/analysis/data/consolidated_game_data_20240505.csv
9,S9-PO-004,2,RRQ Hoshi,ban,1,Karina,https://liquipedia.net/mobilelegends/MPL/Indonesia/Season_9/Playoffs | https://github.com/LiTianYeoh/MLBB_Tournament_Analysis/blob/94ea36800e80c9e89a2356a0b81d3eeafbd6a4f7/analysis/data/consolidated_game_data_20240505.csv
9,S9-PO-004,2,RRQ Hoshi,ban,2,Hilda,https://liquipedia.net/mobilelegends/MPL/Indonesia/Season_9/Playoffs | https://github.com/LiTianYeoh/MLBB_Tournament_Analysis/blob/94ea36800e80c9e89a2356a0b81d3eeafbd6a4f7/analysis/data/consolidated_game_data_20240505.csv
9,S9-PO-004,2,RRQ Hoshi,ban,3,Fanny,https://liquipedia.net/mobilelegends/MPL/Indonesia/Season_9/Playoffs | https://github.com/LiTianYeoh/MLBB_Tournament_Analysis/blob/94ea36800e80c9e89a2356a0b81d3eeafbd6a4f7/analysis/data/consolidated_game_data_20240505.csv
9,S9-PO-004,2,RRQ Hoshi,ban,4,Xavier,https://liquipedia.net/mobilelegends/MPL/Indonesia/Season_9/Playoffs | https://github.com/LiTianYeoh/MLBB_Tournament_Analysis/blob/94ea36800e80c9e89a2356a0b81d3eeafbd6a4f7/analysis/data/consolidated_game_data_20240505.csv
9,S9-PO-004,2,RRQ Hoshi,ban,5,Masha,https://liquipedia.net/mobilelegends/MPL/Indonesia/Season_9/Playoffs | https://github.com/LiTianYeoh/MLBB_Tournament_Analysis/blob/94ea36800e80c9e89a2356a0b81d3eeafbd6a4f7/analysis/data/consolidated_game_data_20240505.csv
9,S9-PO-004,2,RRQ Hoshi,pick,1,Grock,https://liquipedia.net/mobilelegends/MPL/Indonesia/Season_9/Playoffs | https://github.com/LiTianYeoh/MLBB_Tournament_Analysis/blob/94ea36800e80c9e89a2356a0b81d3eeafbd6a4f7/analysis/data/consolidated_game_data_20240505.csv
9,S9-PO-004,2,RRQ Hoshi,pick,2,Cecilion,https://liquipedia.net/mobilelegends/MPL/Indonesia/Season_9/Playoffs | https://github.com/LiTianYeoh/MLBB_Tournament_Analysis/blob/94ea36800e80c9e89a2356a0b81d3eeafbd6a4f7/analysis/data/consolidated_game_data_20240505.csv
9,S9-PO-004,2,RRQ Hoshi,pick,3,Hayabusa,https://liquipedia.net/mobilelegends/MPL/Indonesia/Season_9/Playoffs | https://github.com/LiTianYeoh/MLBB_Tournament_Analysis/blob/94ea36800e80c9e89a2356a0b81d3eeafbd6a4f7/analysis/data/consolidated_game_data_20240505.csv
9,S9-PO-004,2,RRQ Hoshi,pick,4,Beatrix,https://liquipedia.net/mobilelegends/MPL/Indonesia/Season_9/Playoffs | https://github.com/LiTianYeoh/MLBB_Tournament_Analysis/blob/94ea36800e80c9e89a2356a0b81d3eeafbd6a4f7/analysis/data/consolidated_game_data_20240505.csv
9,S9-PO-004,2,RRQ Hoshi,pick,5,Uranus,https://liquipedia.net/mobilelegends/MPL/Indonesia/Season_9/Playoffs | https://github.com/LiTianYeoh/MLBB_Tournament_Analysis/blob/94ea36800e80c9e89a2356a0b81d3eeafbd6a4f7/analysis/data/consolidated_game_data_20240505.csv
9,S9-PO-004,2,EVOS Legends,ban,1,Natalia,https://liquipedia.net/mobilelegends/MPL/Indonesia/Season_9/Playoffs | https://github.com/LiTianYeoh/MLBB_Tournament_Analysis/blob/94ea36800e80c9e89a2356a0b81d3eeafbd6a4f7/analysis/data/consolidated_game_data_20240505.csv
9,S9-PO-004,2,EVOS Legends,ban,2,Franco,https://liquipedia.net/mobilelegends/MPL/Indonesia/Season_9/Playoffs | https://github.com/LiTianYeoh/MLBB_Tournament_Analysis/blob/94ea36800e80c9e89a2356a0b81d3eeafbd6a4f7/analysis/data/consolidated_game_data_20240505.csv
9,S9-PO-004,2,EVOS Legends,ban,3,Yve,https://liquipedia.net/mobilelegends/MPL/Indonesia/Season_9/Playoffs | https://github.com/LiTianYeoh/MLBB_Tournament_Analysis/blob/94ea36800e80c9e89a2356a0b81d3eeafbd6a4f7/analysis/data/consolidated_game_data_20240505.csv
9,S9-PO-004,2,EVOS Legends,ban,4,Valentina,https://liquipedia.net/mobilelegends/MPL/Indonesia/Season_9/Playoffs | https://github.com/LiTianYeoh/MLBB_Tournament_Analysis/blob/94ea36800e80c9e89a2356a0b81d3eeafbd6a4f7/analysis/data/consolidated_game_data_20240505.csv
9,S9-PO-004,2,EVOS Legends,ban,5,Ling,https://liquipedia.net/mobilelegends/MPL/Indonesia/Season_9/Playoffs | https://github.com/LiTianYeoh/MLBB_Tournament_Analysis/blob/94ea36800e80c9e89a2356a0b81d3eeafbd6a4f7/analysis/data/consolidated_game_data_20240505.csv
9,S9-PO-004,2,EVOS Legends,pick,1,Dyrroth,https://liquipedia.net/mobilelegends/MPL/Indonesia/Season_9/Playoffs | https://github.com/LiTianYeoh/MLBB_Tournament_Analysis/blob/94ea36800e80c9e89a2356a0b81d3eeafbd6a4f7/analysis/data/consolidated_game_data_20240505.csv
9,S9-PO-004,2,EVOS Legends,pick,2,Kagura,https://liquipedia.net/mobilelegends/MPL/Indonesia/Season_9/Playoffs | https://github.com/LiTianYeoh/MLBB_Tournament_Analysis/blob/94ea36800e80c9e89a2356a0b81d3eeafbd6a4f7/analysis/data/consolidated_game_data_20240505.csv
9,S9-PO-004,2,EVOS Legends,pick,3,Baxia,https://liquipedia.net/mobilelegends/MPL/Indonesia/Season_9/Playoffs | https://github.com/LiTianYeoh/MLBB_Tournament_Analysis/blob/94ea36800e80c9e89a2356a0b81d3eeafbd6a4f7/analysis/data/consolidated_game_data_20240505.csv
9,S9-PO-004,2,EVOS Legends,pick,4,Wanwan,https://liquipedia.net/mobilelegends/MPL/Indonesia/Season_9/Playoffs | https://github.com/LiTianYeoh/MLBB_Tournament_Analysis/blob/94ea36800e80c9e89a2356a0b81d3eeafbd6a4f7/analysis/data/consolidated_game_data_20240505.csv
9,S9-PO-004,2,EVOS Legends,pick,5,Angela,https://liquipedia.net/mobilelegends/MPL/Indonesia/Season_9/Playoffs | https://github.com/LiTianYeoh/MLBB_Tournament_Analysis/blob/94ea36800e80c9e89a2356a0b81d3eeafbd6a4f7/analysis/data/consolidated_game_data_20240505.csv
9,S9-PO-004,3,RRQ Hoshi,ban,1,Wanwan,https://liquipedia.net/mobilelegends/MPL/Indonesia/Season_9/Playoffs | https://github.com/LiTianYeoh/MLBB_Tournament_Analysis/blob/94ea36800e80c9e89a2356a0b81d3eeafbd6a4f7/analysis/data/consolidated_game_data_20240505.csv
9,S9-PO-004,3,RRQ Hoshi,ban,2,Angela,https://liquipedia.net/mobilelegends/MPL/Indonesia/Season_9/Playoffs | https://github.com/LiTianYeoh/MLBB_Tournament_Analysis/blob/94ea36800e80c9e89a2356a0b81d3eeafbd6a4f7/analysis/data/consolidated_game_data_20240505.csv
9,S9-PO-004,3,RRQ Hoshi,ban,3,Grock,https://liquipedia.net/mobilelegends/MPL/Indonesia/Season_9/Playoffs | https://github.com/LiTianYeoh/MLBB_Tournament_Analysis/blob/94ea36800e80c9e89a2356a0b81d3eeafbd6a4f7/analysis/data/consolidated_game_data_20240505.csv
9,S9-PO-004,3,RRQ Hoshi,ban,4,Popol and Kupa,https://liquipedia.net/mobilelegends/MPL/Indonesia/Season_9/Playoffs | https://github.com/LiTianYeoh/MLBB_Tournament_Analysis/blob/94ea36800e80c9e89a2356a0b81d3eeafbd6a4f7/analysis/data/consolidated_game_data_20240505.csv
9,S9-PO-004,3,RRQ Hoshi,ban,5,Yu Zhong,https://liquipedia.net/mobilelegends/MPL/Indonesia/Season_9/Playoffs | https://github.com/LiTianYeoh/MLBB_Tournament_Analysis/blob/94ea36800e80c9e89a2356a0b81d3eeafbd6a4f7/analysis/data/consolidated_game_data_20240505.csv
9,S9-PO-004,3,RRQ Hoshi,pick,1,Yve,https://liquipedia.net/mobilelegends/MPL/Indonesia/Season_9/Playoffs | https://github.com/LiTianYeoh/MLBB_Tournament_Analysis/blob/94ea36800e80c9e89a2356a0b81d3eeafbd6a4f7/analysis/data/consolidated_game_data_20240505.csv
9,S9-PO-004,3,RRQ Hoshi,pick,2,Karina,https://liquipedia.net/mobilelegends/MPL/Indonesia/Season_9/Playoffs | https://github.com/LiTianYeoh/MLBB_Tournament_Analysis/blob/94ea36800e80c9e89a2356a0b81d3eeafbd6a4f7/analysis/data/consolidated_game_data_20240505.csv
9,S9-PO-004,3,RRQ Hoshi,pick,3,Moskov,https://liquipedia.net/mobilelegends/MPL/Indonesia/Season_9/Playoffs | https://github.com/LiTianYeoh/MLBB_Tournament_Analysis/blob/94ea36800e80c9e89a2356a0b81d3eeafbd6a4f7/analysis/data/consolidated_game_data_20240505.csv
9,S9-PO-004,3,RRQ Hoshi,pick,4,Masha,https://liquipedia.net/mobilelegends/MPL/Indonesia/Season_9/Playoffs | https://github.com/LiTianYeoh/MLBB_Tournament_Analysis/blob/94ea36800e80c9e89a2356a0b81d3eeafbd6a4f7/analysis/data/consolidated_game_data_20240505.csv
9,S9-PO-004,3,RRQ Hoshi,pick,5,Khufra,https://liquipedia.net/mobilelegends/MPL/Indonesia/Season_9/Playoffs | https://github.com/LiTianYeoh/MLBB_Tournament_Analysis/blob/94ea36800e80c9e89a2356a0b81d3eeafbd6a4f7/analysis/data/consolidated_game_data_20240505.csv
9,S9-PO-004,3,EVOS Legends,ban,1,Ruby,https://liquipedia.net/mobilelegends/MPL/Indonesia/Season_9/Playoffs | https://github.com/LiTianYeoh/MLBB_Tournament_Analysis/blob/94ea36800e80c9e89a2356a0b81d3eeafbd6a4f7/analysis/data/consolidated_game_data_20240505.csv
9,S9-PO-004,3,EVOS Legends,ban,2,Franco,https://liquipedia.net/mobilelegends/MPL/Indonesia/Season_9/Playoffs | https://github.com/LiTianYeoh/MLBB_Tournament_Analysis/blob/94ea36800e80c9e89a2356a0b81d3eeafbd6a4f7/analysis/data/consolidated_game_data_20240505.csv
9,S9-PO-004,3,EVOS Legends,ban,3,Baxia,https://liquipedia.net/mobilelegends/MPL/Indonesia/Season_9/Playoffs | https://github.com/LiTianYeoh/MLBB_Tournament_Analysis/blob/94ea36800e80c9e89a2356a0b81d3eeafbd6a4f7/analysis/data/consolidated_game_data_20240505.csv
9,S9-PO-004,3,EVOS Legends,ban,4,Valentina,https://liquipedia.net/mobilelegends/MPL/Indonesia/Season_9/Playoffs | https://github.com/LiTianYeoh/MLBB_Tournament_Analysis/blob/94ea36800e80c9e89a2356a0b81d3eeafbd6a4f7/analysis/data/consolidated_game_data_20240505.csv
9,S9-PO-004,3,EVOS Legends,ban,5,Ling,https://liquipedia.net/mobilelegends/MPL/Indonesia/Season_9/Playoffs | https://github.com/LiTianYeoh/MLBB_Tournament_Analysis/blob/94ea36800e80c9e89a2356a0b81d3eeafbd6a4f7/analysis/data/consolidated_game_data_20240505.csv
9,S9-PO-004,3,EVOS Legends,pick,1,Melissa,https://liquipedia.net/mobilelegends/MPL/Indonesia/Season_9/Playoffs | https://github.com/LiTianYeoh/MLBB_Tournament_Analysis/blob/94ea36800e80c9e89a2356a0b81d3eeafbd6a4f7/analysis/data/consolidated_game_data_20240505.csv
9,S9-PO-004,3,EVOS Legends,pick,2,Esmeralda,https://liquipedia.net/mobilelegends/MPL/Indonesia/Season_9/Playoffs | https://github.com/LiTianYeoh/MLBB_Tournament_Analysis/blob/94ea36800e80c9e89a2356a0b81d3eeafbd6a4f7/analysis/data/consolidated_game_data_20240505.csv
9,S9-PO-004,3,EVOS Legends,pick,3,Cecilion,https://liquipedia.net/mobilelegends/MPL/Indonesia/Season_9/Playoffs | https://github.com/LiTianYeoh/MLBB_Tournament_Analysis/blob/94ea36800e80c9e89a2356a0b81d3eeafbd6a4f7/analysis/data/consolidated_game_data_20240505.csv
9,S9-PO-004,3,EVOS Legends,pick,4,Hilda,https://liquipedia.net/mobilelegends/MPL/Indonesia/Season_9/Playoffs | https://github.com/LiTianYeoh/MLBB_Tournament_Analysis/blob/94ea36800e80c9e89a2356a0b81d3eeafbd6a4f7/analysis/data/consolidated_game_data_20240505.csv
9,S9-PO-004,3,EVOS Legends,pick,5,Fanny,https://liquipedia.net/mobilelegends/MPL/Indonesia/Season_9/Playoffs | https://github.com/LiTianYeoh/MLBB_Tournament_Analysis/blob/94ea36800e80c9e89a2356a0b81d3eeafbd6a4f7/analysis/data/consolidated_game_data_20240505.csv
9,S9-PO-004,4,RRQ Hoshi,ban,1,Wanwan,https://liquipedia.net/mobilelegends/MPL/Indonesia/Season_9/Playoffs | https://github.com/LiTianYeoh/MLBB_Tournament_Analysis/blob/94ea36800e80c9e89a2356a0b81d3eeafbd6a4f7/analysis/data/consolidated_game_data_20240505.csv
9,S9-PO-004,4,RRQ Hoshi,ban,2,Valentina,https://liquipedia.net/mobilelegends/MPL/Indonesia/Season_9/Playoffs | https://github.com/LiTianYeoh/MLBB_Tournament_Analysis/blob/94ea36800e80c9e89a2356a0b81d3eeafbd6a4f7/analysis/data/consolidated_game_data_20240505.csv
9,S9-PO-004,4,RRQ Hoshi,ban,3,Angela,https://liquipedia.net/mobilelegends/MPL/Indonesia/Season_9/Playoffs | https://github.com/LiTianYeoh/MLBB_Tournament_Analysis/blob/94ea36800e80c9e89a2356a0b81d3eeafbd6a4f7/analysis/data/consolidated_game_data_20240505.csv
9,S9-PO-004,4,RRQ Hoshi,ban,4,Dyrroth,https://liquipedia.net/mobilelegends/MPL/Indonesia/Season_9/Playoffs | https://github.com/LiTianYeoh/MLBB_Tournament_Analysis/blob/94ea36800e80c9e89a2356a0b81d3eeafbd6a4f7/analysis/data/consolidated_game_data_20240505.csv
9,S9-PO-004,4,RRQ Hoshi,ban,5,Lancelot,https://liquipedia.net/mobilelegends/MPL/Indonesia/Season_9/Playoffs | https://github.com/LiTianYeoh/MLBB_Tournament_Analysis/blob/94ea36800e80c9e89a2356a0b81d3eeafbd6a4f7/analysis/data/consolidated_game_data_20240505.csv
9,S9-PO-004,4,RRQ Hoshi,pick,1,Lylia,https://liquipedia.net/mobilelegends/MPL/Indonesia/Season_9/Playoffs | https://github.com/LiTianYeoh/MLBB_Tournament_Analysis/blob/94ea36800e80c9e89a2356a0b81d3eeafbd6a4f7/analysis/data/consolidated_game_data_20240505.csv
9,S9-PO-004,4,RRQ Hoshi,pick,2,Karina,https://liquipedia.net/mobilelegends/MPL/Indonesia/Season_9/Playoffs | https://github.com/LiTianYeoh/MLBB_Tournament_Analysis/blob/94ea36800e80c9e89a2356a0b81d3eeafbd6a4f7/analysis/data/consolidated_game_data_20240505.csv
9,S9-PO-004,4,RRQ Hoshi,pick,3,Esmeralda,https://liquipedia.net/mobilelegends/MPL/Indonesia/Season_9/Playoffs | https://github.com/LiTianYeoh/MLBB_Tournament_Analysis/blob/94ea36800e80c9e89a2356a0b81d3eeafbd6a4f7/analysis/data/consolidated_game_data_20240505.csv
9,S9-PO-004,4,RRQ Hoshi,pick,4,Franco,https://liquipedia.net/mobilelegends/MPL/Indonesia/Season_9/Playoffs | https://github.com/LiTianYeoh/MLBB_Tournament_Analysis/blob/94ea36800e80c9e89a2356a0b81d3eeafbd6a4f7/analysis/data/consolidated_game_data_20240505.csv
9,S9-PO-004,4,RRQ Hoshi,pick,5,Brody,https://liquipedia.net/mobilelegends/MPL/Indonesia/Season_9/Playoffs | https://github.com/LiTianYeoh/MLBB_Tournament_Analysis/blob/94ea36800e80c9e89a2356a0b81d3eeafbd6a4f7/analysis/data/consolidated_game_data_20240505.csv
9,S9-PO-004,4,EVOS Legends,ban,1,Claude,https://liquipedia.net/mobilelegends/MPL/Indonesia/Season_9/Playoffs | https://github.com/LiTianYeoh/MLBB_Tournament_Analysis/blob/94ea36800e80c9e89a2356a0b81d3eeafbd6a4f7/analysis/data/consolidated_game_data_20240505.csv
9,S9-PO-004,4,EVOS Legends,ban,2,Popol and Kupa,https://liquipedia.net/mobilelegends/MPL/Indonesia/Season_9/Playoffs | https://github.com/LiTianYeoh/MLBB_Tournament_Analysis/blob/94ea36800e80c9e89a2356a0b81d3eeafbd6a4f7/analysis/data/consolidated_game_data_20240505.csv
9,S9-PO-004,4,EVOS Legends,ban,3,Grock,https://liquipedia.net/mobilelegends/MPL/Indonesia/Season_9/Playoffs | https://github.com/LiTianYeoh/MLBB_Tournament_Analysis/blob/94ea36800e80c9e89a2356a0b81d3eeafbd6a4f7/analysis/data/consolidated_game_data_20240505.csv
9,S9-PO-004,4,EVOS Legends,ban,4,Yve,https://liquipedia.net/mobilelegends/MPL/Indonesia/Season_9/Playoffs | https://github.com/LiTianYeoh/MLBB_Tournament_Analysis/blob/94ea36800e80c9e89a2356a0b81d3eeafbd6a4f7/analysis/data/consolidated_game_data_20240505.csv
9,S9-PO-004,4,EVOS Legends,ban,5,Ling,https://liquipedia.net/mobilelegends/MPL/Indonesia/Season_9/Playoffs | https://github.com/LiTianYeoh/MLBB_Tournament_Analysis/blob/94ea36800e80c9e89a2356a0b81d3eeafbd6a4f7/analysis/data/consolidated_game_data_20240505.csv
9,S9-PO-004,4,EVOS Legends,pick,1,Harley,https://liquipedia.net/mobilelegends/MPL/Indonesia/Season_9/Playoffs | https://github.com/LiTianYeoh/MLBB_Tournament_Analysis/blob/94ea36800e80c9e89a2356a0b81d3eeafbd6a4f7/analysis/data/consolidated_game_data_20240505.csv
9,S9-PO-004,4,EVOS Legends,pick,2,Melissa,https://liquipedia.net/mobilelegends/MPL/Indonesia/Season_9/Playoffs | https://github.com/LiTianYeoh/MLBB_Tournament_Analysis/blob/94ea36800e80c9e89a2356a0b81d3eeafbd6a4f7/analysis/data/consolidated_game_data_20240505.csv
9,S9-PO-004,4,EVOS Legends,pick,3,Masha,https://liquipedia.net/mobilelegends/MPL/Indonesia/Season_9/Playoffs | https://github.com/LiTianYeoh/MLBB_Tournament_Analysis/blob/94ea36800e80c9e89a2356a0b81d3eeafbd6a4f7/analysis/data/consolidated_game_data_20240505.csv
9,S9-PO-004,4,EVOS Legends,pick,4,Cecilion,https://liquipedia.net/mobilelegends/MPL/Indonesia/Season_9/Playoffs | https://github.com/LiTianYeoh/MLBB_Tournament_Analysis/blob/94ea36800e80c9e89a2356a0b81d3eeafbd6a4f7/analysis/data/consolidated_game_data_20240505.csv
9,S9-PO-004,4,EVOS Legends,pick,5,Baxia,https://liquipedia.net/mobilelegends/MPL/Indonesia/Season_9/Playoffs | https://github.com/LiTianYeoh/MLBB_Tournament_Analysis/blob/94ea36800e80c9e89a2356a0b81d3eeafbd6a4f7/analysis/data/consolidated_game_data_20240505.csv
9,S9-PO-004,5,RRQ Hoshi,ban,1,Wanwan,https://liquipedia.net/mobilelegends/MPL/Indonesia/Season_9/Playoffs | https://github.com/LiTianYeoh/MLBB_Tournament_Analysis/blob/94ea36800e80c9e89a2356a0b81d3eeafbd6a4f7/analysis/data/consolidated_game_data_20240505.csv
9,S9-PO-004,5,RRQ Hoshi,ban,2,Angela,https://liquipedia.net/mobilelegends/MPL/Indonesia/Season_9/Playoffs | https://github.com/LiTianYeoh/MLBB_Tournament_Analysis/blob/94ea36800e80c9e89a2356a0b81d3eeafbd6a4f7/analysis/data/consolidated_game_data_20240505.csv
9,S9-PO-004,5,RRQ Hoshi,ban,3,Grock,https://liquipedia.net/mobilelegends/MPL/Indonesia/Season_9/Playoffs | https://github.com/LiTianYeoh/MLBB_Tournament_Analysis/blob/94ea36800e80c9e89a2356a0b81d3eeafbd6a4f7/analysis/data/consolidated_game_data_20240505.csv
9,S9-PO-004,5,RRQ Hoshi,ban,4,Lancelot,https://liquipedia.net/mobilelegends/MPL/Indonesia/Season_9/Playoffs | https://github.com/LiTianYeoh/MLBB_Tournament_Analysis/blob/94ea36800e80c9e89a2356a0b81d3eeafbd6a4f7/analysis/data/consolidated_game_data_20240505.csv
9,S9-PO-004,5,RRQ Hoshi,ban,5,Fanny,https://liquipedia.net/mobilelegends/MPL/Indonesia/Season_9/Playoffs | https://github.com/LiTianYeoh/MLBB_Tournament_Analysis/blob/94ea36800e80c9e89a2356a0b81d3eeafbd6a4f7/analysis/data/consolidated_game_data_20240505.csv
9,S9-PO-004,5,RRQ Hoshi,pick,1,Karina,https://liquipedia.net/mobilelegends/MPL/Indonesia/Season_9/Playoffs | https://github.com/LiTianYeoh/MLBB_Tournament_Analysis/blob/94ea36800e80c9e89a2356a0b81d3eeafbd6a4f7/analysis/data/consolidated_game_data_20240505.csv
9,S9-PO-004,5,RRQ Hoshi,pick,2,Lylia,https://liquipedia.net/mobilelegends/MPL/Indonesia/Season_9/Playoffs | https://github.com/LiTianYeoh/MLBB_Tournament_Analysis/blob/94ea36800e80c9e89a2356a0b81d3eeafbd6a4f7/analysis/data/consolidated_game_data_20240505.csv
9,S9-PO-004,5,RRQ Hoshi,pick,3,Masha,https://liquipedia.net/mobilelegends/MPL/Indonesia/Season_9/Playoffs | https://github.com/LiTianYeoh/MLBB_Tournament_Analysis/blob/94ea36800e80c9e89a2356a0b81d3eeafbd6a4f7/analysis/data/consolidated_game_data_20240505.csv
9,S9-PO-004,5,RRQ Hoshi,pick,4,Brody,https://liquipedia.net/mobilelegends/MPL/Indonesia/Season_9/Playoffs | https://github.com/LiTianYeoh/MLBB_Tournament_Analysis/blob/94ea36800e80c9e89a2356a0b81d3eeafbd6a4f7/analysis/data/consolidated_game_data_20240505.csv
9,S9-PO-004,5,RRQ Hoshi,pick,5,Mathilda,https://liquipedia.net/mobilelegends/MPL/Indonesia/Season_9/Playoffs | https://github.com/LiTianYeoh/MLBB_Tournament_Analysis/blob/94ea36800e80c9e89a2356a0b81d3eeafbd6a4f7/analysis/data/consolidated_game_data_20240505.csv
9,S9-PO-004,5,EVOS Legends,ban,1,Natalia,https://liquipedia.net/mobilelegends/MPL/Indonesia/Season_9/Playoffs | https://github.com/LiTianYeoh/MLBB_Tournament_Analysis/blob/94ea36800e80c9e89a2356a0b81d3eeafbd6a4f7/analysis/data/consolidated_game_data_20240505.csv
9,S9-PO-004,5,EVOS Legends,ban,2,Atlas,https://liquipedia.net/mobilelegends/MPL/Indonesia/Season_9/Playoffs | https://github.com/LiTianYeoh/MLBB_Tournament_Analysis/blob/94ea36800e80c9e89a2356a0b81d3eeafbd6a4f7/analysis/data/consolidated_game_data_20240505.csv
9,S9-PO-004,5,EVOS Legends,ban,3,Franco,https://liquipedia.net/mobilelegends/MPL/Indonesia/Season_9/Playoffs | https://github.com/LiTianYeoh/MLBB_Tournament_Analysis/blob/94ea36800e80c9e89a2356a0b81d3eeafbd6a4f7/analysis/data/consolidated_game_data_20240505.csv
9,S9-PO-004,5,EVOS Legends,ban,4,Yve,https://liquipedia.net/mobilelegends/MPL/Indonesia/Season_9/Playoffs | https://github.com/LiTianYeoh/MLBB_Tournament_Analysis/blob/94ea36800e80c9e89a2356a0b81d3eeafbd6a4f7/analysis/data/consolidated_game_data_20240505.csv
9,S9-PO-004,5,EVOS Legends,ban,5,Valentina,https://liquipedia.net/mobilelegends/MPL/Indonesia/Season_9/Playoffs | https://github.com/LiTianYeoh/MLBB_Tournament_Analysis/blob/94ea36800e80c9e89a2356a0b81d3eeafbd6a4f7/analysis/data/consolidated_game_data_20240505.csv
9,S9-PO-004,5,EVOS Legends,pick,1,Uranus,https://liquipedia.net/mobilelegends/MPL/Indonesia/Season_9/Playoffs | https://github.com/LiTianYeoh/MLBB_Tournament_Analysis/blob/94ea36800e80c9e89a2356a0b81d3eeafbd6a4f7/analysis/data/consolidated_game_data_20240505.csv
9,S9-PO-004,5,EVOS Legends,pick,2,Rafaela,https://liquipedia.net/mobilelegends/MPL/Indonesia/Season_9/Playoffs | https://github.com/LiTianYeoh/MLBB_Tournament_Analysis/blob/94ea36800e80c9e89a2356a0b81d3eeafbd6a4f7/analysis/data/consolidated_game_data_20240505.csv
9,S9-PO-004,5,EVOS Legends,pick,3,Popol and Kupa,https://liquipedia.net/mobilelegends/MPL/Indonesia/Season_9/Playoffs | https://github.com/LiTianYeoh/MLBB_Tournament_Analysis/blob/94ea36800e80c9e89a2356a0b81d3eeafbd6a4f7/analysis/data/consolidated_game_data_20240505.csv
9,S9-PO-004,5,EVOS Legends,pick,4,Xavier,https://liquipedia.net/mobilelegends/MPL/Indonesia/Season_9/Playoffs | https://github.com/LiTianYeoh/MLBB_Tournament_Analysis/blob/94ea36800e80c9e89a2356a0b81d3eeafbd6a4f7/analysis/data/consolidated_game_data_20240505.csv
9,S9-PO-004,5,EVOS Legends,pick,5,Baxia,https://liquipedia.net/mobilelegends/MPL/Indonesia/Season_9/Playoffs | https://github.com/LiTianYeoh/MLBB_Tournament_Analysis/blob/94ea36800e80c9e89a2356a0b81d3eeafbd6a4f7/analysis/data/consolidated_game_data_20240505.csv
9,S9-PO-005,1,AURA Fire,ban,1,Wanwan,https://liquipedia.net/mobilelegends/MPL/Indonesia/Season_9/Playoffs | https://github.com/LiTianYeoh/MLBB_Tournament_Analysis/blob/94ea36800e80c9e89a2356a0b81d3eeafbd6a4f7/analysis/data/consolidated_game_data_20240505.csv
9,S9-PO-005,1,AURA Fire,ban,2,Angela,https://liquipedia.net/mobilelegends/MPL/Indonesia/Season_9/Playoffs | https://github.com/LiTianYeoh/MLBB_Tournament_Analysis/blob/94ea36800e80c9e89a2356a0b81d3eeafbd6a4f7/analysis/data/consolidated_game_data_20240505.csv
9,S9-PO-005,1,AURA Fire,ban,3,Yve,https://liquipedia.net/mobilelegends/MPL/Indonesia/Season_9/Playoffs | https://github.com/LiTianYeoh/MLBB_Tournament_Analysis/blob/94ea36800e80c9e89a2356a0b81d3eeafbd6a4f7/analysis/data/consolidated_game_data_20240505.csv
9,S9-PO-005,1,AURA Fire,ban,4,Melissa,https://liquipedia.net/mobilelegends/MPL/Indonesia/Season_9/Playoffs | https://github.com/LiTianYeoh/MLBB_Tournament_Analysis/blob/94ea36800e80c9e89a2356a0b81d3eeafbd6a4f7/analysis/data/consolidated_game_data_20240505.csv
9,S9-PO-005,1,AURA Fire,ban,5,Brody,https://liquipedia.net/mobilelegends/MPL/Indonesia/Season_9/Playoffs | https://github.com/LiTianYeoh/MLBB_Tournament_Analysis/blob/94ea36800e80c9e89a2356a0b81d3eeafbd6a4f7/analysis/data/consolidated_game_data_20240505.csv
9,S9-PO-005,1,AURA Fire,pick,1,Karina,https://liquipedia.net/mobilelegends/MPL/Indonesia/Season_9/Playoffs | https://github.com/LiTianYeoh/MLBB_Tournament_Analysis/blob/94ea36800e80c9e89a2356a0b81d3eeafbd6a4f7/analysis/data/consolidated_game_data_20240505.csv
9,S9-PO-005,1,AURA Fire,pick,2,Lylia,https://liquipedia.net/mobilelegends/MPL/Indonesia/Season_9/Playoffs | https://github.com/LiTianYeoh/MLBB_Tournament_Analysis/blob/94ea36800e80c9e89a2356a0b81d3eeafbd6a4f7/analysis/data/consolidated_game_data_20240505.csv
9,S9-PO-005,1,AURA Fire,pick,3,Popol and Kupa,https://liquipedia.net/mobilelegends/MPL/Indonesia/Season_9/Playoffs | https://github.com/LiTianYeoh/MLBB_Tournament_Analysis/blob/94ea36800e80c9e89a2356a0b81d3eeafbd6a4f7/analysis/data/consolidated_game_data_20240505.csv
9,S9-PO-005,1,AURA Fire,pick,4,Hilda,https://liquipedia.net/mobilelegends/MPL/Indonesia/Season_9/Playoffs | https://github.com/LiTianYeoh/MLBB_Tournament_Analysis/blob/94ea36800e80c9e89a2356a0b81d3eeafbd6a4f7/analysis/data/consolidated_game_data_20240505.csv
9,S9-PO-005,1,AURA Fire,pick,5,Hylos,https://liquipedia.net/mobilelegends/MPL/Indonesia/Season_9/Playoffs | https://github.com/LiTianYeoh/MLBB_Tournament_Analysis/blob/94ea36800e80c9e89a2356a0b81d3eeafbd6a4f7/analysis/data/consolidated_game_data_20240505.csv
9,S9-PO-005,1,EVOS Legends,ban,1,Kadita,https://liquipedia.net/mobilelegends/MPL/Indonesia/Season_9/Playoffs | https://github.com/LiTianYeoh/MLBB_Tournament_Analysis/blob/94ea36800e80c9e89a2356a0b81d3eeafbd6a4f7/analysis/data/consolidated_game_data_20240505.csv
9,S9-PO-005,1,EVOS Legends,ban,2,Mathilda,https://liquipedia.net/mobilelegends/MPL/Indonesia/Season_9/Playoffs | https://github.com/LiTianYeoh/MLBB_Tournament_Analysis/blob/94ea36800e80c9e89a2356a0b81d3eeafbd6a4f7/analysis/data/consolidated_game_data_20240505.csv
9,S9-PO-005,1,EVOS Legends,ban,3,Grock,https://liquipedia.net/mobilelegends/MPL/Indonesia/Season_9/Playoffs | https://github.com/LiTianYeoh/MLBB_Tournament_Analysis/blob/94ea36800e80c9e89a2356a0b81d3eeafbd6a4f7/analysis/data/consolidated_game_data_20240505.csv
9,S9-PO-005,1,EVOS Legends,ban,4,Fanny,https://liquipedia.net/mobilelegends/MPL/Indonesia/Season_9/Playoffs | https://github.com/LiTianYeoh/MLBB_Tournament_Analysis/blob/94ea36800e80c9e89a2356a0b81d3eeafbd6a4f7/analysis/data/consolidated_game_data_20240505.csv
9,S9-PO-005,1,EVOS Legends,ban,5,Valentina,https://liquipedia.net/mobilelegends/MPL/Indonesia/Season_9/Playoffs | https://github.com/LiTianYeoh/MLBB_Tournament_Analysis/blob/94ea36800e80c9e89a2356a0b81d3eeafbd6a4f7/analysis/data/consolidated_game_data_20240505.csv
9,S9-PO-005,1,EVOS Legends,pick,1,Chou,https://liquipedia.net/mobilelegends/MPL/Indonesia/Season_9/Playoffs | https://github.com/LiTianYeoh/MLBB_Tournament_Analysis/blob/94ea36800e80c9e89a2356a0b81d3eeafbd6a4f7/analysis/data/consolidated_game_data_20240505.csv
9,S9-PO-005,1,EVOS Legends,pick,2,Beatrix,https://liquipedia.net/mobilelegends/MPL/Indonesia/Season_9/Playoffs | https://github.com/LiTianYeoh/MLBB_Tournament_Analysis/blob/94ea36800e80c9e89a2356a0b81d3eeafbd6a4f7/analysis/data/consolidated_game_data_20240505.csv
9,S9-PO-005,1,EVOS Legends,pick,3,Ling,https://liquipedia.net/mobilelegends/MPL/Indonesia/Season_9/Playoffs | https://github.com/LiTianYeoh/MLBB_Tournament_Analysis/blob/94ea36800e80c9e89a2356a0b81d3eeafbd6a4f7/analysis/data/consolidated_game_data_20240505.csv
9,S9-PO-005,1,EVOS Legends,pick,4,Xavier,https://liquipedia.net/mobilelegends/MPL/Indonesia/Season_9/Playoffs | https://github.com/LiTianYeoh/MLBB_Tournament_Analysis/blob/94ea36800e80c9e89a2356a0b81d3eeafbd6a4f7/analysis/data/consolidated_game_data_20240505.csv
9,S9-PO-005,1,EVOS Legends,pick,5,Baxia,https://liquipedia.net/mobilelegends/MPL/Indonesia/Season_9/Playoffs | https://github.com/LiTianYeoh/MLBB_Tournament_Analysis/blob/94ea36800e80c9e89a2356a0b81d3eeafbd6a4f7/analysis/data/consolidated_game_data_20240505.csv
9,S9-PO-005,2,AURA Fire,ban,1,Wanwan,https://liquipedia.net/mobilelegends/MPL/Indonesia/Season_9/Playoffs | https://github.com/LiTianYeoh/MLBB_Tournament_Analysis/blob/94ea36800e80c9e89a2356a0b81d3eeafbd6a4f7/analysis/data/consolidated_game_data_20240505.csv
9,S9-PO-005,2,AURA Fire,ban,2,Angela,https://liquipedia.net/mobilelegends/MPL/Indonesia/Season_9/Playoffs | https://github.com/LiTianYeoh/MLBB_Tournament_Analysis/blob/94ea36800e80c9e89a2356a0b81d3eeafbd6a4f7/analysis/data/consolidated_game_data_20240505.csv
9,S9-PO-005,2,AURA Fire,ban,3,Ling,https://liquipedia.net/mobilelegends/MPL/Indonesia/Season_9/Playoffs | https://github.com/LiTianYeoh/MLBB_Tournament_Analysis/blob/94ea36800e80c9e89a2356a0b81d3eeafbd6a4f7/analysis/data/consolidated_game_data_20240505.csv
9,S9-PO-005,2,AURA Fire,ban,4,Melissa,https://liquipedia.net/mobilelegends/MPL/Indonesia/Season_9/Playoffs | https://github.com/LiTianYeoh/MLBB_Tournament_Analysis/blob/94ea36800e80c9e89a2356a0b81d3eeafbd6a4f7/analysis/data/consolidated_game_data_20240505.csv
9,S9-PO-005,2,AURA Fire,ban,5,Rafaela,https://liquipedia.net/mobilelegends/MPL/Indonesia/Season_9/Playoffs | https://github.com/LiTianYeoh/MLBB_Tournament_Analysis/blob/94ea36800e80c9e89a2356a0b81d3eeafbd6a4f7/analysis/data/consolidated_game_data_20240505.csv
9,S9-PO-005,2,AURA Fire,pick,1,Grock,https://liquipedia.net/mobilelegends/MPL/Indonesia/Season_9/Playoffs | https://github.com/LiTianYeoh/MLBB_Tournament_Analysis/blob/94ea36800e80c9e89a2356a0b81d3eeafbd6a4f7/analysis/data/consolidated_game_data_20240505.csv
9,S9-PO-005,2,AURA Fire,pick,2,Kadita,https://liquipedia.net/mobilelegends/MPL/Indonesia/Season_9/Playoffs | https://github.com/LiTianYeoh/MLBB_Tournament_Analysis/blob/94ea36800e80c9e89a2356a0b81d3eeafbd6a4f7/analysis/data/consolidated_game_data_20240505.csv
9,S9-PO-005,2,AURA Fire,pick,3,Baxia,https://liquipedia.net/mobilelegends/MPL/Indonesia/Season_9/Playoffs | https://github.com/LiTianYeoh/MLBB_Tournament_Analysis/blob/94ea36800e80c9e89a2356a0b81d3eeafbd6a4f7/analysis/data/consolidated_game_data_20240505.csv
9,S9-PO-005,2,AURA Fire,pick,4,Pharsa,https://liquipedia.net/mobilelegends/MPL/Indonesia/Season_9/Playoffs | https://github.com/LiTianYeoh/MLBB_Tournament_Analysis/blob/94ea36800e80c9e89a2356a0b81d3eeafbd6a4f7/analysis/data/consolidated_game_data_20240505.csv
9,S9-PO-005,2,AURA Fire,pick,5,Beatrix,https://liquipedia.net/mobilelegends/MPL/Indonesia/Season_9/Playoffs | https://github.com/LiTianYeoh/MLBB_Tournament_Analysis/blob/94ea36800e80c9e89a2356a0b81d3eeafbd6a4f7/analysis/data/consolidated_game_data_20240505.csv
9,S9-PO-005,2,EVOS Legends,ban,1,Cecilion,https://liquipedia.net/mobilelegends/MPL/Indonesia/Season_9/Playoffs | https://github.com/LiTianYeoh/MLBB_Tournament_Analysis/blob/94ea36800e80c9e89a2356a0b81d3eeafbd6a4f7/analysis/data/consolidated_game_data_20240505.csv
9,S9-PO-005,2,EVOS Legends,ban,2,Popol and Kupa,https://liquipedia.net/mobilelegends/MPL/Indonesia/Season_9/Playoffs | https://github.com/LiTianYeoh/MLBB_Tournament_Analysis/blob/94ea36800e80c9e89a2356a0b81d3eeafbd6a4f7/analysis/data/consolidated_game_data_20240505.csv
9,S9-PO-005,2,EVOS Legends,ban,3,Yve,https://liquipedia.net/mobilelegends/MPL/Indonesia/Season_9/Playoffs | https://github.com/LiTianYeoh/MLBB_Tournament_Analysis/blob/94ea36800e80c9e89a2356a0b81d3eeafbd6a4f7/analysis/data/consolidated_game_data_20240505.csv
9,S9-PO-005,2,EVOS Legends,ban,4,Fanny,https://liquipedia.net/mobilelegends/MPL/Indonesia/Season_9/Playoffs | https://github.com/LiTianYeoh/MLBB_Tournament_Analysis/blob/94ea36800e80c9e89a2356a0b81d3eeafbd6a4f7/analysis/data/consolidated_game_data_20240505.csv
9,S9-PO-005,2,EVOS Legends,ban,5,Valentina,https://liquipedia.net/mobilelegends/MPL/Indonesia/Season_9/Playoffs | https://github.com/LiTianYeoh/MLBB_Tournament_Analysis/blob/94ea36800e80c9e89a2356a0b81d3eeafbd6a4f7/analysis/data/consolidated_game_data_20240505.csv
9,S9-PO-005,2,EVOS Legends,pick,1,Brody,https://liquipedia.net/mobilelegends/MPL/Indonesia/Season_9/Playoffs | https://github.com/LiTianYeoh/MLBB_Tournament_Analysis/blob/94ea36800e80c9e89a2356a0b81d3eeafbd6a4f7/analysis/data/consolidated_game_data_20240505.csv
9,S9-PO-005,2,EVOS Legends,pick,2,Mathilda,https://liquipedia.net/mobilelegends/MPL/Indonesia/Season_9/Playoffs | https://github.com/LiTianYeoh/MLBB_Tournament_Analysis/blob/94ea36800e80c9e89a2356a0b81d3eeafbd6a4f7/analysis/data/consolidated_game_data_20240505.csv
9,S9-PO-005,2,EVOS Legends,pick,3,Uranus,https://liquipedia.net/mobilelegends/MPL/Indonesia/Season_9/Playoffs | https://github.com/LiTianYeoh/MLBB_Tournament_Analysis/blob/94ea36800e80c9e89a2356a0b81d3eeafbd6a4f7/analysis/data/consolidated_game_data_20240505.csv
9,S9-PO-005,2,EVOS Legends,pick,4,Xavier,https://liquipedia.net/mobilelegends/MPL/Indonesia/Season_9/Playoffs | https://github.com/LiTianYeoh/MLBB_Tournament_Analysis/blob/94ea36800e80c9e89a2356a0b81d3eeafbd6a4f7/analysis/data/consolidated_game_data_20240505.csv
9,S9-PO-005,2,EVOS Legends,pick,5,Karina,https://liquipedia.net/mobilelegends/MPL/Indonesia/Season_9/Playoffs | https://github.com/LiTianYeoh/MLBB_Tournament_Analysis/blob/94ea36800e80c9e89a2356a0b81d3eeafbd6a4f7/analysis/data/consolidated_game_data_20240505.csv
9,S9-PO-005,3,AURA Fire,ban,1,Wanwan,https://liquipedia.net/mobilelegends/MPL/Indonesia/Season_9/Playoffs | https://github.com/LiTianYeoh/MLBB_Tournament_Analysis/blob/94ea36800e80c9e89a2356a0b81d3eeafbd6a4f7/analysis/data/consolidated_game_data_20240505.csv
9,S9-PO-005,3,AURA Fire,ban,2,Angela,https://liquipedia.net/mobilelegends/MPL/Indonesia/Season_9/Playoffs | https://github.com/LiTianYeoh/MLBB_Tournament_Analysis/blob/94ea36800e80c9e89a2356a0b81d3eeafbd6a4f7/analysis/data/consolidated_game_data_20240505.csv
9,S9-PO-005,3,AURA Fire,ban,3,Valentina,https://liquipedia.net/mobilelegends/MPL/Indonesia/Season_9/Playoffs | https://github.com/LiTianYeoh/MLBB_Tournament_Analysis/blob/94ea36800e80c9e89a2356a0b81d3eeafbd6a4f7/analysis/data/consolidated_game_data_20240505.csv
9,S9-PO-005,3,AURA Fire,ban,4,Hilda,https://liquipedia.net/mobilelegends/MPL/Indonesia/Season_9/Playoffs | https://github.com/LiTianYeoh/MLBB_Tournament_Analysis/blob/94ea36800e80c9e89a2356a0b81d3eeafbd6a4f7/analysis/data/consolidated_game_data_20240505.csv
9,S9-PO-005,3,AURA Fire,ban,5,Cecilion,https://liquipedia.net/mobilelegends/MPL/Indonesia/Season_9/Playoffs | https://github.com/LiTianYeoh/MLBB_Tournament_Analysis/blob/94ea36800e80c9e89a2356a0b81d3eeafbd6a4f7/analysis/data/consolidated_game_data_20240505.csv
9,S9-PO-005,3,AURA Fire,pick,1,Yve,https://liquipedia.net/mobilelegends/MPL/Indonesia/Season_9/Playoffs | https://github.com/LiTianYeoh/MLBB_Tournament_Analysis/blob/94ea36800e80c9e89a2356a0b81d3eeafbd6a4f7/analysis/data/consolidated_game_data_20240505.csv
9,S9-PO-005,3,AURA Fire,pick,2,Franco,https://liquipedia.net/mobilelegends/MPL/Indonesia/Season_9/Playoffs | https://github.com/LiTianYeoh/MLBB_Tournament_Analysis/blob/94ea36800e80c9e89a2356a0b81d3eeafbd6a4f7/analysis/data/consolidated_game_data_20240505.csv
9,S9-PO-005,3,AURA Fire,pick,3,Ling,https://liquipedia.net/mobilelegends/MPL/Indonesia/Season_9/Playoffs | https://github.com/LiTianYeoh/MLBB_Tournament_Analysis/blob/94ea36800e80c9e89a2356a0b81d3eeafbd6a4f7/analysis/data/consolidated_game_data_20240505.csv
9,S9-PO-005,3,AURA Fire,pick,4,Paquito,https://liquipedia.net/mobilelegends/MPL/Indonesia/Season_9/Playoffs | https://github.com/LiTianYeoh/MLBB_Tournament_Analysis/blob/94ea36800e80c9e89a2356a0b81d3eeafbd6a4f7/analysis/data/consolidated_game_data_20240505.csv
9,S9-PO-005,3,AURA Fire,pick,5,Yu Zhong,https://liquipedia.net/mobilelegends/MPL/Indonesia/Season_9/Playoffs | https://github.com/LiTianYeoh/MLBB_Tournament_Analysis/blob/94ea36800e80c9e89a2356a0b81d3eeafbd6a4f7/analysis/data/consolidated_game_data_20240505.csv
9,S9-PO-005,3,EVOS Legends,ban,1,Masha,https://liquipedia.net/mobilelegends/MPL/Indonesia/Season_9/Playoffs | https://github.com/LiTianYeoh/MLBB_Tournament_Analysis/blob/94ea36800e80c9e89a2356a0b81d3eeafbd6a4f7/analysis/data/consolidated_game_data_20240505.csv
9,S9-PO-005,3,EVOS Legends,ban,2,Chou,https://liquipedia.net/mobilelegends/MPL/Indonesia/Season_9/Playoffs | https://github.com/LiTianYeoh/MLBB_Tournament_Analysis/blob/94ea36800e80c9e89a2356a0b81d3eeafbd6a4f7/analysis/data/consolidated_game_data_20240505.csv
9,S9-PO-005,3,EVOS Legends,ban,3,Khufra,https://liquipedia.net/mobilelegends/MPL/Indonesia/Season_9/Playoffs | https://github.com/LiTianYeoh/MLBB_Tournament_Analysis/blob/94ea36800e80c9e89a2356a0b81d3eeafbd6a4f7/analysis/data/consolidated_game_data_20240505.csv
9,S9-PO-005,3,EVOS Legends,ban,4,Grock,https://liquipedia.net/mobilelegends/MPL/Indonesia/Season_9/Playoffs | https://github.com/LiTianYeoh/MLBB_Tournament_Analysis/blob/94ea36800e80c9e89a2356a0b81d3eeafbd6a4f7/analysis/data/consolidated_game_data_20240505.csv
9,S9-PO-005,3,EVOS Legends,ban,5,Baxia,https://liquipedia.net/mobilelegends/MPL/Indonesia/Season_9/Playoffs | https://github.com/LiTianYeoh/MLBB_Tournament_Analysis/blob/94ea36800e80c9e89a2356a0b81d3eeafbd6a4f7/analysis/data/consolidated_game_data_20240505.csv
9,S9-PO-005,3,EVOS Legends,pick,1,Ruby,https://liquipedia.net/mobilelegends/MPL/Indonesia/Season_9/Playoffs | https://github.com/LiTianYeoh/MLBB_Tournament_Analysis/blob/94ea36800e80c9e89a2356a0b81d3eeafbd6a4f7/analysis/data/consolidated_game_data_20240505.csv
9,S9-PO-005,3,EVOS Legends,pick,2,Kagura,https://liquipedia.net/mobilelegends/MPL/Indonesia/Season_9/Playoffs | https://github.com/LiTianYeoh/MLBB_Tournament_Analysis/blob/94ea36800e80c9e89a2356a0b81d3eeafbd6a4f7/analysis/data/consolidated_game_data_20240505.csv
9,S9-PO-005,3,EVOS Legends,pick,3,Hylos,https://liquipedia.net/mobilelegends/MPL/Indonesia/Season_9/Playoffs | https://github.com/LiTianYeoh/MLBB_Tournament_Analysis/blob/94ea36800e80c9e89a2356a0b81d3eeafbd6a4f7/analysis/data/consolidated_game_data_20240505.csv
9,S9-PO-005,3,EVOS Legends,pick,4,Beatrix,https://liquipedia.net/mobilelegends/MPL/Indonesia/Season_9/Playoffs | https://github.com/LiTianYeoh/MLBB_Tournament_Analysis/blob/94ea36800e80c9e89a2356a0b81d3eeafbd6a4f7/analysis/data/consolidated_game_data_20240505.csv
9,S9-PO-005,3,EVOS Legends,pick,5,Fanny,https://liquipedia.net/mobilelegends/MPL/Indonesia/Season_9/Playoffs | https://github.com/LiTianYeoh/MLBB_Tournament_Analysis/blob/94ea36800e80c9e89a2356a0b81d3eeafbd6a4f7/analysis/data/consolidated_game_data_20240505.csv
9,S9-PO-005,4,AURA Fire,ban,1,Wanwan,https://liquipedia.net/mobilelegends/MPL/Indonesia/Season_9/Playoffs | https://github.com/LiTianYeoh/MLBB_Tournament_Analysis/blob/94ea36800e80c9e89a2356a0b81d3eeafbd6a4f7/analysis/data/consolidated_game_data_20240505.csv
9,S9-PO-005,4,AURA Fire,ban,2,Valentina,https://liquipedia.net/mobilelegends/MPL/Indonesia/Season_9/Playoffs | https://github.com/LiTianYeoh/MLBB_Tournament_Analysis/blob/94ea36800e80c9e89a2356a0b81d3eeafbd6a4f7/analysis/data/consolidated_game_data_20240505.csv
9,S9-PO-005,4,AURA Fire,ban,3,Angela,https://liquipedia.net/mobilelegends/MPL/Indonesia/Season_9/Playoffs | https://github.com/LiTianYeoh/MLBB_Tournament_Analysis/blob/94ea36800e80c9e89a2356a0b81d3eeafbd6a4f7/analysis/data/consolidated_game_data_20240505.csv
9,S9-PO-005,4,AURA Fire,ban,4,Melissa,https://liquipedia.net/mobilelegends/MPL/Indonesia/Season_9/Playoffs | https://github.com/LiTianYeoh/MLBB_Tournament_Analysis/blob/94ea36800e80c9e89a2356a0b81d3eeafbd6a4f7/analysis/data/consolidated_game_data_20240505.csv
9,S9-PO-005,4,AURA Fire,ban,5,Esmeralda,https://liquipedia.net/mobilelegends/MPL/Indonesia/Season_9/Playoffs | https://github.com/LiTianYeoh/MLBB_Tournament_Analysis/blob/94ea36800e80c9e89a2356a0b81d3eeafbd6a4f7/analysis/data/consolidated_game_data_20240505.csv
9,S9-PO-005,4,AURA Fire,pick,1,Xavier,https://liquipedia.net/mobilelegends/MPL/Indonesia/Season_9/Playoffs | https://github.com/LiTianYeoh/MLBB_Tournament_Analysis/blob/94ea36800e80c9e89a2356a0b81d3eeafbd6a4f7/analysis/data/consolidated_game_data_20240505.csv
9,S9-PO-005,4,AURA Fire,pick,2,Grock,https://liquipedia.net/mobilelegends/MPL/Indonesia/Season_9/Playoffs | https://github.com/LiTianYeoh/MLBB_Tournament_Analysis/blob/94ea36800e80c9e89a2356a0b81d3eeafbd6a4f7/analysis/data/consolidated_game_data_20240505.csv
9,S9-PO-005,4,AURA Fire,pick,3,Yu Zhong,https://liquipedia.net/mobilelegends/MPL/Indonesia/Season_9/Playoffs | https://github.com/LiTianYeoh/MLBB_Tournament_Analysis/blob/94ea36800e80c9e89a2356a0b81d3eeafbd6a4f7/analysis/data/consolidated_game_data_20240505.csv
9,S9-PO-005,4,AURA Fire,pick,4,Ling,https://liquipedia.net/mobilelegends/MPL/Indonesia/Season_9/Playoffs | https://github.com/LiTianYeoh/MLBB_Tournament_Analysis/blob/94ea36800e80c9e89a2356a0b81d3eeafbd6a4f7/analysis/data/consolidated_game_data_20240505.csv
9,S9-PO-005,4,AURA Fire,pick,5,Franco,https://liquipedia.net/mobilelegends/MPL/Indonesia/Season_9/Playoffs | https://github.com/LiTianYeoh/MLBB_Tournament_Analysis/blob/94ea36800e80c9e89a2356a0b81d3eeafbd6a4f7/analysis/data/consolidated_game_data_20240505.csv
9,S9-PO-005,4,EVOS Legends,ban,1,Chou,https://liquipedia.net/mobilelegends/MPL/Indonesia/Season_9/Playoffs | https://github.com/LiTianYeoh/MLBB_Tournament_Analysis/blob/94ea36800e80c9e89a2356a0b81d3eeafbd6a4f7/analysis/data/consolidated_game_data_20240505.csv
9,S9-PO-005,4,EVOS Legends,ban,2,Masha,https://liquipedia.net/mobilelegends/MPL/Indonesia/Season_9/Playoffs | https://github.com/LiTianYeoh/MLBB_Tournament_Analysis/blob/94ea36800e80c9e89a2356a0b81d3eeafbd6a4f7/analysis/data/consolidated_game_data_20240505.csv
9,S9-PO-005,4,EVOS Legends,ban,3,Fanny,https://liquipedia.net/mobilelegends/MPL/Indonesia/Season_9/Playoffs | https://github.com/LiTianYeoh/MLBB_Tournament_Analysis/blob/94ea36800e80c9e89a2356a0b81d3eeafbd6a4f7/analysis/data/consolidated_game_data_20240505.csv
9,S9-PO-005,4,EVOS Legends,ban,4,Kadita,https://liquipedia.net/mobilelegends/MPL/Indonesia/Season_9/Playoffs | https://github.com/LiTianYeoh/MLBB_Tournament_Analysis/blob/94ea36800e80c9e89a2356a0b81d3eeafbd6a4f7/analysis/data/consolidated_game_data_20240505.csv
9,S9-PO-005,4,EVOS Legends,ban,5,Baxia,https://liquipedia.net/mobilelegends/MPL/Indonesia/Season_9/Playoffs | https://github.com/LiTianYeoh/MLBB_Tournament_Analysis/blob/94ea36800e80c9e89a2356a0b81d3eeafbd6a4f7/analysis/data/consolidated_game_data_20240505.csv
9,S9-PO-005,4,EVOS Legends,pick,1,Hilda,https://liquipedia.net/mobilelegends/MPL/Indonesia/Season_9/Playoffs | https://github.com/LiTianYeoh/MLBB_Tournament_Analysis/blob/94ea36800e80c9e89a2356a0b81d3eeafbd6a4f7/analysis/data/consolidated_game_data_20240505.csv
9,S9-PO-005,4,EVOS Legends,pick,2,Karina,https://liquipedia.net/mobilelegends/MPL/Indonesia/Season_9/Playoffs | https://github.com/LiTianYeoh/MLBB_Tournament_Analysis/blob/94ea36800e80c9e89a2356a0b81d3eeafbd6a4f7/analysis/data/consolidated_game_data_20240505.csv
9,S9-PO-005,4,EVOS Legends,pick,3,Beatrix,https://liquipedia.net/mobilelegends/MPL/Indonesia/Season_9/Playoffs | https://github.com/LiTianYeoh/MLBB_Tournament_Analysis/blob/94ea36800e80c9e89a2356a0b81d3eeafbd6a4f7/analysis/data/consolidated_game_data_20240505.csv
9,S9-PO-005,4,EVOS Legends,pick,4,Baxia,https://liquipedia.net/mobilelegends/MPL/Indonesia/Season_9/Playoffs | https://github.com/LiTianYeoh/MLBB_Tournament_Analysis/blob/94ea36800e80c9e89a2356a0b81d3eeafbd6a4f7/analysis/data/consolidated_game_data_20240505.csv
9,S9-PO-005,4,EVOS Legends,pick,5,Yve,https://liquipedia.net/mobilelegends/MPL/Indonesia/Season_9/Playoffs | https://github.com/LiTianYeoh/MLBB_Tournament_Analysis/blob/94ea36800e80c9e89a2356a0b81d3eeafbd6a4f7/analysis/data/consolidated_game_data_20240505.csv
9,S9-PO-006,1,ONIC Esports,ban,1,Yve,https://liquipedia.net/mobilelegends/MPL/Indonesia/Season_9/Playoffs | https://github.com/LiTianYeoh/MLBB_Tournament_Analysis/blob/94ea36800e80c9e89a2356a0b81d3eeafbd6a4f7/analysis/data/consolidated_game_data_20240505.csv
9,S9-PO-006,1,ONIC Esports,ban,2,Baxia,https://liquipedia.net/mobilelegends/MPL/Indonesia/Season_9/Playoffs | https://github.com/LiTianYeoh/MLBB_Tournament_Analysis/blob/94ea36800e80c9e89a2356a0b81d3eeafbd6a4f7/analysis/data/consolidated_game_data_20240505.csv
9,S9-PO-006,1,ONIC Esports,ban,3,Angela,https://liquipedia.net/mobilelegends/MPL/Indonesia/Season_9/Playoffs | https://github.com/LiTianYeoh/MLBB_Tournament_Analysis/blob/94ea36800e80c9e89a2356a0b81d3eeafbd6a4f7/analysis/data/consolidated_game_data_20240505.csv
9,S9-PO-006,1,ONIC Esports,ban,4,Cecilion,https://liquipedia.net/mobilelegends/MPL/Indonesia/Season_9/Playoffs | https://github.com/LiTianYeoh/MLBB_Tournament_Analysis/blob/94ea36800e80c9e89a2356a0b81d3eeafbd6a4f7/analysis/data/consolidated_game_data_20240505.csv
9,S9-PO-006,1,ONIC Esports,ban,5,Esmeralda,https://liquipedia.net/mobilelegends/MPL/Indonesia/Season_9/Playoffs | https://github.com/LiTianYeoh/MLBB_Tournament_Analysis/blob/94ea36800e80c9e89a2356a0b81d3eeafbd6a4f7/analysis/data/consolidated_game_data_20240505.csv
9,S9-PO-006,1,ONIC Esports,pick,1,Hylos,https://liquipedia.net/mobilelegends/MPL/Indonesia/Season_9/Playoffs | https://github.com/LiTianYeoh/MLBB_Tournament_Analysis/blob/94ea36800e80c9e89a2356a0b81d3eeafbd6a4f7/analysis/data/consolidated_game_data_20240505.csv
9,S9-PO-006,1,ONIC Esports,pick,2,Grock,https://liquipedia.net/mobilelegends/MPL/Indonesia/Season_9/Playoffs | https://github.com/LiTianYeoh/MLBB_Tournament_Analysis/blob/94ea36800e80c9e89a2356a0b81d3eeafbd6a4f7/analysis/data/consolidated_game_data_20240505.csv
9,S9-PO-006,1,ONIC Esports,pick,3,Beatrix,https://liquipedia.net/mobilelegends/MPL/Indonesia/Season_9/Playoffs | https://github.com/LiTianYeoh/MLBB_Tournament_Analysis/blob/94ea36800e80c9e89a2356a0b81d3eeafbd6a4f7/analysis/data/consolidated_game_data_20240505.csv
9,S9-PO-006,1,ONIC Esports,pick,4,Natalia,https://liquipedia.net/mobilelegends/MPL/Indonesia/Season_9/Playoffs | https://github.com/LiTianYeoh/MLBB_Tournament_Analysis/blob/94ea36800e80c9e89a2356a0b81d3eeafbd6a4f7/analysis/data/consolidated_game_data_20240505.csv
9,S9-PO-006,1,ONIC Esports,pick,5,Lunox,https://liquipedia.net/mobilelegends/MPL/Indonesia/Season_9/Playoffs | https://github.com/LiTianYeoh/MLBB_Tournament_Analysis/blob/94ea36800e80c9e89a2356a0b81d3eeafbd6a4f7/analysis/data/consolidated_game_data_20240505.csv
9,S9-PO-006,1,RRQ Hoshi,ban,1,Popol and Kupa,https://liquipedia.net/mobilelegends/MPL/Indonesia/Season_9/Playoffs | https://github.com/LiTianYeoh/MLBB_Tournament_Analysis/blob/94ea36800e80c9e89a2356a0b81d3eeafbd6a4f7/analysis/data/consolidated_game_data_20240505.csv
9,S9-PO-006,1,RRQ Hoshi,ban,2,Xavier,https://liquipedia.net/mobilelegends/MPL/Indonesia/Season_9/Playoffs | https://github.com/LiTianYeoh/MLBB_Tournament_Analysis/blob/94ea36800e80c9e89a2356a0b81d3eeafbd6a4f7/analysis/data/consolidated_game_data_20240505.csv
9,S9-PO-006,1,RRQ Hoshi,ban,3,Karina,https://liquipedia.net/mobilelegends/MPL/Indonesia/Season_9/Playoffs | https://github.com/LiTianYeoh/MLBB_Tournament_Analysis/blob/94ea36800e80c9e89a2356a0b81d3eeafbd6a4f7/analysis/data/consolidated_game_data_20240505.csv
9,S9-PO-006,1,RRQ Hoshi,ban,4,Valentina,https://liquipedia.net/mobilelegends/MPL/Indonesia/Season_9/Playoffs | https://github.com/LiTianYeoh/MLBB_Tournament_Analysis/blob/94ea36800e80c9e89a2356a0b81d3eeafbd6a4f7/analysis/data/consolidated_game_data_20240505.csv
9,S9-PO-006,1,RRQ Hoshi,ban,5,Fanny,https://liquipedia.net/mobilelegends/MPL/Indonesia/Season_9/Playoffs | https://github.com/LiTianYeoh/MLBB_Tournament_Analysis/blob/94ea36800e80c9e89a2356a0b81d3eeafbd6a4f7/analysis/data/consolidated_game_data_20240505.csv
9,S9-PO-006,1,RRQ Hoshi,pick,1,Wanwan,https://liquipedia.net/mobilelegends/MPL/Indonesia/Season_9/Playoffs | https://github.com/LiTianYeoh/MLBB_Tournament_Analysis/blob/94ea36800e80c9e89a2356a0b81d3eeafbd6a4f7/analysis/data/consolidated_game_data_20240505.csv
9,S9-PO-006,1,RRQ Hoshi,pick,2,Chou,https://liquipedia.net/mobilelegends/MPL/Indonesia/Season_9/Playoffs | https://github.com/LiTianYeoh/MLBB_Tournament_Analysis/blob/94ea36800e80c9e89a2356a0b81d3eeafbd6a4f7/analysis/data/consolidated_game_data_20240505.csv
9,S9-PO-006,1,RRQ Hoshi,pick,3,Kagura,https://liquipedia.net/mobilelegends/MPL/Indonesia/Season_9/Playoffs | https://github.com/LiTianYeoh/MLBB_Tournament_Analysis/blob/94ea36800e80c9e89a2356a0b81d3eeafbd6a4f7/analysis/data/consolidated_game_data_20240505.csv
9,S9-PO-006,1,RRQ Hoshi,pick,4,Ling,https://liquipedia.net/mobilelegends/MPL/Indonesia/Season_9/Playoffs | https://github.com/LiTianYeoh/MLBB_Tournament_Analysis/blob/94ea36800e80c9e89a2356a0b81d3eeafbd6a4f7/analysis/data/consolidated_game_data_20240505.csv
9,S9-PO-006,1,RRQ Hoshi,pick,5,Hilda,https://liquipedia.net/mobilelegends/MPL/Indonesia/Season_9/Playoffs | https://github.com/LiTianYeoh/MLBB_Tournament_Analysis/blob/94ea36800e80c9e89a2356a0b81d3eeafbd6a4f7/analysis/data/consolidated_game_data_20240505.csv
9,S9-PO-006,2,ONIC Esports,ban,1,Yve,https://liquipedia.net/mobilelegends/MPL/Indonesia/Season_9/Playoffs | https://github.com/LiTianYeoh/MLBB_Tournament_Analysis/blob/94ea36800e80c9e89a2356a0b81d3eeafbd6a4f7/analysis/data/consolidated_game_data_20240505.csv
9,S9-PO-006,2,ONIC Esports,ban,2,Angela,https://liquipedia.net/mobilelegends/MPL/Indonesia/Season_9/Playoffs | https://github.com/LiTianYeoh/MLBB_Tournament_Analysis/blob/94ea36800e80c9e89a2356a0b81d3eeafbd6a4f7/analysis/data/consolidated_game_data_20240505.csv
9,S9-PO-006,2,ONIC Esports,ban,3,Hilda,https://liquipedia.net/mobilelegends/MPL/Indonesia/Season_9/Playoffs | https://github.com/LiTianYeoh/MLBB_Tournament_Analysis/blob/94ea36800e80c9e89a2356a0b81d3eeafbd6a4f7/analysis/data/consolidated_game_data_20240505.csv
9,S9-PO-006,2,ONIC Esports,ban,4,Kagura,https://liquipedia.net/mobilelegends/MPL/Indonesia/Season_9/Playoffs | https://github.com/LiTianYeoh/MLBB_Tournament_Analysis/blob/94ea36800e80c9e89a2356a0b81d3eeafbd6a4f7/analysis/data/consolidated_game_data_20240505.csv
9,S9-PO-006,2,ONIC Esports,ban,5,Masha,https://liquipedia.net/mobilelegends/MPL/Indonesia/Season_9/Playoffs | https://github.com/LiTianYeoh/MLBB_Tournament_Analysis/blob/94ea36800e80c9e89a2356a0b81d3eeafbd6a4f7/analysis/data/consolidated_game_data_20240505.csv
9,S9-PO-006,2,ONIC Esports,pick,1,Baxia,https://liquipedia.net/mobilelegends/MPL/Indonesia/Season_9/Playoffs | https://github.com/LiTianYeoh/MLBB_Tournament_Analysis/blob/94ea36800e80c9e89a2356a0b81d3eeafbd6a4f7/analysis/data/consolidated_game_data_20240505.csv
9,S9-PO-006,2,ONIC Esports,pick,2,Xavier,https://liquipedia.net/mobilelegends/MPL/Indonesia/Season_9/Playoffs | https://github.com/LiTianYeoh/MLBB_Tournament_Analysis/blob/94ea36800e80c9e89a2356a0b81d3eeafbd6a4f7/analysis/data/consolidated_game_data_20240505.csv
9,S9-PO-006,2,ONIC Esports,pick,3,Natalia,https://liquipedia.net/mobilelegends/MPL/Indonesia/Season_9/Playoffs | https://github.com/LiTianYeoh/MLBB_Tournament_Analysis/blob/94ea36800e80c9e89a2356a0b81d3eeafbd6a4f7/analysis/data/consolidated_game_data_20240505.csv
9,S9-PO-006,2,ONIC Esports,pick,4,Cecilion,https://liquipedia.net/mobilelegends/MPL/Indonesia/Season_9/Playoffs | https://github.com/LiTianYeoh/MLBB_Tournament_Analysis/blob/94ea36800e80c9e89a2356a0b81d3eeafbd6a4f7/analysis/data/consolidated_game_data_20240505.csv
9,S9-PO-006,2,ONIC Esports,pick,5,Dyrroth,https://liquipedia.net/mobilelegends/MPL/Indonesia/Season_9/Playoffs | https://github.com/LiTianYeoh/MLBB_Tournament_Analysis/blob/94ea36800e80c9e89a2356a0b81d3eeafbd6a4f7/analysis/data/consolidated_game_data_20240505.csv
9,S9-PO-006,2,RRQ Hoshi,ban,1,Helcurt,https://liquipedia.net/mobilelegends/MPL/Indonesia/Season_9/Playoffs | https://github.com/LiTianYeoh/MLBB_Tournament_Analysis/blob/94ea36800e80c9e89a2356a0b81d3eeafbd6a4f7/analysis/data/consolidated_game_data_20240505.csv
9,S9-PO-006,2,RRQ Hoshi,ban,2,Popol and Kupa,https://liquipedia.net/mobilelegends/MPL/Indonesia/Season_9/Playoffs | https://github.com/LiTianYeoh/MLBB_Tournament_Analysis/blob/94ea36800e80c9e89a2356a0b81d3eeafbd6a4f7/analysis/data/consolidated_game_data_20240505.csv
9,S9-PO-006,2,RRQ Hoshi,ban,3,Grock,https://liquipedia.net/mobilelegends/MPL/Indonesia/Season_9/Playoffs | https://github.com/LiTianYeoh/MLBB_Tournament_Analysis/blob/94ea36800e80c9e89a2356a0b81d3eeafbd6a4f7/analysis/data/consolidated_game_data_20240505.csv
9,S9-PO-006,2,RRQ Hoshi,ban,4,Valentina,https://liquipedia.net/mobilelegends/MPL/Indonesia/Season_9/Playoffs | https://github.com/LiTianYeoh/MLBB_Tournament_Analysis/blob/94ea36800e80c9e89a2356a0b81d3eeafbd6a4f7/analysis/data/consolidated_game_data_20240505.csv
9,S9-PO-006,2,RRQ Hoshi,ban,5,Fanny,https://liquipedia.net/mobilelegends/MPL/Indonesia/Season_9/Playoffs | https://github.com/LiTianYeoh/MLBB_Tournament_Analysis/blob/94ea36800e80c9e89a2356a0b81d3eeafbd6a4f7/analysis/data/consolidated_game_data_20240505.csv
9,S9-PO-006,2,RRQ Hoshi,pick,1,Wanwan,https://liquipedia.net/mobilelegends/MPL/Indonesia/Season_9/Playoffs | https://github.com/LiTianYeoh/MLBB_Tournament_Analysis/blob/94ea36800e80c9e89a2356a0b81d3eeafbd6a4f7/analysis/data/consolidated_game_data_20240505.csv
9,S9-PO-006,2,RRQ Hoshi,pick,2,Lylia,https://liquipedia.net/mobilelegends/MPL/Indonesia/Season_9/Playoffs | https://github.com/LiTianYeoh/MLBB_Tournament_Analysis/blob/94ea36800e80c9e89a2356a0b81d3eeafbd6a4f7/analysis/data/consolidated_game_data_20240505.csv
9,S9-PO-006,2,RRQ Hoshi,pick,3,Franco,https://liquipedia.net/mobilelegends/MPL/Indonesia/Season_9/Playoffs | https://github.com/LiTianYeoh/MLBB_Tournament_Analysis/blob/94ea36800e80c9e89a2356a0b81d3eeafbd6a4f7/analysis/data/consolidated_game_data_20240505.csv
9,S9-PO-006,2,RRQ Hoshi,pick,4,Karina,https://liquipedia.net/mobilelegends/MPL/Indonesia/Season_9/Playoffs | https://github.com/LiTianYeoh/MLBB_Tournament_Analysis/blob/94ea36800e80c9e89a2356a0b81d3eeafbd6a4f7/analysis/data/consolidated_game_data_20240505.csv
9,S9-PO-006,2,RRQ Hoshi,pick,5,Yu Zhong,https://liquipedia.net/mobilelegends/MPL/Indonesia/Season_9/Playoffs | https://github.com/LiTianYeoh/MLBB_Tournament_Analysis/blob/94ea36800e80c9e89a2356a0b81d3eeafbd6a4f7/analysis/data/consolidated_game_data_20240505.csv
9,S9-PO-006,3,ONIC Esports,ban,1,Yve,https://liquipedia.net/mobilelegends/MPL/Indonesia/Season_9/Playoffs | https://github.com/LiTianYeoh/MLBB_Tournament_Analysis/blob/94ea36800e80c9e89a2356a0b81d3eeafbd6a4f7/analysis/data/consolidated_game_data_20240505.csv
9,S9-PO-006,3,ONIC Esports,ban,2,Valentina,https://liquipedia.net/mobilelegends/MPL/Indonesia/Season_9/Playoffs | https://github.com/LiTianYeoh/MLBB_Tournament_Analysis/blob/94ea36800e80c9e89a2356a0b81d3eeafbd6a4f7/analysis/data/consolidated_game_data_20240505.csv
9,S9-PO-006,3,ONIC Esports,ban,3,Ling,https://liquipedia.net/mobilelegends/MPL/Indonesia/Season_9/Playoffs | https://github.com/LiTianYeoh/MLBB_Tournament_Analysis/blob/94ea36800e80c9e89a2356a0b81d3eeafbd6a4f7/analysis/data/consolidated_game_data_20240505.csv
9,S9-PO-006,3,ONIC Esports,ban,4,Kagura,https://liquipedia.net/mobilelegends/MPL/Indonesia/Season_9/Playoffs | https://github.com/LiTianYeoh/MLBB_Tournament_Analysis/blob/94ea36800e80c9e89a2356a0b81d3eeafbd6a4f7/analysis/data/consolidated_game_data_20240505.csv
9,S9-PO-006,3,ONIC Esports,ban,5,Cecilion,https://liquipedia.net/mobilelegends/MPL/Indonesia/Season_9/Playoffs | https://github.com/LiTianYeoh/MLBB_Tournament_Analysis/blob/94ea36800e80c9e89a2356a0b81d3eeafbd6a4f7/analysis/data/consolidated_game_data_20240505.csv
9,S9-PO-006,3,ONIC Esports,pick,1,Bane,https://liquipedia.net/mobilelegends/MPL/Indonesia/Season_9/Playoffs | https://github.com/LiTianYeoh/MLBB_Tournament_Analysis/blob/94ea36800e80c9e89a2356a0b81d3eeafbd6a4f7/analysis/data/consolidated_game_data_20240505.csv
9,S9-PO-006,3,ONIC Esports,pick,2,Esmeralda,https://liquipedia.net/mobilelegends/MPL/Indonesia/Season_9/Playoffs | https://github.com/LiTianYeoh/MLBB_Tournament_Analysis/blob/94ea36800e80c9e89a2356a0b81d3eeafbd6a4f7/analysis/data/consolidated_game_data_20240505.csv
9,S9-PO-006,3,ONIC Esports,pick,3,Grock,https://liquipedia.net/mobilelegends/MPL/Indonesia/Season_9/Playoffs | https://github.com/LiTianYeoh/MLBB_Tournament_Analysis/blob/94ea36800e80c9e89a2356a0b81d3eeafbd6a4f7/analysis/data/consolidated_game_data_20240505.csv
9,S9-PO-006,3,ONIC Esports,pick,4,Xavier,https://liquipedia.net/mobilelegends/MPL/Indonesia/Season_9/Playoffs | https://github.com/LiTianYeoh/MLBB_Tournament_Analysis/blob/94ea36800e80c9e89a2356a0b81d3eeafbd6a4f7/analysis/data/consolidated_game_data_20240505.csv
9,S9-PO-006,3,ONIC Esports,pick,5,Popol and Kupa,https://liquipedia.net/mobilelegends/MPL/Indonesia/Season_9/Playoffs | https://github.com/LiTianYeoh/MLBB_Tournament_Analysis/blob/94ea36800e80c9e89a2356a0b81d3eeafbd6a4f7/analysis/data/consolidated_game_data_20240505.csv
9,S9-PO-006,3,RRQ Hoshi,ban,1,Phoveus,https://liquipedia.net/mobilelegends/MPL/Indonesia/Season_9/Playoffs | https://github.com/LiTianYeoh/MLBB_Tournament_Analysis/blob/94ea36800e80c9e89a2356a0b81d3eeafbd6a4f7/analysis/data/consolidated_game_data_20240505.csv
9,S9-PO-006,3,RRQ Hoshi,ban,2,Helcurt,https://liquipedia.net/mobilelegends/MPL/Indonesia/Season_9/Playoffs | https://github.com/LiTianYeoh/MLBB_Tournament_Analysis/blob/94ea36800e80c9e89a2356a0b81d3eeafbd6a4f7/analysis/data/consolidated_game_data_20240505.csv
9,S9-PO-006,3,RRQ Hoshi,ban,3,Angela,https://liquipedia.net/mobilelegends/MPL/Indonesia/Season_9/Playoffs | https://github.com/LiTianYeoh/MLBB_Tournament_Analysis/blob/94ea36800e80c9e89a2356a0b81d3eeafbd6a4f7/analysis/data/consolidated_game_data_20240505.csv
9,S9-PO-006,3,RRQ Hoshi,ban,4,Natalia,https://liquipedia.net/mobilelegends/MPL/Indonesia/Season_9/Playoffs | https://github.com/LiTianYeoh/MLBB_Tournament_Analysis/blob/94ea36800e80c9e89a2356a0b81d3eeafbd6a4f7/analysis/data/consolidated_game_data_20240505.csv
9,S9-PO-006,3,RRQ Hoshi,ban,5,Fanny,https://liquipedia.net/mobilelegends/MPL/Indonesia/Season_9/Playoffs | https://github.com/LiTianYeoh/MLBB_Tournament_Analysis/blob/94ea36800e80c9e89a2356a0b81d3eeafbd6a4f7/analysis/data/consolidated_game_data_20240505.csv
9,S9-PO-006,3,RRQ Hoshi,pick,1,Wanwan,https://liquipedia.net/mobilelegends/MPL/Indonesia/Season_9/Playoffs | https://github.com/LiTianYeoh/MLBB_Tournament_Analysis/blob/94ea36800e80c9e89a2356a0b81d3eeafbd6a4f7/analysis/data/consolidated_game_data_20240505.csv
9,S9-PO-006,3,RRQ Hoshi,pick,2,Masha,https://liquipedia.net/mobilelegends/MPL/Indonesia/Season_9/Playoffs | https://github.com/LiTianYeoh/MLBB_Tournament_Analysis/blob/94ea36800e80c9e89a2356a0b81d3eeafbd6a4f7/analysis/data/consolidated_game_data_20240505.csv
9,S9-PO-006,3,RRQ Hoshi,pick,3,Lylia,https://liquipedia.net/mobilelegends/MPL/Indonesia/Season_9/Playoffs | https://github.com/LiTianYeoh/MLBB_Tournament_Analysis/blob/94ea36800e80c9e89a2356a0b81d3eeafbd6a4f7/analysis/data/consolidated_game_data_20240505.csv
9,S9-PO-006,3,RRQ Hoshi,pick,4,Karina,https://liquipedia.net/mobilelegends/MPL/Indonesia/Season_9/Playoffs | https://github.com/LiTianYeoh/MLBB_Tournament_Analysis/blob/94ea36800e80c9e89a2356a0b81d3eeafbd6a4f7/analysis/data/consolidated_game_data_20240505.csv
9,S9-PO-006,3,RRQ Hoshi,pick,5,Baxia,https://liquipedia.net/mobilelegends/MPL/Indonesia/Season_9/Playoffs | https://github.com/LiTianYeoh/MLBB_Tournament_Analysis/blob/94ea36800e80c9e89a2356a0b81d3eeafbd6a4f7/analysis/data/consolidated_game_data_20240505.csv
9,S9-PO-006,4,ONIC Esports,ban,1,Yve,https://liquipedia.net/mobilelegends/MPL/Indonesia/Season_9/Playoffs | https://github.com/LiTianYeoh/MLBB_Tournament_Analysis/blob/94ea36800e80c9e89a2356a0b81d3eeafbd6a4f7/analysis/data/consolidated_game_data_20240505.csv
9,S9-PO-006,4,ONIC Esports,ban,2,Valentina,https://liquipedia.net/mobilelegends/MPL/Indonesia/Season_9/Playoffs | https://github.com/LiTianYeoh/MLBB_Tournament_Analysis/blob/94ea36800e80c9e89a2356a0b81d3eeafbd6a4f7/analysis/data/consolidated_game_data_20240505.csv
9,S9-PO-006,4,ONIC Esports,ban,3,Ling,https://liquipedia.net/mobilelegends/MPL/Indonesia/Season_9/Playoffs | https://github.com/LiTianYeoh/MLBB_Tournament_Analysis/blob/94ea36800e80c9e89a2356a0b81d3eeafbd6a4f7/analysis/data/consolidated_game_data_20240505.csv
9,S9-PO-006,4,ONIC Esports,ban,4,Masha,https://liquipedia.net/mobilelegends/MPL/Indonesia/Season_9/Playoffs | https://github.com/LiTianYeoh/MLBB_Tournament_Analysis/blob/94ea36800e80c9e89a2356a0b81d3eeafbd6a4f7/analysis/data/consolidated_game_data_20240505.csv
9,S9-PO-006,4,ONIC Esports,ban,5,Chou,https://liquipedia.net/mobilelegends/MPL/Indonesia/Season_9/Playoffs | https://github.com/LiTianYeoh/MLBB_Tournament_Analysis/blob/94ea36800e80c9e89a2356a0b81d3eeafbd6a4f7/analysis/data/consolidated_game_data_20240505.csv
9,S9-PO-006,4,ONIC Esports,pick,1,Grock,https://liquipedia.net/mobilelegends/MPL/Indonesia/Season_9/Playoffs | https://github.com/LiTianYeoh/MLBB_Tournament_Analysis/blob/94ea36800e80c9e89a2356a0b81d3eeafbd6a4f7/analysis/data/consolidated_game_data_20240505.csv
9,S9-PO-006,4,ONIC Esports,pick,2,Popol and Kupa,https://liquipedia.net/mobilelegends/MPL/Indonesia/Season_9/Playoffs | https://github.com/LiTianYeoh/MLBB_Tournament_Analysis/blob/94ea36800e80c9e89a2356a0b81d3eeafbd6a4f7/analysis/data/consolidated_game_data_20240505.csv
9,S9-PO-006,4,ONIC Esports,pick,3,Xavier,https://liquipedia.net/mobilelegends/MPL/Indonesia/Season_9/Playoffs | https://github.com/LiTianYeoh/MLBB_Tournament_Analysis/blob/94ea36800e80c9e89a2356a0b81d3eeafbd6a4f7/analysis/data/consolidated_game_data_20240505.csv
9,S9-PO-006,4,ONIC Esports,pick,4,Hylos,https://liquipedia.net/mobilelegends/MPL/Indonesia/Season_9/Playoffs | https://github.com/LiTianYeoh/MLBB_Tournament_Analysis/blob/94ea36800e80c9e89a2356a0b81d3eeafbd6a4f7/analysis/data/consolidated_game_data_20240505.csv
9,S9-PO-006,4,ONIC Esports,pick,5,Valir,https://liquipedia.net/mobilelegends/MPL/Indonesia/Season_9/Playoffs | https://github.com/LiTianYeoh/MLBB_Tournament_Analysis/blob/94ea36800e80c9e89a2356a0b81d3eeafbd6a4f7/analysis/data/consolidated_game_data_20240505.csv
9,S9-PO-006,4,RRQ Hoshi,ban,1,Helcurt,https://liquipedia.net/mobilelegends/MPL/Indonesia/Season_9/Playoffs | https://github.com/LiTianYeoh/MLBB_Tournament_Analysis/blob/94ea36800e80c9e89a2356a0b81d3eeafbd6a4f7/analysis/data/consolidated_game_data_20240505.csv
9,S9-PO-006,4,RRQ Hoshi,ban,2,Bane,https://liquipedia.net/mobilelegends/MPL/Indonesia/Season_9/Playoffs | https://github.com/LiTianYeoh/MLBB_Tournament_Analysis/blob/94ea36800e80c9e89a2356a0b81d3eeafbd6a4f7/analysis/data/consolidated_game_data_20240505.csv
9,S9-PO-006,4,RRQ Hoshi,ban,3,Angela,https://liquipedia.net/mobilelegends/MPL/Indonesia/Season_9/Playoffs | https://github.com/LiTianYeoh/MLBB_Tournament_Analysis/blob/94ea36800e80c9e89a2356a0b81d3eeafbd6a4f7/analysis/data/consolidated_game_data_20240505.csv
9,S9-PO-006,4,RRQ Hoshi,ban,4,Natalia,https://liquipedia.net/mobilelegends/MPL/Indonesia/Season_9/Playoffs | https://github.com/LiTianYeoh/MLBB_Tournament_Analysis/blob/94ea36800e80c9e89a2356a0b81d3eeafbd6a4f7/analysis/data/consolidated_game_data_20240505.csv
9,S9-PO-006,4,RRQ Hoshi,ban,5,Fanny,https://liquipedia.net/mobilelegends/MPL/Indonesia/Season_9/Playoffs | https://github.com/LiTianYeoh/MLBB_Tournament_Analysis/blob/94ea36800e80c9e89a2356a0b81d3eeafbd6a4f7/analysis/data/consolidated_game_data_20240505.csv
9,S9-PO-006,4,RRQ Hoshi,pick,1,Yu Zhong,https://liquipedia.net/mobilelegends/MPL/Indonesia/Season_9/Playoffs | https://github.com/LiTianYeoh/MLBB_Tournament_Analysis/blob/94ea36800e80c9e89a2356a0b81d3eeafbd6a4f7/analysis/data/consolidated_game_data_20240505.csv
9,S9-PO-006,4,RRQ Hoshi,pick,2,Carmilla,https://liquipedia.net/mobilelegends/MPL/Indonesia/Season_9/Playoffs | https://github.com/LiTianYeoh/MLBB_Tournament_Analysis/blob/94ea36800e80c9e89a2356a0b81d3eeafbd6a4f7/analysis/data/consolidated_game_data_20240505.csv
9,S9-PO-006,4,RRQ Hoshi,pick,3,Cecilion,https://liquipedia.net/mobilelegends/MPL/Indonesia/Season_9/Playoffs | https://github.com/LiTianYeoh/MLBB_Tournament_Analysis/blob/94ea36800e80c9e89a2356a0b81d3eeafbd6a4f7/analysis/data/consolidated_game_data_20240505.csv
9,S9-PO-006,4,RRQ Hoshi,pick,4,Karina,https://liquipedia.net/mobilelegends/MPL/Indonesia/Season_9/Playoffs | https://github.com/LiTianYeoh/MLBB_Tournament_Analysis/blob/94ea36800e80c9e89a2356a0b81d3eeafbd6a4f7/analysis/data/consolidated_game_data_20240505.csv
9,S9-PO-006,4,RRQ Hoshi,pick,5,Wanwan,https://liquipedia.net/mobilelegends/MPL/Indonesia/Season_9/Playoffs | https://github.com/LiTianYeoh/MLBB_Tournament_Analysis/blob/94ea36800e80c9e89a2356a0b81d3eeafbd6a4f7/analysis/data/consolidated_game_data_20240505.csv
9,S9-PO-006,5,ONIC Esports,ban,1,Yve,https://liquipedia.net/mobilelegends/MPL/Indonesia/Season_9/Playoffs | https://github.com/LiTianYeoh/MLBB_Tournament_Analysis/blob/94ea36800e80c9e89a2356a0b81d3eeafbd6a4f7/analysis/data/consolidated_game_data_20240505.csv
9,S9-PO-006,5,ONIC Esports,ban,2,Angela,https://liquipedia.net/mobilelegends/MPL/Indonesia/Season_9/Playoffs | https://github.com/LiTianYeoh/MLBB_Tournament_Analysis/blob/94ea36800e80c9e89a2356a0b81d3eeafbd6a4f7/analysis/data/consolidated_game_data_20240505.csv
9,S9-PO-006,5,ONIC Esports,ban,3,Franco,https://liquipedia.net/mobilelegends/MPL/Indonesia/Season_9/Playoffs | https://github.com/LiTianYeoh/MLBB_Tournament_Analysis/blob/94ea36800e80c9e89a2356a0b81d3eeafbd6a4f7/analysis/data/consolidated_game_data_20240505.csv
9,S9-PO-006,5,ONIC Esports,ban,4,Ling,https://liquipedia.net/mobilelegends/MPL/Indonesia/Season_9/Playoffs | https://github.com/LiTianYeoh/MLBB_Tournament_Analysis/blob/94ea36800e80c9e89a2356a0b81d3eeafbd6a4f7/analysis/data/consolidated_game_data_20240505.csv
9,S9-PO-006,5,ONIC Esports,ban,5,Lancelot,https://liquipedia.net/mobilelegends/MPL/Indonesia/Season_9/Playoffs | https://github.com/LiTianYeoh/MLBB_Tournament_Analysis/blob/94ea36800e80c9e89a2356a0b81d3eeafbd6a4f7/analysis/data/consolidated_game_data_20240505.csv
9,S9-PO-006,5,ONIC Esports,pick,1,Hilda,https://liquipedia.net/mobilelegends/MPL/Indonesia/Season_9/Playoffs | https://github.com/LiTianYeoh/MLBB_Tournament_Analysis/blob/94ea36800e80c9e89a2356a0b81d3eeafbd6a4f7/analysis/data/consolidated_game_data_20240505.csv
9,S9-PO-006,5,ONIC Esports,pick,2,Esmeralda,https://liquipedia.net/mobilelegends/MPL/Indonesia/Season_9/Playoffs | https://github.com/LiTianYeoh/MLBB_Tournament_Analysis/blob/94ea36800e80c9e89a2356a0b81d3eeafbd6a4f7/analysis/data/consolidated_game_data_20240505.csv
9,S9-PO-006,5,ONIC Esports,pick,3,Lylia,https://liquipedia.net/mobilelegends/MPL/Indonesia/Season_9/Playoffs | https://github.com/LiTianYeoh/MLBB_Tournament_Analysis/blob/94ea36800e80c9e89a2356a0b81d3eeafbd6a4f7/analysis/data/consolidated_game_data_20240505.csv
9,S9-PO-006,5,ONIC Esports,pick,4,Helcurt,https://liquipedia.net/mobilelegends/MPL/Indonesia/Season_9/Playoffs | https://github.com/LiTianYeoh/MLBB_Tournament_Analysis/blob/94ea36800e80c9e89a2356a0b81d3eeafbd6a4f7/analysis/data/consolidated_game_data_20240505.csv
9,S9-PO-006,5,ONIC Esports,pick,5,Aldous,https://liquipedia.net/mobilelegends/MPL/Indonesia/Season_9/Playoffs | https://github.com/LiTianYeoh/MLBB_Tournament_Analysis/blob/94ea36800e80c9e89a2356a0b81d3eeafbd6a4f7/analysis/data/consolidated_game_data_20240505.csv
9,S9-PO-006,5,RRQ Hoshi,ban,1,Karina,https://liquipedia.net/mobilelegends/MPL/Indonesia/Season_9/Playoffs | https://github.com/LiTianYeoh/MLBB_Tournament_Analysis/blob/94ea36800e80c9e89a2356a0b81d3eeafbd6a4f7/analysis/data/consolidated_game_data_20240505.csv
9,S9-PO-006,5,RRQ Hoshi,ban,2,Wanwan,https://liquipedia.net/mobilelegends/MPL/Indonesia/Season_9/Playoffs | https://github.com/LiTianYeoh/MLBB_Tournament_Analysis/blob/94ea36800e80c9e89a2356a0b81d3eeafbd6a4f7/analysis/data/consolidated_game_data_20240505.csv
9,S9-PO-006,5,RRQ Hoshi,ban,3,Popol and Kupa,https://liquipedia.net/mobilelegends/MPL/Indonesia/Season_9/Playoffs | https://github.com/LiTianYeoh/MLBB_Tournament_Analysis/blob/94ea36800e80c9e89a2356a0b81d3eeafbd6a4f7/analysis/data/consolidated_game_data_20240505.csv
9,S9-PO-006,5,RRQ Hoshi,ban,4,Valentina,https://liquipedia.net/mobilelegends/MPL/Indonesia/Season_9/Playoffs | https://github.com/LiTianYeoh/MLBB_Tournament_Analysis/blob/94ea36800e80c9e89a2356a0b81d3eeafbd6a4f7/analysis/data/consolidated_game_data_20240505.csv
9,S9-PO-006,5,RRQ Hoshi,ban,5,Fanny,https://liquipedia.net/mobilelegends/MPL/Indonesia/Season_9/Playoffs | https://github.com/LiTianYeoh/MLBB_Tournament_Analysis/blob/94ea36800e80c9e89a2356a0b81d3eeafbd6a4f7/analysis/data/consolidated_game_data_20240505.csv
9,S9-PO-006,5,RRQ Hoshi,pick,1,Hylos,https://liquipedia.net/mobilelegends/MPL/Indonesia/Season_9/Playoffs | https://github.com/LiTianYeoh/MLBB_Tournament_Analysis/blob/94ea36800e80c9e89a2356a0b81d3eeafbd6a4f7/analysis/data/consolidated_game_data_20240505.csv
9,S9-PO-006,5,RRQ Hoshi,pick,2,Brody,https://liquipedia.net/mobilelegends/MPL/Indonesia/Season_9/Playoffs | https://github.com/LiTianYeoh/MLBB_Tournament_Analysis/blob/94ea36800e80c9e89a2356a0b81d3eeafbd6a4f7/analysis/data/consolidated_game_data_20240505.csv
9,S9-PO-006,5,RRQ Hoshi,pick,3,Baxia,https://liquipedia.net/mobilelegends/MPL/Indonesia/Season_9/Playoffs | https://github.com/LiTianYeoh/MLBB_Tournament_Analysis/blob/94ea36800e80c9e89a2356a0b81d3eeafbd6a4f7/analysis/data/consolidated_game_data_20240505.csv
9,S9-PO-006,5,RRQ Hoshi,pick,4,Grock,https://liquipedia.net/mobilelegends/MPL/Indonesia/Season_9/Playoffs | https://github.com/LiTianYeoh/MLBB_Tournament_Analysis/blob/94ea36800e80c9e89a2356a0b81d3eeafbd6a4f7/analysis/data/consolidated_game_data_20240505.csv
9,S9-PO-006,5,RRQ Hoshi,pick,5,Xavier,https://liquipedia.net/mobilelegends/MPL/Indonesia/Season_9/Playoffs | https://github.com/LiTianYeoh/MLBB_Tournament_Analysis/blob/94ea36800e80c9e89a2356a0b81d3eeafbd6a4f7/analysis/data/consolidated_game_data_20240505.csv
9,S9-PO-007,1,AURA Fire,ban,1,Selena,https://liquipedia.net/mobilelegends/MPL/Indonesia/Season_9/Playoffs | https://github.com/LiTianYeoh/MLBB_Tournament_Analysis/blob/94ea36800e80c9e89a2356a0b81d3eeafbd6a4f7/analysis/data/consolidated_game_data_20240505.csv
9,S9-PO-007,1,AURA Fire,ban,2,Helcurt,https://liquipedia.net/mobilelegends/MPL/Indonesia/Season_9/Playoffs | https://github.com/LiTianYeoh/MLBB_Tournament_Analysis/blob/94ea36800e80c9e89a2356a0b81d3eeafbd6a4f7/analysis/data/consolidated_game_data_20240505.csv
9,S9-PO-007,1,AURA Fire,ban,3,Chou,https://liquipedia.net/mobilelegends/MPL/Indonesia/Season_9/Playoffs | https://github.com/LiTianYeoh/MLBB_Tournament_Analysis/blob/94ea36800e80c9e89a2356a0b81d3eeafbd6a4f7/analysis/data/consolidated_game_data_20240505.csv
9,S9-PO-007,1,AURA Fire,ban,4,Angela,https://liquipedia.net/mobilelegends/MPL/Indonesia/Season_9/Playoffs | https://github.com/LiTianYeoh/MLBB_Tournament_Analysis/blob/94ea36800e80c9e89a2356a0b81d3eeafbd6a4f7/analysis/data/consolidated_game_data_20240505.csv
9,S9-PO-007,1,AURA Fire,ban,5,Natalia,https://liquipedia.net/mobilelegends/MPL/Indonesia/Season_9/Playoffs | https://github.com/LiTianYeoh/MLBB_Tournament_Analysis/blob/94ea36800e80c9e89a2356a0b81d3eeafbd6a4f7/analysis/data/consolidated_game_data_20240505.csv
9,S9-PO-007,1,AURA Fire,pick,1,Beatrix,https://liquipedia.net/mobilelegends/MPL/Indonesia/Season_9/Playoffs | https://github.com/LiTianYeoh/MLBB_Tournament_Analysis/blob/94ea36800e80c9e89a2356a0b81d3eeafbd6a4f7/analysis/data/consolidated_game_data_20240505.csv
9,S9-PO-007,1,AURA Fire,pick,2,Kadita,https://liquipedia.net/mobilelegends/MPL/Indonesia/Season_9/Playoffs | https://github.com/LiTianYeoh/MLBB_Tournament_Analysis/blob/94ea36800e80c9e89a2356a0b81d3eeafbd6a4f7/analysis/data/consolidated_game_data_20240505.csv
9,S9-PO-007,1,AURA Fire,pick,3,Baxia,https://liquipedia.net/mobilelegends/MPL/Indonesia/Season_9/Playoffs | https://github.com/LiTianYeoh/MLBB_Tournament_Analysis/blob/94ea36800e80c9e89a2356a0b81d3eeafbd6a4f7/analysis/data/consolidated_game_data_20240505.csv
9,S9-PO-007,1,AURA Fire,pick,4,Xavier,https://liquipedia.net/mobilelegends/MPL/Indonesia/Season_9/Playoffs | https://github.com/LiTianYeoh/MLBB_Tournament_Analysis/blob/94ea36800e80c9e89a2356a0b81d3eeafbd6a4f7/analysis/data/consolidated_game_data_20240505.csv
9,S9-PO-007,1,AURA Fire,pick,5,Grock,https://liquipedia.net/mobilelegends/MPL/Indonesia/Season_9/Playoffs | https://github.com/LiTianYeoh/MLBB_Tournament_Analysis/blob/94ea36800e80c9e89a2356a0b81d3eeafbd6a4f7/analysis/data/consolidated_game_data_20240505.csv
9,S9-PO-007,1,ONIC Esports,ban,1,Valentina,https://liquipedia.net/mobilelegends/MPL/Indonesia/Season_9/Playoffs | https://github.com/LiTianYeoh/MLBB_Tournament_Analysis/blob/94ea36800e80c9e89a2356a0b81d3eeafbd6a4f7/analysis/data/consolidated_game_data_20240505.csv
9,S9-PO-007,1,ONIC Esports,ban,2,Fanny,https://liquipedia.net/mobilelegends/MPL/Indonesia/Season_9/Playoffs | https://github.com/LiTianYeoh/MLBB_Tournament_Analysis/blob/94ea36800e80c9e89a2356a0b81d3eeafbd6a4f7/analysis/data/consolidated_game_data_20240505.csv
9,S9-PO-007,1,ONIC Esports,ban,3,Yve,https://liquipedia.net/mobilelegends/MPL/Indonesia/Season_9/Playoffs | https://github.com/LiTianYeoh/MLBB_Tournament_Analysis/blob/94ea36800e80c9e89a2356a0b81d3eeafbd6a4f7/analysis/data/consolidated_game_data_20240505.csv
9,S9-PO-007,1,ONIC Esports,ban,4,Popol and Kupa,https://liquipedia.net/mobilelegends/MPL/Indonesia/Season_9/Playoffs | https://github.com/LiTianYeoh/MLBB_Tournament_Analysis/blob/94ea36800e80c9e89a2356a0b81d3eeafbd6a4f7/analysis/data/consolidated_game_data_20240505.csv
9,S9-PO-007,1,ONIC Esports,ban,5,Yu Zhong,https://liquipedia.net/mobilelegends/MPL/Indonesia/Season_9/Playoffs | https://github.com/LiTianYeoh/MLBB_Tournament_Analysis/blob/94ea36800e80c9e89a2356a0b81d3eeafbd6a4f7/analysis/data/consolidated_game_data_20240505.csv
9,S9-PO-007,1,ONIC Esports,pick,1,Hylos,https://liquipedia.net/mobilelegends/MPL/Indonesia/Season_9/Playoffs | https://github.com/LiTianYeoh/MLBB_Tournament_Analysis/blob/94ea36800e80c9e89a2356a0b81d3eeafbd6a4f7/analysis/data/consolidated_game_data_20240505.csv
9,S9-PO-007,1,ONIC Esports,pick,2,Mathilda,https://liquipedia.net/mobilelegends/MPL/Indonesia/Season_9/Playoffs | https://github.com/LiTianYeoh/MLBB_Tournament_Analysis/blob/94ea36800e80c9e89a2356a0b81d3eeafbd6a4f7/analysis/data/consolidated_game_data_20240505.csv
9,S9-PO-007,1,ONIC Esports,pick,3,Wanwan,https://liquipedia.net/mobilelegends/MPL/Indonesia/Season_9/Playoffs | https://github.com/LiTianYeoh/MLBB_Tournament_Analysis/blob/94ea36800e80c9e89a2356a0b81d3eeafbd6a4f7/analysis/data/consolidated_game_data_20240505.csv
9,S9-PO-007,1,ONIC Esports,pick,4,Bane,https://liquipedia.net/mobilelegends/MPL/Indonesia/Season_9/Playoffs | https://github.com/LiTianYeoh/MLBB_Tournament_Analysis/blob/94ea36800e80c9e89a2356a0b81d3eeafbd6a4f7/analysis/data/consolidated_game_data_20240505.csv
9,S9-PO-007,1,ONIC Esports,pick,5,Rafaela,https://liquipedia.net/mobilelegends/MPL/Indonesia/Season_9/Playoffs | https://github.com/LiTianYeoh/MLBB_Tournament_Analysis/blob/94ea36800e80c9e89a2356a0b81d3eeafbd6a4f7/analysis/data/consolidated_game_data_20240505.csv
9,S9-PO-007,2,AURA Fire,ban,1,Popol and Kupa,https://liquipedia.net/mobilelegends/MPL/Indonesia/Season_9/Playoffs | https://github.com/LiTianYeoh/MLBB_Tournament_Analysis/blob/94ea36800e80c9e89a2356a0b81d3eeafbd6a4f7/analysis/data/consolidated_game_data_20240505.csv
9,S9-PO-007,2,AURA Fire,ban,2,Selena,https://liquipedia.net/mobilelegends/MPL/Indonesia/Season_9/Playoffs | https://github.com/LiTianYeoh/MLBB_Tournament_Analysis/blob/94ea36800e80c9e89a2356a0b81d3eeafbd6a4f7/analysis/data/consolidated_game_data_20240505.csv
9,S9-PO-007,2,AURA Fire,ban,3,Chou,https://liquipedia.net/mobilelegends/MPL/Indonesia/Season_9/Playoffs | https://github.com/LiTianYeoh/MLBB_Tournament_Analysis/blob/94ea36800e80c9e89a2356a0b81d3eeafbd6a4f7/analysis/data/consolidated_game_data_20240505.csv
9,S9-PO-007,2,AURA Fire,ban,4,Angela,https://liquipedia.net/mobilelegends/MPL/Indonesia/Season_9/Playoffs | https://github.com/LiTianYeoh/MLBB_Tournament_Analysis/blob/94ea36800e80c9e89a2356a0b81d3eeafbd6a4f7/analysis/data/consolidated_game_data_20240505.csv
9,S9-PO-007,2,AURA Fire,ban,5,Natalia,https://liquipedia.net/mobilelegends/MPL/Indonesia/Season_9/Playoffs | https://github.com/LiTianYeoh/MLBB_Tournament_Analysis/blob/94ea36800e80c9e89a2356a0b81d3eeafbd6a4f7/analysis/data/consolidated_game_data_20240505.csv
9,S9-PO-007,2,AURA Fire,pick,1,Yu Zhong,https://liquipedia.net/mobilelegends/MPL/Indonesia/Season_9/Playoffs | https://github.com/LiTianYeoh/MLBB_Tournament_Analysis/blob/94ea36800e80c9e89a2356a0b81d3eeafbd6a4f7/analysis/data/consolidated_game_data_20240505.csv
9,S9-PO-007,2,AURA Fire,pick,2,Grock,https://liquipedia.net/mobilelegends/MPL/Indonesia/Season_9/Playoffs | https://github.com/LiTianYeoh/MLBB_Tournament_Analysis/blob/94ea36800e80c9e89a2356a0b81d3eeafbd6a4f7/analysis/data/consolidated_game_data_20240505.csv
9,S9-PO-007,2,AURA Fire,pick,3,Karina,https://liquipedia.net/mobilelegends/MPL/Indonesia/Season_9/Playoffs | https://github.com/LiTianYeoh/MLBB_Tournament_Analysis/blob/94ea36800e80c9e89a2356a0b81d3eeafbd6a4f7/analysis/data/consolidated_game_data_20240505.csv
9,S9-PO-007,2,AURA Fire,pick,4,Xavier,https://liquipedia.net/mobilelegends/MPL/Indonesia/Season_9/Playoffs | https://github.com/LiTianYeoh/MLBB_Tournament_Analysis/blob/94ea36800e80c9e89a2356a0b81d3eeafbd6a4f7/analysis/data/consolidated_game_data_20240505.csv
9,S9-PO-007,2,AURA Fire,pick,5,Hylos,https://liquipedia.net/mobilelegends/MPL/Indonesia/Season_9/Playoffs | https://github.com/LiTianYeoh/MLBB_Tournament_Analysis/blob/94ea36800e80c9e89a2356a0b81d3eeafbd6a4f7/analysis/data/consolidated_game_data_20240505.csv
9,S9-PO-007,2,ONIC Esports,ban,1,Valentina,https://liquipedia.net/mobilelegends/MPL/Indonesia/Season_9/Playoffs | https://github.com/LiTianYeoh/MLBB_Tournament_Analysis/blob/94ea36800e80c9e89a2356a0b81d3eeafbd6a4f7/analysis/data/consolidated_game_data_20240505.csv
9,S9-PO-007,2,ONIC Esports,ban,2,Fanny,https://liquipedia.net/mobilelegends/MPL/Indonesia/Season_9/Playoffs | https://github.com/LiTianYeoh/MLBB_Tournament_Analysis/blob/94ea36800e80c9e89a2356a0b81d3eeafbd6a4f7/analysis/data/consolidated_game_data_20240505.csv
9,S9-PO-007,2,ONIC Esports,ban,3,Yve,https://liquipedia.net/mobilelegends/MPL/Indonesia/Season_9/Playoffs | https://github.com/LiTianYeoh/MLBB_Tournament_Analysis/blob/94ea36800e80c9e89a2356a0b81d3eeafbd6a4f7/analysis/data/consolidated_game_data_20240505.csv
9,S9-PO-007,2,ONIC Esports,ban,4,Dyrroth,https://liquipedia.net/mobilelegends/MPL/Indonesia/Season_9/Playoffs | https://github.com/LiTianYeoh/MLBB_Tournament_Analysis/blob/94ea36800e80c9e89a2356a0b81d3eeafbd6a4f7/analysis/data/consolidated_game_data_20240505.csv
9,S9-PO-007,2,ONIC Esports,ban,5,Kadita,https://liquipedia.net/mobilelegends/MPL/Indonesia/Season_9/Playoffs | https://github.com/LiTianYeoh/MLBB_Tournament_Analysis/blob/94ea36800e80c9e89a2356a0b81d3eeafbd6a4f7/analysis/data/consolidated_game_data_20240505.csv
9,S9-PO-007,2,ONIC Esports,pick,1,Valir,https://liquipedia.net/mobilelegends/MPL/Indonesia/Season_9/Playoffs | https://github.com/LiTianYeoh/MLBB_Tournament_Analysis/blob/94ea36800e80c9e89a2356a0b81d3eeafbd6a4f7/analysis/data/consolidated_game_data_20240505.csv
9,S9-PO-007,2,ONIC Esports,pick,2,Mathilda,https://liquipedia.net/mobilelegends/MPL/Indonesia/Season_9/Playoffs | https://github.com/LiTianYeoh/MLBB_Tournament_Analysis/blob/94ea36800e80c9e89a2356a0b81d3eeafbd6a4f7/analysis/data/consolidated_game_data_20240505.csv
9,S9-PO-007,2,ONIC Esports,pick,3,Beatrix,https://liquipedia.net/mobilelegends/MPL/Indonesia/Season_9/Playoffs | https://github.com/LiTianYeoh/MLBB_Tournament_Analysis/blob/94ea36800e80c9e89a2356a0b81d3eeafbd6a4f7/analysis/data/consolidated_game_data_20240505.csv
9,S9-PO-007,2,ONIC Esports,pick,4,Esmeralda,https://liquipedia.net/mobilelegends/MPL/Indonesia/Season_9/Playoffs | https://github.com/LiTianYeoh/MLBB_Tournament_Analysis/blob/94ea36800e80c9e89a2356a0b81d3eeafbd6a4f7/analysis/data/consolidated_game_data_20240505.csv
9,S9-PO-007,2,ONIC Esports,pick,5,Baxia,https://liquipedia.net/mobilelegends/MPL/Indonesia/Season_9/Playoffs | https://github.com/LiTianYeoh/MLBB_Tournament_Analysis/blob/94ea36800e80c9e89a2356a0b81d3eeafbd6a4f7/analysis/data/consolidated_game_data_20240505.csv
9,S9-PO-007,3,AURA Fire,ban,1,Valir,https://liquipedia.net/mobilelegends/MPL/Indonesia/Season_9/Playoffs | https://github.com/LiTianYeoh/MLBB_Tournament_Analysis/blob/94ea36800e80c9e89a2356a0b81d3eeafbd6a4f7/analysis/data/consolidated_game_data_20240505.csv
9,S9-PO-007,3,AURA Fire,ban,2,Selena,https://liquipedia.net/mobilelegends/MPL/Indonesia/Season_9/Playoffs | https://github.com/LiTianYeoh/MLBB_Tournament_Analysis/blob/94ea36800e80c9e89a2356a0b81d3eeafbd6a4f7/analysis/data/consolidated_game_data_20240505.csv
9,S9-PO-007,3,AURA Fire,ban,3,Grock,https://liquipedia.net/mobilelegends/MPL/Indonesia/Season_9/Playoffs | https://github.com/LiTianYeoh/MLBB_Tournament_Analysis/blob/94ea36800e80c9e89a2356a0b81d3eeafbd6a4f7/analysis/data/consolidated_game_data_20240505.csv
9,S9-PO-007,3,AURA Fire,ban,4,Angela,https://liquipedia.net/mobilelegends/MPL/Indonesia/Season_9/Playoffs | https://github.com/LiTianYeoh/MLBB_Tournament_Analysis/blob/94ea36800e80c9e89a2356a0b81d3eeafbd6a4f7/analysis/data/consolidated_game_data_20240505.csv
9,S9-PO-007,3,AURA Fire,ban,5,Natalia,https://liquipedia.net/mobilelegends/MPL/Indonesia/Season_9/Playoffs | https://github.com/LiTianYeoh/MLBB_Tournament_Analysis/blob/94ea36800e80c9e89a2356a0b81d3eeafbd6a4f7/analysis/data/consolidated_game_data_20240505.csv
9,S9-PO-007,3,AURA Fire,pick,1,Pharsa,https://liquipedia.net/mobilelegends/MPL/Indonesia/Season_9/Playoffs | https://github.com/LiTianYeoh/MLBB_Tournament_Analysis/blob/94ea36800e80c9e89a2356a0b81d3eeafbd6a4f7/analysis/data/consolidated_game_data_20240505.csv
9,S9-PO-007,3,AURA Fire,pick,2,Masha,https://liquipedia.net/mobilelegends/MPL/Indonesia/Season_9/Playoffs | https://github.com/LiTianYeoh/MLBB_Tournament_Analysis/blob/94ea36800e80c9e89a2356a0b81d3eeafbd6a4f7/analysis/data/consolidated_game_data_20240505.csv
9,S9-PO-007,3,AURA Fire,pick,3,Beatrix,https://liquipedia.net/mobilelegends/MPL/Indonesia/Season_9/Playoffs | https://github.com/LiTianYeoh/MLBB_Tournament_Analysis/blob/94ea36800e80c9e89a2356a0b81d3eeafbd6a4f7/analysis/data/consolidated_game_data_20240505.csv
9,S9-PO-007,3,AURA Fire,pick,4,Kadita,https://liquipedia.net/mobilelegends/MPL/Indonesia/Season_9/Playoffs | https://github.com/LiTianYeoh/MLBB_Tournament_Analysis/blob/94ea36800e80c9e89a2356a0b81d3eeafbd6a4f7/analysis/data/consolidated_game_data_20240505.csv
9,S9-PO-007,3,AURA Fire,pick,5,Baxia,https://liquipedia.net/mobilelegends/MPL/Indonesia/Season_9/Playoffs | https://github.com/LiTianYeoh/MLBB_Tournament_Analysis/blob/94ea36800e80c9e89a2356a0b81d3eeafbd6a4f7/analysis/data/consolidated_game_data_20240505.csv
9,S9-PO-007,3,ONIC Esports,ban,1,Valentina,https://liquipedia.net/mobilelegends/MPL/Indonesia/Season_9/Playoffs | https://github.com/LiTianYeoh/MLBB_Tournament_Analysis/blob/94ea36800e80c9e89a2356a0b81d3eeafbd6a4f7/analysis/data/consolidated_game_data_20240505.csv
9,S9-PO-007,3,ONIC Esports,ban,2,Fanny,https://liquipedia.net/mobilelegends/MPL/Indonesia/Season_9/Playoffs | https://github.com/LiTianYeoh/MLBB_Tournament_Analysis/blob/94ea36800e80c9e89a2356a0b81d3eeafbd6a4f7/analysis/data/consolidated_game_data_20240505.csv
9,S9-PO-007,3,ONIC Esports,ban,3,Yve,https://liquipedia.net/mobilelegends/MPL/Indonesia/Season_9/Playoffs | https://github.com/LiTianYeoh/MLBB_Tournament_Analysis/blob/94ea36800e80c9e89a2356a0b81d3eeafbd6a4f7/analysis/data/consolidated_game_data_20240505.csv
9,S9-PO-007,3,ONIC Esports,ban,4,Dyrroth,https://liquipedia.net/mobilelegends/MPL/Indonesia/Season_9/Playoffs | https://github.com/LiTianYeoh/MLBB_Tournament_Analysis/blob/94ea36800e80c9e89a2356a0b81d3eeafbd6a4f7/analysis/data/consolidated_game_data_20240505.csv
9,S9-PO-007,3,ONIC Esports,ban,5,Ling,https://liquipedia.net/mobilelegends/MPL/Indonesia/Season_9/Playoffs | https://github.com/LiTianYeoh/MLBB_Tournament_Analysis/blob/94ea36800e80c9e89a2356a0b81d3eeafbd6a4f7/analysis/data/consolidated_game_data_20240505.csv
9,S9-PO-007,3,ONIC Esports,pick,1,Esmeralda,https://liquipedia.net/mobilelegends/MPL/Indonesia/Season_9/Playoffs | https://github.com/LiTianYeoh/MLBB_Tournament_Analysis/blob/94ea36800e80c9e89a2356a0b81d3eeafbd6a4f7/analysis/data/consolidated_game_data_20240505.csv
9,S9-PO-007,3,ONIC Esports,pick,2,Xavier,https://liquipedia.net/mobilelegends/MPL/Indonesia/Season_9/Playoffs | https://github.com/LiTianYeoh/MLBB_Tournament_Analysis/blob/94ea36800e80c9e89a2356a0b81d3eeafbd6a4f7/analysis/data/consolidated_game_data_20240505.csv
9,S9-PO-007,3,ONIC Esports,pick,3,Popol and Kupa,https://liquipedia.net/mobilelegends/MPL/Indonesia/Season_9/Playoffs | https://github.com/LiTianYeoh/MLBB_Tournament_Analysis/blob/94ea36800e80c9e89a2356a0b81d3eeafbd6a4f7/analysis/data/consolidated_game_data_20240505.csv
9,S9-PO-007,3,ONIC Esports,pick,4,Hylos,https://liquipedia.net/mobilelegends/MPL/Indonesia/Season_9/Playoffs | https://github.com/LiTianYeoh/MLBB_Tournament_Analysis/blob/94ea36800e80c9e89a2356a0b81d3eeafbd6a4f7/analysis/data/consolidated_game_data_20240505.csv
9,S9-PO-007,3,ONIC Esports,pick,5,Mathilda,https://liquipedia.net/mobilelegends/MPL/Indonesia/Season_9/Playoffs | https://github.com/LiTianYeoh/MLBB_Tournament_Analysis/blob/94ea36800e80c9e89a2356a0b81d3eeafbd6a4f7/analysis/data/consolidated_game_data_20240505.csv
9,S9-PO-007,4,AURA Fire,ban,1,Cecilion,https://liquipedia.net/mobilelegends/MPL/Indonesia/Season_9/Playoffs | https://github.com/LiTianYeoh/MLBB_Tournament_Analysis/blob/94ea36800e80c9e89a2356a0b81d3eeafbd6a4f7/analysis/data/consolidated_game_data_20240505.csv
9,S9-PO-007,4,AURA Fire,ban,2,Lylia,https://liquipedia.net/mobilelegends/MPL/Indonesia/Season_9/Playoffs | https://github.com/LiTianYeoh/MLBB_Tournament_Analysis/blob/94ea36800e80c9e89a2356a0b81d3eeafbd6a4f7/analysis/data/consolidated_game_data_20240505.csv
9,S9-PO-007,4,AURA Fire,ban,3,Fanny,https://liquipedia.net/mobilelegends/MPL/Indonesia/Season_9/Playoffs | https://github.com/LiTianYeoh/MLBB_Tournament_Analysis/blob/94ea36800e80c9e89a2356a0b81d3eeafbd6a4f7/analysis/data/consolidated_game_data_20240505.csv
9,S9-PO-007,4,AURA Fire,ban,4,Natalia,https://liquipedia.net/mobilelegends/MPL/Indonesia/Season_9/Playoffs | https://github.com/LiTianYeoh/MLBB_Tournament_Analysis/blob/94ea36800e80c9e89a2356a0b81d3eeafbd6a4f7/analysis/data/consolidated_game_data_20240505.csv
9,S9-PO-007,4,AURA Fire,ban,5,Valentina,https://liquipedia.net/mobilelegends/MPL/Indonesia/Season_9/Playoffs | https://github.com/LiTianYeoh/MLBB_Tournament_Analysis/blob/94ea36800e80c9e89a2356a0b81d3eeafbd6a4f7/analysis/data/consolidated_game_data_20240505.csv
9,S9-PO-007,4,AURA Fire,pick,1,Ling,https://liquipedia.net/mobilelegends/MPL/Indonesia/Season_9/Playoffs | https://github.com/LiTianYeoh/MLBB_Tournament_Analysis/blob/94ea36800e80c9e89a2356a0b81d3eeafbd6a4f7/analysis/data/consolidated_game_data_20240505.csv
9,S9-PO-007,4,AURA Fire,pick,2,Paquito,https://liquipedia.net/mobilelegends/MPL/Indonesia/Season_9/Playoffs | https://github.com/LiTianYeoh/MLBB_Tournament_Analysis/blob/94ea36800e80c9e89a2356a0b81d3eeafbd6a4f7/analysis/data/consolidated_game_data_20240505.csv
9,S9-PO-007,4,AURA Fire,pick,3,Xavier,https://liquipedia.net/mobilelegends/MPL/Indonesia/Season_9/Playoffs | https://github.com/LiTianYeoh/MLBB_Tournament_Analysis/blob/94ea36800e80c9e89a2356a0b81d3eeafbd6a4f7/analysis/data/consolidated_game_data_20240505.csv
9,S9-PO-007,4,AURA Fire,pick,4,Esmeralda,https://liquipedia.net/mobilelegends/MPL/Indonesia/Season_9/Playoffs | https://github.com/LiTianYeoh/MLBB_Tournament_Analysis/blob/94ea36800e80c9e89a2356a0b81d3eeafbd6a4f7/analysis/data/consolidated_game_data_20240505.csv
9,S9-PO-007,4,AURA Fire,pick,5,Kadita,https://liquipedia.net/mobilelegends/MPL/Indonesia/Season_9/Playoffs | https://github.com/LiTianYeoh/MLBB_Tournament_Analysis/blob/94ea36800e80c9e89a2356a0b81d3eeafbd6a4f7/analysis/data/consolidated_game_data_20240505.csv
9,S9-PO-007,4,ONIC Esports,ban,1,Yve,https://liquipedia.net/mobilelegends/MPL/Indonesia/Season_9/Playoffs | https://github.com/LiTianYeoh/MLBB_Tournament_Analysis/blob/94ea36800e80c9e89a2356a0b81d3eeafbd6a4f7/analysis/data/consolidated_game_data_20240505.csv
9,S9-PO-007,4,ONIC Esports,ban,2,Baxia,https://liquipedia.net/mobilelegends/MPL/Indonesia/Season_9/Playoffs | https://github.com/LiTianYeoh/MLBB_Tournament_Analysis/blob/94ea36800e80c9e89a2356a0b81d3eeafbd6a4f7/analysis/data/consolidated_game_data_20240505.csv
9,S9-PO-007,4,ONIC Esports,ban,3,Masha,https://liquipedia.net/mobilelegends/MPL/Indonesia/Season_9/Playoffs | https://github.com/LiTianYeoh/MLBB_Tournament_Analysis/blob/94ea36800e80c9e89a2356a0b81d3eeafbd6a4f7/analysis/data/consolidated_game_data_20240505.csv
9,S9-PO-007,4,ONIC Esports,ban,4,Chou,https://liquipedia.net/mobilelegends/MPL/Indonesia/Season_9/Playoffs | https://github.com/LiTianYeoh/MLBB_Tournament_Analysis/blob/94ea36800e80c9e89a2356a0b81d3eeafbd6a4f7/analysis/data/consolidated_game_data_20240505.csv
9,S9-PO-007,4,ONIC Esports,ban,5,Yu Zhong,https://liquipedia.net/mobilelegends/MPL/Indonesia/Season_9/Playoffs | https://github.com/LiTianYeoh/MLBB_Tournament_Analysis/blob/94ea36800e80c9e89a2356a0b81d3eeafbd6a4f7/analysis/data/consolidated_game_data_20240505.csv
9,S9-PO-007,4,ONIC Esports,pick,1,Grock,https://liquipedia.net/mobilelegends/MPL/Indonesia/Season_9/Playoffs | https://github.com/LiTianYeoh/MLBB_Tournament_Analysis/blob/94ea36800e80c9e89a2356a0b81d3eeafbd6a4f7/analysis/data/consolidated_game_data_20240505.csv
9,S9-PO-007,4,ONIC Esports,pick,2,Beatrix,https://liquipedia.net/mobilelegends/MPL/Indonesia/Season_9/Playoffs | https://github.com/LiTianYeoh/MLBB_Tournament_Analysis/blob/94ea36800e80c9e89a2356a0b81d3eeafbd6a4f7/analysis/data/consolidated_game_data_20240505.csv
9,S9-PO-007,4,ONIC Esports,pick,3,Hylos,https://liquipedia.net/mobilelegends/MPL/Indonesia/Season_9/Playoffs | https://github.com/LiTianYeoh/MLBB_Tournament_Analysis/blob/94ea36800e80c9e89a2356a0b81d3eeafbd6a4f7/analysis/data/consolidated_game_data_20240505.csv
9,S9-PO-007,4,ONIC Esports,pick,4,Kagura,https://liquipedia.net/mobilelegends/MPL/Indonesia/Season_9/Playoffs | https://github.com/LiTianYeoh/MLBB_Tournament_Analysis/blob/94ea36800e80c9e89a2356a0b81d3eeafbd6a4f7/analysis/data/consolidated_game_data_20240505.csv
9,S9-PO-007,4,ONIC Esports,pick,5,Helcurt,https://liquipedia.net/mobilelegends/MPL/Indonesia/Season_9/Playoffs | https://github.com/LiTianYeoh/MLBB_Tournament_Analysis/blob/94ea36800e80c9e89a2356a0b81d3eeafbd6a4f7/analysis/data/consolidated_game_data_20240505.csv
9,S9-PO-007,5,AURA Fire,ban,1,Valir,https://liquipedia.net/mobilelegends/MPL/Indonesia/Season_9/Playoffs | https://github.com/LiTianYeoh/MLBB_Tournament_Analysis/blob/94ea36800e80c9e89a2356a0b81d3eeafbd6a4f7/analysis/data/consolidated_game_data_20240505.csv
9,S9-PO-007,5,AURA Fire,ban,2,Helcurt,https://liquipedia.net/mobilelegends/MPL/Indonesia/Season_9/Playoffs | https://github.com/LiTianYeoh/MLBB_Tournament_Analysis/blob/94ea36800e80c9e89a2356a0b81d3eeafbd6a4f7/analysis/data/consolidated_game_data_20240505.csv
9,S9-PO-007,5,AURA Fire,ban,3,Grock,https://liquipedia.net/mobilelegends/MPL/Indonesia/Season_9/Playoffs | https://github.com/LiTianYeoh/MLBB_Tournament_Analysis/blob/94ea36800e80c9e89a2356a0b81d3eeafbd6a4f7/analysis/data/consolidated_game_data_20240505.csv
9,S9-PO-007,5,AURA Fire,ban,4,Angela,https://liquipedia.net/mobilelegends/MPL/Indonesia/Season_9/Playoffs | https://github.com/LiTianYeoh/MLBB_Tournament_Analysis/blob/94ea36800e80c9e89a2356a0b81d3eeafbd6a4f7/analysis/data/consolidated_game_data_20240505.csv
9,S9-PO-007,5,AURA Fire,ban,5,Natalia,https://liquipedia.net/mobilelegends/MPL/Indonesia/Season_9/Playoffs | https://github.com/LiTianYeoh/MLBB_Tournament_Analysis/blob/94ea36800e80c9e89a2356a0b81d3eeafbd6a4f7/analysis/data/consolidated_game_data_20240505.csv
9,S9-PO-007,5,AURA Fire,pick,1,Esmeralda,https://liquipedia.net/mobilelegends/MPL/Indonesia/Season_9/Playoffs | https://github.com/LiTianYeoh/MLBB_Tournament_Analysis/blob/94ea36800e80c9e89a2356a0b81d3eeafbd6a4f7/analysis/data/consolidated_game_data_20240505.csv
9,S9-PO-007,5,AURA Fire,pick,2,Brody,https://liquipedia.net/mobilelegends/MPL/Indonesia/Season_9/Playoffs | https://github.com/LiTianYeoh/MLBB_Tournament_Analysis/blob/94ea36800e80c9e89a2356a0b81d3eeafbd6a4f7/analysis/data/consolidated_game_data_20240505.csv
9,S9-PO-007,5,AURA Fire,pick,3,Kadita,https://liquipedia.net/mobilelegends/MPL/Indonesia/Season_9/Playoffs | https://github.com/LiTianYeoh/MLBB_Tournament_Analysis/blob/94ea36800e80c9e89a2356a0b81d3eeafbd6a4f7/analysis/data/consolidated_game_data_20240505.csv
9,S9-PO-007,5,AURA Fire,pick,4,Xavier,https://liquipedia.net/mobilelegends/MPL/Indonesia/Season_9/Playoffs | https://github.com/LiTianYeoh/MLBB_Tournament_Analysis/blob/94ea36800e80c9e89a2356a0b81d3eeafbd6a4f7/analysis/data/consolidated_game_data_20240505.csv
9,S9-PO-007,5,AURA Fire,pick,5,Baxia,https://liquipedia.net/mobilelegends/MPL/Indonesia/Season_9/Playoffs | https://github.com/LiTianYeoh/MLBB_Tournament_Analysis/blob/94ea36800e80c9e89a2356a0b81d3eeafbd6a4f7/analysis/data/consolidated_game_data_20240505.csv
9,S9-PO-007,5,ONIC Esports,ban,1,Valentina,https://liquipedia.net/mobilelegends/MPL/Indonesia/Season_9/Playoffs | https://github.com/LiTianYeoh/MLBB_Tournament_Analysis/blob/94ea36800e80c9e89a2356a0b81d3eeafbd6a4f7/analysis/data/consolidated_game_data_20240505.csv
9,S9-PO-007,5,ONIC Esports,ban,2,Yve,https://liquipedia.net/mobilelegends/MPL/Indonesia/Season_9/Playoffs | https://github.com/LiTianYeoh/MLBB_Tournament_Analysis/blob/94ea36800e80c9e89a2356a0b81d3eeafbd6a4f7/analysis/data/consolidated_game_data_20240505.csv
9,S9-PO-007,5,ONIC Esports,ban,3,Fanny,https://liquipedia.net/mobilelegends/MPL/Indonesia/Season_9/Playoffs | https://github.com/LiTianYeoh/MLBB_Tournament_Analysis/blob/94ea36800e80c9e89a2356a0b81d3eeafbd6a4f7/analysis/data/consolidated_game_data_20240505.csv
9,S9-PO-007,5,ONIC Esports,ban,4,Chou,https://liquipedia.net/mobilelegends/MPL/Indonesia/Season_9/Playoffs | https://github.com/LiTianYeoh/MLBB_Tournament_Analysis/blob/94ea36800e80c9e89a2356a0b81d3eeafbd6a4f7/analysis/data/consolidated_game_data_20240505.csv
9,S9-PO-007,5,ONIC Esports,ban,5,Yu Zhong,https://liquipedia.net/mobilelegends/MPL/Indonesia/Season_9/Playoffs | https://github.com/LiTianYeoh/MLBB_Tournament_Analysis/blob/94ea36800e80c9e89a2356a0b81d3eeafbd6a4f7/analysis/data/consolidated_game_data_20240505.csv
9,S9-PO-007,5,ONIC Esports,pick,1,Paquito,https://liquipedia.net/mobilelegends/MPL/Indonesia/Season_9/Playoffs | https://github.com/LiTianYeoh/MLBB_Tournament_Analysis/blob/94ea36800e80c9e89a2356a0b81d3eeafbd6a4f7/analysis/data/consolidated_game_data_20240505.csv
9,S9-PO-007,5,ONIC Esports,pick,2,Beatrix,https://liquipedia.net/mobilelegends/MPL/Indonesia/Season_9/Playoffs | https://github.com/LiTianYeoh/MLBB_Tournament_Analysis/blob/94ea36800e80c9e89a2356a0b81d3eeafbd6a4f7/analysis/data/consolidated_game_data_20240505.csv
9,S9-PO-007,5,ONIC Esports,pick,3,Masha,https://liquipedia.net/mobilelegends/MPL/Indonesia/Season_9/Playoffs | https://github.com/LiTianYeoh/MLBB_Tournament_Analysis/blob/94ea36800e80c9e89a2356a0b81d3eeafbd6a4f7/analysis/data/consolidated_game_data_20240505.csv
9,S9-PO-007,5,ONIC Esports,pick,4,Kagura,https://liquipedia.net/mobilelegends/MPL/Indonesia/Season_9/Playoffs | https://github.com/LiTianYeoh/MLBB_Tournament_Analysis/blob/94ea36800e80c9e89a2356a0b81d3eeafbd6a4f7/analysis/data/consolidated_game_data_20240505.csv
9,S9-PO-007,5,ONIC Esports,pick,5,Atlas,https://liquipedia.net/mobilelegends/MPL/Indonesia/Season_9/Playoffs | https://github.com/LiTianYeoh/MLBB_Tournament_Analysis/blob/94ea36800e80c9e89a2356a0b81d3eeafbd6a4f7/analysis/data/consolidated_game_data_20240505.csv
9,S9-PO-008,1,RRQ Hoshi,ban,1,Fanny,https://liquipedia.net/mobilelegends/MPL/Indonesia/Season_9/Playoffs | https://github.com/LiTianYeoh/MLBB_Tournament_Analysis/blob/94ea36800e80c9e89a2356a0b81d3eeafbd6a4f7/analysis/data/consolidated_game_data_20240505.csv
9,S9-PO-008,1,RRQ Hoshi,ban,2,Valentina,https://liquipedia.net/mobilelegends/MPL/Indonesia/Season_9/Playoffs | https://github.com/LiTianYeoh/MLBB_Tournament_Analysis/blob/94ea36800e80c9e89a2356a0b81d3eeafbd6a4f7/analysis/data/consolidated_game_data_20240505.csv
9,S9-PO-008,1,RRQ Hoshi,ban,3,Popol and Kupa,https://liquipedia.net/mobilelegends/MPL/Indonesia/Season_9/Playoffs | https://github.com/LiTianYeoh/MLBB_Tournament_Analysis/blob/94ea36800e80c9e89a2356a0b81d3eeafbd6a4f7/analysis/data/consolidated_game_data_20240505.csv
9,S9-PO-008,1,RRQ Hoshi,ban,4,Atlas,https://liquipedia.net/mobilelegends/MPL/Indonesia/Season_9/Playoffs | https://github.com/LiTianYeoh/MLBB_Tournament_Analysis/blob/94ea36800e80c9e89a2356a0b81d3eeafbd6a4f7/analysis/data/consolidated_game_data_20240505.csv
9,S9-PO-008,1,RRQ Hoshi,ban,5,Natalia,https://liquipedia.net/mobilelegends/MPL/Indonesia/Season_9/Playoffs | https://github.com/LiTianYeoh/MLBB_Tournament_Analysis/blob/94ea36800e80c9e89a2356a0b81d3eeafbd6a4f7/analysis/data/consolidated_game_data_20240505.csv
9,S9-PO-008,1,RRQ Hoshi,pick,1,Xavier,https://liquipedia.net/mobilelegends/MPL/Indonesia/Season_9/Playoffs | https://github.com/LiTianYeoh/MLBB_Tournament_Analysis/blob/94ea36800e80c9e89a2356a0b81d3eeafbd6a4f7/analysis/data/consolidated_game_data_20240505.csv
9,S9-PO-008,1,RRQ Hoshi,pick,2,Claude,https://liquipedia.net/mobilelegends/MPL/Indonesia/Season_9/Playoffs | https://github.com/LiTianYeoh/MLBB_Tournament_Analysis/blob/94ea36800e80c9e89a2356a0b81d3eeafbd6a4f7/analysis/data/consolidated_game_data_20240505.csv
9,S9-PO-008,1,RRQ Hoshi,pick,3,Hilda,https://liquipedia.net/mobilelegends/MPL/Indonesia/Season_9/Playoffs | https://github.com/LiTianYeoh/MLBB_Tournament_Analysis/blob/94ea36800e80c9e89a2356a0b81d3eeafbd6a4f7/analysis/data/consolidated_game_data_20240505.csv
9,S9-PO-008,1,RRQ Hoshi,pick,4,Ruby,https://liquipedia.net/mobilelegends/MPL/Indonesia/Season_9/Playoffs | https://github.com/LiTianYeoh/MLBB_Tournament_Analysis/blob/94ea36800e80c9e89a2356a0b81d3eeafbd6a4f7/analysis/data/consolidated_game_data_20240505.csv
9,S9-PO-008,1,RRQ Hoshi,pick,5,Ling,https://liquipedia.net/mobilelegends/MPL/Indonesia/Season_9/Playoffs | https://github.com/LiTianYeoh/MLBB_Tournament_Analysis/blob/94ea36800e80c9e89a2356a0b81d3eeafbd6a4f7/analysis/data/consolidated_game_data_20240505.csv
9,S9-PO-008,1,ONIC Esports,ban,1,Esmeralda,https://liquipedia.net/mobilelegends/MPL/Indonesia/Season_9/Playoffs | https://github.com/LiTianYeoh/MLBB_Tournament_Analysis/blob/94ea36800e80c9e89a2356a0b81d3eeafbd6a4f7/analysis/data/consolidated_game_data_20240505.csv
9,S9-PO-008,1,ONIC Esports,ban,2,Chou,https://liquipedia.net/mobilelegends/MPL/Indonesia/Season_9/Playoffs | https://github.com/LiTianYeoh/MLBB_Tournament_Analysis/blob/94ea36800e80c9e89a2356a0b81d3eeafbd6a4f7/analysis/data/consolidated_game_data_20240505.csv
9,S9-PO-008,1,ONIC Esports,ban,3,Grock,https://liquipedia.net/mobilelegends/MPL/Indonesia/Season_9/Playoffs | https://github.com/LiTianYeoh/MLBB_Tournament_Analysis/blob/94ea36800e80c9e89a2356a0b81d3eeafbd6a4f7/analysis/data/consolidated_game_data_20240505.csv
9,S9-PO-008,1,ONIC Esports,ban,4,Angela,https://liquipedia.net/mobilelegends/MPL/Indonesia/Season_9/Playoffs | https://github.com/LiTianYeoh/MLBB_Tournament_Analysis/blob/94ea36800e80c9e89a2356a0b81d3eeafbd6a4f7/analysis/data/consolidated_game_data_20240505.csv
9,S9-PO-008,1,ONIC Esports,ban,5,Yve,https://liquipedia.net/mobilelegends/MPL/Indonesia/Season_9/Playoffs | https://github.com/LiTianYeoh/MLBB_Tournament_Analysis/blob/94ea36800e80c9e89a2356a0b81d3eeafbd6a4f7/analysis/data/consolidated_game_data_20240505.csv
9,S9-PO-008,1,ONIC Esports,pick,1,Khufra,https://liquipedia.net/mobilelegends/MPL/Indonesia/Season_9/Playoffs | https://github.com/LiTianYeoh/MLBB_Tournament_Analysis/blob/94ea36800e80c9e89a2356a0b81d3eeafbd6a4f7/analysis/data/consolidated_game_data_20240505.csv
9,S9-PO-008,1,ONIC Esports,pick,2,Masha,https://liquipedia.net/mobilelegends/MPL/Indonesia/Season_9/Playoffs | https://github.com/LiTianYeoh/MLBB_Tournament_Analysis/blob/94ea36800e80c9e89a2356a0b81d3eeafbd6a4f7/analysis/data/consolidated_game_data_20240505.csv
9,S9-PO-008,1,ONIC Esports,pick,3,Cecilion,https://liquipedia.net/mobilelegends/MPL/Indonesia/Season_9/Playoffs | https://github.com/LiTianYeoh/MLBB_Tournament_Analysis/blob/94ea36800e80c9e89a2356a0b81d3eeafbd6a4f7/analysis/data/consolidated_game_data_20240505.csv
9,S9-PO-008,1,ONIC Esports,pick,4,Beatrix,https://liquipedia.net/mobilelegends/MPL/Indonesia/Season_9/Playoffs | https://github.com/LiTianYeoh/MLBB_Tournament_Analysis/blob/94ea36800e80c9e89a2356a0b81d3eeafbd6a4f7/analysis/data/consolidated_game_data_20240505.csv
9,S9-PO-008,1,ONIC Esports,pick,5,Baxia,https://liquipedia.net/mobilelegends/MPL/Indonesia/Season_9/Playoffs | https://github.com/LiTianYeoh/MLBB_Tournament_Analysis/blob/94ea36800e80c9e89a2356a0b81d3eeafbd6a4f7/analysis/data/consolidated_game_data_20240505.csv
9,S9-PO-008,2,RRQ Hoshi,ban,1,Fanny,https://liquipedia.net/mobilelegends/MPL/Indonesia/Season_9/Playoffs | https://github.com/LiTianYeoh/MLBB_Tournament_Analysis/blob/94ea36800e80c9e89a2356a0b81d3eeafbd6a4f7/analysis/data/consolidated_game_data_20240505.csv
9,S9-PO-008,2,RRQ Hoshi,ban,2,Angela,https://liquipedia.net/mobilelegends/MPL/Indonesia/Season_9/Playoffs | https://github.com/LiTianYeoh/MLBB_Tournament_Analysis/blob/94ea36800e80c9e89a2356a0b81d3eeafbd6a4f7/analysis/data/consolidated_game_data_20240505.csv
9,S9-PO-008,2,RRQ Hoshi,ban,3,Popol and Kupa,https://liquipedia.net/mobilelegends/MPL/Indonesia/Season_9/Playoffs | https://github.com/LiTianYeoh/MLBB_Tournament_Analysis/blob/94ea36800e80c9e89a2356a0b81d3eeafbd6a4f7/analysis/data/consolidated_game_data_20240505.csv
9,S9-PO-008,2,RRQ Hoshi,ban,4,Atlas,https://liquipedia.net/mobilelegends/MPL/Indonesia/Season_9/Playoffs | https://github.com/LiTianYeoh/MLBB_Tournament_Analysis/blob/94ea36800e80c9e89a2356a0b81d3eeafbd6a4f7/analysis/data/consolidated_game_data_20240505.csv
9,S9-PO-008,2,RRQ Hoshi,ban,5,Hylos,https://liquipedia.net/mobilelegends/MPL/Indonesia/Season_9/Playoffs | https://github.com/LiTianYeoh/MLBB_Tournament_Analysis/blob/94ea36800e80c9e89a2356a0b81d3eeafbd6a4f7/analysis/data/consolidated_game_data_20240505.csv
9,S9-PO-008,2,RRQ Hoshi,pick,1,Grock,https://liquipedia.net/mobilelegends/MPL/Indonesia/Season_9/Playoffs | https://github.com/LiTianYeoh/MLBB_Tournament_Analysis/blob/94ea36800e80c9e89a2356a0b81d3eeafbd6a4f7/analysis/data/consolidated_game_data_20240505.csv
9,S9-PO-008,2,RRQ Hoshi,pick,2,Beatrix,https://liquipedia.net/mobilelegends/MPL/Indonesia/Season_9/Playoffs | https://github.com/LiTianYeoh/MLBB_Tournament_Analysis/blob/94ea36800e80c9e89a2356a0b81d3eeafbd6a4f7/analysis/data/consolidated_game_data_20240505.csv
9,S9-PO-008,2,RRQ Hoshi,pick,3,Baxia,https://liquipedia.net/mobilelegends/MPL/Indonesia/Season_9/Playoffs | https://github.com/LiTianYeoh/MLBB_Tournament_Analysis/blob/94ea36800e80c9e89a2356a0b81d3eeafbd6a4f7/analysis/data/consolidated_game_data_20240505.csv
9,S9-PO-008,2,RRQ Hoshi,pick,4,Natalia,https://liquipedia.net/mobilelegends/MPL/Indonesia/Season_9/Playoffs | https://github.com/LiTianYeoh/MLBB_Tournament_Analysis/blob/94ea36800e80c9e89a2356a0b81d3eeafbd6a4f7/analysis/data/consolidated_game_data_20240505.csv
9,S9-PO-008,2,RRQ Hoshi,pick,5,Kagura,https://liquipedia.net/mobilelegends/MPL/Indonesia/Season_9/Playoffs | https://github.com/LiTianYeoh/MLBB_Tournament_Analysis/blob/94ea36800e80c9e89a2356a0b81d3eeafbd6a4f7/analysis/data/consolidated_game_data_20240505.csv
9,S9-PO-008,2,ONIC Esports,ban,1,Hayabusa,https://liquipedia.net/mobilelegends/MPL/Indonesia/Season_9/Playoffs | https://github.com/LiTianYeoh/MLBB_Tournament_Analysis/blob/94ea36800e80c9e89a2356a0b81d3eeafbd6a4f7/analysis/data/consolidated_game_data_20240505.csv
9,S9-PO-008,2,ONIC Esports,ban,2,Lancelot,https://liquipedia.net/mobilelegends/MPL/Indonesia/Season_9/Playoffs | https://github.com/LiTianYeoh/MLBB_Tournament_Analysis/blob/94ea36800e80c9e89a2356a0b81d3eeafbd6a4f7/analysis/data/consolidated_game_data_20240505.csv
9,S9-PO-008,2,ONIC Esports,ban,3,Ling,https://liquipedia.net/mobilelegends/MPL/Indonesia/Season_9/Playoffs | https://github.com/LiTianYeoh/MLBB_Tournament_Analysis/blob/94ea36800e80c9e89a2356a0b81d3eeafbd6a4f7/analysis/data/consolidated_game_data_20240505.csv
9,S9-PO-008,2,ONIC Esports,ban,4,Yve,https://liquipedia.net/mobilelegends/MPL/Indonesia/Season_9/Playoffs | https://github.com/LiTianYeoh/MLBB_Tournament_Analysis/blob/94ea36800e80c9e89a2356a0b81d3eeafbd6a4f7/analysis/data/consolidated_game_data_20240505.csv
9,S9-PO-008,2,ONIC Esports,ban,5,Valentina,https://liquipedia.net/mobilelegends/MPL/Indonesia/Season_9/Playoffs | https://github.com/LiTianYeoh/MLBB_Tournament_Analysis/blob/94ea36800e80c9e89a2356a0b81d3eeafbd6a4f7/analysis/data/consolidated_game_data_20240505.csv
9,S9-PO-008,2,ONIC Esports,pick,1,Selena,https://liquipedia.net/mobilelegends/MPL/Indonesia/Season_9/Playoffs | https://github.com/LiTianYeoh/MLBB_Tournament_Analysis/blob/94ea36800e80c9e89a2356a0b81d3eeafbd6a4f7/analysis/data/consolidated_game_data_20240505.csv
9,S9-PO-008,2,ONIC Esports,pick,2,Helcurt,https://liquipedia.net/mobilelegends/MPL/Indonesia/Season_9/Playoffs | https://github.com/LiTianYeoh/MLBB_Tournament_Analysis/blob/94ea36800e80c9e89a2356a0b81d3eeafbd6a4f7/analysis/data/consolidated_game_data_20240505.csv
9,S9-PO-008,2,ONIC Esports,pick,3,Wanwan,https://liquipedia.net/mobilelegends/MPL/Indonesia/Season_9/Playoffs | https://github.com/LiTianYeoh/MLBB_Tournament_Analysis/blob/94ea36800e80c9e89a2356a0b81d3eeafbd6a4f7/analysis/data/consolidated_game_data_20240505.csv
9,S9-PO-008,2,ONIC Esports,pick,4,Esmeralda,https://liquipedia.net/mobilelegends/MPL/Indonesia/Season_9/Playoffs | https://github.com/LiTianYeoh/MLBB_Tournament_Analysis/blob/94ea36800e80c9e89a2356a0b81d3eeafbd6a4f7/analysis/data/consolidated_game_data_20240505.csv
9,S9-PO-008,2,ONIC Esports,pick,5,Xavier,https://liquipedia.net/mobilelegends/MPL/Indonesia/Season_9/Playoffs | https://github.com/LiTianYeoh/MLBB_Tournament_Analysis/blob/94ea36800e80c9e89a2356a0b81d3eeafbd6a4f7/analysis/data/consolidated_game_data_20240505.csv
9,S9-PO-008,3,RRQ Hoshi,ban,1,Fanny,https://liquipedia.net/mobilelegends/MPL/Indonesia/Season_9/Playoffs | https://github.com/LiTianYeoh/MLBB_Tournament_Analysis/blob/94ea36800e80c9e89a2356a0b81d3eeafbd6a4f7/analysis/data/consolidated_game_data_20240505.csv
9,S9-PO-008,3,RRQ Hoshi,ban,2,Valentina,https://liquipedia.net/mobilelegends/MPL/Indonesia/Season_9/Playoffs | https://github.com/LiTianYeoh/MLBB_Tournament_Analysis/blob/94ea36800e80c9e89a2356a0b81d3eeafbd6a4f7/analysis/data/consolidated_game_data_20240505.csv
9,S9-PO-008,3,RRQ Hoshi,ban,3,Xavier,https://liquipedia.net/mobilelegends/MPL/Indonesia/Season_9/Playoffs | https://github.com/LiTianYeoh/MLBB_Tournament_Analysis/blob/94ea36800e80c9e89a2356a0b81d3eeafbd6a4f7/analysis/data/consolidated_game_data_20240505.csv
9,S9-PO-008,3,RRQ Hoshi,ban,4,Hilda,https://liquipedia.net/mobilelegends/MPL/Indonesia/Season_9/Playoffs | https://github.com/LiTianYeoh/MLBB_Tournament_Analysis/blob/94ea36800e80c9e89a2356a0b81d3eeafbd6a4f7/analysis/data/consolidated_game_data_20240505.csv
9,S9-PO-008,3,RRQ Hoshi,ban,5,Atlas,https://liquipedia.net/mobilelegends/MPL/Indonesia/Season_9/Playoffs | https://github.com/LiTianYeoh/MLBB_Tournament_Analysis/blob/94ea36800e80c9e89a2356a0b81d3eeafbd6a4f7/analysis/data/consolidated_game_data_20240505.csv
9,S9-PO-008,3,RRQ Hoshi,pick,1,Cecilion,https://liquipedia.net/mobilelegends/MPL/Indonesia/Season_9/Playoffs | https://github.com/LiTianYeoh/MLBB_Tournament_Analysis/blob/94ea36800e80c9e89a2356a0b81d3eeafbd6a4f7/analysis/data/consolidated_game_data_20240505.csv
9,S9-PO-008,3,RRQ Hoshi,pick,2,Baxia,https://liquipedia.net/mobilelegends/MPL/Indonesia/Season_9/Playoffs | https://github.com/LiTianYeoh/MLBB_Tournament_Analysis/blob/94ea36800e80c9e89a2356a0b81d3eeafbd6a4f7/analysis/data/consolidated_game_data_20240505.csv
9,S9-PO-008,3,RRQ Hoshi,pick,3,Brody,https://liquipedia.net/mobilelegends/MPL/Indonesia/Season_9/Playoffs | https://github.com/LiTianYeoh/MLBB_Tournament_Analysis/blob/94ea36800e80c9e89a2356a0b81d3eeafbd6a4f7/analysis/data/consolidated_game_data_20240505.csv
9,S9-PO-008,3,RRQ Hoshi,pick,4,Lancelot,https://liquipedia.net/mobilelegends/MPL/Indonesia/Season_9/Playoffs | https://github.com/LiTianYeoh/MLBB_Tournament_Analysis/blob/94ea36800e80c9e89a2356a0b81d3eeafbd6a4f7/analysis/data/consolidated_game_data_20240505.csv
9,S9-PO-008,3,RRQ Hoshi,pick,5,Franco,https://liquipedia.net/mobilelegends/MPL/Indonesia/Season_9/Playoffs | https://github.com/LiTianYeoh/MLBB_Tournament_Analysis/blob/94ea36800e80c9e89a2356a0b81d3eeafbd6a4f7/analysis/data/consolidated_game_data_20240505.csv
9,S9-PO-008,3,ONIC Esports,ban,1,Yu Zhong,https://liquipedia.net/mobilelegends/MPL/Indonesia/Season_9/Playoffs | https://github.com/LiTianYeoh/MLBB_Tournament_Analysis/blob/94ea36800e80c9e89a2356a0b81d3eeafbd6a4f7/analysis/data/consolidated_game_data_20240505.csv
9,S9-PO-008,3,ONIC Esports,ban,2,Masha,https://liquipedia.net/mobilelegends/MPL/Indonesia/Season_9/Playoffs | https://github.com/LiTianYeoh/MLBB_Tournament_Analysis/blob/94ea36800e80c9e89a2356a0b81d3eeafbd6a4f7/analysis/data/consolidated_game_data_20240505.csv
9,S9-PO-008,3,ONIC Esports,ban,3,Grock,https://liquipedia.net/mobilelegends/MPL/Indonesia/Season_9/Playoffs | https://github.com/LiTianYeoh/MLBB_Tournament_Analysis/blob/94ea36800e80c9e89a2356a0b81d3eeafbd6a4f7/analysis/data/consolidated_game_data_20240505.csv
9,S9-PO-008,3,ONIC Esports,ban,4,Ling,https://liquipedia.net/mobilelegends/MPL/Indonesia/Season_9/Playoffs | https://github.com/LiTianYeoh/MLBB_Tournament_Analysis/blob/94ea36800e80c9e89a2356a0b81d3eeafbd6a4f7/analysis/data/consolidated_game_data_20240505.csv
9,S9-PO-008,3,ONIC Esports,ban,5,Angela,https://liquipedia.net/mobilelegends/MPL/Indonesia/Season_9/Playoffs | https://github.com/LiTianYeoh/MLBB_Tournament_Analysis/blob/94ea36800e80c9e89a2356a0b81d3eeafbd6a4f7/analysis/data/consolidated_game_data_20240505.csv
9,S9-PO-008,3,ONIC Esports,pick,1,Karina,https://liquipedia.net/mobilelegends/MPL/Indonesia/Season_9/Playoffs | https://github.com/LiTianYeoh/MLBB_Tournament_Analysis/blob/94ea36800e80c9e89a2356a0b81d3eeafbd6a4f7/analysis/data/consolidated_game_data_20240505.csv
9,S9-PO-008,3,ONIC Esports,pick,2,Chou,https://liquipedia.net/mobilelegends/MPL/Indonesia/Season_9/Playoffs | https://github.com/LiTianYeoh/MLBB_Tournament_Analysis/blob/94ea36800e80c9e89a2356a0b81d3eeafbd6a4f7/analysis/data/consolidated_game_data_20240505.csv
9,S9-PO-008,3,ONIC Esports,pick,3,Beatrix,https://liquipedia.net/mobilelegends/MPL/Indonesia/Season_9/Playoffs | https://github.com/LiTianYeoh/MLBB_Tournament_Analysis/blob/94ea36800e80c9e89a2356a0b81d3eeafbd6a4f7/analysis/data/consolidated_game_data_20240505.csv
9,S9-PO-008,3,ONIC Esports,pick,4,Dyrroth,https://liquipedia.net/mobilelegends/MPL/Indonesia/Season_9/Playoffs | https://github.com/LiTianYeoh/MLBB_Tournament_Analysis/blob/94ea36800e80c9e89a2356a0b81d3eeafbd6a4f7/analysis/data/consolidated_game_data_20240505.csv
9,S9-PO-008,3,ONIC Esports,pick,5,Yve,https://liquipedia.net/mobilelegends/MPL/Indonesia/Season_9/Playoffs | https://github.com/LiTianYeoh/MLBB_Tournament_Analysis/blob/94ea36800e80c9e89a2356a0b81d3eeafbd6a4f7/analysis/data/consolidated_game_data_20240505.csv
9,S9-PO-008,4,RRQ Hoshi,ban,1,Fanny,https://liquipedia.net/mobilelegends/MPL/Indonesia/Season_9/Playoffs | https://github.com/LiTianYeoh/MLBB_Tournament_Analysis/blob/94ea36800e80c9e89a2356a0b81d3eeafbd6a4f7/analysis/data/consolidated_game_data_20240505.csv
9,S9-PO-008,4,RRQ Hoshi,ban,2,Angela,https://liquipedia.net/mobilelegends/MPL/Indonesia/Season_9/Playoffs | https://github.com/LiTianYeoh/MLBB_Tournament_Analysis/blob/94ea36800e80c9e89a2356a0b81d3eeafbd6a4f7/analysis/data/consolidated_game_data_20240505.csv
9,S9-PO-008,4,RRQ Hoshi,ban,3,Grock,https://liquipedia.net/mobilelegends/MPL/Indonesia/Season_9/Playoffs | https://github.com/LiTianYeoh/MLBB_Tournament_Analysis/blob/94ea36800e80c9e89a2356a0b81d3eeafbd6a4f7/analysis/data/consolidated_game_data_20240505.csv
9,S9-PO-008,4,RRQ Hoshi,ban,4,Popol and Kupa,https://liquipedia.net/mobilelegends/MPL/Indonesia/Season_9/Playoffs | https://github.com/LiTianYeoh/MLBB_Tournament_Analysis/blob/94ea36800e80c9e89a2356a0b81d3eeafbd6a4f7/analysis/data/consolidated_game_data_20240505.csv
9,S9-PO-008,4,RRQ Hoshi,ban,5,Cecilion,https://liquipedia.net/mobilelegends/MPL/Indonesia/Season_9/Playoffs | https://github.com/LiTianYeoh/MLBB_Tournament_Analysis/blob/94ea36800e80c9e89a2356a0b81d3eeafbd6a4f7/analysis/data/consolidated_game_data_20240505.csv
9,S9-PO-008,4,RRQ Hoshi,pick,1,Xavier,https://liquipedia.net/mobilelegends/MPL/Indonesia/Season_9/Playoffs | https://github.com/LiTianYeoh/MLBB_Tournament_Analysis/blob/94ea36800e80c9e89a2356a0b81d3eeafbd6a4f7/analysis/data/consolidated_game_data_20240505.csv
9,S9-PO-008,4,RRQ Hoshi,pick,2,Karina,https://liquipedia.net/mobilelegends/MPL/Indonesia/Season_9/Playoffs | https://github.com/LiTianYeoh/MLBB_Tournament_Analysis/blob/94ea36800e80c9e89a2356a0b81d3eeafbd6a4f7/analysis/data/consolidated_game_data_20240505.csv
9,S9-PO-008,4,RRQ Hoshi,pick,3,Franco,https://liquipedia.net/mobilelegends/MPL/Indonesia/Season_9/Playoffs | https://github.com/LiTianYeoh/MLBB_Tournament_Analysis/blob/94ea36800e80c9e89a2356a0b81d3eeafbd6a4f7/analysis/data/consolidated_game_data_20240505.csv
9,S9-PO-008,4,RRQ Hoshi,pick,4,Brody,https://liquipedia.net/mobilelegends/MPL/Indonesia/Season_9/Playoffs | https://github.com/LiTianYeoh/MLBB_Tournament_Analysis/blob/94ea36800e80c9e89a2356a0b81d3eeafbd6a4f7/analysis/data/consolidated_game_data_20240505.csv
9,S9-PO-008,4,RRQ Hoshi,pick,5,Chou,https://liquipedia.net/mobilelegends/MPL/Indonesia/Season_9/Playoffs | https://github.com/LiTianYeoh/MLBB_Tournament_Analysis/blob/94ea36800e80c9e89a2356a0b81d3eeafbd6a4f7/analysis/data/consolidated_game_data_20240505.csv
9,S9-PO-008,4,ONIC Esports,ban,1,Beatrix,https://liquipedia.net/mobilelegends/MPL/Indonesia/Season_9/Playoffs | https://github.com/LiTianYeoh/MLBB_Tournament_Analysis/blob/94ea36800e80c9e89a2356a0b81d3eeafbd6a4f7/analysis/data/consolidated_game_data_20240505.csv
9,S9-PO-008,4,ONIC Esports,ban,2,Esmeralda,https://liquipedia.net/mobilelegends/MPL/Indonesia/Season_9/Playoffs | https://github.com/LiTianYeoh/MLBB_Tournament_Analysis/blob/94ea36800e80c9e89a2356a0b81d3eeafbd6a4f7/analysis/data/consolidated_game_data_20240505.csv
9,S9-PO-008,4,ONIC Esports,ban,3,Yve,https://liquipedia.net/mobilelegends/MPL/Indonesia/Season_9/Playoffs | https://github.com/LiTianYeoh/MLBB_Tournament_Analysis/blob/94ea36800e80c9e89a2356a0b81d3eeafbd6a4f7/analysis/data/consolidated_game_data_20240505.csv
9,S9-PO-008,4,ONIC Esports,ban,4,Ling,https://liquipedia.net/mobilelegends/MPL/Indonesia/Season_9/Playoffs | https://github.com/LiTianYeoh/MLBB_Tournament_Analysis/blob/94ea36800e80c9e89a2356a0b81d3eeafbd6a4f7/analysis/data/consolidated_game_data_20240505.csv
9,S9-PO-008,4,ONIC Esports,ban,5,Valentina,https://liquipedia.net/mobilelegends/MPL/Indonesia/Season_9/Playoffs | https://github.com/LiTianYeoh/MLBB_Tournament_Analysis/blob/94ea36800e80c9e89a2356a0b81d3eeafbd6a4f7/analysis/data/consolidated_game_data_20240505.csv
9,S9-PO-008,4,ONIC Esports,pick,1,Atlas,https://liquipedia.net/mobilelegends/MPL/Indonesia/Season_9/Playoffs | https://github.com/LiTianYeoh/MLBB_Tournament_Analysis/blob/94ea36800e80c9e89a2356a0b81d3eeafbd6a4f7/analysis/data/consolidated_game_data_20240505.csv
9,S9-PO-008,4,ONIC Esports,pick,2,Wanwan,https://liquipedia.net/mobilelegends/MPL/Indonesia/Season_9/Playoffs | https://github.com/LiTianYeoh/MLBB_Tournament_Analysis/blob/94ea36800e80c9e89a2356a0b81d3eeafbd6a4f7/analysis/data/consolidated_game_data_20240505.csv
9,S9-PO-008,4,ONIC Esports,pick,3,Kagura,https://liquipedia.net/mobilelegends/MPL/Indonesia/Season_9/Playoffs | https://github.com/LiTianYeoh/MLBB_Tournament_Analysis/blob/94ea36800e80c9e89a2356a0b81d3eeafbd6a4f7/analysis/data/consolidated_game_data_20240505.csv
9,S9-PO-008,4,ONIC Esports,pick,4,Baxia,https://liquipedia.net/mobilelegends/MPL/Indonesia/Season_9/Playoffs | https://github.com/LiTianYeoh/MLBB_Tournament_Analysis/blob/94ea36800e80c9e89a2356a0b81d3eeafbd6a4f7/analysis/data/consolidated_game_data_20240505.csv
9,S9-PO-008,4,ONIC Esports,pick,5,Masha,https://liquipedia.net/mobilelegends/MPL/Indonesia/Season_9/Playoffs | https://github.com/LiTianYeoh/MLBB_Tournament_Analysis/blob/94ea36800e80c9e89a2356a0b81d3eeafbd6a4f7/analysis/data/consolidated_game_data_20240505.csv
9,S9-PO-008,5,RRQ Hoshi,ban,1,Fanny,https://liquipedia.net/mobilelegends/MPL/Indonesia/Season_9/Playoffs | https://github.com/LiTianYeoh/MLBB_Tournament_Analysis/blob/94ea36800e80c9e89a2356a0b81d3eeafbd6a4f7/analysis/data/consolidated_game_data_20240505.csv
9,S9-PO-008,5,RRQ Hoshi,ban,2,Angela,https://liquipedia.net/mobilelegends/MPL/Indonesia/Season_9/Playoffs | https://github.com/LiTianYeoh/MLBB_Tournament_Analysis/blob/94ea36800e80c9e89a2356a0b81d3eeafbd6a4f7/analysis/data/consolidated_game_data_20240505.csv
9,S9-PO-008,5,RRQ Hoshi,ban,3,Grock,https://liquipedia.net/mobilelegends/MPL/Indonesia/Season_9/Playoffs | https://github.com/LiTianYeoh/MLBB_Tournament_Analysis/blob/94ea36800e80c9e89a2356a0b81d3eeafbd6a4f7/analysis/data/consolidated_game_data_20240505.csv
9,S9-PO-008,5,RRQ Hoshi,ban,4,Atlas,https://liquipedia.net/mobilelegends/MPL/Indonesia/Season_9/Playoffs | https://github.com/LiTianYeoh/MLBB_Tournament_Analysis/blob/94ea36800e80c9e89a2356a0b81d3eeafbd6a4f7/analysis/data/consolidated_game_data_20240505.csv
9,S9-PO-008,5,RRQ Hoshi,ban,5,Popol and Kupa,https://liquipedia.net/mobilelegends/MPL/Indonesia/Season_9/Playoffs | https://github.com/LiTianYeoh/MLBB_Tournament_Analysis/blob/94ea36800e80c9e89a2356a0b81d3eeafbd6a4f7/analysis/data/consolidated_game_data_20240505.csv
9,S9-PO-008,5,RRQ Hoshi,pick,1,Xavier,https://liquipedia.net/mobilelegends/MPL/Indonesia/Season_9/Playoffs | https://github.com/LiTianYeoh/MLBB_Tournament_Analysis/blob/94ea36800e80c9e89a2356a0b81d3eeafbd6a4f7/analysis/data/consolidated_game_data_20240505.csv
9,S9-PO-008,5,RRQ Hoshi,pick,2,Karina,https://liquipedia.net/mobilelegends/MPL/Indonesia/Season_9/Playoffs | https://github.com/LiTianYeoh/MLBB_Tournament_Analysis/blob/94ea36800e80c9e89a2356a0b81d3eeafbd6a4f7/analysis/data/consolidated_game_data_20240505.csv
9,S9-PO-008,5,RRQ Hoshi,pick,3,Franco,https://liquipedia.net/mobilelegends/MPL/Indonesia/Season_9/Playoffs | https://github.com/LiTianYeoh/MLBB_Tournament_Analysis/blob/94ea36800e80c9e89a2356a0b81d3eeafbd6a4f7/analysis/data/consolidated_game_data_20240505.csv
9,S9-PO-008,5,RRQ Hoshi,pick,4,Brody,https://liquipedia.net/mobilelegends/MPL/Indonesia/Season_9/Playoffs | https://github.com/LiTianYeoh/MLBB_Tournament_Analysis/blob/94ea36800e80c9e89a2356a0b81d3eeafbd6a4f7/analysis/data/consolidated_game_data_20240505.csv
9,S9-PO-008,5,RRQ Hoshi,pick,5,Ruby,https://liquipedia.net/mobilelegends/MPL/Indonesia/Season_9/Playoffs | https://github.com/LiTianYeoh/MLBB_Tournament_Analysis/blob/94ea36800e80c9e89a2356a0b81d3eeafbd6a4f7/analysis/data/consolidated_game_data_20240505.csv
9,S9-PO-008,5,ONIC Esports,ban,1,Chou,https://liquipedia.net/mobilelegends/MPL/Indonesia/Season_9/Playoffs | https://github.com/LiTianYeoh/MLBB_Tournament_Analysis/blob/94ea36800e80c9e89a2356a0b81d3eeafbd6a4f7/analysis/data/consolidated_game_data_20240505.csv
9,S9-PO-008,5,ONIC Esports,ban,2,Esmeralda,https://liquipedia.net/mobilelegends/MPL/Indonesia/Season_9/Playoffs | https://github.com/LiTianYeoh/MLBB_Tournament_Analysis/blob/94ea36800e80c9e89a2356a0b81d3eeafbd6a4f7/analysis/data/consolidated_game_data_20240505.csv
9,S9-PO-008,5,ONIC Esports,ban,3,Ling,https://liquipedia.net/mobilelegends/MPL/Indonesia/Season_9/Playoffs | https://github.com/LiTianYeoh/MLBB_Tournament_Analysis/blob/94ea36800e80c9e89a2356a0b81d3eeafbd6a4f7/analysis/data/consolidated_game_data_20240505.csv
9,S9-PO-008,5,ONIC Esports,ban,4,Yve,https://liquipedia.net/mobilelegends/MPL/Indonesia/Season_9/Playoffs | https://github.com/LiTianYeoh/MLBB_Tournament_Analysis/blob/94ea36800e80c9e89a2356a0b81d3eeafbd6a4f7/analysis/data/consolidated_game_data_20240505.csv
9,S9-PO-008,5,ONIC Esports,ban,5,Valentina,https://liquipedia.net/mobilelegends/MPL/Indonesia/Season_9/Playoffs | https://github.com/LiTianYeoh/MLBB_Tournament_Analysis/blob/94ea36800e80c9e89a2356a0b81d3eeafbd6a4f7/analysis/data/consolidated_game_data_20240505.csv
9,S9-PO-008,5,ONIC Esports,pick,1,Valir,https://liquipedia.net/mobilelegends/MPL/Indonesia/Season_9/Playoffs | https://github.com/LiTianYeoh/MLBB_Tournament_Analysis/blob/94ea36800e80c9e89a2356a0b81d3eeafbd6a4f7/analysis/data/consolidated_game_data_20240505.csv
9,S9-PO-008,5,ONIC Esports,pick,2,Wanwan,https://liquipedia.net/mobilelegends/MPL/Indonesia/Season_9/Playoffs | https://github.com/LiTianYeoh/MLBB_Tournament_Analysis/blob/94ea36800e80c9e89a2356a0b81d3eeafbd6a4f7/analysis/data/consolidated_game_data_20240505.csv
9,S9-PO-008,5,ONIC Esports,pick,3,Cecilion,https://liquipedia.net/mobilelegends/MPL/Indonesia/Season_9/Playoffs | https://github.com/LiTianYeoh/MLBB_Tournament_Analysis/blob/94ea36800e80c9e89a2356a0b81d3eeafbd6a4f7/analysis/data/consolidated_game_data_20240505.csv
9,S9-PO-008,5,ONIC Esports,pick,4,Baxia,https://liquipedia.net/mobilelegends/MPL/Indonesia/Season_9/Playoffs | https://github.com/LiTianYeoh/MLBB_Tournament_Analysis/blob/94ea36800e80c9e89a2356a0b81d3eeafbd6a4f7/analysis/data/consolidated_game_data_20240505.csv
9,S9-PO-008,5,ONIC Esports,pick,5,Masha,https://liquipedia.net/mobilelegends/MPL/Indonesia/Season_9/Playoffs | https://github.com/LiTianYeoh/MLBB_Tournament_Analysis/blob/94ea36800e80c9e89a2356a0b81d3eeafbd6a4f7/analysis/data/consolidated_game_data_20240505.csv
