season,match_id,game_number,team,action,order,hero,source
1,S1-RS-001,1,Louvre Esports,ban,1,Diggie,https://liquipedia.net/mobilelegends/MPL/Indonesia/Season_1/Regular_Season | https://github.com/LiTianYeoh/MLBB_Tournament_Analysis/blob/94ea36800e80c9e89a2356a0b81d3eeafbd6a4f7/analysis/data/consolidated_game_data_20240505.csv
1,S1-RS-001,1,Louvre Esports,ban,2,Akai,https://liquipedia.net/mobilelegends/MPL/Indonesia/Season_1/Regular_Season | https://github.com/LiTianYeoh/MLBB_Tournament_Analysis/blob/94ea36800e80c9e89a2356a0b81d3eeafbd6a4f7/analysis/data/consolidated_game_data_20240505.csv
1,S1-RS-001,1,Louvre Esports,pick,1,Lancelot,https://liquipedia.net/mobilelegends/MPL/Indonesia/Season_1/Regular_Season | https://github.com/LiTianYeoh/MLBB_Tournament_Analysis/blob/94ea36800e80c9e89a2356a0b81d3eeafbd6a4f7/analysis/data/consolidated_game_data_20240505.csv
1,S1-RS-001,1,Louvre Esports,pick,2,Balmond,https://liquipedia.net/mobilelegends/MPL/Indonesia/Season_1/Regular_Season | https://github.com/LiTianYeoh/MLBB_Tournament_Analysis/blob/94ea36800e80c9e89a2356a0b81d3eeafbd6a4f7/analysis/data/consolidated_game_data_20240505.csv
1,S1-RS-001,1,Louvre Esports,pick,3,Lesley,https://liquipedia.net/mobilelegends/MPL/Indonesia/Season_1/Regular_Season | https://github.com/LiTianYeoh/MLBB_Tournament_Analysis/blob/94ea36800e80c9e89a2356a0b81d3eeafbd6a4f7/analysis/data/consolidated_game_data_20240505.csv
1,S1-RS-001,1,Louvre Esports,pick,4,Rafaela,https://liquipedia.net/mobilelegends/MPL/Indonesia/Season_1/Regular_Season | https://github.com/LiTianYeoh/MLBB_Tournament_Analysis/blob/94ea36800e80c9e89a2356a0b81d3eeafbd6a4f7/analysis/data/consolidated_game_data_20240505.csv
1,S1-RS-001,1,Louvre Esports,pick,5,Lapu-Lapu,https://liquipedia.net/mobilelegends/MPL/Indonesia/Season_1/Regular_Season | https://github.com/LiTianYeoh/MLBB_Tournament_Analysis/blob/94ea36800e80c9e89a2356a0b81d3eeafbd6a4f7/analysis/data/consolidated_game_data_20240505.csv
1,S1-RS-001,1,Team NXL,ban,1,Harley,https://liquipedia.net/mobilelegends/MPL/Indonesia/Season_1/Regular_Season | https://github.com/LiTianYeoh/MLBB_Tournament_Analysis/blob/94ea36800e80c9e89a2356a0b81d3eeafbd6a4f7/analysis/data/consolidated_game_data_20240505.csv
1,S1-RS-001,1,Team NXL,ban,2,Saber,https://liquipedia.net/mobilelegends/MPL/Indonesia/Season_1/Regular_Season | https://github.com/LiTianYeoh/MLBB_Tournament_Analysis/blob/94ea36800e80c9e89a2356a0b81d3eeafbd6a4f7/analysis/data/consolidated_game_data_20240505.csv
1,S1-RS-001,1,Team NXL,pick,1,Fanny,https://liquipedia.net/mobilelegends/MPL/Indonesia/Season_1/Regular_Season | https://github.com/LiTianYeoh/MLBB_Tournament_Analysis/blob/94ea36800e80c9e89a2356a0b81d3eeafbd6a4f7/analysis/data/consolidated_game_data_20240505.csv
1,S1-RS-001,1,Team NXL,pick,2,Aurora,https://liquipedia.net/mobilelegends/MPL/Indonesia/Season_1/Regular_Season | https://github.com/LiTianYeoh/MLBB_Tournament_Analysis/blob/94ea36800e80c9e89a2356a0b81d3eeafbd6a4f7/analysis/data/consolidated_game_data_20240505.csv
1,S1-RS-001,1,Team NXL,pick,3,Chou,https://liquipedia.net/mobilelegends/MPL/Indonesia/Season_1/Regular_Season | https://github.com/LiTianYeoh/MLBB_Tournament_Analysis/blob/94ea36800e80c9e89a2356a0b81d3eeafbd6a4f7/analysis/data/consolidated_game_data_20240505.csv
1,S1-RS-001,1,Team NXL,pick,4,Hilda,https://liquipedia.net/mobilelegends/MPL/Indonesia/Season_1/Regular_Season | https://github.com/LiTianYeoh/MLBB_Tournament_Analysis/blob/94ea36800e80c9e89a2356a0b81d3eeafbd6a4f7/analysis/data/consolidated_game_data_20240505.csv
1,S1-RS-001,1,Team NXL,pick,5,Kagura,https://liquipedia.net/mobilelegends/MPL/Indonesia/Season_1/Regular_Season | https://github.com/LiTianYeoh/MLBB_Tournament_Analysis/blob/94ea36800e80c9e89a2356a0b81d3eeafbd6a4f7/analysis/data/consolidated_game_data_20240505.csv
1,S1-RS-001,2,Louvre Esports,ban,1,Diggie,https://liquipedia.net/mobilelegends/MPL/Indonesia/Season_1/Regular_Season | https://github.com/LiTianYeoh/MLBB_Tournament_Analysis/blob/94ea36800e80c9e89a2356a0b81d3eeafbd6a4f7/analysis/data/consolidated_game_data_20240505.csv
1,S1-RS-001,2,Louvre Esports,ban,2,Lancelot,https://liquipedia.net/mobilelegends/MPL/Indonesia/Season_1/Regular_Season | https://github.com/LiTianYeoh/MLBB_Tournament_Analysis/blob/94ea36800e80c9e89a2356a0b81d3eeafbd6a4f7/analysis/data/consolidated_game_data_20240505.csv
1,S1-RS-001,2,Louvre Esports,pick,1,Akai,https://liquipedia.net/mobilelegends/MPL/Indonesia/Season_1/Regular_Season | https://github.com/LiTianYeoh/MLBB_Tournament_Analysis/blob/94ea36800e80c9e89a2356a0b81d3eeafbd6a4f7/analysis/data/consolidated_game_data_20240505.csv
1,S1-RS-001,2,Louvre Esports,pick,2,Aurora,https://liquipedia.net/mobilelegends/MPL/Indonesia/Season_1/Regular_Season | https://github.com/LiTianYeoh/MLBB_Tournament_Analysis/blob/94ea36800e80c9e89a2356a0b81d3eeafbd6a4f7/analysis/data/consolidated_game_data_20240505.csv
1,S1-RS-001,2,Louvre Esports,pick,3,Lapu-Lapu,https://liquipedia.net/mobilelegends/MPL/Indonesia/Season_1/Regular_Season | https://github.com/LiTianYeoh/MLBB_Tournament_Analysis/blob/94ea36800e80c9e89a2356a0b81d3eeafbd6a4f7/analysis/data/consolidated_game_data_20240505.csv
1,S1-RS-001,2,Louvre Esports,pick,4,Hilda,https://liquipedia.net/mobilelegends/MPL/Indonesia/Season_1/Regular_Season | https://github.com/LiTianYeoh/MLBB_Tournament_Analysis/blob/94ea36800e80c9e89a2356a0b81d3eeafbd6a4f7/analysis/data/consolidated_game_data_20240505.csv
1,S1-RS-001,2,Louvre Esports,pick,5,Zilong,https://liquipedia.net/mobilelegends/MPL/Indonesia/Season_1/Regular_Season | https://github.com/LiTianYeoh/MLBB_Tournament_Analysis/blob/94ea36800e80c9e89a2356a0b81d3eeafbd6a4f7/analysis/data/consolidated_game_data_20240505.csv
1,S1-RS-001,2,Team NXL,ban,1,Saber,https://liquipedia.net/mobilelegends/MPL/Indonesia/Season_1/Regular_Season | https://github.com/LiTianYeoh/MLBB_Tournament_Analysis/blob/94ea36800e80c9e89a2356a0b81d3eeafbd6a4f7/analysis/data/consolidated_game_data_20240505.csv
1,S1-RS-001,2,Team NXL,ban,2,Harley,https://liquipedia.net/mobilelegends/MPL/Indonesia/Season_1/Regular_Season | https://github.com/LiTianYeoh/MLBB_Tournament_Analysis/blob/94ea36800e80c9e89a2356a0b81d3eeafbd6a4f7/analysis/data/consolidated_game_data_20240505.csv
1,S1-RS-001,2,Team NXL,pick,1,Bruno,https://liquipedia.net/mobilelegends/MPL/Indonesia/Season_1/Regular_Season | https://github.com/LiTianYeoh/MLBB_Tournament_Analysis/blob/94ea36800e80c9e89a2356a0b81d3eeafbd6a4f7/analysis/data/consolidated_game_data_20240505.csv
1,S1-RS-001,2,Team NXL,pick,2,Helcurt,https://liquipedia.net/mobilelegends/MPL/Indonesia/Season_1/Regular_Season | https://github.com/LiTianYeoh/MLBB_Tournament_Analysis/blob/94ea36800e80c9e89a2356a0b81d3eeafbd6a4f7/analysis/data/consolidated_game_data_20240505.csv
1,S1-RS-001,2,Team NXL,pick,3,Chou,https://liquipedia.net/mobilelegends/MPL/Indonesia/Season_1/Regular_Season | https://github.com/LiTianYeoh/MLBB_Tournament_Analysis/blob/94ea36800e80c9e89a2356a0b81d3eeafbd6a4f7/analysis/data/consolidated_game_data_20240505.csv
1,S1-RS-001,2,Team NXL,pick,4,Balmond,https://liquipedia.net/mobilelegends/MPL/Indonesia/Season_1/Regular_Season | https://github.com/LiTianYeoh/MLBB_Tournament_Analysis/blob/94ea36800e80c9e89a2356a0b81d3eeafbd6a4f7/analysis/data/consolidated_game_data_20240505.csv
1,S1-RS-001,2,Team NXL,pick,5,Kagura,https://liquipedia.net/mobilelegends/MPL/Indonesia/Season_1/Regular_Season | https://github.com/LiTianYeoh/MLBB_Tournament_Analysis/blob/94ea36800e80c9e89a2356a0b81d3eeafbd6a4f7/analysis/data/consolidated_game_data_20240505.csv
1,S1-RS-002,1,Pandora Esports,ban,1,Akai,https://liquipedia.net/mobilelegends/MPL/Indonesia/Season_1/Regular_Season | https://github.com/LiTianYeoh/MLBB_Tournament_Analysis/blob/94ea36800e80c9e89a2356a0b81d3eeafbd6a4f7/analysis/data/consolidated_game_data_20240505.csv
1,S1-RS-002,1,Pandora Esports,ban,2,Balmond,https://liquipedia.net/mobilelegends/MPL/Indonesia/Season_1/Regular_Season | https://github.com/LiTianYeoh/MLBB_Tournament_Analysis/blob/94ea36800e80c9e89a2356a0b81d3eeafbd6a4f7/analysis/data/consolidated_game_data_20240505.csv
1,S1-RS-002,1,Pandora Esports,pick,1,Kagura,https://liquipedia.net/mobilelegends/MPL/Indonesia/Season_1/Regular_Season | https://github.com/LiTianYeoh/MLBB_Tournament_Analysis/blob/94ea36800e80c9e89a2356a0b81d3eeafbd6a4f7/analysis/data/consolidated_game_data_20240505.csv
1,S1-RS-002,1,Pandora Esports,pick,2,Chou,https://liquipedia.net/mobilelegends/MPL/Indonesia/Season_1/Regular_Season | https://github.com/LiTianYeoh/MLBB_Tournament_Analysis/blob/94ea36800e80c9e89a2356a0b81d3eeafbd6a4f7/analysis/data/consolidated_game_data_20240505.csv
1,S1-RS-002,1,Pandora Esports,pick,3,Grock,https://liquipedia.net/mobilelegends/MPL/Indonesia/Season_1/Regular_Season | https://github.com/LiTianYeoh/MLBB_Tournament_Analysis/blob/94ea36800e80c9e89a2356a0b81d3eeafbd6a4f7/analysis/data/consolidated_game_data_20240505.csv
1,S1-RS-002,1,Pandora Esports,pick,4,Rafaela,https://liquipedia.net/mobilelegends/MPL/Indonesia/Season_1/Regular_Season | https://github.com/LiTianYeoh/MLBB_Tournament_Analysis/blob/94ea36800e80c9e89a2356a0b81d3eeafbd6a4f7/analysis/data/consolidated_game_data_20240505.csv
1,S1-RS-002,1,Pandora Esports,pick,5,Karrie,https://liquipedia.net/mobilelegends/MPL/Indonesia/Season_1/Regular_Season | https://github.com/LiTianYeoh/MLBB_Tournament_Analysis/blob/94ea36800e80c9e89a2356a0b81d3eeafbd6a4f7/analysis/data/consolidated_game_data_20240505.csv
1,S1-RS-002,1,Elite 8 Critical Reborn,ban,1,Natalia,https://liquipedia.net/mobilelegends/MPL/Indonesia/Season_1/Regular_Season | https://github.com/LiTianYeoh/MLBB_Tournament_Analysis/blob/94ea36800e80c9e89a2356a0b81d3eeafbd6a4f7/analysis/data/consolidated_game_data_20240505.csv
1,S1-RS-002,1,Elite 8 Critical Reborn,ban,2,Hayabusa,https://liquipedia.net/mobilelegends/MPL/Indonesia/Season_1/Regular_Season | https://github.com/LiTianYeoh/MLBB_Tournament_Analysis/blob/94ea36800e80c9e89a2356a0b81d3eeafbd6a4f7/analysis/data/consolidated_game_data_20240505.csv
1,S1-RS-002,1,Elite 8 Critical Reborn,pick,1,Harley,https://liquipedia.net/mobilelegends/MPL/Indonesia/Season_1/Regular_Season | https://github.com/LiTianYeoh/MLBB_Tournament_Analysis/blob/94ea36800e80c9e89a2356a0b81d3eeafbd6a4f7/analysis/data/consolidated_game_data_20240505.csv
1,S1-RS-002,1,Elite 8 Critical Reborn,pick,2,Bruno,https://liquipedia.net/mobilelegends/MPL/Indonesia/Season_1/Regular_Season | https://github.com/LiTianYeoh/MLBB_Tournament_Analysis/blob/94ea36800e80c9e89a2356a0b81d3eeafbd6a4f7/analysis/data/consolidated_game_data_20240505.csv
1,S1-RS-002,1,Elite 8 Critical Reborn,pick,3,Hilda,https://liquipedia.net/mobilelegends/MPL/Indonesia/Season_1/Regular_Season | https://github.com/LiTianYeoh/MLBB_Tournament_Analysis/blob/94ea36800e80c9e89a2356a0b81d3eeafbd6a4f7/analysis/data/consolidated_game_data_20240505.csv
1,S1-RS-002,1,Elite 8 Critical Reborn,pick,4,Lancelot,https://liquipedia.net/mobilelegends/MPL/Indonesia/Season_1/Regular_Season | https://github.com/LiTianYeoh/MLBB_Tournament_Analysis/blob/94ea36800e80c9e89a2356a0b81d3eeafbd6a4f7/analysis/data/consolidated_game_data_20240505.csv
1,S1-RS-002,1,Elite 8 Critical Reborn,pick,5,Diggie,https://liquipedia.net/mobilelegends/MPL/Indonesia/Season_1/Regular_Season | https://github.com/LiTianYeoh/MLBB_Tournament_Analysis/blob/94ea36800e80c9e89a2356a0b81d3eeafbd6a4f7/analysis/data/consolidated_game_data_20240505.csv
1,S1-RS-002,2,Pandora Esports,ban,1,Akai,https://liquipedia.net/mobilelegends/MPL/Indonesia/Season_1/Regular_Season | https://github.com/LiTianYeoh/MLBB_Tournament_Analysis/blob/94ea36800e80c9e89a2356a0b81d3eeafbd6a4f7/analysis/data/consolidated_game_data_20240505.csv
1,S1-RS-002,2,Pandora Esports,ban,2,Lancelot,https://liquipedia.net/mobilelegends/MPL/Indonesia/Season_1/Regular_Season | https://github.com/LiTianYeoh/MLBB_Tournament_Analysis/blob/94ea36800e80c9e89a2356a0b81d3eeafbd6a4f7/analysis/data/consolidated_game_data_20240505.csv
1,S1-RS-002,2,Pandora Esports,pick,1,Hilda,https://liquipedia.net/mobilelegends/MPL/Indonesia/Season_1/Regular_Season | https://github.com/LiTianYeoh/MLBB_Tournament_Analysis/blob/94ea36800e80c9e89a2356a0b81d3eeafbd6a4f7/analysis/data/consolidated_game_data_20240505.csv
1,S1-RS-002,2,Pandora Esports,pick,2,Harley,https://liquipedia.net/mobilelegends/MPL/Indonesia/Season_1/Regular_Season | https://github.com/LiTianYeoh/MLBB_Tournament_Analysis/blob/94ea36800e80c9e89a2356a0b81d3eeafbd6a4f7/analysis/data/consolidated_game_data_20240505.csv
1,S1-RS-002,2,Pandora Esports,pick,3,Zhask,https://liquipedia.net/mobilelegends/MPL/Indonesia/Season_1/Regular_Season | https://github.com/LiTianYeoh/MLBB_Tournament_Analysis/blob/94ea36800e80c9e89a2356a0b81d3eeafbd6a4f7/analysis/data/consolidated_game_data_20240505.csv
1,S1-RS-002,2,Pandora Esports,pick,4,Balmond,https://liquipedia.net/mobilelegends/MPL/Indonesia/Season_1/Regular_Season | https://github.com/LiTianYeoh/MLBB_Tournament_Analysis/blob/94ea36800e80c9e89a2356a0b81d3eeafbd6a4f7/analysis/data/consolidated_game_data_20240505.csv
1,S1-RS-002,2,Pandora Esports,pick,5,Fanny,https://liquipedia.net/mobilelegends/MPL/Indonesia/Season_1/Regular_Season | https://github.com/LiTianYeoh/MLBB_Tournament_Analysis/blob/94ea36800e80c9e89a2356a0b81d3eeafbd6a4f7/analysis/data/consolidated_game_data_20240505.csv
1,S1-RS-002,2,Elite 8 Critical Reborn,ban,1,Natalia,https://liquipedia.net/mobilelegends/MPL/Indonesia/Season_1/Regular_Season | https://github.com/LiTianYeoh/MLBB_Tournament_Analysis/blob/94ea36800e80c9e89a2356a0b81d3eeafbd6a4f7/analysis/data/consolidated_game_data_20240505.csv
1,S1-RS-002,2,Elite 8 Critical Reborn,ban,2,Kagura,https://liquipedia.net/mobilelegends/MPL/Indonesia/Season_1/Regular_Season | https://github.com/LiTianYeoh/MLBB_Tournament_Analysis/blob/94ea36800e80c9e89a2356a0b81d3eeafbd6a4f7/analysis/data/consolidated_game_data_20240505.csv
1,S1-RS-002,2,Elite 8 Critical Reborn,pick,1,Karina,https://liquipedia.net/mobilelegends/MPL/Indonesia/Season_1/Regular_Season | https://github.com/LiTianYeoh/MLBB_Tournament_Analysis/blob/94ea36800e80c9e89a2356a0b81d3eeafbd6a4f7/analysis/data/consolidated_game_data_20240505.csv
1,S1-RS-002,2,Elite 8 Critical Reborn,pick,2,Bruno,https://liquipedia.net/mobilelegends/MPL/Indonesia/Season_1/Regular_Season | https://github.com/LiTianYeoh/MLBB_Tournament_Analysis/blob/94ea36800e80c9e89a2356a0b81d3eeafbd6a4f7/analysis/data/consolidated_game_data_20240505.csv
1,S1-RS-002,2,Elite 8 Critical Reborn,pick,3,Grock,https://liquipedia.net/mobilelegends/MPL/Indonesia/Season_1/Regular_Season | https://github.com/LiTianYeoh/MLBB_Tournament_Analysis/blob/94ea36800e80c9e89a2356a0b81d3eeafbd6a4f7/analysis/data/consolidated_game_data_20240505.csv
1,S1-RS-002,2,Elite 8 Critical Reborn,pick,4,Chou,https://liquipedia.net/mobilelegends/MPL/Indonesia/Season_1/Regular_Season | https://github.com/LiTianYeoh/MLBB_Tournament_Analysis/blob/94ea36800e80c9e89a2356a0b81d3eeafbd6a4f7/analysis/data/consolidated_game_data_20240505.csv
1,S1-RS-002,2,Elite 8 Critical Reborn,pick,5,Diggie,https://liquipedia.net/mobilelegends/MPL/Indonesia/Season_1/Regular_Season | https://github.com/LiTianYeoh/MLBB_Tournament_Analysis/blob/94ea36800e80c9e89a2356a0b81d3eeafbd6a4f7/analysis/data/consolidated_game_data_20240505.csv
1,S1-RS-003,1,RRQ.O2,ban,1,Balmond,https://liquipedia.net/mobilelegends/MPL/Indonesia/Season_1/Regular_Season | https://github.com/LiTianYeoh/MLBB_Tournament_Analysis/blob/94ea36800e80c9e89a2356a0b81d3eeafbd6a4f7/analysis/data/consolidated_game_data_20240505.csv
1,S1-RS-003,1,RRQ.O2,ban,2,Akai,https://liquipedia.net/mobilelegends/MPL/Indonesia/Season_1/Regular_Season | https://github.com/LiTianYeoh/MLBB_Tournament_Analysis/blob/94ea36800e80c9e89a2356a0b81d3eeafbd6a4f7/analysis/data/consolidated_game_data_20240505.csv
1,S1-RS-003,1,RRQ.O2,pick,1,Harley,https://liquipedia.net/mobilelegends/MPL/Indonesia/Season_1/Regular_Season | https://github.com/LiTianYeoh/MLBB_Tournament_Analysis/blob/94ea36800e80c9e89a2356a0b81d3eeafbd6a4f7/analysis/data/consolidated_game_data_20240505.csv
1,S1-RS-003,1,RRQ.O2,pick,2,Saber,https://liquipedia.net/mobilelegends/MPL/Indonesia/Season_1/Regular_Season | https://github.com/LiTianYeoh/MLBB_Tournament_Analysis/blob/94ea36800e80c9e89a2356a0b81d3eeafbd6a4f7/analysis/data/consolidated_game_data_20240505.csv
1,S1-RS-003,1,RRQ.O2,pick,3,Hilda,https://liquipedia.net/mobilelegends/MPL/Indonesia/Season_1/Regular_Season | https://github.com/LiTianYeoh/MLBB_Tournament_Analysis/blob/94ea36800e80c9e89a2356a0b81d3eeafbd6a4f7/analysis/data/consolidated_game_data_20240505.csv
1,S1-RS-003,1,RRQ.O2,pick,4,Miya,https://liquipedia.net/mobilelegends/MPL/Indonesia/Season_1/Regular_Season | https://github.com/LiTianYeoh/MLBB_Tournament_Analysis/blob/94ea36800e80c9e89a2356a0b81d3eeafbd6a4f7/analysis/data/consolidated_game_data_20240505.csv
1,S1-RS-003,1,RRQ.O2,pick,5,Chou,https://liquipedia.net/mobilelegends/MPL/Indonesia/Season_1/Regular_Season | https://github.com/LiTianYeoh/MLBB_Tournament_Analysis/blob/94ea36800e80c9e89a2356a0b81d3eeafbd6a4f7/analysis/data/consolidated_game_data_20240505.csv
1,S1-RS-003,1,Bigetron Player Kill,ban,1,Lancelot,https://liquipedia.net/mobilelegends/MPL/Indonesia/Season_1/Regular_Season | https://github.com/LiTianYeoh/MLBB_Tournament_Analysis/blob/94ea36800e80c9e89a2356a0b81d3eeafbd6a4f7/analysis/data/consolidated_game_data_20240505.csv
1,S1-RS-003,1,Bigetron Player Kill,ban,2,Kagura,https://liquipedia.net/mobilelegends/MPL/Indonesia/Season_1/Regular_Season | https://github.com/LiTianYeoh/MLBB_Tournament_Analysis/blob/94ea36800e80c9e89a2356a0b81d3eeafbd6a4f7/analysis/data/consolidated_game_data_20240505.csv
1,S1-RS-003,1,Bigetron Player Kill,pick,1,Estes,https://liquipedia.net/mobilelegends/MPL/Indonesia/Season_1/Regular_Season | https://github.com/LiTianYeoh/MLBB_Tournament_Analysis/blob/94ea36800e80c9e89a2356a0b81d3eeafbd6a4f7/analysis/data/consolidated_game_data_20240505.csv
1,S1-RS-003,1,Bigetron Player Kill,pick,2,Hayabusa,https://liquipedia.net/mobilelegends/MPL/Indonesia/Season_1/Regular_Season | https://github.com/LiTianYeoh/MLBB_Tournament_Analysis/blob/94ea36800e80c9e89a2356a0b81d3eeafbd6a4f7/analysis/data/consolidated_game_data_20240505.csv
1,S1-RS-003,1,Bigetron Player Kill,pick,3,Yi Sun-Shin,https://liquipedia.net/mobilelegends/MPL/Indonesia/Season_1/Regular_Season | https://github.com/LiTianYeoh/MLBB_Tournament_Analysis/blob/94ea36800e80c9e89a2356a0b81d3eeafbd6a4f7/analysis/data/consolidated_game_data_20240505.csv
1,S1-RS-003,1,Bigetron Player Kill,pick,4,Zhask,https://liquipedia.net/mobilelegends/MPL/Indonesia/Season_1/Regular_Season | https://github.com/LiTianYeoh/MLBB_Tournament_Analysis/blob/94ea36800e80c9e89a2356a0b81d3eeafbd6a4f7/analysis/data/consolidated_game_data_20240505.csv
1,S1-RS-003,1,Bigetron Player Kill,pick,5,Grock,https://liquipedia.net/mobilelegends/MPL/Indonesia/Season_1/Regular_Season | https://github.com/LiTianYeoh/MLBB_Tournament_Analysis/blob/94ea36800e80c9e89a2356a0b81d3eeafbd6a4f7/analysis/data/consolidated_game_data_20240505.csv
1,S1-RS-003,2,RRQ.O2,ban,1,Diggie,https://liquipedia.net/mobilelegends/MPL/Indonesia/Season_1/Regular_Season | https://github.com/LiTianYeoh/MLBB_Tournament_Analysis/blob/94ea36800e80c9e89a2356a0b81d3eeafbd6a4f7/analysis/data/consolidated_game_data_20240505.csv
1,S1-RS-003,2,RRQ.O2,ban,2,Lancelot,https://liquipedia.net/mobilelegends/MPL/Indonesia/Season_1/Regular_Season | https://github.com/LiTianYeoh/MLBB_Tournament_Analysis/blob/94ea36800e80c9e89a2356a0b81d3eeafbd6a4f7/analysis/data/consolidated_game_data_20240505.csv
1,S1-RS-003,2,RRQ.O2,pick,1,Akai,https://liquipedia.net/mobilelegends/MPL/Indonesia/Season_1/Regular_Season | https://github.com/LiTianYeoh/MLBB_Tournament_Analysis/blob/94ea36800e80c9e89a2356a0b81d3eeafbd6a4f7/analysis/data/consolidated_game_data_20240505.csv
1,S1-RS-003,2,RRQ.O2,pick,2,Hayabusa,https://liquipedia.net/mobilelegends/MPL/Indonesia/Season_1/Regular_Season | https://github.com/LiTianYeoh/MLBB_Tournament_Analysis/blob/94ea36800e80c9e89a2356a0b81d3eeafbd6a4f7/analysis/data/consolidated_game_data_20240505.csv
1,S1-RS-003,2,RRQ.O2,pick,3,Harley,https://liquipedia.net/mobilelegends/MPL/Indonesia/Season_1/Regular_Season | https://github.com/LiTianYeoh/MLBB_Tournament_Analysis/blob/94ea36800e80c9e89a2356a0b81d3eeafbd6a4f7/analysis/data/consolidated_game_data_20240505.csv
1,S1-RS-003,2,RRQ.O2,pick,4,Estes,https://liquipedia.net/mobilelegends/MPL/Indonesia/Season_1/Regular_Season | https://github.com/LiTianYeoh/MLBB_Tournament_Analysis/blob/94ea36800e80c9e89a2356a0b81d3eeafbd6a4f7/analysis/data/consolidated_game_data_20240505.csv
1,S1-RS-003,2,RRQ.O2,pick,5,Natalia,https://liquipedia.net/mobilelegends/MPL/Indonesia/Season_1/Regular_Season | https://github.com/LiTianYeoh/MLBB_Tournament_Analysis/blob/94ea36800e80c9e89a2356a0b81d3eeafbd6a4f7/analysis/data/consolidated_game_data_20240505.csv
1,S1-RS-003,2,Bigetron Player Kill,ban,1,Kagura,https://liquipedia.net/mobilelegends/MPL/Indonesia/Season_1/Regular_Season | https://github.com/LiTianYeoh/MLBB_Tournament_Analysis/blob/94ea36800e80c9e89a2356a0b81d3eeafbd6a4f7/analysis/data/consolidated_game_data_20240505.csv
1,S1-RS-003,2,Bigetron Player Kill,ban,2,Fanny,https://liquipedia.net/mobilelegends/MPL/Indonesia/Season_1/Regular_Season | https://github.com/LiTianYeoh/MLBB_Tournament_Analysis/blob/94ea36800e80c9e89a2356a0b81d3eeafbd6a4f7/analysis/data/consolidated_game_data_20240505.csv
1,S1-RS-003,2,Bigetron Player Kill,pick,1,Yi Sun-Shin,https://liquipedia.net/mobilelegends/MPL/Indonesia/Season_1/Regular_Season | https://github.com/LiTianYeoh/MLBB_Tournament_Analysis/blob/94ea36800e80c9e89a2356a0b81d3eeafbd6a4f7/analysis/data/consolidated_game_data_20240505.csv
1,S1-RS-003,2,Bigetron Player Kill,pick,2,Rafaela,https://liquipedia.net/mobilelegends/MPL/Indonesia/Season_1/Regular_Season | https://github.com/LiTianYeoh/MLBB_Tournament_Analysis/blob/94ea36800e80c9e89a2356a0b81d3eeafbd6a4f7/analysis/data/consolidated_game_data_20240505.csv
1,S1-RS-003,2,Bigetron Player Kill,pick,3,Balmond,https://liquipedia.net/mobilelegends/MPL/Indonesia/Season_1/Regular_Season | https://github.com/LiTianYeoh/MLBB_Tournament_Analysis/blob/94ea36800e80c9e89a2356a0b81d3eeafbd6a4f7/analysis/data/consolidated_game_data_20240505.csv
1,S1-RS-003,2,Bigetron Player Kill,pick,4,Grock,https://liquipedia.net/mobilelegends/MPL/Indonesia/Season_1/Regular_Season | https://github.com/LiTianYeoh/MLBB_Tournament_Analysis/blob/94ea36800e80c9e89a2356a0b81d3eeafbd6a4f7/analysis/data/consolidated_game_data_20240505.csv
1,S1-RS-003,2,Bigetron Player Kill,pick,5,Zhask,https://liquipedia.net/mobilelegends/MPL/Indonesia/Season_1/Regular_Season | https://github.com/LiTianYeoh/MLBB_Tournament_Analysis/blob/94ea36800e80c9e89a2356a0b81d3eeafbd6a4f7/analysis/data/consolidated_game_data_20240505.csv
1,S1-RS-004,1,Pandora Esports,ban,1,Akai,https://liquipedia.net/mobilelegends/MPL/Indonesia/Season_1/Regular_Season | https://github.com/LiTianYeoh/MLBB_Tournament_Analysis/blob/94ea36800e80c9e89a2356a0b81d3eeafbd6a4f7/analysis/data/consolidated_game_data_20240505.csv
1,S1-RS-004,1,Pandora Esports,ban,2,Kagura,https://liquipedia.net/mobilelegends/MPL/Indonesia/Season_1/Regular_Season | https://github.com/LiTianYeoh/MLBB_Tournament_Analysis/blob/94ea36800e80c9e89a2356a0b81d3eeafbd6a4f7/analysis/data/consolidated_game_data_20240505.csv
1,S1-RS-004,1,Pandora Esports,pick,1,Grock,https://liquipedia.net/mobilelegends/MPL/Indonesia/Season_1/Regular_Season | https://github.com/LiTianYeoh/MLBB_Tournament_Analysis/blob/94ea36800e80c9e89a2356a0b81d3eeafbd6a4f7/analysis/data/consolidated_game_data_20240505.csv
1,S1-RS-004,1,Pandora Esports,pick,2,Bruno,https://liquipedia.net/mobilelegends/MPL/Indonesia/Season_1/Regular_Season | https://github.com/LiTianYeoh/MLBB_Tournament_Analysis/blob/94ea36800e80c9e89a2356a0b81d3eeafbd6a4f7/analysis/data/consolidated_game_data_20240505.csv
1,S1-RS-004,1,Pandora Esports,pick,3,Balmond,https://liquipedia.net/mobilelegends/MPL/Indonesia/Season_1/Regular_Season | https://github.com/LiTianYeoh/MLBB_Tournament_Analysis/blob/94ea36800e80c9e89a2356a0b81d3eeafbd6a4f7/analysis/data/consolidated_game_data_20240505.csv
1,S1-RS-004,1,Pandora Esports,pick,4,Lapu-Lapu,https://liquipedia.net/mobilelegends/MPL/Indonesia/Season_1/Regular_Season | https://github.com/LiTianYeoh/MLBB_Tournament_Analysis/blob/94ea36800e80c9e89a2356a0b81d3eeafbd6a4f7/analysis/data/consolidated_game_data_20240505.csv
1,S1-RS-004,1,Pandora Esports,pick,5,Ruby,https://liquipedia.net/mobilelegends/MPL/Indonesia/Season_1/Regular_Season | https://github.com/LiTianYeoh/MLBB_Tournament_Analysis/blob/94ea36800e80c9e89a2356a0b81d3eeafbd6a4f7/analysis/data/consolidated_game_data_20240505.csv
1,S1-RS-004,1,EVOS Esports,ban,1,Lancelot,https://liquipedia.net/mobilelegends/MPL/Indonesia/Season_1/Regular_Season | https://github.com/LiTianYeoh/MLBB_Tournament_Analysis/blob/94ea36800e80c9e89a2356a0b81d3eeafbd6a4f7/analysis/data/consolidated_game_data_20240505.csv
1,S1-RS-004,1,EVOS Esports,ban,2,Zhask,https://liquipedia.net/mobilelegends/MPL/Indonesia/Season_1/Regular_Season | https://github.com/LiTianYeoh/MLBB_Tournament_Analysis/blob/94ea36800e80c9e89a2356a0b81d3eeafbd6a4f7/analysis/data/consolidated_game_data_20240505.csv
1,S1-RS-004,1,EVOS Esports,pick,1,Lolita,https://liquipedia.net/mobilelegends/MPL/Indonesia/Season_1/Regular_Season | https://github.com/LiTianYeoh/MLBB_Tournament_Analysis/blob/94ea36800e80c9e89a2356a0b81d3eeafbd6a4f7/analysis/data/consolidated_game_data_20240505.csv
1,S1-RS-004,1,EVOS Esports,pick,2,Fanny,https://liquipedia.net/mobilelegends/MPL/Indonesia/Season_1/Regular_Season | https://github.com/LiTianYeoh/MLBB_Tournament_Analysis/blob/94ea36800e80c9e89a2356a0b81d3eeafbd6a4f7/analysis/data/consolidated_game_data_20240505.csv
1,S1-RS-004,1,EVOS Esports,pick,3,Hilda,https://liquipedia.net/mobilelegends/MPL/Indonesia/Season_1/Regular_Season | https://github.com/LiTianYeoh/MLBB_Tournament_Analysis/blob/94ea36800e80c9e89a2356a0b81d3eeafbd6a4f7/analysis/data/consolidated_game_data_20240505.csv
1,S1-RS-004,1,EVOS Esports,pick,4,Harley,https://liquipedia.net/mobilelegends/MPL/Indonesia/Season_1/Regular_Season | https://github.com/LiTianYeoh/MLBB_Tournament_Analysis/blob/94ea36800e80c9e89a2356a0b81d3eeafbd6a4f7/analysis/data/consolidated_game_data_20240505.csv
1,S1-RS-004,1,EVOS Esports,pick,5,Hayabusa,https://liquipedia.net/mobilelegends/MPL/Indonesia/Season_1/Regular_Season | https://github.com/LiTianYeoh/MLBB_Tournament_Analysis/blob/94ea36800e80c9e89a2356a0b81d3eeafbd6a4f7/analysis/data/consolidated_game_data_20240505.csv
1,S1-RS-004,2,Pandora Esports,ban,1,Kagura,https://liquipedia.net/mobilelegends/MPL/Indonesia/Season_1/Regular_Season | https://github.com/LiTianYeoh/MLBB_Tournament_Analysis/blob/94ea36800e80c9e89a2356a0b81d3eeafbd6a4f7/analysis/data/consolidated_game_data_20240505.csv
1,S1-RS-004,2,Pandora Esports,ban,2,Lancelot,https://liquipedia.net/mobilelegends/MPL/Indonesia/Season_1/Regular_Season | https://github.com/LiTianYeoh/MLBB_Tournament_Analysis/blob/94ea36800e80c9e89a2356a0b81d3eeafbd6a4f7/analysis/data/consolidated_game_data_20240505.csv
1,S1-RS-004,2,Pandora Esports,pick,1,Zhask,https://liquipedia.net/mobilelegends/MPL/Indonesia/Season_1/Regular_Season | https://github.com/LiTianYeoh/MLBB_Tournament_Analysis/blob/94ea36800e80c9e89a2356a0b81d3eeafbd6a4f7/analysis/data/consolidated_game_data_20240505.csv
1,S1-RS-004,2,Pandora Esports,pick,2,Hayabusa,https://liquipedia.net/mobilelegends/MPL/Indonesia/Season_1/Regular_Season | https://github.com/LiTianYeoh/MLBB_Tournament_Analysis/blob/94ea36800e80c9e89a2356a0b81d3eeafbd6a4f7/analysis/data/consolidated_game_data_20240505.csv
1,S1-RS-004,2,Pandora Esports,pick,3,Hylos,https://liquipedia.net/mobilelegends/MPL/Indonesia/Season_1/Regular_Season | https://github.com/LiTianYeoh/MLBB_Tournament_Analysis/blob/94ea36800e80c9e89a2356a0b81d3eeafbd6a4f7/analysis/data/consolidated_game_data_20240505.csv
1,S1-RS-004,2,Pandora Esports,pick,4,Saber,https://liquipedia.net/mobilelegends/MPL/Indonesia/Season_1/Regular_Season | https://github.com/LiTianYeoh/MLBB_Tournament_Analysis/blob/94ea36800e80c9e89a2356a0b81d3eeafbd6a4f7/analysis/data/consolidated_game_data_20240505.csv
1,S1-RS-004,2,Pandora Esports,pick,5,Zilong,https://liquipedia.net/mobilelegends/MPL/Indonesia/Season_1/Regular_Season | https://github.com/LiTianYeoh/MLBB_Tournament_Analysis/blob/94ea36800e80c9e89a2356a0b81d3eeafbd6a4f7/analysis/data/consolidated_game_data_20240505.csv
1,S1-RS-004,2,EVOS Esports,ban,1,Natalia,https://liquipedia.net/mobilelegends/MPL/Indonesia/Season_1/Regular_Season | https://github.com/LiTianYeoh/MLBB_Tournament_Analysis/blob/94ea36800e80c9e89a2356a0b81d3eeafbd6a4f7/analysis/data/consolidated_game_data_20240505.csv
1,S1-RS-004,2,EVOS Esports,ban,2,Akai,https://liquipedia.net/mobilelegends/MPL/Indonesia/Season_1/Regular_Season | https://github.com/LiTianYeoh/MLBB_Tournament_Analysis/blob/94ea36800e80c9e89a2356a0b81d3eeafbd6a4f7/analysis/data/consolidated_game_data_20240505.csv
1,S1-RS-004,2,EVOS Esports,pick,1,Yi Sun-Shin,https://liquipedia.net/mobilelegends/MPL/Indonesia/Season_1/Regular_Season | https://github.com/LiTianYeoh/MLBB_Tournament_Analysis/blob/94ea36800e80c9e89a2356a0b81d3eeafbd6a4f7/analysis/data/consolidated_game_data_20240505.csv
1,S1-RS-004,2,EVOS Esports,pick,2,Chou,https://liquipedia.net/mobilelegends/MPL/Indonesia/Season_1/Regular_Season | https://github.com/LiTianYeoh/MLBB_Tournament_Analysis/blob/94ea36800e80c9e89a2356a0b81d3eeafbd6a4f7/analysis/data/consolidated_game_data_20240505.csv
1,S1-RS-004,2,EVOS Esports,pick,3,Fanny,https://liquipedia.net/mobilelegends/MPL/Indonesia/Season_1/Regular_Season | https://github.com/LiTianYeoh/MLBB_Tournament_Analysis/blob/94ea36800e80c9e89a2356a0b81d3eeafbd6a4f7/analysis/data/consolidated_game_data_20240505.csv
1,S1-RS-004,2,EVOS Esports,pick,4,Grock,https://liquipedia.net/mobilelegends/MPL/Indonesia/Season_1/Regular_Season | https://github.com/LiTianYeoh/MLBB_Tournament_Analysis/blob/94ea36800e80c9e89a2356a0b81d3eeafbd6a4f7/analysis/data/consolidated_game_data_20240505.csv
1,S1-RS-004,2,EVOS Esports,pick,5,Harley,https://liquipedia.net/mobilelegends/MPL/Indonesia/Season_1/Regular_Season | https://github.com/LiTianYeoh/MLBB_Tournament_Analysis/blob/94ea36800e80c9e89a2356a0b81d3eeafbd6a4f7/analysis/data/consolidated_game_data_20240505.csv
1,S1-RS-005,1,Team Rev Indo,ban,1,Grock,https://liquipedia.net/mobilelegends/MPL/Indonesia/Season_1/Regular_Season | https://github.com/LiTianYeoh/MLBB_Tournament_Analysis/blob/94ea36800e80c9e89a2356a0b81d3eeafbd6a4f7/analysis/data/consolidated_game_data_20240505.csv
1,S1-RS-005,1,Team Rev Indo,ban,2,Chou,https://liquipedia.net/mobilelegends/MPL/Indonesia/Season_1/Regular_Season | https://github.com/LiTianYeoh/MLBB_Tournament_Analysis/blob/94ea36800e80c9e89a2356a0b81d3eeafbd6a4f7/analysis/data/consolidated_game_data_20240505.csv
1,S1-RS-005,1,Team Rev Indo,pick,1,Lancelot,https://liquipedia.net/mobilelegends/MPL/Indonesia/Season_1/Regular_Season | https://github.com/LiTianYeoh/MLBB_Tournament_Analysis/blob/94ea36800e80c9e89a2356a0b81d3eeafbd6a4f7/analysis/data/consolidated_game_data_20240505.csv
1,S1-RS-005,1,Team Rev Indo,pick,2,Chou,https://liquipedia.net/mobilelegends/MPL/Indonesia/Season_1/Regular_Season | https://github.com/LiTianYeoh/MLBB_Tournament_Analysis/blob/94ea36800e80c9e89a2356a0b81d3eeafbd6a4f7/analysis/data/consolidated_game_data_20240505.csv
1,S1-RS-005,1,Team Rev Indo,pick,3,Kagura,https://liquipedia.net/mobilelegends/MPL/Indonesia/Season_1/Regular_Season | https://github.com/LiTianYeoh/MLBB_Tournament_Analysis/blob/94ea36800e80c9e89a2356a0b81d3eeafbd6a4f7/analysis/data/consolidated_game_data_20240505.csv
1,S1-RS-005,1,Team Rev Indo,pick,4,Lolita,https://liquipedia.net/mobilelegends/MPL/Indonesia/Season_1/Regular_Season | https://github.com/LiTianYeoh/MLBB_Tournament_Analysis/blob/94ea36800e80c9e89a2356a0b81d3eeafbd6a4f7/analysis/data/consolidated_game_data_20240505.csv
1,S1-RS-005,1,Team Rev Indo,pick,5,Aurora,https://liquipedia.net/mobilelegends/MPL/Indonesia/Season_1/Regular_Season | https://github.com/LiTianYeoh/MLBB_Tournament_Analysis/blob/94ea36800e80c9e89a2356a0b81d3eeafbd6a4f7/analysis/data/consolidated_game_data_20240505.csv
1,S1-RS-005,1,Saints Indo 2,ban,1,Hilda,https://liquipedia.net/mobilelegends/MPL/Indonesia/Season_1/Regular_Season | https://github.com/LiTianYeoh/MLBB_Tournament_Analysis/blob/94ea36800e80c9e89a2356a0b81d3eeafbd6a4f7/analysis/data/consolidated_game_data_20240505.csv
1,S1-RS-005,1,Saints Indo 2,ban,2,Diggie,https://liquipedia.net/mobilelegends/MPL/Indonesia/Season_1/Regular_Season | https://github.com/LiTianYeoh/MLBB_Tournament_Analysis/blob/94ea36800e80c9e89a2356a0b81d3eeafbd6a4f7/analysis/data/consolidated_game_data_20240505.csv
1,S1-RS-005,1,Saints Indo 2,pick,1,Bruno,https://liquipedia.net/mobilelegends/MPL/Indonesia/Season_1/Regular_Season | https://github.com/LiTianYeoh/MLBB_Tournament_Analysis/blob/94ea36800e80c9e89a2356a0b81d3eeafbd6a4f7/analysis/data/consolidated_game_data_20240505.csv
1,S1-RS-005,1,Saints Indo 2,pick,2,Fanny,https://liquipedia.net/mobilelegends/MPL/Indonesia/Season_1/Regular_Season | https://github.com/LiTianYeoh/MLBB_Tournament_Analysis/blob/94ea36800e80c9e89a2356a0b81d3eeafbd6a4f7/analysis/data/consolidated_game_data_20240505.csv
1,S1-RS-005,1,Saints Indo 2,pick,3,Balmond,https://liquipedia.net/mobilelegends/MPL/Indonesia/Season_1/Regular_Season | https://github.com/LiTianYeoh/MLBB_Tournament_Analysis/blob/94ea36800e80c9e89a2356a0b81d3eeafbd6a4f7/analysis/data/consolidated_game_data_20240505.csv
1,S1-RS-005,1,Saints Indo 2,pick,4,Akai,https://liquipedia.net/mobilelegends/MPL/Indonesia/Season_1/Regular_Season | https://github.com/LiTianYeoh/MLBB_Tournament_Analysis/blob/94ea36800e80c9e89a2356a0b81d3eeafbd6a4f7/analysis/data/consolidated_game_data_20240505.csv
1,S1-RS-005,1,Saints Indo 2,pick,5,Saber,https://liquipedia.net/mobilelegends/MPL/Indonesia/Season_1/Regular_Season | https://github.com/LiTianYeoh/MLBB_Tournament_Analysis/blob/94ea36800e80c9e89a2356a0b81d3eeafbd6a4f7/analysis/data/consolidated_game_data_20240505.csv
1,S1-RS-005,2,Team Rev Indo,ban,1,Harley,https://liquipedia.net/mobilelegends/MPL/Indonesia/Season_1/Regular_Season | https://github.com/LiTianYeoh/MLBB_Tournament_Analysis/blob/94ea36800e80c9e89a2356a0b81d3eeafbd6a4f7/analysis/data/consolidated_game_data_20240505.csv
1,S1-RS-005,2,Team Rev Indo,ban,2,Lancelot,https://liquipedia.net/mobilelegends/MPL/Indonesia/Season_1/Regular_Season | https://github.com/LiTianYeoh/MLBB_Tournament_Analysis/blob/94ea36800e80c9e89a2356a0b81d3eeafbd6a4f7/analysis/data/consolidated_game_data_20240505.csv
1,S1-RS-005,2,Team Rev Indo,pick,1,Saber,https://liquipedia.net/mobilelegends/MPL/Indonesia/Season_1/Regular_Season | https://github.com/LiTianYeoh/MLBB_Tournament_Analysis/blob/94ea36800e80c9e89a2356a0b81d3eeafbd6a4f7/analysis/data/consolidated_game_data_20240505.csv
1,S1-RS-005,2,Team Rev Indo,pick,2,Akai,https://liquipedia.net/mobilelegends/MPL/Indonesia/Season_1/Regular_Season | https://github.com/LiTianYeoh/MLBB_Tournament_Analysis/blob/94ea36800e80c9e89a2356a0b81d3eeafbd6a4f7/analysis/data/consolidated_game_data_20240505.csv
1,S1-RS-005,2,Team Rev Indo,pick,3,Chou,https://liquipedia.net/mobilelegends/MPL/Indonesia/Season_1/Regular_Season | https://github.com/LiTianYeoh/MLBB_Tournament_Analysis/blob/94ea36800e80c9e89a2356a0b81d3eeafbd6a4f7/analysis/data/consolidated_game_data_20240505.csv
1,S1-RS-005,2,Team Rev Indo,pick,4,Yi Sun-Shin,https://liquipedia.net/mobilelegends/MPL/Indonesia/Season_1/Regular_Season | https://github.com/LiTianYeoh/MLBB_Tournament_Analysis/blob/94ea36800e80c9e89a2356a0b81d3eeafbd6a4f7/analysis/data/consolidated_game_data_20240505.csv
1,S1-RS-005,2,Team Rev Indo,pick,5,Zilong,https://liquipedia.net/mobilelegends/MPL/Indonesia/Season_1/Regular_Season | https://github.com/LiTianYeoh/MLBB_Tournament_Analysis/blob/94ea36800e80c9e89a2356a0b81d3eeafbd6a4f7/analysis/data/consolidated_game_data_20240505.csv
1,S1-RS-005,2,Saints Indo 2,ban,1,Kagura,https://liquipedia.net/mobilelegends/MPL/Indonesia/Season_1/Regular_Season | https://github.com/LiTianYeoh/MLBB_Tournament_Analysis/blob/94ea36800e80c9e89a2356a0b81d3eeafbd6a4f7/analysis/data/consolidated_game_data_20240505.csv
1,S1-RS-005,2,Saints Indo 2,ban,2,Diggie,https://liquipedia.net/mobilelegends/MPL/Indonesia/Season_1/Regular_Season | https://github.com/LiTianYeoh/MLBB_Tournament_Analysis/blob/94ea36800e80c9e89a2356a0b81d3eeafbd6a4f7/analysis/data/consolidated_game_data_20240505.csv
1,S1-RS-005,2,Saints Indo 2,pick,1,Hylos,https://liquipedia.net/mobilelegends/MPL/Indonesia/Season_1/Regular_Season | https://github.com/LiTianYeoh/MLBB_Tournament_Analysis/blob/94ea36800e80c9e89a2356a0b81d3eeafbd6a4f7/analysis/data/consolidated_game_data_20240505.csv
1,S1-RS-005,2,Saints Indo 2,pick,2,Alpha,https://liquipedia.net/mobilelegends/MPL/Indonesia/Season_1/Regular_Season | https://github.com/LiTianYeoh/MLBB_Tournament_Analysis/blob/94ea36800e80c9e89a2356a0b81d3eeafbd6a4f7/analysis/data/consolidated_game_data_20240505.csv
1,S1-RS-005,2,Saints Indo 2,pick,3,Hayabusa,https://liquipedia.net/mobilelegends/MPL/Indonesia/Season_1/Regular_Season | https://github.com/LiTianYeoh/MLBB_Tournament_Analysis/blob/94ea36800e80c9e89a2356a0b81d3eeafbd6a4f7/analysis/data/consolidated_game_data_20240505.csv
1,S1-RS-005,2,Saints Indo 2,pick,4,Zhask,https://liquipedia.net/mobilelegends/MPL/Indonesia/Season_1/Regular_Season | https://github.com/LiTianYeoh/MLBB_Tournament_Analysis/blob/94ea36800e80c9e89a2356a0b81d3eeafbd6a4f7/analysis/data/consolidated_game_data_20240505.csv
1,S1-RS-005,2,Saints Indo 2,pick,5,Hilda,https://liquipedia.net/mobilelegends/MPL/Indonesia/Season_1/Regular_Season | https://github.com/LiTianYeoh/MLBB_Tournament_Analysis/blob/94ea36800e80c9e89a2356a0b81d3eeafbd6a4f7/analysis/data/consolidated_game_data_20240505.csv
1,S1-RS-006,1,Bigetron Player Kill,ban,1,Fanny,https://liquipedia.net/mobilelegends/MPL/Indonesia/Season_1/Regular_Season | https://github.com/LiTianYeoh/MLBB_Tournament_Analysis/blob/94ea36800e80c9e89a2356a0b81d3eeafbd6a4f7/analysis/data/consolidated_game_data_20240505.csv
1,S1-RS-006,1,Bigetron Player Kill,ban,2,Kagura,https://liquipedia.net/mobilelegends/MPL/Indonesia/Season_1/Regular_Season | https://github.com/LiTianYeoh/MLBB_Tournament_Analysis/blob/94ea36800e80c9e89a2356a0b81d3eeafbd6a4f7/analysis/data/consolidated_game_data_20240505.csv
1,S1-RS-006,1,Bigetron Player Kill,pick,1,Bruno,https://liquipedia.net/mobilelegends/MPL/Indonesia/Season_1/Regular_Season | https://github.com/LiTianYeoh/MLBB_Tournament_Analysis/blob/94ea36800e80c9e89a2356a0b81d3eeafbd6a4f7/analysis/data/consolidated_game_data_20240505.csv
1,S1-RS-006,1,Bigetron Player Kill,pick,2,Hayabusa,https://liquipedia.net/mobilelegends/MPL/Indonesia/Season_1/Regular_Season | https://github.com/LiTianYeoh/MLBB_Tournament_Analysis/blob/94ea36800e80c9e89a2356a0b81d3eeafbd6a4f7/analysis/data/consolidated_game_data_20240505.csv
1,S1-RS-006,1,Bigetron Player Kill,pick,3,Grock,https://liquipedia.net/mobilelegends/MPL/Indonesia/Season_1/Regular_Season | https://github.com/LiTianYeoh/MLBB_Tournament_Analysis/blob/94ea36800e80c9e89a2356a0b81d3eeafbd6a4f7/analysis/data/consolidated_game_data_20240505.csv
1,S1-RS-006,1,Bigetron Player Kill,pick,4,Zhask,https://liquipedia.net/mobilelegends/MPL/Indonesia/Season_1/Regular_Season | https://github.com/LiTianYeoh/MLBB_Tournament_Analysis/blob/94ea36800e80c9e89a2356a0b81d3eeafbd6a4f7/analysis/data/consolidated_game_data_20240505.csv
1,S1-RS-006,1,Bigetron Player Kill,pick,5,Estes,https://liquipedia.net/mobilelegends/MPL/Indonesia/Season_1/Regular_Season | https://github.com/LiTianYeoh/MLBB_Tournament_Analysis/blob/94ea36800e80c9e89a2356a0b81d3eeafbd6a4f7/analysis/data/consolidated_game_data_20240505.csv
1,S1-RS-006,1,Domino's Hunters,ban,1,Harley,https://liquipedia.net/mobilelegends/MPL/Indonesia/Season_1/Regular_Season | https://github.com/LiTianYeoh/MLBB_Tournament_Analysis/blob/94ea36800e80c9e89a2356a0b81d3eeafbd6a4f7/analysis/data/consolidated_game_data_20240505.csv
1,S1-RS-006,1,Domino's Hunters,ban,2,Lancelot,https://liquipedia.net/mobilelegends/MPL/Indonesia/Season_1/Regular_Season | https://github.com/LiTianYeoh/MLBB_Tournament_Analysis/blob/94ea36800e80c9e89a2356a0b81d3eeafbd6a4f7/analysis/data/consolidated_game_data_20240505.csv
1,S1-RS-006,1,Domino's Hunters,pick,1,Alucard,https://liquipedia.net/mobilelegends/MPL/Indonesia/Season_1/Regular_Season | https://github.com/LiTianYeoh/MLBB_Tournament_Analysis/blob/94ea36800e80c9e89a2356a0b81d3eeafbd6a4f7/analysis/data/consolidated_game_data_20240505.csv
1,S1-RS-006,1,Domino's Hunters,pick,2,Chou,https://liquipedia.net/mobilelegends/MPL/Indonesia/Season_1/Regular_Season | https://github.com/LiTianYeoh/MLBB_Tournament_Analysis/blob/94ea36800e80c9e89a2356a0b81d3eeafbd6a4f7/analysis/data/consolidated_game_data_20240505.csv
1,S1-RS-006,1,Domino's Hunters,pick,3,Roger,https://liquipedia.net/mobilelegends/MPL/Indonesia/Season_1/Regular_Season | https://github.com/LiTianYeoh/MLBB_Tournament_Analysis/blob/94ea36800e80c9e89a2356a0b81d3eeafbd6a4f7/analysis/data/consolidated_game_data_20240505.csv
1,S1-RS-006,1,Domino's Hunters,pick,4,Diggie,https://liquipedia.net/mobilelegends/MPL/Indonesia/Season_1/Regular_Season | https://github.com/LiTianYeoh/MLBB_Tournament_Analysis/blob/94ea36800e80c9e89a2356a0b81d3eeafbd6a4f7/analysis/data/consolidated_game_data_20240505.csv
1,S1-RS-006,1,Domino's Hunters,pick,5,Hilda,https://liquipedia.net/mobilelegends/MPL/Indonesia/Season_1/Regular_Season | https://github.com/LiTianYeoh/MLBB_Tournament_Analysis/blob/94ea36800e80c9e89a2356a0b81d3eeafbd6a4f7/analysis/data/consolidated_game_data_20240505.csv
1,S1-RS-006,2,Bigetron Player Kill,ban,1,Fanny,https://liquipedia.net/mobilelegends/MPL/Indonesia/Season_1/Regular_Season | https://github.com/LiTianYeoh/MLBB_Tournament_Analysis/blob/94ea36800e80c9e89a2356a0b81d3eeafbd6a4f7/analysis/data/consolidated_game_data_20240505.csv
1,S1-RS-006,2,Bigetron Player Kill,pick,1,Kagura,https://liquipedia.net/mobilelegends/MPL/Indonesia/Season_1/Regular_Season | https://github.com/LiTianYeoh/MLBB_Tournament_Analysis/blob/94ea36800e80c9e89a2356a0b81d3eeafbd6a4f7/analysis/data/consolidated_game_data_20240505.csv
1,S1-RS-006,2,Bigetron Player Kill,pick,2,Akai,https://liquipedia.net/mobilelegends/MPL/Indonesia/Season_1/Regular_Season | https://github.com/LiTianYeoh/MLBB_Tournament_Analysis/blob/94ea36800e80c9e89a2356a0b81d3eeafbd6a4f7/analysis/data/consolidated_game_data_20240505.csv
1,S1-RS-006,2,Bigetron Player Kill,pick,3,Chou,https://liquipedia.net/mobilelegends/MPL/Indonesia/Season_1/Regular_Season | https://github.com/LiTianYeoh/MLBB_Tournament_Analysis/blob/94ea36800e80c9e89a2356a0b81d3eeafbd6a4f7/analysis/data/consolidated_game_data_20240505.csv
1,S1-RS-006,2,Bigetron Player Kill,pick,4,Aurora,https://liquipedia.net/mobilelegends/MPL/Indonesia/Season_1/Regular_Season | https://github.com/LiTianYeoh/MLBB_Tournament_Analysis/blob/94ea36800e80c9e89a2356a0b81d3eeafbd6a4f7/analysis/data/consolidated_game_data_20240505.csv
1,S1-RS-006,2,Bigetron Player Kill,pick,5,Miya,https://liquipedia.net/mobilelegends/MPL/Indonesia/Season_1/Regular_Season | https://github.com/LiTianYeoh/MLBB_Tournament_Analysis/blob/94ea36800e80c9e89a2356a0b81d3eeafbd6a4f7/analysis/data/consolidated_game_data_20240505.csv
1,S1-RS-006,2,Domino's Hunters,ban,1,Zhask,https://liquipedia.net/mobilelegends/MPL/Indonesia/Season_1/Regular_Season | https://github.com/LiTianYeoh/MLBB_Tournament_Analysis/blob/94ea36800e80c9e89a2356a0b81d3eeafbd6a4f7/analysis/data/consolidated_game_data_20240505.csv
1,S1-RS-006,2,Domino's Hunters,ban,2,Harley,https://liquipedia.net/mobilelegends/MPL/Indonesia/Season_1/Regular_Season | https://github.com/LiTianYeoh/MLBB_Tournament_Analysis/blob/94ea36800e80c9e89a2356a0b81d3eeafbd6a4f7/analysis/data/consolidated_game_data_20240505.csv
1,S1-RS-006,2,Domino's Hunters,pick,1,Bruno,https://liquipedia.net/mobilelegends/MPL/Indonesia/Season_1/Regular_Season | https://github.com/LiTianYeoh/MLBB_Tournament_Analysis/blob/94ea36800e80c9e89a2356a0b81d3eeafbd6a4f7/analysis/data/consolidated_game_data_20240505.csv
1,S1-RS-006,2,Domino's Hunters,pick,2,Grock,https://liquipedia.net/mobilelegends/MPL/Indonesia/Season_1/Regular_Season | https://github.com/LiTianYeoh/MLBB_Tournament_Analysis/blob/94ea36800e80c9e89a2356a0b81d3eeafbd6a4f7/analysis/data/consolidated_game_data_20240505.csv
1,S1-RS-006,2,Domino's Hunters,pick,3,Hilda,https://liquipedia.net/mobilelegends/MPL/Indonesia/Season_1/Regular_Season | https://github.com/LiTianYeoh/MLBB_Tournament_Analysis/blob/94ea36800e80c9e89a2356a0b81d3eeafbd6a4f7/analysis/data/consolidated_game_data_20240505.csv
1,S1-RS-006,2,Domino's Hunters,pick,4,Diggie,https://liquipedia.net/mobilelegends/MPL/Indonesia/Season_1/Regular_Season | https://github.com/LiTianYeoh/MLBB_Tournament_Analysis/blob/94ea36800e80c9e89a2356a0b81d3eeafbd6a4f7/analysis/data/consolidated_game_data_20240505.csv
1,S1-RS-006,2,Domino's Hunters,pick,5,Lancelot,https://liquipedia.net/mobilelegends/MPL/Indonesia/Season_1/Regular_Season | https://github.com/LiTianYeoh/MLBB_Tournament_Analysis/blob/94ea36800e80c9e89a2356a0b81d3eeafbd6a4f7/analysis/data/consolidated_game_data_20240505.csv
1,S1-RS-007,1,RRQ.O2,ban,1,Harley,https://liquipedia.net/mobilelegends/MPL/Indonesia/Season_1/Regular_Season | https://github.com/LiTianYeoh/MLBB_Tournament_Analysis/blob/94ea36800e80c9e89a2356a0b81d3eeafbd6a4f7/analysis/data/consolidated_game_data_20240505.csv
1,S1-RS-007,1,RRQ.O2,ban,2,Balmond,https://liquipedia.net/mobilelegends/MPL/Indonesia/Season_1/Regular_Season | https://github.com/LiTianYeoh/MLBB_Tournament_Analysis/blob/94ea36800e80c9e89a2356a0b81d3eeafbd6a4f7/analysis/data/consolidated_game_data_20240505.csv
1,S1-RS-007,1,RRQ.O2,pick,1,Lancelot,https://liquipedia.net/mobilelegends/MPL/Indonesia/Season_1/Regular_Season | https://github.com/LiTianYeoh/MLBB_Tournament_Analysis/blob/94ea36800e80c9e89a2356a0b81d3eeafbd6a4f7/analysis/data/consolidated_game_data_20240505.csv
1,S1-RS-007,1,RRQ.O2,pick,2,Diggie,https://liquipedia.net/mobilelegends/MPL/Indonesia/Season_1/Regular_Season | https://github.com/LiTianYeoh/MLBB_Tournament_Analysis/blob/94ea36800e80c9e89a2356a0b81d3eeafbd6a4f7/analysis/data/consolidated_game_data_20240505.csv
1,S1-RS-007,1,RRQ.O2,pick,3,Zhask,https://liquipedia.net/mobilelegends/MPL/Indonesia/Season_1/Regular_Season | https://github.com/LiTianYeoh/MLBB_Tournament_Analysis/blob/94ea36800e80c9e89a2356a0b81d3eeafbd6a4f7/analysis/data/consolidated_game_data_20240505.csv
1,S1-RS-007,1,RRQ.O2,pick,4,Grock,https://liquipedia.net/mobilelegends/MPL/Indonesia/Season_1/Regular_Season | https://github.com/LiTianYeoh/MLBB_Tournament_Analysis/blob/94ea36800e80c9e89a2356a0b81d3eeafbd6a4f7/analysis/data/consolidated_game_data_20240505.csv
1,S1-RS-007,1,RRQ.O2,pick,5,Layla,https://liquipedia.net/mobilelegends/MPL/Indonesia/Season_1/Regular_Season | https://github.com/LiTianYeoh/MLBB_Tournament_Analysis/blob/94ea36800e80c9e89a2356a0b81d3eeafbd6a4f7/analysis/data/consolidated_game_data_20240505.csv
1,S1-RS-007,1,Domino's Hunters,ban,1,Hayabusa,https://liquipedia.net/mobilelegends/MPL/Indonesia/Season_1/Regular_Season | https://github.com/LiTianYeoh/MLBB_Tournament_Analysis/blob/94ea36800e80c9e89a2356a0b81d3eeafbd6a4f7/analysis/data/consolidated_game_data_20240505.csv
1,S1-RS-007,1,Domino's Hunters,ban,2,Kagura,https://liquipedia.net/mobilelegends/MPL/Indonesia/Season_1/Regular_Season | https://github.com/LiTianYeoh/MLBB_Tournament_Analysis/blob/94ea36800e80c9e89a2356a0b81d3eeafbd6a4f7/analysis/data/consolidated_game_data_20240505.csv
1,S1-RS-007,1,Domino's Hunters,pick,1,Bruno,https://liquipedia.net/mobilelegends/MPL/Indonesia/Season_1/Regular_Season | https://github.com/LiTianYeoh/MLBB_Tournament_Analysis/blob/94ea36800e80c9e89a2356a0b81d3eeafbd6a4f7/analysis/data/consolidated_game_data_20240505.csv
1,S1-RS-007,1,Domino's Hunters,pick,2,Gord,https://liquipedia.net/mobilelegends/MPL/Indonesia/Season_1/Regular_Season | https://github.com/LiTianYeoh/MLBB_Tournament_Analysis/blob/94ea36800e80c9e89a2356a0b81d3eeafbd6a4f7/analysis/data/consolidated_game_data_20240505.csv
1,S1-RS-007,1,Domino's Hunters,pick,3,Saber,https://liquipedia.net/mobilelegends/MPL/Indonesia/Season_1/Regular_Season | https://github.com/LiTianYeoh/MLBB_Tournament_Analysis/blob/94ea36800e80c9e89a2356a0b81d3eeafbd6a4f7/analysis/data/consolidated_game_data_20240505.csv
1,S1-RS-007,1,Domino's Hunters,pick,4,Hilda,https://liquipedia.net/mobilelegends/MPL/Indonesia/Season_1/Regular_Season | https://github.com/LiTianYeoh/MLBB_Tournament_Analysis/blob/94ea36800e80c9e89a2356a0b81d3eeafbd6a4f7/analysis/data/consolidated_game_data_20240505.csv
1,S1-RS-007,1,Domino's Hunters,pick,5,Akai,https://liquipedia.net/mobilelegends/MPL/Indonesia/Season_1/Regular_Season | https://github.com/LiTianYeoh/MLBB_Tournament_Analysis/blob/94ea36800e80c9e89a2356a0b81d3eeafbd6a4f7/analysis/data/consolidated_game_data_20240505.csv
1,S1-RS-007,2,RRQ.O2,ban,1,Akai,https://liquipedia.net/mobilelegends/MPL/Indonesia/Season_1/Regular_Season | https://github.com/LiTianYeoh/MLBB_Tournament_Analysis/blob/94ea36800e80c9e89a2356a0b81d3eeafbd6a4f7/analysis/data/consolidated_game_data_20240505.csv
1,S1-RS-007,2,RRQ.O2,ban,2,Hilda,https://liquipedia.net/mobilelegends/MPL/Indonesia/Season_1/Regular_Season | https://github.com/LiTianYeoh/MLBB_Tournament_Analysis/blob/94ea36800e80c9e89a2356a0b81d3eeafbd6a4f7/analysis/data/consolidated_game_data_20240505.csv
1,S1-RS-007,2,RRQ.O2,pick,1,Lancelot,https://liquipedia.net/mobilelegends/MPL/Indonesia/Season_1/Regular_Season | https://github.com/LiTianYeoh/MLBB_Tournament_Analysis/blob/94ea36800e80c9e89a2356a0b81d3eeafbd6a4f7/analysis/data/consolidated_game_data_20240505.csv
1,S1-RS-007,2,RRQ.O2,pick,2,Zhask,https://liquipedia.net/mobilelegends/MPL/Indonesia/Season_1/Regular_Season | https://github.com/LiTianYeoh/MLBB_Tournament_Analysis/blob/94ea36800e80c9e89a2356a0b81d3eeafbd6a4f7/analysis/data/consolidated_game_data_20240505.csv
1,S1-RS-007,2,RRQ.O2,pick,3,Estes,https://liquipedia.net/mobilelegends/MPL/Indonesia/Season_1/Regular_Season | https://github.com/LiTianYeoh/MLBB_Tournament_Analysis/blob/94ea36800e80c9e89a2356a0b81d3eeafbd6a4f7/analysis/data/consolidated_game_data_20240505.csv
1,S1-RS-007,2,RRQ.O2,pick,4,Minotaur,https://liquipedia.net/mobilelegends/MPL/Indonesia/Season_1/Regular_Season | https://github.com/LiTianYeoh/MLBB_Tournament_Analysis/blob/94ea36800e80c9e89a2356a0b81d3eeafbd6a4f7/analysis/data/consolidated_game_data_20240505.csv
1,S1-RS-007,2,RRQ.O2,pick,5,Layla,https://liquipedia.net/mobilelegends/MPL/Indonesia/Season_1/Regular_Season | https://github.com/LiTianYeoh/MLBB_Tournament_Analysis/blob/94ea36800e80c9e89a2356a0b81d3eeafbd6a4f7/analysis/data/consolidated_game_data_20240505.csv
1,S1-RS-007,2,Domino's Hunters,ban,1,Harley,https://liquipedia.net/mobilelegends/MPL/Indonesia/Season_1/Regular_Season | https://github.com/LiTianYeoh/MLBB_Tournament_Analysis/blob/94ea36800e80c9e89a2356a0b81d3eeafbd6a4f7/analysis/data/consolidated_game_data_20240505.csv
1,S1-RS-007,2,Domino's Hunters,ban,2,Balmond,https://liquipedia.net/mobilelegends/MPL/Indonesia/Season_1/Regular_Season | https://github.com/LiTianYeoh/MLBB_Tournament_Analysis/blob/94ea36800e80c9e89a2356a0b81d3eeafbd6a4f7/analysis/data/consolidated_game_data_20240505.csv
1,S1-RS-007,2,Domino's Hunters,pick,1,Moskov,https://liquipedia.net/mobilelegends/MPL/Indonesia/Season_1/Regular_Season | https://github.com/LiTianYeoh/MLBB_Tournament_Analysis/blob/94ea36800e80c9e89a2356a0b81d3eeafbd6a4f7/analysis/data/consolidated_game_data_20240505.csv
1,S1-RS-007,2,Domino's Hunters,pick,2,Rafaela,https://liquipedia.net/mobilelegends/MPL/Indonesia/Season_1/Regular_Season | https://github.com/LiTianYeoh/MLBB_Tournament_Analysis/blob/94ea36800e80c9e89a2356a0b81d3eeafbd6a4f7/analysis/data/consolidated_game_data_20240505.csv
1,S1-RS-007,2,Domino's Hunters,pick,3,Hayabusa,https://liquipedia.net/mobilelegends/MPL/Indonesia/Season_1/Regular_Season | https://github.com/LiTianYeoh/MLBB_Tournament_Analysis/blob/94ea36800e80c9e89a2356a0b81d3eeafbd6a4f7/analysis/data/consolidated_game_data_20240505.csv
1,S1-RS-007,2,Domino's Hunters,pick,4,Grock,https://liquipedia.net/mobilelegends/MPL/Indonesia/Season_1/Regular_Season | https://github.com/LiTianYeoh/MLBB_Tournament_Analysis/blob/94ea36800e80c9e89a2356a0b81d3eeafbd6a4f7/analysis/data/consolidated_game_data_20240505.csv
1,S1-RS-007,2,Domino's Hunters,pick,5,Kagura,https://liquipedia.net/mobilelegends/MPL/Indonesia/Season_1/Regular_Season | https://github.com/LiTianYeoh/MLBB_Tournament_Analysis/blob/94ea36800e80c9e89a2356a0b81d3eeafbd6a4f7/analysis/data/consolidated_game_data_20240505.csv
1,S1-RS-008,1,Bigetron Player Kill,ban,1,Fanny,https://liquipedia.net/mobilelegends/MPL/Indonesia/Season_1/Regular_Season | https://github.com/LiTianYeoh/MLBB_Tournament_Analysis/blob/94ea36800e80c9e89a2356a0b81d3eeafbd6a4f7/analysis/data/consolidated_game_data_20240505.csv
1,S1-RS-008,1,Bigetron Player Kill,ban,2,Hayabusa,https://liquipedia.net/mobilelegends/MPL/Indonesia/Season_1/Regular_Season | https://github.com/LiTianYeoh/MLBB_Tournament_Analysis/blob/94ea36800e80c9e89a2356a0b81d3eeafbd6a4f7/analysis/data/consolidated_game_data_20240505.csv
1,S1-RS-008,1,Bigetron Player Kill,pick,1,Kagura,https://liquipedia.net/mobilelegends/MPL/Indonesia/Season_1/Regular_Season | https://github.com/LiTianYeoh/MLBB_Tournament_Analysis/blob/94ea36800e80c9e89a2356a0b81d3eeafbd6a4f7/analysis/data/consolidated_game_data_20240505.csv
1,S1-RS-008,1,Bigetron Player Kill,pick,2,Aurora,https://liquipedia.net/mobilelegends/MPL/Indonesia/Season_1/Regular_Season | https://github.com/LiTianYeoh/MLBB_Tournament_Analysis/blob/94ea36800e80c9e89a2356a0b81d3eeafbd6a4f7/analysis/data/consolidated_game_data_20240505.csv
1,S1-RS-008,1,Bigetron Player Kill,pick,3,Hilda,https://liquipedia.net/mobilelegends/MPL/Indonesia/Season_1/Regular_Season | https://github.com/LiTianYeoh/MLBB_Tournament_Analysis/blob/94ea36800e80c9e89a2356a0b81d3eeafbd6a4f7/analysis/data/consolidated_game_data_20240505.csv
1,S1-RS-008,1,Bigetron Player Kill,pick,4,Alpha,https://liquipedia.net/mobilelegends/MPL/Indonesia/Season_1/Regular_Season | https://github.com/LiTianYeoh/MLBB_Tournament_Analysis/blob/94ea36800e80c9e89a2356a0b81d3eeafbd6a4f7/analysis/data/consolidated_game_data_20240505.csv
1,S1-RS-008,1,Bigetron Player Kill,pick,5,Bruno,https://liquipedia.net/mobilelegends/MPL/Indonesia/Season_1/Regular_Season | https://github.com/LiTianYeoh/MLBB_Tournament_Analysis/blob/94ea36800e80c9e89a2356a0b81d3eeafbd6a4f7/analysis/data/consolidated_game_data_20240505.csv
1,S1-RS-008,1,Saints Indo 2,ban,1,Zhask,https://liquipedia.net/mobilelegends/MPL/Indonesia/Season_1/Regular_Season | https://github.com/LiTianYeoh/MLBB_Tournament_Analysis/blob/94ea36800e80c9e89a2356a0b81d3eeafbd6a4f7/analysis/data/consolidated_game_data_20240505.csv
1,S1-RS-008,1,Saints Indo 2,ban,2,Lancelot,https://liquipedia.net/mobilelegends/MPL/Indonesia/Season_1/Regular_Season | https://github.com/LiTianYeoh/MLBB_Tournament_Analysis/blob/94ea36800e80c9e89a2356a0b81d3eeafbd6a4f7/analysis/data/consolidated_game_data_20240505.csv
1,S1-RS-008,1,Saints Indo 2,pick,1,Yi Sun-Shin,https://liquipedia.net/mobilelegends/MPL/Indonesia/Season_1/Regular_Season | https://github.com/LiTianYeoh/MLBB_Tournament_Analysis/blob/94ea36800e80c9e89a2356a0b81d3eeafbd6a4f7/analysis/data/consolidated_game_data_20240505.csv
1,S1-RS-008,1,Saints Indo 2,pick,2,Chou,https://liquipedia.net/mobilelegends/MPL/Indonesia/Season_1/Regular_Season | https://github.com/LiTianYeoh/MLBB_Tournament_Analysis/blob/94ea36800e80c9e89a2356a0b81d3eeafbd6a4f7/analysis/data/consolidated_game_data_20240505.csv
1,S1-RS-008,1,Saints Indo 2,pick,3,Helcurt,https://liquipedia.net/mobilelegends/MPL/Indonesia/Season_1/Regular_Season | https://github.com/LiTianYeoh/MLBB_Tournament_Analysis/blob/94ea36800e80c9e89a2356a0b81d3eeafbd6a4f7/analysis/data/consolidated_game_data_20240505.csv
1,S1-RS-008,1,Saints Indo 2,pick,4,Harley,https://liquipedia.net/mobilelegends/MPL/Indonesia/Season_1/Regular_Season | https://github.com/LiTianYeoh/MLBB_Tournament_Analysis/blob/94ea36800e80c9e89a2356a0b81d3eeafbd6a4f7/analysis/data/consolidated_game_data_20240505.csv
1,S1-RS-008,1,Saints Indo 2,pick,5,Akai,https://liquipedia.net/mobilelegends/MPL/Indonesia/Season_1/Regular_Season | https://github.com/LiTianYeoh/MLBB_Tournament_Analysis/blob/94ea36800e80c9e89a2356a0b81d3eeafbd6a4f7/analysis/data/consolidated_game_data_20240505.csv
1,S1-RS-008,2,Bigetron Player Kill,ban,1,Lancelot,https://liquipedia.net/mobilelegends/MPL/Indonesia/Season_1/Regular_Season | https://github.com/LiTianYeoh/MLBB_Tournament_Analysis/blob/94ea36800e80c9e89a2356a0b81d3eeafbd6a4f7/analysis/data/consolidated_game_data_20240505.csv
1,S1-RS-008,2,Bigetron Player Kill,ban,2,Fanny,https://liquipedia.net/mobilelegends/MPL/Indonesia/Season_1/Regular_Season | https://github.com/LiTianYeoh/MLBB_Tournament_Analysis/blob/94ea36800e80c9e89a2356a0b81d3eeafbd6a4f7/analysis/data/consolidated_game_data_20240505.csv
1,S1-RS-008,2,Bigetron Player Kill,pick,1,Kagura,https://liquipedia.net/mobilelegends/MPL/Indonesia/Season_1/Regular_Season | https://github.com/LiTianYeoh/MLBB_Tournament_Analysis/blob/94ea36800e80c9e89a2356a0b81d3eeafbd6a4f7/analysis/data/consolidated_game_data_20240505.csv
1,S1-RS-008,2,Bigetron Player Kill,pick,2,Aurora,https://liquipedia.net/mobilelegends/MPL/Indonesia/Season_1/Regular_Season | https://github.com/LiTianYeoh/MLBB_Tournament_Analysis/blob/94ea36800e80c9e89a2356a0b81d3eeafbd6a4f7/analysis/data/consolidated_game_data_20240505.csv
1,S1-RS-008,2,Bigetron Player Kill,pick,3,Karrie,https://liquipedia.net/mobilelegends/MPL/Indonesia/Season_1/Regular_Season | https://github.com/LiTianYeoh/MLBB_Tournament_Analysis/blob/94ea36800e80c9e89a2356a0b81d3eeafbd6a4f7/analysis/data/consolidated_game_data_20240505.csv
1,S1-RS-008,2,Bigetron Player Kill,pick,4,Akai,https://liquipedia.net/mobilelegends/MPL/Indonesia/Season_1/Regular_Season | https://github.com/LiTianYeoh/MLBB_Tournament_Analysis/blob/94ea36800e80c9e89a2356a0b81d3eeafbd6a4f7/analysis/data/consolidated_game_data_20240505.csv
1,S1-RS-008,2,Bigetron Player Kill,pick,5,Chou,https://liquipedia.net/mobilelegends/MPL/Indonesia/Season_1/Regular_Season | https://github.com/LiTianYeoh/MLBB_Tournament_Analysis/blob/94ea36800e80c9e89a2356a0b81d3eeafbd6a4f7/analysis/data/consolidated_game_data_20240505.csv
1,S1-RS-008,2,Saints Indo 2,ban,1,Hayabusa,https://liquipedia.net/mobilelegends/MPL/Indonesia/Season_1/Regular_Season | https://github.com/LiTianYeoh/MLBB_Tournament_Analysis/blob/94ea36800e80c9e89a2356a0b81d3eeafbd6a4f7/analysis/data/consolidated_game_data_20240505.csv
1,S1-RS-008,2,Saints Indo 2,ban,2,Zhask,https://liquipedia.net/mobilelegends/MPL/Indonesia/Season_1/Regular_Season | https://github.com/LiTianYeoh/MLBB_Tournament_Analysis/blob/94ea36800e80c9e89a2356a0b81d3eeafbd6a4f7/analysis/data/consolidated_game_data_20240505.csv
1,S1-RS-008,2,Saints Indo 2,pick,1,Bruno,https://liquipedia.net/mobilelegends/MPL/Indonesia/Season_1/Regular_Season | https://github.com/LiTianYeoh/MLBB_Tournament_Analysis/blob/94ea36800e80c9e89a2356a0b81d3eeafbd6a4f7/analysis/data/consolidated_game_data_20240505.csv
1,S1-RS-008,2,Saints Indo 2,pick,2,Saber,https://liquipedia.net/mobilelegends/MPL/Indonesia/Season_1/Regular_Season | https://github.com/LiTianYeoh/MLBB_Tournament_Analysis/blob/94ea36800e80c9e89a2356a0b81d3eeafbd6a4f7/analysis/data/consolidated_game_data_20240505.csv
1,S1-RS-008,2,Saints Indo 2,pick,3,Grock,https://liquipedia.net/mobilelegends/MPL/Indonesia/Season_1/Regular_Season | https://github.com/LiTianYeoh/MLBB_Tournament_Analysis/blob/94ea36800e80c9e89a2356a0b81d3eeafbd6a4f7/analysis/data/consolidated_game_data_20240505.csv
1,S1-RS-008,2,Saints Indo 2,pick,4,Hilda,https://liquipedia.net/mobilelegends/MPL/Indonesia/Season_1/Regular_Season | https://github.com/LiTianYeoh/MLBB_Tournament_Analysis/blob/94ea36800e80c9e89a2356a0b81d3eeafbd6a4f7/analysis/data/consolidated_game_data_20240505.csv
1,S1-RS-008,2,Saints Indo 2,pick,5,Harley,https://liquipedia.net/mobilelegends/MPL/Indonesia/Season_1/Regular_Season | https://github.com/LiTianYeoh/MLBB_Tournament_Analysis/blob/94ea36800e80c9e89a2356a0b81d3eeafbd6a4f7/analysis/data/consolidated_game_data_20240505.csv
1,S1-RS-009,1,Team Rev Indo,ban,1,Balmond,https://liquipedia.net/mobilelegends/MPL/Indonesia/Season_1/Regular_Season | https://github.com/LiTianYeoh/MLBB_Tournament_Analysis/blob/94ea36800e80c9e89a2356a0b81d3eeafbd6a4f7/analysis/data/consolidated_game_data_20240505.csv
1,S1-RS-009,1,Team Rev Indo,ban,2,Akai,https://liquipedia.net/mobilelegends/MPL/Indonesia/Season_1/Regular_Season | https://github.com/LiTianYeoh/MLBB_Tournament_Analysis/blob/94ea36800e80c9e89a2356a0b81d3eeafbd6a4f7/analysis/data/consolidated_game_data_20240505.csv
1,S1-RS-009,1,Team Rev Indo,pick,1,Kagura,https://liquipedia.net/mobilelegends/MPL/Indonesia/Season_1/Regular_Season | https://github.com/LiTianYeoh/MLBB_Tournament_Analysis/blob/94ea36800e80c9e89a2356a0b81d3eeafbd6a4f7/analysis/data/consolidated_game_data_20240505.csv
1,S1-RS-009,1,Team Rev Indo,pick,2,Grock,https://liquipedia.net/mobilelegends/MPL/Indonesia/Season_1/Regular_Season | https://github.com/LiTianYeoh/MLBB_Tournament_Analysis/blob/94ea36800e80c9e89a2356a0b81d3eeafbd6a4f7/analysis/data/consolidated_game_data_20240505.csv
1,S1-RS-009,1,Team Rev Indo,pick,3,Zhask,https://liquipedia.net/mobilelegends/MPL/Indonesia/Season_1/Regular_Season | https://github.com/LiTianYeoh/MLBB_Tournament_Analysis/blob/94ea36800e80c9e89a2356a0b81d3eeafbd6a4f7/analysis/data/consolidated_game_data_20240505.csv
1,S1-RS-009,1,Team Rev Indo,pick,4,Estes,https://liquipedia.net/mobilelegends/MPL/Indonesia/Season_1/Regular_Season | https://github.com/LiTianYeoh/MLBB_Tournament_Analysis/blob/94ea36800e80c9e89a2356a0b81d3eeafbd6a4f7/analysis/data/consolidated_game_data_20240505.csv
1,S1-RS-009,1,Team Rev Indo,pick,5,Zilong,https://liquipedia.net/mobilelegends/MPL/Indonesia/Season_1/Regular_Season | https://github.com/LiTianYeoh/MLBB_Tournament_Analysis/blob/94ea36800e80c9e89a2356a0b81d3eeafbd6a4f7/analysis/data/consolidated_game_data_20240505.csv
1,S1-RS-009,1,Pandora Esports,ban,1,Lancelot,https://liquipedia.net/mobilelegends/MPL/Indonesia/Season_1/Regular_Season | https://github.com/LiTianYeoh/MLBB_Tournament_Analysis/blob/94ea36800e80c9e89a2356a0b81d3eeafbd6a4f7/analysis/data/consolidated_game_data_20240505.csv
1,S1-RS-009,1,Pandora Esports,ban,2,Chou,https://liquipedia.net/mobilelegends/MPL/Indonesia/Season_1/Regular_Season | https://github.com/LiTianYeoh/MLBB_Tournament_Analysis/blob/94ea36800e80c9e89a2356a0b81d3eeafbd6a4f7/analysis/data/consolidated_game_data_20240505.csv
1,S1-RS-009,1,Pandora Esports,pick,1,Yi Sun-Shin,https://liquipedia.net/mobilelegends/MPL/Indonesia/Season_1/Regular_Season | https://github.com/LiTianYeoh/MLBB_Tournament_Analysis/blob/94ea36800e80c9e89a2356a0b81d3eeafbd6a4f7/analysis/data/consolidated_game_data_20240505.csv
1,S1-RS-009,1,Pandora Esports,pick,2,Lolita,https://liquipedia.net/mobilelegends/MPL/Indonesia/Season_1/Regular_Season | https://github.com/LiTianYeoh/MLBB_Tournament_Analysis/blob/94ea36800e80c9e89a2356a0b81d3eeafbd6a4f7/analysis/data/consolidated_game_data_20240505.csv
1,S1-RS-009,1,Pandora Esports,pick,3,Fanny,https://liquipedia.net/mobilelegends/MPL/Indonesia/Season_1/Regular_Season | https://github.com/LiTianYeoh/MLBB_Tournament_Analysis/blob/94ea36800e80c9e89a2356a0b81d3eeafbd6a4f7/analysis/data/consolidated_game_data_20240505.csv
1,S1-RS-009,1,Pandora Esports,pick,4,Harley,https://liquipedia.net/mobilelegends/MPL/Indonesia/Season_1/Regular_Season | https://github.com/LiTianYeoh/MLBB_Tournament_Analysis/blob/94ea36800e80c9e89a2356a0b81d3eeafbd6a4f7/analysis/data/consolidated_game_data_20240505.csv
1,S1-RS-009,1,Pandora Esports,pick,5,Hilda,https://liquipedia.net/mobilelegends/MPL/Indonesia/Season_1/Regular_Season | https://github.com/LiTianYeoh/MLBB_Tournament_Analysis/blob/94ea36800e80c9e89a2356a0b81d3eeafbd6a4f7/analysis/data/consolidated_game_data_20240505.csv
1,S1-RS-009,2,Team Rev Indo,ban,1,Harley,https://liquipedia.net/mobilelegends/MPL/Indonesia/Season_1/Regular_Season | https://github.com/LiTianYeoh/MLBB_Tournament_Analysis/blob/94ea36800e80c9e89a2356a0b81d3eeafbd6a4f7/analysis/data/consolidated_game_data_20240505.csv
1,S1-RS-009,2,Team Rev Indo,ban,2,Lancelot,https://liquipedia.net/mobilelegends/MPL/Indonesia/Season_1/Regular_Season | https://github.com/LiTianYeoh/MLBB_Tournament_Analysis/blob/94ea36800e80c9e89a2356a0b81d3eeafbd6a4f7/analysis/data/consolidated_game_data_20240505.csv
1,S1-RS-009,2,Team Rev Indo,pick,1,Diggie,https://liquipedia.net/mobilelegends/MPL/Indonesia/Season_1/Regular_Season | https://github.com/LiTianYeoh/MLBB_Tournament_Analysis/blob/94ea36800e80c9e89a2356a0b81d3eeafbd6a4f7/analysis/data/consolidated_game_data_20240505.csv
1,S1-RS-009,2,Team Rev Indo,pick,2,Balmond,https://liquipedia.net/mobilelegends/MPL/Indonesia/Season_1/Regular_Season | https://github.com/LiTianYeoh/MLBB_Tournament_Analysis/blob/94ea36800e80c9e89a2356a0b81d3eeafbd6a4f7/analysis/data/consolidated_game_data_20240505.csv
1,S1-RS-009,2,Team Rev Indo,pick,3,Karrie,https://liquipedia.net/mobilelegends/MPL/Indonesia/Season_1/Regular_Season | https://github.com/LiTianYeoh/MLBB_Tournament_Analysis/blob/94ea36800e80c9e89a2356a0b81d3eeafbd6a4f7/analysis/data/consolidated_game_data_20240505.csv
1,S1-RS-009,2,Team Rev Indo,pick,4,Akai,https://liquipedia.net/mobilelegends/MPL/Indonesia/Season_1/Regular_Season | https://github.com/LiTianYeoh/MLBB_Tournament_Analysis/blob/94ea36800e80c9e89a2356a0b81d3eeafbd6a4f7/analysis/data/consolidated_game_data_20240505.csv
1,S1-RS-009,2,Team Rev Indo,pick,5,Hayabusa,https://liquipedia.net/mobilelegends/MPL/Indonesia/Season_1/Regular_Season | https://github.com/LiTianYeoh/MLBB_Tournament_Analysis/blob/94ea36800e80c9e89a2356a0b81d3eeafbd6a4f7/analysis/data/consolidated_game_data_20240505.csv
1,S1-RS-009,2,Pandora Esports,ban,1,Kagura,https://liquipedia.net/mobilelegends/MPL/Indonesia/Season_1/Regular_Season | https://github.com/LiTianYeoh/MLBB_Tournament_Analysis/blob/94ea36800e80c9e89a2356a0b81d3eeafbd6a4f7/analysis/data/consolidated_game_data_20240505.csv
1,S1-RS-009,2,Pandora Esports,ban,2,Chou,https://liquipedia.net/mobilelegends/MPL/Indonesia/Season_1/Regular_Season | https://github.com/LiTianYeoh/MLBB_Tournament_Analysis/blob/94ea36800e80c9e89a2356a0b81d3eeafbd6a4f7/analysis/data/consolidated_game_data_20240505.csv
1,S1-RS-009,2,Pandora Esports,pick,1,Natalia,https://liquipedia.net/mobilelegends/MPL/Indonesia/Season_1/Regular_Season | https://github.com/LiTianYeoh/MLBB_Tournament_Analysis/blob/94ea36800e80c9e89a2356a0b81d3eeafbd6a4f7/analysis/data/consolidated_game_data_20240505.csv
1,S1-RS-009,2,Pandora Esports,pick,2,Saber,https://liquipedia.net/mobilelegends/MPL/Indonesia/Season_1/Regular_Season | https://github.com/LiTianYeoh/MLBB_Tournament_Analysis/blob/94ea36800e80c9e89a2356a0b81d3eeafbd6a4f7/analysis/data/consolidated_game_data_20240505.csv
1,S1-RS-009,2,Pandora Esports,pick,3,Grock,https://liquipedia.net/mobilelegends/MPL/Indonesia/Season_1/Regular_Season | https://github.com/LiTianYeoh/MLBB_Tournament_Analysis/blob/94ea36800e80c9e89a2356a0b81d3eeafbd6a4f7/analysis/data/consolidated_game_data_20240505.csv
1,S1-RS-009,2,Pandora Esports,pick,4,Bruno,https://liquipedia.net/mobilelegends/MPL/Indonesia/Season_1/Regular_Season | https://github.com/LiTianYeoh/MLBB_Tournament_Analysis/blob/94ea36800e80c9e89a2356a0b81d3eeafbd6a4f7/analysis/data/consolidated_game_data_20240505.csv
1,S1-RS-009,2,Pandora Esports,pick,5,Hilda,https://liquipedia.net/mobilelegends/MPL/Indonesia/Season_1/Regular_Season | https://github.com/LiTianYeoh/MLBB_Tournament_Analysis/blob/94ea36800e80c9e89a2356a0b81d3eeafbd6a4f7/analysis/data/consolidated_game_data_20240505.csv
1,S1-RS-010,1,EVOS Esports,ban,1,Akai,https://liquipedia.net/mobilelegends/MPL/Indonesia/Season_1/Regular_Season | https://github.com/LiTianYeoh/MLBB_Tournament_Analysis/blob/94ea36800e80c9e89a2356a0b81d3eeafbd6a4f7/analysis/data/consolidated_game_data_20240505.csv
1,S1-RS-010,1,EVOS Esports,ban,2,Kagura,https://liquipedia.net/mobilelegends/MPL/Indonesia/Season_1/Regular_Season | https://github.com/LiTianYeoh/MLBB_Tournament_Analysis/blob/94ea36800e80c9e89a2356a0b81d3eeafbd6a4f7/analysis/data/consolidated_game_data_20240505.csv
1,S1-RS-010,1,EVOS Esports,pick,1,Harley,https://liquipedia.net/mobilelegends/MPL/Indonesia/Season_1/Regular_Season | https://github.com/LiTianYeoh/MLBB_Tournament_Analysis/blob/94ea36800e80c9e89a2356a0b81d3eeafbd6a4f7/analysis/data/consolidated_game_data_20240505.csv
1,S1-RS-010,1,EVOS Esports,pick,2,Yi Sun-Shin,https://liquipedia.net/mobilelegends/MPL/Indonesia/Season_1/Regular_Season | https://github.com/LiTianYeoh/MLBB_Tournament_Analysis/blob/94ea36800e80c9e89a2356a0b81d3eeafbd6a4f7/analysis/data/consolidated_game_data_20240505.csv
1,S1-RS-010,1,EVOS Esports,pick,3,Hilda,https://liquipedia.net/mobilelegends/MPL/Indonesia/Season_1/Regular_Season | https://github.com/LiTianYeoh/MLBB_Tournament_Analysis/blob/94ea36800e80c9e89a2356a0b81d3eeafbd6a4f7/analysis/data/consolidated_game_data_20240505.csv
1,S1-RS-010,1,EVOS Esports,pick,4,Hylos,https://liquipedia.net/mobilelegends/MPL/Indonesia/Season_1/Regular_Season | https://github.com/LiTianYeoh/MLBB_Tournament_Analysis/blob/94ea36800e80c9e89a2356a0b81d3eeafbd6a4f7/analysis/data/consolidated_game_data_20240505.csv
1,S1-RS-010,1,EVOS Esports,pick,5,Saber,https://liquipedia.net/mobilelegends/MPL/Indonesia/Season_1/Regular_Season | https://github.com/LiTianYeoh/MLBB_Tournament_Analysis/blob/94ea36800e80c9e89a2356a0b81d3eeafbd6a4f7/analysis/data/consolidated_game_data_20240505.csv
1,S1-RS-010,1,Elite 8 Critical Reborn,ban,1,Lancelot,https://liquipedia.net/mobilelegends/MPL/Indonesia/Season_1/Regular_Season | https://github.com/LiTianYeoh/MLBB_Tournament_Analysis/blob/94ea36800e80c9e89a2356a0b81d3eeafbd6a4f7/analysis/data/consolidated_game_data_20240505.csv
1,S1-RS-010,1,Elite 8 Critical Reborn,ban,2,Hayabusa,https://liquipedia.net/mobilelegends/MPL/Indonesia/Season_1/Regular_Season | https://github.com/LiTianYeoh/MLBB_Tournament_Analysis/blob/94ea36800e80c9e89a2356a0b81d3eeafbd6a4f7/analysis/data/consolidated_game_data_20240505.csv
1,S1-RS-010,1,Elite 8 Critical Reborn,pick,1,Karrie,https://liquipedia.net/mobilelegends/MPL/Indonesia/Season_1/Regular_Season | https://github.com/LiTianYeoh/MLBB_Tournament_Analysis/blob/94ea36800e80c9e89a2356a0b81d3eeafbd6a4f7/analysis/data/consolidated_game_data_20240505.csv
1,S1-RS-010,1,Elite 8 Critical Reborn,pick,2,Aurora,https://liquipedia.net/mobilelegends/MPL/Indonesia/Season_1/Regular_Season | https://github.com/LiTianYeoh/MLBB_Tournament_Analysis/blob/94ea36800e80c9e89a2356a0b81d3eeafbd6a4f7/analysis/data/consolidated_game_data_20240505.csv
1,S1-RS-010,1,Elite 8 Critical Reborn,pick,3,Cyclops,https://liquipedia.net/mobilelegends/MPL/Indonesia/Season_1/Regular_Season | https://github.com/LiTianYeoh/MLBB_Tournament_Analysis/blob/94ea36800e80c9e89a2356a0b81d3eeafbd6a4f7/analysis/data/consolidated_game_data_20240505.csv
1,S1-RS-010,1,Elite 8 Critical Reborn,pick,4,Chou,https://liquipedia.net/mobilelegends/MPL/Indonesia/Season_1/Regular_Season | https://github.com/LiTianYeoh/MLBB_Tournament_Analysis/blob/94ea36800e80c9e89a2356a0b81d3eeafbd6a4f7/analysis/data/consolidated_game_data_20240505.csv
1,S1-RS-010,1,Elite 8 Critical Reborn,pick,5,Grock,https://liquipedia.net/mobilelegends/MPL/Indonesia/Season_1/Regular_Season | https://github.com/LiTianYeoh/MLBB_Tournament_Analysis/blob/94ea36800e80c9e89a2356a0b81d3eeafbd6a4f7/analysis/data/consolidated_game_data_20240505.csv
1,S1-RS-010,2,EVOS Esports,ban,1,Diggie,https://liquipedia.net/mobilelegends/MPL/Indonesia/Season_1/Regular_Season | https://github.com/LiTianYeoh/MLBB_Tournament_Analysis/blob/94ea36800e80c9e89a2356a0b81d3eeafbd6a4f7/analysis/data/consolidated_game_data_20240505.csv
1,S1-RS-010,2,EVOS Esports,ban,2,Lancelot,https://liquipedia.net/mobilelegends/MPL/Indonesia/Season_1/Regular_Season | https://github.com/LiTianYeoh/MLBB_Tournament_Analysis/blob/94ea36800e80c9e89a2356a0b81d3eeafbd6a4f7/analysis/data/consolidated_game_data_20240505.csv
1,S1-RS-010,2,EVOS Esports,pick,1,Harley,https://liquipedia.net/mobilelegends/MPL/Indonesia/Season_1/Regular_Season | https://github.com/LiTianYeoh/MLBB_Tournament_Analysis/blob/94ea36800e80c9e89a2356a0b81d3eeafbd6a4f7/analysis/data/consolidated_game_data_20240505.csv
1,S1-RS-010,2,EVOS Esports,pick,2,Hilda,https://liquipedia.net/mobilelegends/MPL/Indonesia/Season_1/Regular_Season | https://github.com/LiTianYeoh/MLBB_Tournament_Analysis/blob/94ea36800e80c9e89a2356a0b81d3eeafbd6a4f7/analysis/data/consolidated_game_data_20240505.csv
1,S1-RS-010,2,EVOS Esports,pick,3,Aurora,https://liquipedia.net/mobilelegends/MPL/Indonesia/Season_1/Regular_Season | https://github.com/LiTianYeoh/MLBB_Tournament_Analysis/blob/94ea36800e80c9e89a2356a0b81d3eeafbd6a4f7/analysis/data/consolidated_game_data_20240505.csv
1,S1-RS-010,2,EVOS Esports,pick,4,Fanny,https://liquipedia.net/mobilelegends/MPL/Indonesia/Season_1/Regular_Season | https://github.com/LiTianYeoh/MLBB_Tournament_Analysis/blob/94ea36800e80c9e89a2356a0b81d3eeafbd6a4f7/analysis/data/consolidated_game_data_20240505.csv
1,S1-RS-010,2,EVOS Esports,pick,5,Lolita,https://liquipedia.net/mobilelegends/MPL/Indonesia/Season_1/Regular_Season | https://github.com/LiTianYeoh/MLBB_Tournament_Analysis/blob/94ea36800e80c9e89a2356a0b81d3eeafbd6a4f7/analysis/data/consolidated_game_data_20240505.csv
1,S1-RS-010,2,Elite 8 Critical Reborn,ban,1,Kagura,https://liquipedia.net/mobilelegends/MPL/Indonesia/Season_1/Regular_Season | https://github.com/LiTianYeoh/MLBB_Tournament_Analysis/blob/94ea36800e80c9e89a2356a0b81d3eeafbd6a4f7/analysis/data/consolidated_game_data_20240505.csv
1,S1-RS-010,2,Elite 8 Critical Reborn,ban,2,Hayabusa,https://liquipedia.net/mobilelegends/MPL/Indonesia/Season_1/Regular_Season | https://github.com/LiTianYeoh/MLBB_Tournament_Analysis/blob/94ea36800e80c9e89a2356a0b81d3eeafbd6a4f7/analysis/data/consolidated_game_data_20240505.csv
1,S1-RS-010,2,Elite 8 Critical Reborn,pick,1,Cyclops,https://liquipedia.net/mobilelegends/MPL/Indonesia/Season_1/Regular_Season | https://github.com/LiTianYeoh/MLBB_Tournament_Analysis/blob/94ea36800e80c9e89a2356a0b81d3eeafbd6a4f7/analysis/data/consolidated_game_data_20240505.csv
1,S1-RS-010,2,Elite 8 Critical Reborn,pick,2,Saber,https://liquipedia.net/mobilelegends/MPL/Indonesia/Season_1/Regular_Season | https://github.com/LiTianYeoh/MLBB_Tournament_Analysis/blob/94ea36800e80c9e89a2356a0b81d3eeafbd6a4f7/analysis/data/consolidated_game_data_20240505.csv
1,S1-RS-010,2,Elite 8 Critical Reborn,pick,3,Irithel,https://liquipedia.net/mobilelegends/MPL/Indonesia/Season_1/Regular_Season | https://github.com/LiTianYeoh/MLBB_Tournament_Analysis/blob/94ea36800e80c9e89a2356a0b81d3eeafbd6a4f7/analysis/data/consolidated_game_data_20240505.csv
1,S1-RS-010,2,Elite 8 Critical Reborn,pick,4,Chou,https://liquipedia.net/mobilelegends/MPL/Indonesia/Season_1/Regular_Season | https://github.com/LiTianYeoh/MLBB_Tournament_Analysis/blob/94ea36800e80c9e89a2356a0b81d3eeafbd6a4f7/analysis/data/consolidated_game_data_20240505.csv
1,S1-RS-010,2,Elite 8 Critical Reborn,pick,5,Akai,https://liquipedia.net/mobilelegends/MPL/Indonesia/Season_1/Regular_Season | https://github.com/LiTianYeoh/MLBB_Tournament_Analysis/blob/94ea36800e80c9e89a2356a0b81d3eeafbd6a4f7/analysis/data/consolidated_game_data_20240505.csv
1,S1-RS-011,1,Louvre Esports,ban,1,Balmond,https://liquipedia.net/mobilelegends/MPL/Indonesia/Season_1/Regular_Season | https://github.com/LiTianYeoh/MLBB_Tournament_Analysis/blob/94ea36800e80c9e89a2356a0b81d3eeafbd6a4f7/analysis/data/consolidated_game_data_20240505.csv
1,S1-RS-011,1,Louvre Esports,ban,2,Kagura,https://liquipedia.net/mobilelegends/MPL/Indonesia/Season_1/Regular_Season | https://github.com/LiTianYeoh/MLBB_Tournament_Analysis/blob/94ea36800e80c9e89a2356a0b81d3eeafbd6a4f7/analysis/data/consolidated_game_data_20240505.csv
1,S1-RS-011,1,Louvre Esports,pick,1,Akai,https://liquipedia.net/mobilelegends/MPL/Indonesia/Season_1/Regular_Season | https://github.com/LiTianYeoh/MLBB_Tournament_Analysis/blob/94ea36800e80c9e89a2356a0b81d3eeafbd6a4f7/analysis/data/consolidated_game_data_20240505.csv
1,S1-RS-011,1,Louvre Esports,pick,2,Saber,https://liquipedia.net/mobilelegends/MPL/Indonesia/Season_1/Regular_Season | https://github.com/LiTianYeoh/MLBB_Tournament_Analysis/blob/94ea36800e80c9e89a2356a0b81d3eeafbd6a4f7/analysis/data/consolidated_game_data_20240505.csv
1,S1-RS-011,1,Louvre Esports,pick,3,Aurora,https://liquipedia.net/mobilelegends/MPL/Indonesia/Season_1/Regular_Season | https://github.com/LiTianYeoh/MLBB_Tournament_Analysis/blob/94ea36800e80c9e89a2356a0b81d3eeafbd6a4f7/analysis/data/consolidated_game_data_20240505.csv
1,S1-RS-011,1,Louvre Esports,pick,4,Bruno,https://liquipedia.net/mobilelegends/MPL/Indonesia/Season_1/Regular_Season | https://github.com/LiTianYeoh/MLBB_Tournament_Analysis/blob/94ea36800e80c9e89a2356a0b81d3eeafbd6a4f7/analysis/data/consolidated_game_data_20240505.csv
1,S1-RS-011,1,Louvre Esports,pick,5,Lolita,https://liquipedia.net/mobilelegends/MPL/Indonesia/Season_1/Regular_Season | https://github.com/LiTianYeoh/MLBB_Tournament_Analysis/blob/94ea36800e80c9e89a2356a0b81d3eeafbd6a4f7/analysis/data/consolidated_game_data_20240505.csv
1,S1-RS-011,1,Bigetron Player Kill,ban,1,Lancelot,https://liquipedia.net/mobilelegends/MPL/Indonesia/Season_1/Regular_Season | https://github.com/LiTianYeoh/MLBB_Tournament_Analysis/blob/94ea36800e80c9e89a2356a0b81d3eeafbd6a4f7/analysis/data/consolidated_game_data_20240505.csv
1,S1-RS-011,1,Bigetron Player Kill,ban,2,Harley,https://liquipedia.net/mobilelegends/MPL/Indonesia/Season_1/Regular_Season | https://github.com/LiTianYeoh/MLBB_Tournament_Analysis/blob/94ea36800e80c9e89a2356a0b81d3eeafbd6a4f7/analysis/data/consolidated_game_data_20240505.csv
1,S1-RS-011,1,Bigetron Player Kill,pick,1,Cyclops,https://liquipedia.net/mobilelegends/MPL/Indonesia/Season_1/Regular_Season | https://github.com/LiTianYeoh/MLBB_Tournament_Analysis/blob/94ea36800e80c9e89a2356a0b81d3eeafbd6a4f7/analysis/data/consolidated_game_data_20240505.csv
1,S1-RS-011,1,Bigetron Player Kill,pick,2,Diggie,https://liquipedia.net/mobilelegends/MPL/Indonesia/Season_1/Regular_Season | https://github.com/LiTianYeoh/MLBB_Tournament_Analysis/blob/94ea36800e80c9e89a2356a0b81d3eeafbd6a4f7/analysis/data/consolidated_game_data_20240505.csv
1,S1-RS-011,1,Bigetron Player Kill,pick,3,Karrie,https://liquipedia.net/mobilelegends/MPL/Indonesia/Season_1/Regular_Season | https://github.com/LiTianYeoh/MLBB_Tournament_Analysis/blob/94ea36800e80c9e89a2356a0b81d3eeafbd6a4f7/analysis/data/consolidated_game_data_20240505.csv
1,S1-RS-011,1,Bigetron Player Kill,pick,4,Hilda,https://liquipedia.net/mobilelegends/MPL/Indonesia/Season_1/Regular_Season | https://github.com/LiTianYeoh/MLBB_Tournament_Analysis/blob/94ea36800e80c9e89a2356a0b81d3eeafbd6a4f7/analysis/data/consolidated_game_data_20240505.csv
1,S1-RS-011,1,Bigetron Player Kill,pick,5,Hayabusa,https://liquipedia.net/mobilelegends/MPL/Indonesia/Season_1/Regular_Season | https://github.com/LiTianYeoh/MLBB_Tournament_Analysis/blob/94ea36800e80c9e89a2356a0b81d3eeafbd6a4f7/analysis/data/consolidated_game_data_20240505.csv
1,S1-RS-011,2,Louvre Esports,ban,1,Akai,https://liquipedia.net/mobilelegends/MPL/Indonesia/Season_1/Regular_Season | https://github.com/LiTianYeoh/MLBB_Tournament_Analysis/blob/94ea36800e80c9e89a2356a0b81d3eeafbd6a4f7/analysis/data/consolidated_game_data_20240505.csv
1,S1-RS-011,2,Louvre Esports,ban,2,Lancelot,https://liquipedia.net/mobilelegends/MPL/Indonesia/Season_1/Regular_Season | https://github.com/LiTianYeoh/MLBB_Tournament_Analysis/blob/94ea36800e80c9e89a2356a0b81d3eeafbd6a4f7/analysis/data/consolidated_game_data_20240505.csv
1,S1-RS-011,2,Louvre Esports,pick,1,Hilda,https://liquipedia.net/mobilelegends/MPL/Indonesia/Season_1/Regular_Season | https://github.com/LiTianYeoh/MLBB_Tournament_Analysis/blob/94ea36800e80c9e89a2356a0b81d3eeafbd6a4f7/analysis/data/consolidated_game_data_20240505.csv
1,S1-RS-011,2,Louvre Esports,pick,2,Harley,https://liquipedia.net/mobilelegends/MPL/Indonesia/Season_1/Regular_Season | https://github.com/LiTianYeoh/MLBB_Tournament_Analysis/blob/94ea36800e80c9e89a2356a0b81d3eeafbd6a4f7/analysis/data/consolidated_game_data_20240505.csv
1,S1-RS-011,2,Louvre Esports,pick,3,Rafaela,https://liquipedia.net/mobilelegends/MPL/Indonesia/Season_1/Regular_Season | https://github.com/LiTianYeoh/MLBB_Tournament_Analysis/blob/94ea36800e80c9e89a2356a0b81d3eeafbd6a4f7/analysis/data/consolidated_game_data_20240505.csv
1,S1-RS-011,2,Louvre Esports,pick,4,Argus,https://liquipedia.net/mobilelegends/MPL/Indonesia/Season_1/Regular_Season | https://github.com/LiTianYeoh/MLBB_Tournament_Analysis/blob/94ea36800e80c9e89a2356a0b81d3eeafbd6a4f7/analysis/data/consolidated_game_data_20240505.csv
1,S1-RS-011,2,Louvre Esports,pick,5,Balmond,https://liquipedia.net/mobilelegends/MPL/Indonesia/Season_1/Regular_Season | https://github.com/LiTianYeoh/MLBB_Tournament_Analysis/blob/94ea36800e80c9e89a2356a0b81d3eeafbd6a4f7/analysis/data/consolidated_game_data_20240505.csv
1,S1-RS-011,2,Bigetron Player Kill,ban,1,Diggie,https://liquipedia.net/mobilelegends/MPL/Indonesia/Season_1/Regular_Season | https://github.com/LiTianYeoh/MLBB_Tournament_Analysis/blob/94ea36800e80c9e89a2356a0b81d3eeafbd6a4f7/analysis/data/consolidated_game_data_20240505.csv
1,S1-RS-011,2,Bigetron Player Kill,ban,2,Hayabusa,https://liquipedia.net/mobilelegends/MPL/Indonesia/Season_1/Regular_Season | https://github.com/LiTianYeoh/MLBB_Tournament_Analysis/blob/94ea36800e80c9e89a2356a0b81d3eeafbd6a4f7/analysis/data/consolidated_game_data_20240505.csv
1,S1-RS-011,2,Bigetron Player Kill,pick,1,Helcurt,https://liquipedia.net/mobilelegends/MPL/Indonesia/Season_1/Regular_Season | https://github.com/LiTianYeoh/MLBB_Tournament_Analysis/blob/94ea36800e80c9e89a2356a0b81d3eeafbd6a4f7/analysis/data/consolidated_game_data_20240505.csv
1,S1-RS-011,2,Bigetron Player Kill,pick,2,Estes,https://liquipedia.net/mobilelegends/MPL/Indonesia/Season_1/Regular_Season | https://github.com/LiTianYeoh/MLBB_Tournament_Analysis/blob/94ea36800e80c9e89a2356a0b81d3eeafbd6a4f7/analysis/data/consolidated_game_data_20240505.csv
1,S1-RS-011,2,Bigetron Player Kill,pick,3,Grock,https://liquipedia.net/mobilelegends/MPL/Indonesia/Season_1/Regular_Season | https://github.com/LiTianYeoh/MLBB_Tournament_Analysis/blob/94ea36800e80c9e89a2356a0b81d3eeafbd6a4f7/analysis/data/consolidated_game_data_20240505.csv
1,S1-RS-011,2,Bigetron Player Kill,pick,4,Zhask,https://liquipedia.net/mobilelegends/MPL/Indonesia/Season_1/Regular_Season | https://github.com/LiTianYeoh/MLBB_Tournament_Analysis/blob/94ea36800e80c9e89a2356a0b81d3eeafbd6a4f7/analysis/data/consolidated_game_data_20240505.csv
1,S1-RS-011,2,Bigetron Player Kill,pick,5,Kagura,https://liquipedia.net/mobilelegends/MPL/Indonesia/Season_1/Regular_Season | https://github.com/LiTianYeoh/MLBB_Tournament_Analysis/blob/94ea36800e80c9e89a2356a0b81d3eeafbd6a4f7/analysis/data/consolidated_game_data_20240505.csv
1,S1-RS-012,1,EVOS Esports,ban,1,Diggie,https://liquipedia.net/mobilelegends/MPL/Indonesia/Season_1/Regular_Season | https://github.com/LiTianYeoh/MLBB_Tournament_Analysis/blob/94ea36800e80c9e89a2356a0b81d3eeafbd6a4f7/analysis/data/consolidated_game_data_20240505.csv
1,S1-RS-012,1,EVOS Esports,ban,2,Kagura,https://liquipedia.net/mobilelegends/MPL/Indonesia/Season_1/Regular_Season | https://github.com/LiTianYeoh/MLBB_Tournament_Analysis/blob/94ea36800e80c9e89a2356a0b81d3eeafbd6a4f7/analysis/data/consolidated_game_data_20240505.csv
1,S1-RS-012,1,EVOS Esports,pick,1,Akai,https://liquipedia.net/mobilelegends/MPL/Indonesia/Season_1/Regular_Season | https://github.com/LiTianYeoh/MLBB_Tournament_Analysis/blob/94ea36800e80c9e89a2356a0b81d3eeafbd6a4f7/analysis/data/consolidated_game_data_20240505.csv
1,S1-RS-012,1,EVOS Esports,pick,2,Cyclops,https://liquipedia.net/mobilelegends/MPL/Indonesia/Season_1/Regular_Season | https://github.com/LiTianYeoh/MLBB_Tournament_Analysis/blob/94ea36800e80c9e89a2356a0b81d3eeafbd6a4f7/analysis/data/consolidated_game_data_20240505.csv
1,S1-RS-012,1,EVOS Esports,pick,3,Grock,https://liquipedia.net/mobilelegends/MPL/Indonesia/Season_1/Regular_Season | https://github.com/LiTianYeoh/MLBB_Tournament_Analysis/blob/94ea36800e80c9e89a2356a0b81d3eeafbd6a4f7/analysis/data/consolidated_game_data_20240505.csv
1,S1-RS-012,1,EVOS Esports,pick,4,Yi Sun-Shin,https://liquipedia.net/mobilelegends/MPL/Indonesia/Season_1/Regular_Season | https://github.com/LiTianYeoh/MLBB_Tournament_Analysis/blob/94ea36800e80c9e89a2356a0b81d3eeafbd6a4f7/analysis/data/consolidated_game_data_20240505.csv
1,S1-RS-012,1,EVOS Esports,pick,5,Hayabusa,https://liquipedia.net/mobilelegends/MPL/Indonesia/Season_1/Regular_Season | https://github.com/LiTianYeoh/MLBB_Tournament_Analysis/blob/94ea36800e80c9e89a2356a0b81d3eeafbd6a4f7/analysis/data/consolidated_game_data_20240505.csv
1,S1-RS-012,1,RRQ.O2,ban,1,Lancelot,https://liquipedia.net/mobilelegends/MPL/Indonesia/Season_1/Regular_Season | https://github.com/LiTianYeoh/MLBB_Tournament_Analysis/blob/94ea36800e80c9e89a2356a0b81d3eeafbd6a4f7/analysis/data/consolidated_game_data_20240505.csv
1,S1-RS-012,1,RRQ.O2,ban,2,Hilda,https://liquipedia.net/mobilelegends/MPL/Indonesia/Season_1/Regular_Season | https://github.com/LiTianYeoh/MLBB_Tournament_Analysis/blob/94ea36800e80c9e89a2356a0b81d3eeafbd6a4f7/analysis/data/consolidated_game_data_20240505.csv
1,S1-RS-012,1,RRQ.O2,pick,1,Layla,https://liquipedia.net/mobilelegends/MPL/Indonesia/Season_1/Regular_Season | https://github.com/LiTianYeoh/MLBB_Tournament_Analysis/blob/94ea36800e80c9e89a2356a0b81d3eeafbd6a4f7/analysis/data/consolidated_game_data_20240505.csv
1,S1-RS-012,1,RRQ.O2,pick,2,Chou,https://liquipedia.net/mobilelegends/MPL/Indonesia/Season_1/Regular_Season | https://github.com/LiTianYeoh/MLBB_Tournament_Analysis/blob/94ea36800e80c9e89a2356a0b81d3eeafbd6a4f7/analysis/data/consolidated_game_data_20240505.csv
1,S1-RS-012,1,RRQ.O2,pick,3,Harley,https://liquipedia.net/mobilelegends/MPL/Indonesia/Season_1/Regular_Season | https://github.com/LiTianYeoh/MLBB_Tournament_Analysis/blob/94ea36800e80c9e89a2356a0b81d3eeafbd6a4f7/analysis/data/consolidated_game_data_20240505.csv
1,S1-RS-012,1,RRQ.O2,pick,4,Zhask,https://liquipedia.net/mobilelegends/MPL/Indonesia/Season_1/Regular_Season | https://github.com/LiTianYeoh/MLBB_Tournament_Analysis/blob/94ea36800e80c9e89a2356a0b81d3eeafbd6a4f7/analysis/data/consolidated_game_data_20240505.csv
1,S1-RS-012,1,RRQ.O2,pick,5,Balmond,https://liquipedia.net/mobilelegends/MPL/Indonesia/Season_1/Regular_Season | https://github.com/LiTianYeoh/MLBB_Tournament_Analysis/blob/94ea36800e80c9e89a2356a0b81d3eeafbd6a4f7/analysis/data/consolidated_game_data_20240505.csv
1,S1-RS-012,2,EVOS Esports,ban,1,Kagura,https://liquipedia.net/mobilelegends/MPL/Indonesia/Season_1/Regular_Season | https://github.com/LiTianYeoh/MLBB_Tournament_Analysis/blob/94ea36800e80c9e89a2356a0b81d3eeafbd6a4f7/analysis/data/consolidated_game_data_20240505.csv
1,S1-RS-012,2,EVOS Esports,ban,2,Lancelot,https://liquipedia.net/mobilelegends/MPL/Indonesia/Season_1/Regular_Season | https://github.com/LiTianYeoh/MLBB_Tournament_Analysis/blob/94ea36800e80c9e89a2356a0b81d3eeafbd6a4f7/analysis/data/consolidated_game_data_20240505.csv
1,S1-RS-012,2,EVOS Esports,pick,1,Harley,https://liquipedia.net/mobilelegends/MPL/Indonesia/Season_1/Regular_Season | https://github.com/LiTianYeoh/MLBB_Tournament_Analysis/blob/94ea36800e80c9e89a2356a0b81d3eeafbd6a4f7/analysis/data/consolidated_game_data_20240505.csv
1,S1-RS-012,2,EVOS Esports,pick,2,Chou,https://liquipedia.net/mobilelegends/MPL/Indonesia/Season_1/Regular_Season | https://github.com/LiTianYeoh/MLBB_Tournament_Analysis/blob/94ea36800e80c9e89a2356a0b81d3eeafbd6a4f7/analysis/data/consolidated_game_data_20240505.csv
1,S1-RS-012,2,EVOS Esports,pick,3,Grock,https://liquipedia.net/mobilelegends/MPL/Indonesia/Season_1/Regular_Season | https://github.com/LiTianYeoh/MLBB_Tournament_Analysis/blob/94ea36800e80c9e89a2356a0b81d3eeafbd6a4f7/analysis/data/consolidated_game_data_20240505.csv
1,S1-RS-012,2,EVOS Esports,pick,4,Karrie,https://liquipedia.net/mobilelegends/MPL/Indonesia/Season_1/Regular_Season | https://github.com/LiTianYeoh/MLBB_Tournament_Analysis/blob/94ea36800e80c9e89a2356a0b81d3eeafbd6a4f7/analysis/data/consolidated_game_data_20240505.csv
1,S1-RS-012,2,EVOS Esports,pick,5,Alpha,https://liquipedia.net/mobilelegends/MPL/Indonesia/Season_1/Regular_Season | https://github.com/LiTianYeoh/MLBB_Tournament_Analysis/blob/94ea36800e80c9e89a2356a0b81d3eeafbd6a4f7/analysis/data/consolidated_game_data_20240505.csv
1,S1-RS-012,2,RRQ.O2,ban,1,Fanny,https://liquipedia.net/mobilelegends/MPL/Indonesia/Season_1/Regular_Season | https://github.com/LiTianYeoh/MLBB_Tournament_Analysis/blob/94ea36800e80c9e89a2356a0b81d3eeafbd6a4f7/analysis/data/consolidated_game_data_20240505.csv
1,S1-RS-012,2,RRQ.O2,ban,2,Hilda,https://liquipedia.net/mobilelegends/MPL/Indonesia/Season_1/Regular_Season | https://github.com/LiTianYeoh/MLBB_Tournament_Analysis/blob/94ea36800e80c9e89a2356a0b81d3eeafbd6a4f7/analysis/data/consolidated_game_data_20240505.csv
1,S1-RS-012,2,RRQ.O2,pick,1,Layla,https://liquipedia.net/mobilelegends/MPL/Indonesia/Season_1/Regular_Season | https://github.com/LiTianYeoh/MLBB_Tournament_Analysis/blob/94ea36800e80c9e89a2356a0b81d3eeafbd6a4f7/analysis/data/consolidated_game_data_20240505.csv
1,S1-RS-012,2,RRQ.O2,pick,2,Saber,https://liquipedia.net/mobilelegends/MPL/Indonesia/Season_1/Regular_Season | https://github.com/LiTianYeoh/MLBB_Tournament_Analysis/blob/94ea36800e80c9e89a2356a0b81d3eeafbd6a4f7/analysis/data/consolidated_game_data_20240505.csv
1,S1-RS-012,2,RRQ.O2,pick,3,Zhask,https://liquipedia.net/mobilelegends/MPL/Indonesia/Season_1/Regular_Season | https://github.com/LiTianYeoh/MLBB_Tournament_Analysis/blob/94ea36800e80c9e89a2356a0b81d3eeafbd6a4f7/analysis/data/consolidated_game_data_20240505.csv
1,S1-RS-012,2,RRQ.O2,pick,4,Akai,https://liquipedia.net/mobilelegends/MPL/Indonesia/Season_1/Regular_Season | https://github.com/LiTianYeoh/MLBB_Tournament_Analysis/blob/94ea36800e80c9e89a2356a0b81d3eeafbd6a4f7/analysis/data/consolidated_game_data_20240505.csv
1,S1-RS-012,2,RRQ.O2,pick,5,Hayabusa,https://liquipedia.net/mobilelegends/MPL/Indonesia/Season_1/Regular_Season | https://github.com/LiTianYeoh/MLBB_Tournament_Analysis/blob/94ea36800e80c9e89a2356a0b81d3eeafbd6a4f7/analysis/data/consolidated_game_data_20240505.csv
1,S1-RS-013,1,Elite 8 Critical Reborn,ban,1,Kagura,https://liquipedia.net/mobilelegends/MPL/Indonesia/Season_1/Regular_Season | https://github.com/LiTianYeoh/MLBB_Tournament_Analysis/blob/94ea36800e80c9e89a2356a0b81d3eeafbd6a4f7/analysis/data/consolidated_game_data_20240505.csv
1,S1-RS-013,1,Elite 8 Critical Reborn,ban,2,Hayabusa,https://liquipedia.net/mobilelegends/MPL/Indonesia/Season_1/Regular_Season | https://github.com/LiTianYeoh/MLBB_Tournament_Analysis/blob/94ea36800e80c9e89a2356a0b81d3eeafbd6a4f7/analysis/data/consolidated_game_data_20240505.csv
1,S1-RS-013,1,Elite 8 Critical Reborn,pick,1,Harley,https://liquipedia.net/mobilelegends/MPL/Indonesia/Season_1/Regular_Season | https://github.com/LiTianYeoh/MLBB_Tournament_Analysis/blob/94ea36800e80c9e89a2356a0b81d3eeafbd6a4f7/analysis/data/consolidated_game_data_20240505.csv
1,S1-RS-013,1,Elite 8 Critical Reborn,pick,2,Aurora,https://liquipedia.net/mobilelegends/MPL/Indonesia/Season_1/Regular_Season | https://github.com/LiTianYeoh/MLBB_Tournament_Analysis/blob/94ea36800e80c9e89a2356a0b81d3eeafbd6a4f7/analysis/data/consolidated_game_data_20240505.csv
1,S1-RS-013,1,Elite 8 Critical Reborn,pick,3,Chou,https://liquipedia.net/mobilelegends/MPL/Indonesia/Season_1/Regular_Season | https://github.com/LiTianYeoh/MLBB_Tournament_Analysis/blob/94ea36800e80c9e89a2356a0b81d3eeafbd6a4f7/analysis/data/consolidated_game_data_20240505.csv
1,S1-RS-013,1,Elite 8 Critical Reborn,pick,4,Grock,https://liquipedia.net/mobilelegends/MPL/Indonesia/Season_1/Regular_Season | https://github.com/LiTianYeoh/MLBB_Tournament_Analysis/blob/94ea36800e80c9e89a2356a0b81d3eeafbd6a4f7/analysis/data/consolidated_game_data_20240505.csv
1,S1-RS-013,1,Elite 8 Critical Reborn,pick,5,Bruno,https://liquipedia.net/mobilelegends/MPL/Indonesia/Season_1/Regular_Season | https://github.com/LiTianYeoh/MLBB_Tournament_Analysis/blob/94ea36800e80c9e89a2356a0b81d3eeafbd6a4f7/analysis/data/consolidated_game_data_20240505.csv
1,S1-RS-013,1,Team NXL,ban,1,Akai,https://liquipedia.net/mobilelegends/MPL/Indonesia/Season_1/Regular_Season | https://github.com/LiTianYeoh/MLBB_Tournament_Analysis/blob/94ea36800e80c9e89a2356a0b81d3eeafbd6a4f7/analysis/data/consolidated_game_data_20240505.csv
1,S1-RS-013,1,Team NXL,ban,2,Lancelot,https://liquipedia.net/mobilelegends/MPL/Indonesia/Season_1/Regular_Season | https://github.com/LiTianYeoh/MLBB_Tournament_Analysis/blob/94ea36800e80c9e89a2356a0b81d3eeafbd6a4f7/analysis/data/consolidated_game_data_20240505.csv
1,S1-RS-013,1,Team NXL,pick,1,Karrie,https://liquipedia.net/mobilelegends/MPL/Indonesia/Season_1/Regular_Season | https://github.com/LiTianYeoh/MLBB_Tournament_Analysis/blob/94ea36800e80c9e89a2356a0b81d3eeafbd6a4f7/analysis/data/consolidated_game_data_20240505.csv
1,S1-RS-013,1,Team NXL,pick,2,Helcurt,https://liquipedia.net/mobilelegends/MPL/Indonesia/Season_1/Regular_Season | https://github.com/LiTianYeoh/MLBB_Tournament_Analysis/blob/94ea36800e80c9e89a2356a0b81d3eeafbd6a4f7/analysis/data/consolidated_game_data_20240505.csv
1,S1-RS-013,1,Team NXL,pick,3,Cyclops,https://liquipedia.net/mobilelegends/MPL/Indonesia/Season_1/Regular_Season | https://github.com/LiTianYeoh/MLBB_Tournament_Analysis/blob/94ea36800e80c9e89a2356a0b81d3eeafbd6a4f7/analysis/data/consolidated_game_data_20240505.csv
1,S1-RS-013,1,Team NXL,pick,4,Hilda,https://liquipedia.net/mobilelegends/MPL/Indonesia/Season_1/Regular_Season | https://github.com/LiTianYeoh/MLBB_Tournament_Analysis/blob/94ea36800e80c9e89a2356a0b81d3eeafbd6a4f7/analysis/data/consolidated_game_data_20240505.csv
1,S1-RS-013,1,Team NXL,pick,5,Balmond,https://liquipedia.net/mobilelegends/MPL/Indonesia/Season_1/Regular_Season | https://github.com/LiTianYeoh/MLBB_Tournament_Analysis/blob/94ea36800e80c9e89a2356a0b81d3eeafbd6a4f7/analysis/data/consolidated_game_data_20240505.csv
1,S1-RS-013,2,Elite 8 Critical Reborn,ban,1,Lancelot,https://liquipedia.net/mobilelegends/MPL/Indonesia/Season_1/Regular_Season | https://github.com/LiTianYeoh/MLBB_Tournament_Analysis/blob/94ea36800e80c9e89a2356a0b81d3eeafbd6a4f7/analysis/data/consolidated_game_data_20240505.csv
1,S1-RS-013,2,Elite 8 Critical Reborn,ban,2,Kagura,https://liquipedia.net/mobilelegends/MPL/Indonesia/Season_1/Regular_Season | https://github.com/LiTianYeoh/MLBB_Tournament_Analysis/blob/94ea36800e80c9e89a2356a0b81d3eeafbd6a4f7/analysis/data/consolidated_game_data_20240505.csv
1,S1-RS-013,2,Elite 8 Critical Reborn,pick,1,Chou,https://liquipedia.net/mobilelegends/MPL/Indonesia/Season_1/Regular_Season | https://github.com/LiTianYeoh/MLBB_Tournament_Analysis/blob/94ea36800e80c9e89a2356a0b81d3eeafbd6a4f7/analysis/data/consolidated_game_data_20240505.csv
1,S1-RS-013,2,Elite 8 Critical Reborn,pick,2,Hilda,https://liquipedia.net/mobilelegends/MPL/Indonesia/Season_1/Regular_Season | https://github.com/LiTianYeoh/MLBB_Tournament_Analysis/blob/94ea36800e80c9e89a2356a0b81d3eeafbd6a4f7/analysis/data/consolidated_game_data_20240505.csv
1,S1-RS-013,2,Elite 8 Critical Reborn,pick,3,Saber,https://liquipedia.net/mobilelegends/MPL/Indonesia/Season_1/Regular_Season | https://github.com/LiTianYeoh/MLBB_Tournament_Analysis/blob/94ea36800e80c9e89a2356a0b81d3eeafbd6a4f7/analysis/data/consolidated_game_data_20240505.csv
1,S1-RS-013,2,Elite 8 Critical Reborn,pick,4,Bruno,https://liquipedia.net/mobilelegends/MPL/Indonesia/Season_1/Regular_Season | https://github.com/LiTianYeoh/MLBB_Tournament_Analysis/blob/94ea36800e80c9e89a2356a0b81d3eeafbd6a4f7/analysis/data/consolidated_game_data_20240505.csv
1,S1-RS-013,2,Elite 8 Critical Reborn,pick,5,Cyclops,https://liquipedia.net/mobilelegends/MPL/Indonesia/Season_1/Regular_Season | https://github.com/LiTianYeoh/MLBB_Tournament_Analysis/blob/94ea36800e80c9e89a2356a0b81d3eeafbd6a4f7/analysis/data/consolidated_game_data_20240505.csv
1,S1-RS-013,2,Team NXL,ban,1,Akai,https://liquipedia.net/mobilelegends/MPL/Indonesia/Season_1/Regular_Season | https://github.com/LiTianYeoh/MLBB_Tournament_Analysis/blob/94ea36800e80c9e89a2356a0b81d3eeafbd6a4f7/analysis/data/consolidated_game_data_20240505.csv
1,S1-RS-013,2,Team NXL,ban,2,Diggie,https://liquipedia.net/mobilelegends/MPL/Indonesia/Season_1/Regular_Season | https://github.com/LiTianYeoh/MLBB_Tournament_Analysis/blob/94ea36800e80c9e89a2356a0b81d3eeafbd6a4f7/analysis/data/consolidated_game_data_20240505.csv
1,S1-RS-013,2,Team NXL,pick,1,Grock,https://liquipedia.net/mobilelegends/MPL/Indonesia/Season_1/Regular_Season | https://github.com/LiTianYeoh/MLBB_Tournament_Analysis/blob/94ea36800e80c9e89a2356a0b81d3eeafbd6a4f7/analysis/data/consolidated_game_data_20240505.csv
1,S1-RS-013,2,Team NXL,pick,2,Layla,https://liquipedia.net/mobilelegends/MPL/Indonesia/Season_1/Regular_Season | https://github.com/LiTianYeoh/MLBB_Tournament_Analysis/blob/94ea36800e80c9e89a2356a0b81d3eeafbd6a4f7/analysis/data/consolidated_game_data_20240505.csv
1,S1-RS-013,2,Team NXL,pick,3,Fanny,https://liquipedia.net/mobilelegends/MPL/Indonesia/Season_1/Regular_Season | https://github.com/LiTianYeoh/MLBB_Tournament_Analysis/blob/94ea36800e80c9e89a2356a0b81d3eeafbd6a4f7/analysis/data/consolidated_game_data_20240505.csv
1,S1-RS-013,2,Team NXL,pick,4,Aurora,https://liquipedia.net/mobilelegends/MPL/Indonesia/Season_1/Regular_Season | https://github.com/LiTianYeoh/MLBB_Tournament_Analysis/blob/94ea36800e80c9e89a2356a0b81d3eeafbd6a4f7/analysis/data/consolidated_game_data_20240505.csv
1,S1-RS-013,2,Team NXL,pick,5,Harley,https://liquipedia.net/mobilelegends/MPL/Indonesia/Season_1/Regular_Season | https://github.com/LiTianYeoh/MLBB_Tournament_Analysis/blob/94ea36800e80c9e89a2356a0b81d3eeafbd6a4f7/analysis/data/consolidated_game_data_20240505.csv
1,S1-RS-014,1,Team NXL,ban,1,Hayabusa,https://liquipedia.net/mobilelegends/MPL/Indonesia/Season_1/Regular_Season | https://github.com/LiTianYeoh/MLBB_Tournament_Analysis/blob/94ea36800e80c9e89a2356a0b81d3eeafbd6a4f7/analysis/data/consolidated_game_data_20240505.csv
1,S1-RS-014,1,Team NXL,ban,2,Fanny,https://liquipedia.net/mobilelegends/MPL/Indonesia/Season_1/Regular_Season | https://github.com/LiTianYeoh/MLBB_Tournament_Analysis/blob/94ea36800e80c9e89a2356a0b81d3eeafbd6a4f7/analysis/data/consolidated_game_data_20240505.csv
1,S1-RS-014,1,Team NXL,pick,1,Kagura,https://liquipedia.net/mobilelegends/MPL/Indonesia/Season_1/Regular_Season | https://github.com/LiTianYeoh/MLBB_Tournament_Analysis/blob/94ea36800e80c9e89a2356a0b81d3eeafbd6a4f7/analysis/data/consolidated_game_data_20240505.csv
1,S1-RS-014,1,Team NXL,pick,2,Saber,https://liquipedia.net/mobilelegends/MPL/Indonesia/Season_1/Regular_Season | https://github.com/LiTianYeoh/MLBB_Tournament_Analysis/blob/94ea36800e80c9e89a2356a0b81d3eeafbd6a4f7/analysis/data/consolidated_game_data_20240505.csv
1,S1-RS-014,1,Team NXL,pick,3,Chou,https://liquipedia.net/mobilelegends/MPL/Indonesia/Season_1/Regular_Season | https://github.com/LiTianYeoh/MLBB_Tournament_Analysis/blob/94ea36800e80c9e89a2356a0b81d3eeafbd6a4f7/analysis/data/consolidated_game_data_20240505.csv
1,S1-RS-014,1,Team NXL,pick,4,Hylos,https://liquipedia.net/mobilelegends/MPL/Indonesia/Season_1/Regular_Season | https://github.com/LiTianYeoh/MLBB_Tournament_Analysis/blob/94ea36800e80c9e89a2356a0b81d3eeafbd6a4f7/analysis/data/consolidated_game_data_20240505.csv
1,S1-RS-014,1,Team NXL,pick,5,Bruno,https://liquipedia.net/mobilelegends/MPL/Indonesia/Season_1/Regular_Season | https://github.com/LiTianYeoh/MLBB_Tournament_Analysis/blob/94ea36800e80c9e89a2356a0b81d3eeafbd6a4f7/analysis/data/consolidated_game_data_20240505.csv
1,S1-RS-014,1,Saints Indo 2,ban,1,Lancelot,https://liquipedia.net/mobilelegends/MPL/Indonesia/Season_1/Regular_Season | https://github.com/LiTianYeoh/MLBB_Tournament_Analysis/blob/94ea36800e80c9e89a2356a0b81d3eeafbd6a4f7/analysis/data/consolidated_game_data_20240505.csv
1,S1-RS-014,1,Saints Indo 2,ban,2,Grock,https://liquipedia.net/mobilelegends/MPL/Indonesia/Season_1/Regular_Season | https://github.com/LiTianYeoh/MLBB_Tournament_Analysis/blob/94ea36800e80c9e89a2356a0b81d3eeafbd6a4f7/analysis/data/consolidated_game_data_20240505.csv
1,S1-RS-014,1,Saints Indo 2,pick,1,Clint,https://liquipedia.net/mobilelegends/MPL/Indonesia/Season_1/Regular_Season | https://github.com/LiTianYeoh/MLBB_Tournament_Analysis/blob/94ea36800e80c9e89a2356a0b81d3eeafbd6a4f7/analysis/data/consolidated_game_data_20240505.csv
1,S1-RS-014,1,Saints Indo 2,pick,2,Helcurt,https://liquipedia.net/mobilelegends/MPL/Indonesia/Season_1/Regular_Season | https://github.com/LiTianYeoh/MLBB_Tournament_Analysis/blob/94ea36800e80c9e89a2356a0b81d3eeafbd6a4f7/analysis/data/consolidated_game_data_20240505.csv
1,S1-RS-014,1,Saints Indo 2,pick,3,Hilda,https://liquipedia.net/mobilelegends/MPL/Indonesia/Season_1/Regular_Season | https://github.com/LiTianYeoh/MLBB_Tournament_Analysis/blob/94ea36800e80c9e89a2356a0b81d3eeafbd6a4f7/analysis/data/consolidated_game_data_20240505.csv
1,S1-RS-014,1,Saints Indo 2,pick,4,Akai,https://liquipedia.net/mobilelegends/MPL/Indonesia/Season_1/Regular_Season | https://github.com/LiTianYeoh/MLBB_Tournament_Analysis/blob/94ea36800e80c9e89a2356a0b81d3eeafbd6a4f7/analysis/data/consolidated_game_data_20240505.csv
1,S1-RS-014,1,Saints Indo 2,pick,5,Harley,https://liquipedia.net/mobilelegends/MPL/Indonesia/Season_1/Regular_Season | https://github.com/LiTianYeoh/MLBB_Tournament_Analysis/blob/94ea36800e80c9e89a2356a0b81d3eeafbd6a4f7/analysis/data/consolidated_game_data_20240505.csv
1,S1-RS-014,2,Team NXL,ban,1,Fanny,https://liquipedia.net/mobilelegends/MPL/Indonesia/Season_1/Regular_Season | https://github.com/LiTianYeoh/MLBB_Tournament_Analysis/blob/94ea36800e80c9e89a2356a0b81d3eeafbd6a4f7/analysis/data/consolidated_game_data_20240505.csv
1,S1-RS-014,2,Team NXL,ban,2,Lancelot,https://liquipedia.net/mobilelegends/MPL/Indonesia/Season_1/Regular_Season | https://github.com/LiTianYeoh/MLBB_Tournament_Analysis/blob/94ea36800e80c9e89a2356a0b81d3eeafbd6a4f7/analysis/data/consolidated_game_data_20240505.csv
1,S1-RS-014,2,Team NXL,pick,1,Chou,https://liquipedia.net/mobilelegends/MPL/Indonesia/Season_1/Regular_Season | https://github.com/LiTianYeoh/MLBB_Tournament_Analysis/blob/94ea36800e80c9e89a2356a0b81d3eeafbd6a4f7/analysis/data/consolidated_game_data_20240505.csv
1,S1-RS-014,2,Team NXL,pick,2,Hayabusa,https://liquipedia.net/mobilelegends/MPL/Indonesia/Season_1/Regular_Season | https://github.com/LiTianYeoh/MLBB_Tournament_Analysis/blob/94ea36800e80c9e89a2356a0b81d3eeafbd6a4f7/analysis/data/consolidated_game_data_20240505.csv
1,S1-RS-014,2,Team NXL,pick,3,Cyclops,https://liquipedia.net/mobilelegends/MPL/Indonesia/Season_1/Regular_Season | https://github.com/LiTianYeoh/MLBB_Tournament_Analysis/blob/94ea36800e80c9e89a2356a0b81d3eeafbd6a4f7/analysis/data/consolidated_game_data_20240505.csv
1,S1-RS-014,2,Team NXL,pick,4,Hylos,https://liquipedia.net/mobilelegends/MPL/Indonesia/Season_1/Regular_Season | https://github.com/LiTianYeoh/MLBB_Tournament_Analysis/blob/94ea36800e80c9e89a2356a0b81d3eeafbd6a4f7/analysis/data/consolidated_game_data_20240505.csv
1,S1-RS-014,2,Team NXL,pick,5,Bruno,https://liquipedia.net/mobilelegends/MPL/Indonesia/Season_1/Regular_Season | https://github.com/LiTianYeoh/MLBB_Tournament_Analysis/blob/94ea36800e80c9e89a2356a0b81d3eeafbd6a4f7/analysis/data/consolidated_game_data_20240505.csv
1,S1-RS-014,2,Saints Indo 2,ban,1,Akai,https://liquipedia.net/mobilelegends/MPL/Indonesia/Season_1/Regular_Season | https://github.com/LiTianYeoh/MLBB_Tournament_Analysis/blob/94ea36800e80c9e89a2356a0b81d3eeafbd6a4f7/analysis/data/consolidated_game_data_20240505.csv
1,S1-RS-014,2,Saints Indo 2,ban,2,Kagura,https://liquipedia.net/mobilelegends/MPL/Indonesia/Season_1/Regular_Season | https://github.com/LiTianYeoh/MLBB_Tournament_Analysis/blob/94ea36800e80c9e89a2356a0b81d3eeafbd6a4f7/analysis/data/consolidated_game_data_20240505.csv
1,S1-RS-014,2,Saints Indo 2,pick,1,Lolita,https://liquipedia.net/mobilelegends/MPL/Indonesia/Season_1/Regular_Season | https://github.com/LiTianYeoh/MLBB_Tournament_Analysis/blob/94ea36800e80c9e89a2356a0b81d3eeafbd6a4f7/analysis/data/consolidated_game_data_20240505.csv
1,S1-RS-014,2,Saints Indo 2,pick,2,Lesley,https://liquipedia.net/mobilelegends/MPL/Indonesia/Season_1/Regular_Season | https://github.com/LiTianYeoh/MLBB_Tournament_Analysis/blob/94ea36800e80c9e89a2356a0b81d3eeafbd6a4f7/analysis/data/consolidated_game_data_20240505.csv
1,S1-RS-014,2,Saints Indo 2,pick,3,Saber,https://liquipedia.net/mobilelegends/MPL/Indonesia/Season_1/Regular_Season | https://github.com/LiTianYeoh/MLBB_Tournament_Analysis/blob/94ea36800e80c9e89a2356a0b81d3eeafbd6a4f7/analysis/data/consolidated_game_data_20240505.csv
1,S1-RS-014,2,Saints Indo 2,pick,4,Grock,https://liquipedia.net/mobilelegends/MPL/Indonesia/Season_1/Regular_Season | https://github.com/LiTianYeoh/MLBB_Tournament_Analysis/blob/94ea36800e80c9e89a2356a0b81d3eeafbd6a4f7/analysis/data/consolidated_game_data_20240505.csv
1,S1-RS-014,2,Saints Indo 2,pick,5,Harley,https://liquipedia.net/mobilelegends/MPL/Indonesia/Season_1/Regular_Season | https://github.com/LiTianYeoh/MLBB_Tournament_Analysis/blob/94ea36800e80c9e89a2356a0b81d3eeafbd6a4f7/analysis/data/consolidated_game_data_20240505.csv
1,S1-RS-015,1,Bigetron Player Kill,ban,1,Fanny,https://liquipedia.net/mobilelegends/MPL/Indonesia/Season_1/Regular_Season | https://github.com/LiTianYeoh/MLBB_Tournament_Analysis/blob/94ea36800e80c9e89a2356a0b81d3eeafbd6a4f7/analysis/data/consolidated_game_data_20240505.csv
1,S1-RS-015,1,Bigetron Player Kill,ban,2,Hilda,https://liquipedia.net/mobilelegends/MPL/Indonesia/Season_1/Regular_Season | https://github.com/LiTianYeoh/MLBB_Tournament_Analysis/blob/94ea36800e80c9e89a2356a0b81d3eeafbd6a4f7/analysis/data/consolidated_game_data_20240505.csv
1,S1-RS-015,1,Bigetron Player Kill,pick,1,Kagura,https://liquipedia.net/mobilelegends/MPL/Indonesia/Season_1/Regular_Season | https://github.com/LiTianYeoh/MLBB_Tournament_Analysis/blob/94ea36800e80c9e89a2356a0b81d3eeafbd6a4f7/analysis/data/consolidated_game_data_20240505.csv
1,S1-RS-015,1,Bigetron Player Kill,pick,2,Diggie,https://liquipedia.net/mobilelegends/MPL/Indonesia/Season_1/Regular_Season | https://github.com/LiTianYeoh/MLBB_Tournament_Analysis/blob/94ea36800e80c9e89a2356a0b81d3eeafbd6a4f7/analysis/data/consolidated_game_data_20240505.csv
1,S1-RS-015,1,Bigetron Player Kill,pick,3,Grock,https://liquipedia.net/mobilelegends/MPL/Indonesia/Season_1/Regular_Season | https://github.com/LiTianYeoh/MLBB_Tournament_Analysis/blob/94ea36800e80c9e89a2356a0b81d3eeafbd6a4f7/analysis/data/consolidated_game_data_20240505.csv
1,S1-RS-015,1,Bigetron Player Kill,pick,4,Bruno,https://liquipedia.net/mobilelegends/MPL/Indonesia/Season_1/Regular_Season | https://github.com/LiTianYeoh/MLBB_Tournament_Analysis/blob/94ea36800e80c9e89a2356a0b81d3eeafbd6a4f7/analysis/data/consolidated_game_data_20240505.csv
1,S1-RS-015,1,Bigetron Player Kill,pick,5,Sun,https://liquipedia.net/mobilelegends/MPL/Indonesia/Season_1/Regular_Season | https://github.com/LiTianYeoh/MLBB_Tournament_Analysis/blob/94ea36800e80c9e89a2356a0b81d3eeafbd6a4f7/analysis/data/consolidated_game_data_20240505.csv
1,S1-RS-015,1,EVOS Esports,ban,1,Zhask,https://liquipedia.net/mobilelegends/MPL/Indonesia/Season_1/Regular_Season | https://github.com/LiTianYeoh/MLBB_Tournament_Analysis/blob/94ea36800e80c9e89a2356a0b81d3eeafbd6a4f7/analysis/data/consolidated_game_data_20240505.csv
1,S1-RS-015,1,EVOS Esports,ban,2,Lancelot,https://liquipedia.net/mobilelegends/MPL/Indonesia/Season_1/Regular_Season | https://github.com/LiTianYeoh/MLBB_Tournament_Analysis/blob/94ea36800e80c9e89a2356a0b81d3eeafbd6a4f7/analysis/data/consolidated_game_data_20240505.csv
1,S1-RS-015,1,EVOS Esports,pick,1,Lesley,https://liquipedia.net/mobilelegends/MPL/Indonesia/Season_1/Regular_Season | https://github.com/LiTianYeoh/MLBB_Tournament_Analysis/blob/94ea36800e80c9e89a2356a0b81d3eeafbd6a4f7/analysis/data/consolidated_game_data_20240505.csv
1,S1-RS-015,1,EVOS Esports,pick,2,Lolita,https://liquipedia.net/mobilelegends/MPL/Indonesia/Season_1/Regular_Season | https://github.com/LiTianYeoh/MLBB_Tournament_Analysis/blob/94ea36800e80c9e89a2356a0b81d3eeafbd6a4f7/analysis/data/consolidated_game_data_20240505.csv
1,S1-RS-015,1,EVOS Esports,pick,3,Hayabusa,https://liquipedia.net/mobilelegends/MPL/Indonesia/Season_1/Regular_Season | https://github.com/LiTianYeoh/MLBB_Tournament_Analysis/blob/94ea36800e80c9e89a2356a0b81d3eeafbd6a4f7/analysis/data/consolidated_game_data_20240505.csv
1,S1-RS-015,1,EVOS Esports,pick,4,Harley,https://liquipedia.net/mobilelegends/MPL/Indonesia/Season_1/Regular_Season | https://github.com/LiTianYeoh/MLBB_Tournament_Analysis/blob/94ea36800e80c9e89a2356a0b81d3eeafbd6a4f7/analysis/data/consolidated_game_data_20240505.csv
1,S1-RS-015,1,EVOS Esports,pick,5,Chou,https://liquipedia.net/mobilelegends/MPL/Indonesia/Season_1/Regular_Season | https://github.com/LiTianYeoh/MLBB_Tournament_Analysis/blob/94ea36800e80c9e89a2356a0b81d3eeafbd6a4f7/analysis/data/consolidated_game_data_20240505.csv
1,S1-RS-015,2,Bigetron Player Kill,ban,1,Fanny,https://liquipedia.net/mobilelegends/MPL/Indonesia/Season_1/Regular_Season | https://github.com/LiTianYeoh/MLBB_Tournament_Analysis/blob/94ea36800e80c9e89a2356a0b81d3eeafbd6a4f7/analysis/data/consolidated_game_data_20240505.csv
1,S1-RS-015,2,Bigetron Player Kill,ban,2,Lancelot,https://liquipedia.net/mobilelegends/MPL/Indonesia/Season_1/Regular_Season | https://github.com/LiTianYeoh/MLBB_Tournament_Analysis/blob/94ea36800e80c9e89a2356a0b81d3eeafbd6a4f7/analysis/data/consolidated_game_data_20240505.csv
1,S1-RS-015,2,Bigetron Player Kill,pick,1,Kagura,https://liquipedia.net/mobilelegends/MPL/Indonesia/Season_1/Regular_Season | https://github.com/LiTianYeoh/MLBB_Tournament_Analysis/blob/94ea36800e80c9e89a2356a0b81d3eeafbd6a4f7/analysis/data/consolidated_game_data_20240505.csv
1,S1-RS-015,2,Bigetron Player Kill,pick,2,Grock,https://liquipedia.net/mobilelegends/MPL/Indonesia/Season_1/Regular_Season | https://github.com/LiTianYeoh/MLBB_Tournament_Analysis/blob/94ea36800e80c9e89a2356a0b81d3eeafbd6a4f7/analysis/data/consolidated_game_data_20240505.csv
1,S1-RS-015,2,Bigetron Player Kill,pick,3,Sun,https://liquipedia.net/mobilelegends/MPL/Indonesia/Season_1/Regular_Season | https://github.com/LiTianYeoh/MLBB_Tournament_Analysis/blob/94ea36800e80c9e89a2356a0b81d3eeafbd6a4f7/analysis/data/consolidated_game_data_20240505.csv
1,S1-RS-015,2,Bigetron Player Kill,pick,4,Karrie,https://liquipedia.net/mobilelegends/MPL/Indonesia/Season_1/Regular_Season | https://github.com/LiTianYeoh/MLBB_Tournament_Analysis/blob/94ea36800e80c9e89a2356a0b81d3eeafbd6a4f7/analysis/data/consolidated_game_data_20240505.csv
1,S1-RS-015,2,Bigetron Player Kill,pick,5,Estes,https://liquipedia.net/mobilelegends/MPL/Indonesia/Season_1/Regular_Season | https://github.com/LiTianYeoh/MLBB_Tournament_Analysis/blob/94ea36800e80c9e89a2356a0b81d3eeafbd6a4f7/analysis/data/consolidated_game_data_20240505.csv
1,S1-RS-015,2,EVOS Esports,ban,1,Hilda,https://liquipedia.net/mobilelegends/MPL/Indonesia/Season_1/Regular_Season | https://github.com/LiTianYeoh/MLBB_Tournament_Analysis/blob/94ea36800e80c9e89a2356a0b81d3eeafbd6a4f7/analysis/data/consolidated_game_data_20240505.csv
1,S1-RS-015,2,EVOS Esports,ban,2,Zhask,https://liquipedia.net/mobilelegends/MPL/Indonesia/Season_1/Regular_Season | https://github.com/LiTianYeoh/MLBB_Tournament_Analysis/blob/94ea36800e80c9e89a2356a0b81d3eeafbd6a4f7/analysis/data/consolidated_game_data_20240505.csv
1,S1-RS-015,2,EVOS Esports,pick,1,Lolita,https://liquipedia.net/mobilelegends/MPL/Indonesia/Season_1/Regular_Season | https://github.com/LiTianYeoh/MLBB_Tournament_Analysis/blob/94ea36800e80c9e89a2356a0b81d3eeafbd6a4f7/analysis/data/consolidated_game_data_20240505.csv
1,S1-RS-015,2,EVOS Esports,pick,2,Lesley,https://liquipedia.net/mobilelegends/MPL/Indonesia/Season_1/Regular_Season | https://github.com/LiTianYeoh/MLBB_Tournament_Analysis/blob/94ea36800e80c9e89a2356a0b81d3eeafbd6a4f7/analysis/data/consolidated_game_data_20240505.csv
1,S1-RS-015,2,EVOS Esports,pick,3,Harley,https://liquipedia.net/mobilelegends/MPL/Indonesia/Season_1/Regular_Season | https://github.com/LiTianYeoh/MLBB_Tournament_Analysis/blob/94ea36800e80c9e89a2356a0b81d3eeafbd6a4f7/analysis/data/consolidated_game_data_20240505.csv
1,S1-RS-015,2,EVOS Esports,pick,4,Chou,https://liquipedia.net/mobilelegends/MPL/Indonesia/Season_1/Regular_Season | https://github.com/LiTianYeoh/MLBB_Tournament_Analysis/blob/94ea36800e80c9e89a2356a0b81d3eeafbd6a4f7/analysis/data/consolidated_game_data_20240505.csv
1,S1-RS-015,2,EVOS Esports,pick,5,Hayabusa,https://liquipedia.net/mobilelegends/MPL/Indonesia/Season_1/Regular_Season | https://github.com/LiTianYeoh/MLBB_Tournament_Analysis/blob/94ea36800e80c9e89a2356a0b81d3eeafbd6a4f7/analysis/data/consolidated_game_data_20240505.csv
1,S1-RS-016,1,Domino's Hunters,ban,1,Balmond,https://liquipedia.net/mobilelegends/MPL/Indonesia/Season_1/Regular_Season | https://github.com/LiTianYeoh/MLBB_Tournament_Analysis/blob/94ea36800e80c9e89a2356a0b81d3eeafbd6a4f7/analysis/data/consolidated_game_data_20240505.csv
1,S1-RS-016,1,Domino's Hunters,ban,2,Kagura,https://liquipedia.net/mobilelegends/MPL/Indonesia/Season_1/Regular_Season | https://github.com/LiTianYeoh/MLBB_Tournament_Analysis/blob/94ea36800e80c9e89a2356a0b81d3eeafbd6a4f7/analysis/data/consolidated_game_data_20240505.csv
1,S1-RS-016,1,Domino's Hunters,pick,1,Harley,https://liquipedia.net/mobilelegends/MPL/Indonesia/Season_1/Regular_Season | https://github.com/LiTianYeoh/MLBB_Tournament_Analysis/blob/94ea36800e80c9e89a2356a0b81d3eeafbd6a4f7/analysis/data/consolidated_game_data_20240505.csv
1,S1-RS-016,1,Domino's Hunters,pick,2,Lesley,https://liquipedia.net/mobilelegends/MPL/Indonesia/Season_1/Regular_Season | https://github.com/LiTianYeoh/MLBB_Tournament_Analysis/blob/94ea36800e80c9e89a2356a0b81d3eeafbd6a4f7/analysis/data/consolidated_game_data_20240505.csv
1,S1-RS-016,1,Domino's Hunters,pick,3,Hilda,https://liquipedia.net/mobilelegends/MPL/Indonesia/Season_1/Regular_Season | https://github.com/LiTianYeoh/MLBB_Tournament_Analysis/blob/94ea36800e80c9e89a2356a0b81d3eeafbd6a4f7/analysis/data/consolidated_game_data_20240505.csv
1,S1-RS-016,1,Domino's Hunters,pick,4,Alucard,https://liquipedia.net/mobilelegends/MPL/Indonesia/Season_1/Regular_Season | https://github.com/LiTianYeoh/MLBB_Tournament_Analysis/blob/94ea36800e80c9e89a2356a0b81d3eeafbd6a4f7/analysis/data/consolidated_game_data_20240505.csv
1,S1-RS-016,1,Domino's Hunters,pick,5,Hylos,https://liquipedia.net/mobilelegends/MPL/Indonesia/Season_1/Regular_Season | https://github.com/LiTianYeoh/MLBB_Tournament_Analysis/blob/94ea36800e80c9e89a2356a0b81d3eeafbd6a4f7/analysis/data/consolidated_game_data_20240505.csv
1,S1-RS-016,1,Louvre Esports,ban,1,Lancelot,https://liquipedia.net/mobilelegends/MPL/Indonesia/Season_1/Regular_Season | https://github.com/LiTianYeoh/MLBB_Tournament_Analysis/blob/94ea36800e80c9e89a2356a0b81d3eeafbd6a4f7/analysis/data/consolidated_game_data_20240505.csv
1,S1-RS-016,1,Louvre Esports,ban,2,Zhask,https://liquipedia.net/mobilelegends/MPL/Indonesia/Season_1/Regular_Season | https://github.com/LiTianYeoh/MLBB_Tournament_Analysis/blob/94ea36800e80c9e89a2356a0b81d3eeafbd6a4f7/analysis/data/consolidated_game_data_20240505.csv
1,S1-RS-016,1,Louvre Esports,pick,1,Cyclops,https://liquipedia.net/mobilelegends/MPL/Indonesia/Season_1/Regular_Season | https://github.com/LiTianYeoh/MLBB_Tournament_Analysis/blob/94ea36800e80c9e89a2356a0b81d3eeafbd6a4f7/analysis/data/consolidated_game_data_20240505.csv
1,S1-RS-016,1,Louvre Esports,pick,2,Lolita,https://liquipedia.net/mobilelegends/MPL/Indonesia/Season_1/Regular_Season | https://github.com/LiTianYeoh/MLBB_Tournament_Analysis/blob/94ea36800e80c9e89a2356a0b81d3eeafbd6a4f7/analysis/data/consolidated_game_data_20240505.csv
1,S1-RS-016,1,Louvre Esports,pick,3,Bruno,https://liquipedia.net/mobilelegends/MPL/Indonesia/Season_1/Regular_Season | https://github.com/LiTianYeoh/MLBB_Tournament_Analysis/blob/94ea36800e80c9e89a2356a0b81d3eeafbd6a4f7/analysis/data/consolidated_game_data_20240505.csv
1,S1-RS-016,1,Louvre Esports,pick,4,Akai,https://liquipedia.net/mobilelegends/MPL/Indonesia/Season_1/Regular_Season | https://github.com/LiTianYeoh/MLBB_Tournament_Analysis/blob/94ea36800e80c9e89a2356a0b81d3eeafbd6a4f7/analysis/data/consolidated_game_data_20240505.csv
1,S1-RS-016,1,Louvre Esports,pick,5,Hayabusa,https://liquipedia.net/mobilelegends/MPL/Indonesia/Season_1/Regular_Season | https://github.com/LiTianYeoh/MLBB_Tournament_Analysis/blob/94ea36800e80c9e89a2356a0b81d3eeafbd6a4f7/analysis/data/consolidated_game_data_20240505.csv
1,S1-RS-016,2,Domino's Hunters,ban,1,Lancelot,https://liquipedia.net/mobilelegends/MPL/Indonesia/Season_1/Regular_Season | https://github.com/LiTianYeoh/MLBB_Tournament_Analysis/blob/94ea36800e80c9e89a2356a0b81d3eeafbd6a4f7/analysis/data/consolidated_game_data_20240505.csv
1,S1-RS-016,2,Domino's Hunters,ban,2,Balmond,https://liquipedia.net/mobilelegends/MPL/Indonesia/Season_1/Regular_Season | https://github.com/LiTianYeoh/MLBB_Tournament_Analysis/blob/94ea36800e80c9e89a2356a0b81d3eeafbd6a4f7/analysis/data/consolidated_game_data_20240505.csv
1,S1-RS-016,2,Domino's Hunters,pick,1,Harley,https://liquipedia.net/mobilelegends/MPL/Indonesia/Season_1/Regular_Season | https://github.com/LiTianYeoh/MLBB_Tournament_Analysis/blob/94ea36800e80c9e89a2356a0b81d3eeafbd6a4f7/analysis/data/consolidated_game_data_20240505.csv
1,S1-RS-016,2,Domino's Hunters,pick,2,Hilda,https://liquipedia.net/mobilelegends/MPL/Indonesia/Season_1/Regular_Season | https://github.com/LiTianYeoh/MLBB_Tournament_Analysis/blob/94ea36800e80c9e89a2356a0b81d3eeafbd6a4f7/analysis/data/consolidated_game_data_20240505.csv
1,S1-RS-016,2,Domino's Hunters,pick,3,Minotaur,https://liquipedia.net/mobilelegends/MPL/Indonesia/Season_1/Regular_Season | https://github.com/LiTianYeoh/MLBB_Tournament_Analysis/blob/94ea36800e80c9e89a2356a0b81d3eeafbd6a4f7/analysis/data/consolidated_game_data_20240505.csv
1,S1-RS-016,2,Domino's Hunters,pick,4,Alpha,https://liquipedia.net/mobilelegends/MPL/Indonesia/Season_1/Regular_Season | https://github.com/LiTianYeoh/MLBB_Tournament_Analysis/blob/94ea36800e80c9e89a2356a0b81d3eeafbd6a4f7/analysis/data/consolidated_game_data_20240505.csv
1,S1-RS-016,2,Domino's Hunters,pick,5,Layla,https://liquipedia.net/mobilelegends/MPL/Indonesia/Season_1/Regular_Season | https://github.com/LiTianYeoh/MLBB_Tournament_Analysis/blob/94ea36800e80c9e89a2356a0b81d3eeafbd6a4f7/analysis/data/consolidated_game_data_20240505.csv
1,S1-RS-016,2,Louvre Esports,ban,1,Zhask,https://liquipedia.net/mobilelegends/MPL/Indonesia/Season_1/Regular_Season | https://github.com/LiTianYeoh/MLBB_Tournament_Analysis/blob/94ea36800e80c9e89a2356a0b81d3eeafbd6a4f7/analysis/data/consolidated_game_data_20240505.csv
1,S1-RS-016,2,Louvre Esports,ban,2,Akai,https://liquipedia.net/mobilelegends/MPL/Indonesia/Season_1/Regular_Season | https://github.com/LiTianYeoh/MLBB_Tournament_Analysis/blob/94ea36800e80c9e89a2356a0b81d3eeafbd6a4f7/analysis/data/consolidated_game_data_20240505.csv
1,S1-RS-016,2,Louvre Esports,pick,1,Lapu-Lapu,https://liquipedia.net/mobilelegends/MPL/Indonesia/Season_1/Regular_Season | https://github.com/LiTianYeoh/MLBB_Tournament_Analysis/blob/94ea36800e80c9e89a2356a0b81d3eeafbd6a4f7/analysis/data/consolidated_game_data_20240505.csv
1,S1-RS-016,2,Louvre Esports,pick,2,Lesley,https://liquipedia.net/mobilelegends/MPL/Indonesia/Season_1/Regular_Season | https://github.com/LiTianYeoh/MLBB_Tournament_Analysis/blob/94ea36800e80c9e89a2356a0b81d3eeafbd6a4f7/analysis/data/consolidated_game_data_20240505.csv
1,S1-RS-016,2,Louvre Esports,pick,3,Chou,https://liquipedia.net/mobilelegends/MPL/Indonesia/Season_1/Regular_Season | https://github.com/LiTianYeoh/MLBB_Tournament_Analysis/blob/94ea36800e80c9e89a2356a0b81d3eeafbd6a4f7/analysis/data/consolidated_game_data_20240505.csv
1,S1-RS-016,2,Louvre Esports,pick,4,Hylos,https://liquipedia.net/mobilelegends/MPL/Indonesia/Season_1/Regular_Season | https://github.com/LiTianYeoh/MLBB_Tournament_Analysis/blob/94ea36800e80c9e89a2356a0b81d3eeafbd6a4f7/analysis/data/consolidated_game_data_20240505.csv
1,S1-RS-016,2,Louvre Esports,pick,5,Kagura,https://liquipedia.net/mobilelegends/MPL/Indonesia/Season_1/Regular_Season | https://github.com/LiTianYeoh/MLBB_Tournament_Analysis/blob/94ea36800e80c9e89a2356a0b81d3eeafbd6a4f7/analysis/data/consolidated_game_data_20240505.csv
1,S1-RS-017,1,Saints Indo 2,ban,1,Akai,https://liquipedia.net/mobilelegends/MPL/Indonesia/Season_1/Regular_Season | https://github.com/LiTianYeoh/MLBB_Tournament_Analysis/blob/94ea36800e80c9e89a2356a0b81d3eeafbd6a4f7/analysis/data/consolidated_game_data_20240505.csv
1,S1-RS-017,1,Saints Indo 2,ban,2,Saber,https://liquipedia.net/mobilelegends/MPL/Indonesia/Season_1/Regular_Season | https://github.com/LiTianYeoh/MLBB_Tournament_Analysis/blob/94ea36800e80c9e89a2356a0b81d3eeafbd6a4f7/analysis/data/consolidated_game_data_20240505.csv
1,S1-RS-017,1,Saints Indo 2,pick,1,Kagura,https://liquipedia.net/mobilelegends/MPL/Indonesia/Season_1/Regular_Season | https://github.com/LiTianYeoh/MLBB_Tournament_Analysis/blob/94ea36800e80c9e89a2356a0b81d3eeafbd6a4f7/analysis/data/consolidated_game_data_20240505.csv
1,S1-RS-017,1,Saints Indo 2,pick,2,Grock,https://liquipedia.net/mobilelegends/MPL/Indonesia/Season_1/Regular_Season | https://github.com/LiTianYeoh/MLBB_Tournament_Analysis/blob/94ea36800e80c9e89a2356a0b81d3eeafbd6a4f7/analysis/data/consolidated_game_data_20240505.csv
1,S1-RS-017,1,Saints Indo 2,pick,3,Hayabusa,https://liquipedia.net/mobilelegends/MPL/Indonesia/Season_1/Regular_Season | https://github.com/LiTianYeoh/MLBB_Tournament_Analysis/blob/94ea36800e80c9e89a2356a0b81d3eeafbd6a4f7/analysis/data/consolidated_game_data_20240505.csv
1,S1-RS-017,1,Saints Indo 2,pick,4,Karrie,https://liquipedia.net/mobilelegends/MPL/Indonesia/Season_1/Regular_Season | https://github.com/LiTianYeoh/MLBB_Tournament_Analysis/blob/94ea36800e80c9e89a2356a0b81d3eeafbd6a4f7/analysis/data/consolidated_game_data_20240505.csv
1,S1-RS-017,1,Saints Indo 2,pick,5,Chou,https://liquipedia.net/mobilelegends/MPL/Indonesia/Season_1/Regular_Season | https://github.com/LiTianYeoh/MLBB_Tournament_Analysis/blob/94ea36800e80c9e89a2356a0b81d3eeafbd6a4f7/analysis/data/consolidated_game_data_20240505.csv
1,S1-RS-017,1,Pandora Esports,ban,1,Lancelot,https://liquipedia.net/mobilelegends/MPL/Indonesia/Season_1/Regular_Season | https://github.com/LiTianYeoh/MLBB_Tournament_Analysis/blob/94ea36800e80c9e89a2356a0b81d3eeafbd6a4f7/analysis/data/consolidated_game_data_20240505.csv
1,S1-RS-017,1,Pandora Esports,ban,2,Fanny,https://liquipedia.net/mobilelegends/MPL/Indonesia/Season_1/Regular_Season | https://github.com/LiTianYeoh/MLBB_Tournament_Analysis/blob/94ea36800e80c9e89a2356a0b81d3eeafbd6a4f7/analysis/data/consolidated_game_data_20240505.csv
1,S1-RS-017,1,Pandora Esports,pick,1,Alucard,https://liquipedia.net/mobilelegends/MPL/Indonesia/Season_1/Regular_Season | https://github.com/LiTianYeoh/MLBB_Tournament_Analysis/blob/94ea36800e80c9e89a2356a0b81d3eeafbd6a4f7/analysis/data/consolidated_game_data_20240505.csv
1,S1-RS-017,1,Pandora Esports,pick,2,Lesley,https://liquipedia.net/mobilelegends/MPL/Indonesia/Season_1/Regular_Season | https://github.com/LiTianYeoh/MLBB_Tournament_Analysis/blob/94ea36800e80c9e89a2356a0b81d3eeafbd6a4f7/analysis/data/consolidated_game_data_20240505.csv
1,S1-RS-017,1,Pandora Esports,pick,3,Hylos,https://liquipedia.net/mobilelegends/MPL/Indonesia/Season_1/Regular_Season | https://github.com/LiTianYeoh/MLBB_Tournament_Analysis/blob/94ea36800e80c9e89a2356a0b81d3eeafbd6a4f7/analysis/data/consolidated_game_data_20240505.csv
1,S1-RS-017,1,Pandora Esports,pick,4,Hilda,https://liquipedia.net/mobilelegends/MPL/Indonesia/Season_1/Regular_Season | https://github.com/LiTianYeoh/MLBB_Tournament_Analysis/blob/94ea36800e80c9e89a2356a0b81d3eeafbd6a4f7/analysis/data/consolidated_game_data_20240505.csv
1,S1-RS-017,1,Pandora Esports,pick,5,Harley,https://liquipedia.net/mobilelegends/MPL/Indonesia/Season_1/Regular_Season | https://github.com/LiTianYeoh/MLBB_Tournament_Analysis/blob/94ea36800e80c9e89a2356a0b81d3eeafbd6a4f7/analysis/data/consolidated_game_data_20240505.csv
1,S1-RS-017,2,Saints Indo 2,ban,1,Hayabusa,https://liquipedia.net/mobilelegends/MPL/Indonesia/Season_1/Regular_Season | https://github.com/LiTianYeoh/MLBB_Tournament_Analysis/blob/94ea36800e80c9e89a2356a0b81d3eeafbd6a4f7/analysis/data/consolidated_game_data_20240505.csv
1,S1-RS-017,2,Saints Indo 2,ban,2,Lancelot,https://liquipedia.net/mobilelegends/MPL/Indonesia/Season_1/Regular_Season | https://github.com/LiTianYeoh/MLBB_Tournament_Analysis/blob/94ea36800e80c9e89a2356a0b81d3eeafbd6a4f7/analysis/data/consolidated_game_data_20240505.csv
1,S1-RS-017,2,Saints Indo 2,pick,1,Saber,https://liquipedia.net/mobilelegends/MPL/Indonesia/Season_1/Regular_Season | https://github.com/LiTianYeoh/MLBB_Tournament_Analysis/blob/94ea36800e80c9e89a2356a0b81d3eeafbd6a4f7/analysis/data/consolidated_game_data_20240505.csv
1,S1-RS-017,2,Saints Indo 2,pick,2,Chou,https://liquipedia.net/mobilelegends/MPL/Indonesia/Season_1/Regular_Season | https://github.com/LiTianYeoh/MLBB_Tournament_Analysis/blob/94ea36800e80c9e89a2356a0b81d3eeafbd6a4f7/analysis/data/consolidated_game_data_20240505.csv
1,S1-RS-017,2,Saints Indo 2,pick,3,Hilda,https://liquipedia.net/mobilelegends/MPL/Indonesia/Season_1/Regular_Season | https://github.com/LiTianYeoh/MLBB_Tournament_Analysis/blob/94ea36800e80c9e89a2356a0b81d3eeafbd6a4f7/analysis/data/consolidated_game_data_20240505.csv
1,S1-RS-017,2,Saints Indo 2,pick,4,Kagura,https://liquipedia.net/mobilelegends/MPL/Indonesia/Season_1/Regular_Season | https://github.com/LiTianYeoh/MLBB_Tournament_Analysis/blob/94ea36800e80c9e89a2356a0b81d3eeafbd6a4f7/analysis/data/consolidated_game_data_20240505.csv
1,S1-RS-017,2,Saints Indo 2,pick,5,Layla,https://liquipedia.net/mobilelegends/MPL/Indonesia/Season_1/Regular_Season | https://github.com/LiTianYeoh/MLBB_Tournament_Analysis/blob/94ea36800e80c9e89a2356a0b81d3eeafbd6a4f7/analysis/data/consolidated_game_data_20240505.csv
1,S1-RS-017,2,Pandora Esports,ban,1,Fanny,https://liquipedia.net/mobilelegends/MPL/Indonesia/Season_1/Regular_Season | https://github.com/LiTianYeoh/MLBB_Tournament_Analysis/blob/94ea36800e80c9e89a2356a0b81d3eeafbd6a4f7/analysis/data/consolidated_game_data_20240505.csv
1,S1-RS-017,2,Pandora Esports,ban,2,Akai,https://liquipedia.net/mobilelegends/MPL/Indonesia/Season_1/Regular_Season | https://github.com/LiTianYeoh/MLBB_Tournament_Analysis/blob/94ea36800e80c9e89a2356a0b81d3eeafbd6a4f7/analysis/data/consolidated_game_data_20240505.csv
1,S1-RS-017,2,Pandora Esports,pick,1,Lolita,https://liquipedia.net/mobilelegends/MPL/Indonesia/Season_1/Regular_Season | https://github.com/LiTianYeoh/MLBB_Tournament_Analysis/blob/94ea36800e80c9e89a2356a0b81d3eeafbd6a4f7/analysis/data/consolidated_game_data_20240505.csv
1,S1-RS-017,2,Pandora Esports,pick,2,Alpha,https://liquipedia.net/mobilelegends/MPL/Indonesia/Season_1/Regular_Season | https://github.com/LiTianYeoh/MLBB_Tournament_Analysis/blob/94ea36800e80c9e89a2356a0b81d3eeafbd6a4f7/analysis/data/consolidated_game_data_20240505.csv
1,S1-RS-017,2,Pandora Esports,pick,3,Hylos,https://liquipedia.net/mobilelegends/MPL/Indonesia/Season_1/Regular_Season | https://github.com/LiTianYeoh/MLBB_Tournament_Analysis/blob/94ea36800e80c9e89a2356a0b81d3eeafbd6a4f7/analysis/data/consolidated_game_data_20240505.csv
1,S1-RS-017,2,Pandora Esports,pick,4,Lesley,https://liquipedia.net/mobilelegends/MPL/Indonesia/Season_1/Regular_Season | https://github.com/LiTianYeoh/MLBB_Tournament_Analysis/blob/94ea36800e80c9e89a2356a0b81d3eeafbd6a4f7/analysis/data/consolidated_game_data_20240505.csv
1,S1-RS-017,2,Pandora Esports,pick,5,Harley,https://liquipedia.net/mobilelegends/MPL/Indonesia/Season_1/Regular_Season | https://github.com/LiTianYeoh/MLBB_Tournament_Analysis/blob/94ea36800e80c9e89a2356a0b81d3eeafbd6a4f7/analysis/data/consolidated_game_data_20240505.csv
1,S1-RS-018,1,Louvre Esports,ban,1,Akai,https://liquipedia.net/mobilelegends/MPL/Indonesia/Season_1/Regular_Season | https://github.com/LiTianYeoh/MLBB_Tournament_Analysis/blob/94ea36800e80c9e89a2356a0b81d3eeafbd6a4f7/analysis/data/consolidated_game_data_20240505.csv
1,S1-RS-018,1,Louvre Esports,ban,2,Fanny,https://liquipedia.net/mobilelegends/MPL/Indonesia/Season_1/Regular_Season | https://github.com/LiTianYeoh/MLBB_Tournament_Analysis/blob/94ea36800e80c9e89a2356a0b81d3eeafbd6a4f7/analysis/data/consolidated_game_data_20240505.csv
1,S1-RS-018,1,Louvre Esports,pick,1,Lancelot,https://liquipedia.net/mobilelegends/MPL/Indonesia/Season_1/Regular_Season | https://github.com/LiTianYeoh/MLBB_Tournament_Analysis/blob/94ea36800e80c9e89a2356a0b81d3eeafbd6a4f7/analysis/data/consolidated_game_data_20240505.csv
1,S1-RS-018,1,Louvre Esports,pick,2,Lesley,https://liquipedia.net/mobilelegends/MPL/Indonesia/Season_1/Regular_Season | https://github.com/LiTianYeoh/MLBB_Tournament_Analysis/blob/94ea36800e80c9e89a2356a0b81d3eeafbd6a4f7/analysis/data/consolidated_game_data_20240505.csv
1,S1-RS-018,1,Louvre Esports,pick,3,Chou,https://liquipedia.net/mobilelegends/MPL/Indonesia/Season_1/Regular_Season | https://github.com/LiTianYeoh/MLBB_Tournament_Analysis/blob/94ea36800e80c9e89a2356a0b81d3eeafbd6a4f7/analysis/data/consolidated_game_data_20240505.csv
1,S1-RS-018,1,Louvre Esports,pick,4,Lolita,https://liquipedia.net/mobilelegends/MPL/Indonesia/Season_1/Regular_Season | https://github.com/LiTianYeoh/MLBB_Tournament_Analysis/blob/94ea36800e80c9e89a2356a0b81d3eeafbd6a4f7/analysis/data/consolidated_game_data_20240505.csv
1,S1-RS-018,1,Louvre Esports,pick,5,Cyclops,https://liquipedia.net/mobilelegends/MPL/Indonesia/Season_1/Regular_Season | https://github.com/LiTianYeoh/MLBB_Tournament_Analysis/blob/94ea36800e80c9e89a2356a0b81d3eeafbd6a4f7/analysis/data/consolidated_game_data_20240505.csv
1,S1-RS-018,1,RRQ.O2,ban,1,Hilda,https://liquipedia.net/mobilelegends/MPL/Indonesia/Season_1/Regular_Season | https://github.com/LiTianYeoh/MLBB_Tournament_Analysis/blob/94ea36800e80c9e89a2356a0b81d3eeafbd6a4f7/analysis/data/consolidated_game_data_20240505.csv
1,S1-RS-018,1,RRQ.O2,ban,2,Hayabusa,https://liquipedia.net/mobilelegends/MPL/Indonesia/Season_1/Regular_Season | https://github.com/LiTianYeoh/MLBB_Tournament_Analysis/blob/94ea36800e80c9e89a2356a0b81d3eeafbd6a4f7/analysis/data/consolidated_game_data_20240505.csv
1,S1-RS-018,1,RRQ.O2,pick,1,Natalia,https://liquipedia.net/mobilelegends/MPL/Indonesia/Season_1/Regular_Season | https://github.com/LiTianYeoh/MLBB_Tournament_Analysis/blob/94ea36800e80c9e89a2356a0b81d3eeafbd6a4f7/analysis/data/consolidated_game_data_20240505.csv
1,S1-RS-018,1,RRQ.O2,pick,2,Balmond,https://liquipedia.net/mobilelegends/MPL/Indonesia/Season_1/Regular_Season | https://github.com/LiTianYeoh/MLBB_Tournament_Analysis/blob/94ea36800e80c9e89a2356a0b81d3eeafbd6a4f7/analysis/data/consolidated_game_data_20240505.csv
1,S1-RS-018,1,RRQ.O2,pick,3,Hylos,https://liquipedia.net/mobilelegends/MPL/Indonesia/Season_1/Regular_Season | https://github.com/LiTianYeoh/MLBB_Tournament_Analysis/blob/94ea36800e80c9e89a2356a0b81d3eeafbd6a4f7/analysis/data/consolidated_game_data_20240505.csv
1,S1-RS-018,1,RRQ.O2,pick,4,Harley,https://liquipedia.net/mobilelegends/MPL/Indonesia/Season_1/Regular_Season | https://github.com/LiTianYeoh/MLBB_Tournament_Analysis/blob/94ea36800e80c9e89a2356a0b81d3eeafbd6a4f7/analysis/data/consolidated_game_data_20240505.csv
1,S1-RS-018,1,RRQ.O2,pick,5,Kagura,https://liquipedia.net/mobilelegends/MPL/Indonesia/Season_1/Regular_Season | https://github.com/LiTianYeoh/MLBB_Tournament_Analysis/blob/94ea36800e80c9e89a2356a0b81d3eeafbd6a4f7/analysis/data/consolidated_game_data_20240505.csv
1,S1-RS-018,2,Louvre Esports,ban,1,Kagura,https://liquipedia.net/mobilelegends/MPL/Indonesia/Season_1/Regular_Season | https://github.com/LiTianYeoh/MLBB_Tournament_Analysis/blob/94ea36800e80c9e89a2356a0b81d3eeafbd6a4f7/analysis/data/consolidated_game_data_20240505.csv
1,S1-RS-018,2,Louvre Esports,ban,2,Lancelot,https://liquipedia.net/mobilelegends/MPL/Indonesia/Season_1/Regular_Season | https://github.com/LiTianYeoh/MLBB_Tournament_Analysis/blob/94ea36800e80c9e89a2356a0b81d3eeafbd6a4f7/analysis/data/consolidated_game_data_20240505.csv
1,S1-RS-018,2,Louvre Esports,pick,1,Hayabusa,https://liquipedia.net/mobilelegends/MPL/Indonesia/Season_1/Regular_Season | https://github.com/LiTianYeoh/MLBB_Tournament_Analysis/blob/94ea36800e80c9e89a2356a0b81d3eeafbd6a4f7/analysis/data/consolidated_game_data_20240505.csv
1,S1-RS-018,2,Louvre Esports,pick,2,Hylos,https://liquipedia.net/mobilelegends/MPL/Indonesia/Season_1/Regular_Season | https://github.com/LiTianYeoh/MLBB_Tournament_Analysis/blob/94ea36800e80c9e89a2356a0b81d3eeafbd6a4f7/analysis/data/consolidated_game_data_20240505.csv
1,S1-RS-018,2,Louvre Esports,pick,3,Lapu-Lapu,https://liquipedia.net/mobilelegends/MPL/Indonesia/Season_1/Regular_Season | https://github.com/LiTianYeoh/MLBB_Tournament_Analysis/blob/94ea36800e80c9e89a2356a0b81d3eeafbd6a4f7/analysis/data/consolidated_game_data_20240505.csv
1,S1-RS-018,2,Louvre Esports,pick,4,Aurora,https://liquipedia.net/mobilelegends/MPL/Indonesia/Season_1/Regular_Season | https://github.com/LiTianYeoh/MLBB_Tournament_Analysis/blob/94ea36800e80c9e89a2356a0b81d3eeafbd6a4f7/analysis/data/consolidated_game_data_20240505.csv
1,S1-RS-018,2,Louvre Esports,pick,5,Bruno,https://liquipedia.net/mobilelegends/MPL/Indonesia/Season_1/Regular_Season | https://github.com/LiTianYeoh/MLBB_Tournament_Analysis/blob/94ea36800e80c9e89a2356a0b81d3eeafbd6a4f7/analysis/data/consolidated_game_data_20240505.csv
1,S1-RS-018,2,RRQ.O2,ban,1,Hilda,https://liquipedia.net/mobilelegends/MPL/Indonesia/Season_1/Regular_Season | https://github.com/LiTianYeoh/MLBB_Tournament_Analysis/blob/94ea36800e80c9e89a2356a0b81d3eeafbd6a4f7/analysis/data/consolidated_game_data_20240505.csv
1,S1-RS-018,2,RRQ.O2,ban,2,Bane,https://liquipedia.net/mobilelegends/MPL/Indonesia/Season_1/Regular_Season | https://github.com/LiTianYeoh/MLBB_Tournament_Analysis/blob/94ea36800e80c9e89a2356a0b81d3eeafbd6a4f7/analysis/data/consolidated_game_data_20240505.csv
1,S1-RS-018,2,RRQ.O2,pick,1,Alpha,https://liquipedia.net/mobilelegends/MPL/Indonesia/Season_1/Regular_Season | https://github.com/LiTianYeoh/MLBB_Tournament_Analysis/blob/94ea36800e80c9e89a2356a0b81d3eeafbd6a4f7/analysis/data/consolidated_game_data_20240505.csv
1,S1-RS-018,2,RRQ.O2,pick,2,Fanny,https://liquipedia.net/mobilelegends/MPL/Indonesia/Season_1/Regular_Season | https://github.com/LiTianYeoh/MLBB_Tournament_Analysis/blob/94ea36800e80c9e89a2356a0b81d3eeafbd6a4f7/analysis/data/consolidated_game_data_20240505.csv
1,S1-RS-018,2,RRQ.O2,pick,3,Zhask,https://liquipedia.net/mobilelegends/MPL/Indonesia/Season_1/Regular_Season | https://github.com/LiTianYeoh/MLBB_Tournament_Analysis/blob/94ea36800e80c9e89a2356a0b81d3eeafbd6a4f7/analysis/data/consolidated_game_data_20240505.csv
1,S1-RS-018,2,RRQ.O2,pick,4,Grock,https://liquipedia.net/mobilelegends/MPL/Indonesia/Season_1/Regular_Season | https://github.com/LiTianYeoh/MLBB_Tournament_Analysis/blob/94ea36800e80c9e89a2356a0b81d3eeafbd6a4f7/analysis/data/consolidated_game_data_20240505.csv
1,S1-RS-018,2,RRQ.O2,pick,5,Harley,https://liquipedia.net/mobilelegends/MPL/Indonesia/Season_1/Regular_Season | https://github.com/LiTianYeoh/MLBB_Tournament_Analysis/blob/94ea36800e80c9e89a2356a0b81d3eeafbd6a4f7/analysis/data/consolidated_game_data_20240505.csv
1,S1-RS-019,1,Team Rev Indo,ban,1,Akai,https://liquipedia.net/mobilelegends/MPL/Indonesia/Season_1/Regular_Season | https://github.com/LiTianYeoh/MLBB_Tournament_Analysis/blob/94ea36800e80c9e89a2356a0b81d3eeafbd6a4f7/analysis/data/consolidated_game_data_20240505.csv
1,S1-RS-019,1,Team Rev Indo,ban,2,Harley,https://liquipedia.net/mobilelegends/MPL/Indonesia/Season_1/Regular_Season | https://github.com/LiTianYeoh/MLBB_Tournament_Analysis/blob/94ea36800e80c9e89a2356a0b81d3eeafbd6a4f7/analysis/data/consolidated_game_data_20240505.csv
1,S1-RS-019,1,Team Rev Indo,pick,1,Cyclops,https://liquipedia.net/mobilelegends/MPL/Indonesia/Season_1/Regular_Season | https://github.com/LiTianYeoh/MLBB_Tournament_Analysis/blob/94ea36800e80c9e89a2356a0b81d3eeafbd6a4f7/analysis/data/consolidated_game_data_20240505.csv
1,S1-RS-019,1,Team Rev Indo,pick,2,Grock,https://liquipedia.net/mobilelegends/MPL/Indonesia/Season_1/Regular_Season | https://github.com/LiTianYeoh/MLBB_Tournament_Analysis/blob/94ea36800e80c9e89a2356a0b81d3eeafbd6a4f7/analysis/data/consolidated_game_data_20240505.csv
1,S1-RS-019,1,Team Rev Indo,pick,3,Hilda,https://liquipedia.net/mobilelegends/MPL/Indonesia/Season_1/Regular_Season | https://github.com/LiTianYeoh/MLBB_Tournament_Analysis/blob/94ea36800e80c9e89a2356a0b81d3eeafbd6a4f7/analysis/data/consolidated_game_data_20240505.csv
1,S1-RS-019,1,Team Rev Indo,pick,4,Bruno,https://liquipedia.net/mobilelegends/MPL/Indonesia/Season_1/Regular_Season | https://github.com/LiTianYeoh/MLBB_Tournament_Analysis/blob/94ea36800e80c9e89a2356a0b81d3eeafbd6a4f7/analysis/data/consolidated_game_data_20240505.csv
1,S1-RS-019,1,Team Rev Indo,pick,5,Saber,https://liquipedia.net/mobilelegends/MPL/Indonesia/Season_1/Regular_Season | https://github.com/LiTianYeoh/MLBB_Tournament_Analysis/blob/94ea36800e80c9e89a2356a0b81d3eeafbd6a4f7/analysis/data/consolidated_game_data_20240505.csv
1,S1-RS-019,1,Elite 8 Critical Reborn,ban,1,Lancelot,https://liquipedia.net/mobilelegends/MPL/Indonesia/Season_1/Regular_Season | https://github.com/LiTianYeoh/MLBB_Tournament_Analysis/blob/94ea36800e80c9e89a2356a0b81d3eeafbd6a4f7/analysis/data/consolidated_game_data_20240505.csv
1,S1-RS-019,1,Elite 8 Critical Reborn,ban,2,Kagura,https://liquipedia.net/mobilelegends/MPL/Indonesia/Season_1/Regular_Season | https://github.com/LiTianYeoh/MLBB_Tournament_Analysis/blob/94ea36800e80c9e89a2356a0b81d3eeafbd6a4f7/analysis/data/consolidated_game_data_20240505.csv
1,S1-RS-019,1,Elite 8 Critical Reborn,pick,1,Hylos,https://liquipedia.net/mobilelegends/MPL/Indonesia/Season_1/Regular_Season | https://github.com/LiTianYeoh/MLBB_Tournament_Analysis/blob/94ea36800e80c9e89a2356a0b81d3eeafbd6a4f7/analysis/data/consolidated_game_data_20240505.csv
1,S1-RS-019,1,Elite 8 Critical Reborn,pick,2,Aurora,https://liquipedia.net/mobilelegends/MPL/Indonesia/Season_1/Regular_Season | https://github.com/LiTianYeoh/MLBB_Tournament_Analysis/blob/94ea36800e80c9e89a2356a0b81d3eeafbd6a4f7/analysis/data/consolidated_game_data_20240505.csv
1,S1-RS-019,1,Elite 8 Critical Reborn,pick,3,Karina,https://liquipedia.net/mobilelegends/MPL/Indonesia/Season_1/Regular_Season | https://github.com/LiTianYeoh/MLBB_Tournament_Analysis/blob/94ea36800e80c9e89a2356a0b81d3eeafbd6a4f7/analysis/data/consolidated_game_data_20240505.csv
1,S1-RS-019,1,Elite 8 Critical Reborn,pick,4,Chou,https://liquipedia.net/mobilelegends/MPL/Indonesia/Season_1/Regular_Season | https://github.com/LiTianYeoh/MLBB_Tournament_Analysis/blob/94ea36800e80c9e89a2356a0b81d3eeafbd6a4f7/analysis/data/consolidated_game_data_20240505.csv
1,S1-RS-019,1,Elite 8 Critical Reborn,pick,5,Lesley,https://liquipedia.net/mobilelegends/MPL/Indonesia/Season_1/Regular_Season | https://github.com/LiTianYeoh/MLBB_Tournament_Analysis/blob/94ea36800e80c9e89a2356a0b81d3eeafbd6a4f7/analysis/data/consolidated_game_data_20240505.csv
1,S1-RS-019,2,Team Rev Indo,ban,1,Diggie,https://liquipedia.net/mobilelegends/MPL/Indonesia/Season_1/Regular_Season | https://github.com/LiTianYeoh/MLBB_Tournament_Analysis/blob/94ea36800e80c9e89a2356a0b81d3eeafbd6a4f7/analysis/data/consolidated_game_data_20240505.csv
1,S1-RS-019,2,Team Rev Indo,ban,2,Lancelot,https://liquipedia.net/mobilelegends/MPL/Indonesia/Season_1/Regular_Season | https://github.com/LiTianYeoh/MLBB_Tournament_Analysis/blob/94ea36800e80c9e89a2356a0b81d3eeafbd6a4f7/analysis/data/consolidated_game_data_20240505.csv
1,S1-RS-019,2,Team Rev Indo,pick,1,Chou,https://liquipedia.net/mobilelegends/MPL/Indonesia/Season_1/Regular_Season | https://github.com/LiTianYeoh/MLBB_Tournament_Analysis/blob/94ea36800e80c9e89a2356a0b81d3eeafbd6a4f7/analysis/data/consolidated_game_data_20240505.csv
1,S1-RS-019,2,Team Rev Indo,pick,2,Harley,https://liquipedia.net/mobilelegends/MPL/Indonesia/Season_1/Regular_Season | https://github.com/LiTianYeoh/MLBB_Tournament_Analysis/blob/94ea36800e80c9e89a2356a0b81d3eeafbd6a4f7/analysis/data/consolidated_game_data_20240505.csv
1,S1-RS-019,2,Team Rev Indo,pick,3,Lesley,https://liquipedia.net/mobilelegends/MPL/Indonesia/Season_1/Regular_Season | https://github.com/LiTianYeoh/MLBB_Tournament_Analysis/blob/94ea36800e80c9e89a2356a0b81d3eeafbd6a4f7/analysis/data/consolidated_game_data_20240505.csv
1,S1-RS-019,2,Team Rev Indo,pick,4,Grock,https://liquipedia.net/mobilelegends/MPL/Indonesia/Season_1/Regular_Season | https://github.com/LiTianYeoh/MLBB_Tournament_Analysis/blob/94ea36800e80c9e89a2356a0b81d3eeafbd6a4f7/analysis/data/consolidated_game_data_20240505.csv
1,S1-RS-019,2,Team Rev Indo,pick,5,Hayabusa,https://liquipedia.net/mobilelegends/MPL/Indonesia/Season_1/Regular_Season | https://github.com/LiTianYeoh/MLBB_Tournament_Analysis/blob/94ea36800e80c9e89a2356a0b81d3eeafbd6a4f7/analysis/data/consolidated_game_data_20240505.csv
1,S1-RS-019,2,Elite 8 Critical Reborn,ban,1,Kagura,https://liquipedia.net/mobilelegends/MPL/Indonesia/Season_1/Regular_Season | https://github.com/LiTianYeoh/MLBB_Tournament_Analysis/blob/94ea36800e80c9e89a2356a0b81d3eeafbd6a4f7/analysis/data/consolidated_game_data_20240505.csv
1,S1-RS-019,2,Elite 8 Critical Reborn,ban,2,Hilda,https://liquipedia.net/mobilelegends/MPL/Indonesia/Season_1/Regular_Season | https://github.com/LiTianYeoh/MLBB_Tournament_Analysis/blob/94ea36800e80c9e89a2356a0b81d3eeafbd6a4f7/analysis/data/consolidated_game_data_20240505.csv
1,S1-RS-019,2,Elite 8 Critical Reborn,pick,1,Balmond,https://liquipedia.net/mobilelegends/MPL/Indonesia/Season_1/Regular_Season | https://github.com/LiTianYeoh/MLBB_Tournament_Analysis/blob/94ea36800e80c9e89a2356a0b81d3eeafbd6a4f7/analysis/data/consolidated_game_data_20240505.csv
1,S1-RS-019,2,Elite 8 Critical Reborn,pick,2,Karrie,https://liquipedia.net/mobilelegends/MPL/Indonesia/Season_1/Regular_Season | https://github.com/LiTianYeoh/MLBB_Tournament_Analysis/blob/94ea36800e80c9e89a2356a0b81d3eeafbd6a4f7/analysis/data/consolidated_game_data_20240505.csv
1,S1-RS-019,2,Elite 8 Critical Reborn,pick,3,Saber,https://liquipedia.net/mobilelegends/MPL/Indonesia/Season_1/Regular_Season | https://github.com/LiTianYeoh/MLBB_Tournament_Analysis/blob/94ea36800e80c9e89a2356a0b81d3eeafbd6a4f7/analysis/data/consolidated_game_data_20240505.csv
1,S1-RS-019,2,Elite 8 Critical Reborn,pick,4,Aurora,https://liquipedia.net/mobilelegends/MPL/Indonesia/Season_1/Regular_Season | https://github.com/LiTianYeoh/MLBB_Tournament_Analysis/blob/94ea36800e80c9e89a2356a0b81d3eeafbd6a4f7/analysis/data/consolidated_game_data_20240505.csv
1,S1-RS-019,2,Elite 8 Critical Reborn,pick,5,Akai,https://liquipedia.net/mobilelegends/MPL/Indonesia/Season_1/Regular_Season | https://github.com/LiTianYeoh/MLBB_Tournament_Analysis/blob/94ea36800e80c9e89a2356a0b81d3eeafbd6a4f7/analysis/data/consolidated_game_data_20240505.csv
1,S1-RS-020,1,RRQ.O2,ban,1,Hilda,https://liquipedia.net/mobilelegends/MPL/Indonesia/Season_1/Regular_Season | https://github.com/LiTianYeoh/MLBB_Tournament_Analysis/blob/94ea36800e80c9e89a2356a0b81d3eeafbd6a4f7/analysis/data/consolidated_game_data_20240505.csv
1,S1-RS-020,1,RRQ.O2,ban,2,Balmond,https://liquipedia.net/mobilelegends/MPL/Indonesia/Season_1/Regular_Season | https://github.com/LiTianYeoh/MLBB_Tournament_Analysis/blob/94ea36800e80c9e89a2356a0b81d3eeafbd6a4f7/analysis/data/consolidated_game_data_20240505.csv
1,S1-RS-020,1,RRQ.O2,pick,1,Harley,https://liquipedia.net/mobilelegends/MPL/Indonesia/Season_1/Regular_Season | https://github.com/LiTianYeoh/MLBB_Tournament_Analysis/blob/94ea36800e80c9e89a2356a0b81d3eeafbd6a4f7/analysis/data/consolidated_game_data_20240505.csv
1,S1-RS-020,1,RRQ.O2,pick,2,Akai,https://liquipedia.net/mobilelegends/MPL/Indonesia/Season_1/Regular_Season | https://github.com/LiTianYeoh/MLBB_Tournament_Analysis/blob/94ea36800e80c9e89a2356a0b81d3eeafbd6a4f7/analysis/data/consolidated_game_data_20240505.csv
1,S1-RS-020,1,RRQ.O2,pick,3,Hayabusa,https://liquipedia.net/mobilelegends/MPL/Indonesia/Season_1/Regular_Season | https://github.com/LiTianYeoh/MLBB_Tournament_Analysis/blob/94ea36800e80c9e89a2356a0b81d3eeafbd6a4f7/analysis/data/consolidated_game_data_20240505.csv
1,S1-RS-020,1,RRQ.O2,pick,4,Zhask,https://liquipedia.net/mobilelegends/MPL/Indonesia/Season_1/Regular_Season | https://github.com/LiTianYeoh/MLBB_Tournament_Analysis/blob/94ea36800e80c9e89a2356a0b81d3eeafbd6a4f7/analysis/data/consolidated_game_data_20240505.csv
1,S1-RS-020,1,RRQ.O2,pick,5,Rafaela,https://liquipedia.net/mobilelegends/MPL/Indonesia/Season_1/Regular_Season | https://github.com/LiTianYeoh/MLBB_Tournament_Analysis/blob/94ea36800e80c9e89a2356a0b81d3eeafbd6a4f7/analysis/data/consolidated_game_data_20240505.csv
1,S1-RS-020,1,Pandora Esports,ban,1,Kagura,https://liquipedia.net/mobilelegends/MPL/Indonesia/Season_1/Regular_Season | https://github.com/LiTianYeoh/MLBB_Tournament_Analysis/blob/94ea36800e80c9e89a2356a0b81d3eeafbd6a4f7/analysis/data/consolidated_game_data_20240505.csv
1,S1-RS-020,1,Pandora Esports,ban,2,Lancelot,https://liquipedia.net/mobilelegends/MPL/Indonesia/Season_1/Regular_Season | https://github.com/LiTianYeoh/MLBB_Tournament_Analysis/blob/94ea36800e80c9e89a2356a0b81d3eeafbd6a4f7/analysis/data/consolidated_game_data_20240505.csv
1,S1-RS-020,1,Pandora Esports,pick,1,Lesley,https://liquipedia.net/mobilelegends/MPL/Indonesia/Season_1/Regular_Season | https://github.com/LiTianYeoh/MLBB_Tournament_Analysis/blob/94ea36800e80c9e89a2356a0b81d3eeafbd6a4f7/analysis/data/consolidated_game_data_20240505.csv
1,S1-RS-020,1,Pandora Esports,pick,2,Cyclops,https://liquipedia.net/mobilelegends/MPL/Indonesia/Season_1/Regular_Season | https://github.com/LiTianYeoh/MLBB_Tournament_Analysis/blob/94ea36800e80c9e89a2356a0b81d3eeafbd6a4f7/analysis/data/consolidated_game_data_20240505.csv
1,S1-RS-020,1,Pandora Esports,pick,3,Hylos,https://liquipedia.net/mobilelegends/MPL/Indonesia/Season_1/Regular_Season | https://github.com/LiTianYeoh/MLBB_Tournament_Analysis/blob/94ea36800e80c9e89a2356a0b81d3eeafbd6a4f7/analysis/data/consolidated_game_data_20240505.csv
1,S1-RS-020,1,Pandora Esports,pick,4,Chou,https://liquipedia.net/mobilelegends/MPL/Indonesia/Season_1/Regular_Season | https://github.com/LiTianYeoh/MLBB_Tournament_Analysis/blob/94ea36800e80c9e89a2356a0b81d3eeafbd6a4f7/analysis/data/consolidated_game_data_20240505.csv
1,S1-RS-020,1,Pandora Esports,pick,5,Saber,https://liquipedia.net/mobilelegends/MPL/Indonesia/Season_1/Regular_Season | https://github.com/LiTianYeoh/MLBB_Tournament_Analysis/blob/94ea36800e80c9e89a2356a0b81d3eeafbd6a4f7/analysis/data/consolidated_game_data_20240505.csv
1,S1-RS-020,2,RRQ.O2,ban,1,Lancelot,https://liquipedia.net/mobilelegends/MPL/Indonesia/Season_1/Regular_Season | https://github.com/LiTianYeoh/MLBB_Tournament_Analysis/blob/94ea36800e80c9e89a2356a0b81d3eeafbd6a4f7/analysis/data/consolidated_game_data_20240505.csv
1,S1-RS-020,2,RRQ.O2,ban,2,Hilda,https://liquipedia.net/mobilelegends/MPL/Indonesia/Season_1/Regular_Season | https://github.com/LiTianYeoh/MLBB_Tournament_Analysis/blob/94ea36800e80c9e89a2356a0b81d3eeafbd6a4f7/analysis/data/consolidated_game_data_20240505.csv
1,S1-RS-020,2,RRQ.O2,pick,1,Grock,https://liquipedia.net/mobilelegends/MPL/Indonesia/Season_1/Regular_Season | https://github.com/LiTianYeoh/MLBB_Tournament_Analysis/blob/94ea36800e80c9e89a2356a0b81d3eeafbd6a4f7/analysis/data/consolidated_game_data_20240505.csv
1,S1-RS-020,2,RRQ.O2,pick,2,Hayabusa,https://liquipedia.net/mobilelegends/MPL/Indonesia/Season_1/Regular_Season | https://github.com/LiTianYeoh/MLBB_Tournament_Analysis/blob/94ea36800e80c9e89a2356a0b81d3eeafbd6a4f7/analysis/data/consolidated_game_data_20240505.csv
1,S1-RS-020,2,RRQ.O2,pick,3,Rafaela,https://liquipedia.net/mobilelegends/MPL/Indonesia/Season_1/Regular_Season | https://github.com/LiTianYeoh/MLBB_Tournament_Analysis/blob/94ea36800e80c9e89a2356a0b81d3eeafbd6a4f7/analysis/data/consolidated_game_data_20240505.csv
1,S1-RS-020,2,RRQ.O2,pick,4,Zhask,https://liquipedia.net/mobilelegends/MPL/Indonesia/Season_1/Regular_Season | https://github.com/LiTianYeoh/MLBB_Tournament_Analysis/blob/94ea36800e80c9e89a2356a0b81d3eeafbd6a4f7/analysis/data/consolidated_game_data_20240505.csv
1,S1-RS-020,2,RRQ.O2,pick,5,Roger,https://liquipedia.net/mobilelegends/MPL/Indonesia/Season_1/Regular_Season | https://github.com/LiTianYeoh/MLBB_Tournament_Analysis/blob/94ea36800e80c9e89a2356a0b81d3eeafbd6a4f7/analysis/data/consolidated_game_data_20240505.csv
1,S1-RS-020,2,Pandora Esports,ban,1,Kagura,https://liquipedia.net/mobilelegends/MPL/Indonesia/Season_1/Regular_Season | https://github.com/LiTianYeoh/MLBB_Tournament_Analysis/blob/94ea36800e80c9e89a2356a0b81d3eeafbd6a4f7/analysis/data/consolidated_game_data_20240505.csv
1,S1-RS-020,2,Pandora Esports,ban,2,Akai,https://liquipedia.net/mobilelegends/MPL/Indonesia/Season_1/Regular_Season | https://github.com/LiTianYeoh/MLBB_Tournament_Analysis/blob/94ea36800e80c9e89a2356a0b81d3eeafbd6a4f7/analysis/data/consolidated_game_data_20240505.csv
1,S1-RS-020,2,Pandora Esports,pick,1,Lesley,https://liquipedia.net/mobilelegends/MPL/Indonesia/Season_1/Regular_Season | https://github.com/LiTianYeoh/MLBB_Tournament_Analysis/blob/94ea36800e80c9e89a2356a0b81d3eeafbd6a4f7/analysis/data/consolidated_game_data_20240505.csv
1,S1-RS-020,2,Pandora Esports,pick,2,Hylos,https://liquipedia.net/mobilelegends/MPL/Indonesia/Season_1/Regular_Season | https://github.com/LiTianYeoh/MLBB_Tournament_Analysis/blob/94ea36800e80c9e89a2356a0b81d3eeafbd6a4f7/analysis/data/consolidated_game_data_20240505.csv
1,S1-RS-020,2,Pandora Esports,pick,3,Chou,https://liquipedia.net/mobilelegends/MPL/Indonesia/Season_1/Regular_Season | https://github.com/LiTianYeoh/MLBB_Tournament_Analysis/blob/94ea36800e80c9e89a2356a0b81d3eeafbd6a4f7/analysis/data/consolidated_game_data_20240505.csv
1,S1-RS-020,2,Pandora Esports,pick,4,Saber,https://liquipedia.net/mobilelegends/MPL/Indonesia/Season_1/Regular_Season | https://github.com/LiTianYeoh/MLBB_Tournament_Analysis/blob/94ea36800e80c9e89a2356a0b81d3eeafbd6a4f7/analysis/data/consolidated_game_data_20240505.csv
1,S1-RS-020,2,Pandora Esports,pick,5,Harley,https://liquipedia.net/mobilelegends/MPL/Indonesia/Season_1/Regular_Season | https://github.com/LiTianYeoh/MLBB_Tournament_Analysis/blob/94ea36800e80c9e89a2356a0b81d3eeafbd6a4f7/analysis/data/consolidated_game_data_20240505.csv
1,S1-RS-021,1,EVOS Esports,ban,1,Akai,https://liquipedia.net/mobilelegends/MPL/Indonesia/Season_1/Regular_Season | https://github.com/LiTianYeoh/MLBB_Tournament_Analysis/blob/94ea36800e80c9e89a2356a0b81d3eeafbd6a4f7/analysis/data/consolidated_game_data_20240505.csv
1,S1-RS-021,1,EVOS Esports,ban,2,Kagura,https://liquipedia.net/mobilelegends/MPL/Indonesia/Season_1/Regular_Season | https://github.com/LiTianYeoh/MLBB_Tournament_Analysis/blob/94ea36800e80c9e89a2356a0b81d3eeafbd6a4f7/analysis/data/consolidated_game_data_20240505.csv
1,S1-RS-021,1,EVOS Esports,pick,1,Harley,https://liquipedia.net/mobilelegends/MPL/Indonesia/Season_1/Regular_Season | https://github.com/LiTianYeoh/MLBB_Tournament_Analysis/blob/94ea36800e80c9e89a2356a0b81d3eeafbd6a4f7/analysis/data/consolidated_game_data_20240505.csv
1,S1-RS-021,1,EVOS Esports,pick,2,Hilda,https://liquipedia.net/mobilelegends/MPL/Indonesia/Season_1/Regular_Season | https://github.com/LiTianYeoh/MLBB_Tournament_Analysis/blob/94ea36800e80c9e89a2356a0b81d3eeafbd6a4f7/analysis/data/consolidated_game_data_20240505.csv
1,S1-RS-021,1,EVOS Esports,pick,3,Hayabusa,https://liquipedia.net/mobilelegends/MPL/Indonesia/Season_1/Regular_Season | https://github.com/LiTianYeoh/MLBB_Tournament_Analysis/blob/94ea36800e80c9e89a2356a0b81d3eeafbd6a4f7/analysis/data/consolidated_game_data_20240505.csv
1,S1-RS-021,1,EVOS Esports,pick,4,Bruno,https://liquipedia.net/mobilelegends/MPL/Indonesia/Season_1/Regular_Season | https://github.com/LiTianYeoh/MLBB_Tournament_Analysis/blob/94ea36800e80c9e89a2356a0b81d3eeafbd6a4f7/analysis/data/consolidated_game_data_20240505.csv
1,S1-RS-021,1,EVOS Esports,pick,5,Grock,https://liquipedia.net/mobilelegends/MPL/Indonesia/Season_1/Regular_Season | https://github.com/LiTianYeoh/MLBB_Tournament_Analysis/blob/94ea36800e80c9e89a2356a0b81d3eeafbd6a4f7/analysis/data/consolidated_game_data_20240505.csv
1,S1-RS-021,1,Team NXL,ban,1,Lancelot,https://liquipedia.net/mobilelegends/MPL/Indonesia/Season_1/Regular_Season | https://github.com/LiTianYeoh/MLBB_Tournament_Analysis/blob/94ea36800e80c9e89a2356a0b81d3eeafbd6a4f7/analysis/data/consolidated_game_data_20240505.csv
1,S1-RS-021,1,Team NXL,ban,2,Fanny,https://liquipedia.net/mobilelegends/MPL/Indonesia/Season_1/Regular_Season | https://github.com/LiTianYeoh/MLBB_Tournament_Analysis/blob/94ea36800e80c9e89a2356a0b81d3eeafbd6a4f7/analysis/data/consolidated_game_data_20240505.csv
1,S1-RS-021,1,Team NXL,pick,1,Lesley,https://liquipedia.net/mobilelegends/MPL/Indonesia/Season_1/Regular_Season | https://github.com/LiTianYeoh/MLBB_Tournament_Analysis/blob/94ea36800e80c9e89a2356a0b81d3eeafbd6a4f7/analysis/data/consolidated_game_data_20240505.csv
1,S1-RS-021,1,Team NXL,pick,2,Hylos,https://liquipedia.net/mobilelegends/MPL/Indonesia/Season_1/Regular_Season | https://github.com/LiTianYeoh/MLBB_Tournament_Analysis/blob/94ea36800e80c9e89a2356a0b81d3eeafbd6a4f7/analysis/data/consolidated_game_data_20240505.csv
1,S1-RS-021,1,Team NXL,pick,3,Zhask,https://liquipedia.net/mobilelegends/MPL/Indonesia/Season_1/Regular_Season | https://github.com/LiTianYeoh/MLBB_Tournament_Analysis/blob/94ea36800e80c9e89a2356a0b81d3eeafbd6a4f7/analysis/data/consolidated_game_data_20240505.csv
1,S1-RS-021,1,Team NXL,pick,4,Saber,https://liquipedia.net/mobilelegends/MPL/Indonesia/Season_1/Regular_Season | https://github.com/LiTianYeoh/MLBB_Tournament_Analysis/blob/94ea36800e80c9e89a2356a0b81d3eeafbd6a4f7/analysis/data/consolidated_game_data_20240505.csv
1,S1-RS-021,1,Team NXL,pick,5,Chou,https://liquipedia.net/mobilelegends/MPL/Indonesia/Season_1/Regular_Season | https://github.com/LiTianYeoh/MLBB_Tournament_Analysis/blob/94ea36800e80c9e89a2356a0b81d3eeafbd6a4f7/analysis/data/consolidated_game_data_20240505.csv
1,S1-RS-021,2,EVOS Esports,ban,1,Lancelot,https://liquipedia.net/mobilelegends/MPL/Indonesia/Season_1/Regular_Season | https://github.com/LiTianYeoh/MLBB_Tournament_Analysis/blob/94ea36800e80c9e89a2356a0b81d3eeafbd6a4f7/analysis/data/consolidated_game_data_20240505.csv
1,S1-RS-021,2,EVOS Esports,ban,2,Kagura,https://liquipedia.net/mobilelegends/MPL/Indonesia/Season_1/Regular_Season | https://github.com/LiTianYeoh/MLBB_Tournament_Analysis/blob/94ea36800e80c9e89a2356a0b81d3eeafbd6a4f7/analysis/data/consolidated_game_data_20240505.csv
1,S1-RS-021,2,EVOS Esports,pick,1,Saber,https://liquipedia.net/mobilelegends/MPL/Indonesia/Season_1/Regular_Season | https://github.com/LiTianYeoh/MLBB_Tournament_Analysis/blob/94ea36800e80c9e89a2356a0b81d3eeafbd6a4f7/analysis/data/consolidated_game_data_20240505.csv
1,S1-RS-021,2,EVOS Esports,pick,2,Chou,https://liquipedia.net/mobilelegends/MPL/Indonesia/Season_1/Regular_Season | https://github.com/LiTianYeoh/MLBB_Tournament_Analysis/blob/94ea36800e80c9e89a2356a0b81d3eeafbd6a4f7/analysis/data/consolidated_game_data_20240505.csv
1,S1-RS-021,2,EVOS Esports,pick,3,Helcurt,https://liquipedia.net/mobilelegends/MPL/Indonesia/Season_1/Regular_Season | https://github.com/LiTianYeoh/MLBB_Tournament_Analysis/blob/94ea36800e80c9e89a2356a0b81d3eeafbd6a4f7/analysis/data/consolidated_game_data_20240505.csv
1,S1-RS-021,2,EVOS Esports,pick,4,Hylos,https://liquipedia.net/mobilelegends/MPL/Indonesia/Season_1/Regular_Season | https://github.com/LiTianYeoh/MLBB_Tournament_Analysis/blob/94ea36800e80c9e89a2356a0b81d3eeafbd6a4f7/analysis/data/consolidated_game_data_20240505.csv
1,S1-RS-021,2,EVOS Esports,pick,5,Cyclops,https://liquipedia.net/mobilelegends/MPL/Indonesia/Season_1/Regular_Season | https://github.com/LiTianYeoh/MLBB_Tournament_Analysis/blob/94ea36800e80c9e89a2356a0b81d3eeafbd6a4f7/analysis/data/consolidated_game_data_20240505.csv
1,S1-RS-021,2,Team NXL,ban,1,Hayabusa,https://liquipedia.net/mobilelegends/MPL/Indonesia/Season_1/Regular_Season | https://github.com/LiTianYeoh/MLBB_Tournament_Analysis/blob/94ea36800e80c9e89a2356a0b81d3eeafbd6a4f7/analysis/data/consolidated_game_data_20240505.csv
1,S1-RS-021,2,Team NXL,ban,2,Akai,https://liquipedia.net/mobilelegends/MPL/Indonesia/Season_1/Regular_Season | https://github.com/LiTianYeoh/MLBB_Tournament_Analysis/blob/94ea36800e80c9e89a2356a0b81d3eeafbd6a4f7/analysis/data/consolidated_game_data_20240505.csv
1,S1-RS-021,2,Team NXL,pick,1,Grock,https://liquipedia.net/mobilelegends/MPL/Indonesia/Season_1/Regular_Season | https://github.com/LiTianYeoh/MLBB_Tournament_Analysis/blob/94ea36800e80c9e89a2356a0b81d3eeafbd6a4f7/analysis/data/consolidated_game_data_20240505.csv
1,S1-RS-021,2,Team NXL,pick,2,Bruno,https://liquipedia.net/mobilelegends/MPL/Indonesia/Season_1/Regular_Season | https://github.com/LiTianYeoh/MLBB_Tournament_Analysis/blob/94ea36800e80c9e89a2356a0b81d3eeafbd6a4f7/analysis/data/consolidated_game_data_20240505.csv
1,S1-RS-021,2,Team NXL,pick,3,Hilda,https://liquipedia.net/mobilelegends/MPL/Indonesia/Season_1/Regular_Season | https://github.com/LiTianYeoh/MLBB_Tournament_Analysis/blob/94ea36800e80c9e89a2356a0b81d3eeafbd6a4f7/analysis/data/consolidated_game_data_20240505.csv
1,S1-RS-021,2,Team NXL,pick,4,Fanny,https://liquipedia.net/mobilelegends/MPL/Indonesia/Season_1/Regular_Season | https://github.com/LiTianYeoh/MLBB_Tournament_Analysis/blob/94ea36800e80c9e89a2356a0b81d3eeafbd6a4f7/analysis/data/consolidated_game_data_20240505.csv
1,S1-RS-021,2,Team NXL,pick,5,Harley,https://liquipedia.net/mobilelegends/MPL/Indonesia/Season_1/Regular_Season | https://github.com/LiTianYeoh/MLBB_Tournament_Analysis/blob/94ea36800e80c9e89a2356a0b81d3eeafbd6a4f7/analysis/data/consolidated_game_data_20240505.csv
1,S1-RS-022,1,Elite 8 Critical Reborn,ban,1,Diggie,https://liquipedia.net/mobilelegends/MPL/Indonesia/Season_1/Regular_Season | https://github.com/LiTianYeoh/MLBB_Tournament_Analysis/blob/94ea36800e80c9e89a2356a0b81d3eeafbd6a4f7/analysis/data/consolidated_game_data_20240505.csv
1,S1-RS-022,1,Elite 8 Critical Reborn,ban,2,Aurora,https://liquipedia.net/mobilelegends/MPL/Indonesia/Season_1/Regular_Season | https://github.com/LiTianYeoh/MLBB_Tournament_Analysis/blob/94ea36800e80c9e89a2356a0b81d3eeafbd6a4f7/analysis/data/consolidated_game_data_20240505.csv
1,S1-RS-022,1,Elite 8 Critical Reborn,pick,1,Harley,https://liquipedia.net/mobilelegends/MPL/Indonesia/Season_1/Regular_Season | https://github.com/LiTianYeoh/MLBB_Tournament_Analysis/blob/94ea36800e80c9e89a2356a0b81d3eeafbd6a4f7/analysis/data/consolidated_game_data_20240505.csv
1,S1-RS-022,1,Elite 8 Critical Reborn,pick,2,Aurora,https://liquipedia.net/mobilelegends/MPL/Indonesia/Season_1/Regular_Season | https://github.com/LiTianYeoh/MLBB_Tournament_Analysis/blob/94ea36800e80c9e89a2356a0b81d3eeafbd6a4f7/analysis/data/consolidated_game_data_20240505.csv
1,S1-RS-022,1,Elite 8 Critical Reborn,pick,3,Chou,https://liquipedia.net/mobilelegends/MPL/Indonesia/Season_1/Regular_Season | https://github.com/LiTianYeoh/MLBB_Tournament_Analysis/blob/94ea36800e80c9e89a2356a0b81d3eeafbd6a4f7/analysis/data/consolidated_game_data_20240505.csv
1,S1-RS-022,1,Elite 8 Critical Reborn,pick,4,Hilda,https://liquipedia.net/mobilelegends/MPL/Indonesia/Season_1/Regular_Season | https://github.com/LiTianYeoh/MLBB_Tournament_Analysis/blob/94ea36800e80c9e89a2356a0b81d3eeafbd6a4f7/analysis/data/consolidated_game_data_20240505.csv
1,S1-RS-022,1,Elite 8 Critical Reborn,pick,5,Lesley,https://liquipedia.net/mobilelegends/MPL/Indonesia/Season_1/Regular_Season | https://github.com/LiTianYeoh/MLBB_Tournament_Analysis/blob/94ea36800e80c9e89a2356a0b81d3eeafbd6a4f7/analysis/data/consolidated_game_data_20240505.csv
1,S1-RS-022,1,Saints Indo 2,ban,1,Lancelot,https://liquipedia.net/mobilelegends/MPL/Indonesia/Season_1/Regular_Season | https://github.com/LiTianYeoh/MLBB_Tournament_Analysis/blob/94ea36800e80c9e89a2356a0b81d3eeafbd6a4f7/analysis/data/consolidated_game_data_20240505.csv
1,S1-RS-022,1,Saints Indo 2,ban,2,Akai,https://liquipedia.net/mobilelegends/MPL/Indonesia/Season_1/Regular_Season | https://github.com/LiTianYeoh/MLBB_Tournament_Analysis/blob/94ea36800e80c9e89a2356a0b81d3eeafbd6a4f7/analysis/data/consolidated_game_data_20240505.csv
1,S1-RS-022,1,Saints Indo 2,pick,1,Zhask,https://liquipedia.net/mobilelegends/MPL/Indonesia/Season_1/Regular_Season | https://github.com/LiTianYeoh/MLBB_Tournament_Analysis/blob/94ea36800e80c9e89a2356a0b81d3eeafbd6a4f7/analysis/data/consolidated_game_data_20240505.csv
1,S1-RS-022,1,Saints Indo 2,pick,2,Hayabusa,https://liquipedia.net/mobilelegends/MPL/Indonesia/Season_1/Regular_Season | https://github.com/LiTianYeoh/MLBB_Tournament_Analysis/blob/94ea36800e80c9e89a2356a0b81d3eeafbd6a4f7/analysis/data/consolidated_game_data_20240505.csv
1,S1-RS-022,1,Saints Indo 2,pick,3,Lolita,https://liquipedia.net/mobilelegends/MPL/Indonesia/Season_1/Regular_Season | https://github.com/LiTianYeoh/MLBB_Tournament_Analysis/blob/94ea36800e80c9e89a2356a0b81d3eeafbd6a4f7/analysis/data/consolidated_game_data_20240505.csv
1,S1-RS-022,1,Saints Indo 2,pick,4,Saber,https://liquipedia.net/mobilelegends/MPL/Indonesia/Season_1/Regular_Season | https://github.com/LiTianYeoh/MLBB_Tournament_Analysis/blob/94ea36800e80c9e89a2356a0b81d3eeafbd6a4f7/analysis/data/consolidated_game_data_20240505.csv
1,S1-RS-022,1,Saints Indo 2,pick,5,Grock,https://liquipedia.net/mobilelegends/MPL/Indonesia/Season_1/Regular_Season | https://github.com/LiTianYeoh/MLBB_Tournament_Analysis/blob/94ea36800e80c9e89a2356a0b81d3eeafbd6a4f7/analysis/data/consolidated_game_data_20240505.csv
1,S1-RS-022,2,Elite 8 Critical Reborn,ban,1,Kagura,https://liquipedia.net/mobilelegends/MPL/Indonesia/Season_1/Regular_Season | https://github.com/LiTianYeoh/MLBB_Tournament_Analysis/blob/94ea36800e80c9e89a2356a0b81d3eeafbd6a4f7/analysis/data/consolidated_game_data_20240505.csv
1,S1-RS-022,2,Elite 8 Critical Reborn,ban,2,Lancelot,https://liquipedia.net/mobilelegends/MPL/Indonesia/Season_1/Regular_Season | https://github.com/LiTianYeoh/MLBB_Tournament_Analysis/blob/94ea36800e80c9e89a2356a0b81d3eeafbd6a4f7/analysis/data/consolidated_game_data_20240505.csv
1,S1-RS-022,2,Elite 8 Critical Reborn,pick,1,Saber,https://liquipedia.net/mobilelegends/MPL/Indonesia/Season_1/Regular_Season | https://github.com/LiTianYeoh/MLBB_Tournament_Analysis/blob/94ea36800e80c9e89a2356a0b81d3eeafbd6a4f7/analysis/data/consolidated_game_data_20240505.csv
1,S1-RS-022,2,Elite 8 Critical Reborn,pick,2,Grock,https://liquipedia.net/mobilelegends/MPL/Indonesia/Season_1/Regular_Season | https://github.com/LiTianYeoh/MLBB_Tournament_Analysis/blob/94ea36800e80c9e89a2356a0b81d3eeafbd6a4f7/analysis/data/consolidated_game_data_20240505.csv
1,S1-RS-022,2,Elite 8 Critical Reborn,pick,3,Hilda,https://liquipedia.net/mobilelegends/MPL/Indonesia/Season_1/Regular_Season | https://github.com/LiTianYeoh/MLBB_Tournament_Analysis/blob/94ea36800e80c9e89a2356a0b81d3eeafbd6a4f7/analysis/data/consolidated_game_data_20240505.csv
1,S1-RS-022,2,Elite 8 Critical Reborn,pick,4,Zhask,https://liquipedia.net/mobilelegends/MPL/Indonesia/Season_1/Regular_Season | https://github.com/LiTianYeoh/MLBB_Tournament_Analysis/blob/94ea36800e80c9e89a2356a0b81d3eeafbd6a4f7/analysis/data/consolidated_game_data_20240505.csv
1,S1-RS-022,2,Elite 8 Critical Reborn,pick,5,Bruno,https://liquipedia.net/mobilelegends/MPL/Indonesia/Season_1/Regular_Season | https://github.com/LiTianYeoh/MLBB_Tournament_Analysis/blob/94ea36800e80c9e89a2356a0b81d3eeafbd6a4f7/analysis/data/consolidated_game_data_20240505.csv
1,S1-RS-022,2,Saints Indo 2,ban,1,Cyclops,https://liquipedia.net/mobilelegends/MPL/Indonesia/Season_1/Regular_Season | https://github.com/LiTianYeoh/MLBB_Tournament_Analysis/blob/94ea36800e80c9e89a2356a0b81d3eeafbd6a4f7/analysis/data/consolidated_game_data_20240505.csv
1,S1-RS-022,2,Saints Indo 2,ban,2,Akai,https://liquipedia.net/mobilelegends/MPL/Indonesia/Season_1/Regular_Season | https://github.com/LiTianYeoh/MLBB_Tournament_Analysis/blob/94ea36800e80c9e89a2356a0b81d3eeafbd6a4f7/analysis/data/consolidated_game_data_20240505.csv
1,S1-RS-022,2,Saints Indo 2,pick,1,Hayabusa,https://liquipedia.net/mobilelegends/MPL/Indonesia/Season_1/Regular_Season | https://github.com/LiTianYeoh/MLBB_Tournament_Analysis/blob/94ea36800e80c9e89a2356a0b81d3eeafbd6a4f7/analysis/data/consolidated_game_data_20240505.csv
1,S1-RS-022,2,Saints Indo 2,pick,2,Alice,https://liquipedia.net/mobilelegends/MPL/Indonesia/Season_1/Regular_Season | https://github.com/LiTianYeoh/MLBB_Tournament_Analysis/blob/94ea36800e80c9e89a2356a0b81d3eeafbd6a4f7/analysis/data/consolidated_game_data_20240505.csv
1,S1-RS-022,2,Saints Indo 2,pick,3,Chou,https://liquipedia.net/mobilelegends/MPL/Indonesia/Season_1/Regular_Season | https://github.com/LiTianYeoh/MLBB_Tournament_Analysis/blob/94ea36800e80c9e89a2356a0b81d3eeafbd6a4f7/analysis/data/consolidated_game_data_20240505.csv
1,S1-RS-022,2,Saints Indo 2,pick,4,Lesley,https://liquipedia.net/mobilelegends/MPL/Indonesia/Season_1/Regular_Season | https://github.com/LiTianYeoh/MLBB_Tournament_Analysis/blob/94ea36800e80c9e89a2356a0b81d3eeafbd6a4f7/analysis/data/consolidated_game_data_20240505.csv
1,S1-RS-022,2,Saints Indo 2,pick,5,Harley,https://liquipedia.net/mobilelegends/MPL/Indonesia/Season_1/Regular_Season | https://github.com/LiTianYeoh/MLBB_Tournament_Analysis/blob/94ea36800e80c9e89a2356a0b81d3eeafbd6a4f7/analysis/data/consolidated_game_data_20240505.csv
1,S1-RS-023,1,Team Rev Indo,ban,1,Akai,https://liquipedia.net/mobilelegends/MPL/Indonesia/Season_1/Regular_Season | https://github.com/LiTianYeoh/MLBB_Tournament_Analysis/blob/94ea36800e80c9e89a2356a0b81d3eeafbd6a4f7/analysis/data/consolidated_game_data_20240505.csv
1,S1-RS-023,1,Team Rev Indo,ban,2,Hylos,https://liquipedia.net/mobilelegends/MPL/Indonesia/Season_1/Regular_Season | https://github.com/LiTianYeoh/MLBB_Tournament_Analysis/blob/94ea36800e80c9e89a2356a0b81d3eeafbd6a4f7/analysis/data/consolidated_game_data_20240505.csv
1,S1-RS-023,1,Team Rev Indo,pick,1,Kagura,https://liquipedia.net/mobilelegends/MPL/Indonesia/Season_1/Regular_Season | https://github.com/LiTianYeoh/MLBB_Tournament_Analysis/blob/94ea36800e80c9e89a2356a0b81d3eeafbd6a4f7/analysis/data/consolidated_game_data_20240505.csv
1,S1-RS-023,1,Team Rev Indo,pick,2,Grock,https://liquipedia.net/mobilelegends/MPL/Indonesia/Season_1/Regular_Season | https://github.com/LiTianYeoh/MLBB_Tournament_Analysis/blob/94ea36800e80c9e89a2356a0b81d3eeafbd6a4f7/analysis/data/consolidated_game_data_20240505.csv
1,S1-RS-023,1,Team Rev Indo,pick,3,Chou,https://liquipedia.net/mobilelegends/MPL/Indonesia/Season_1/Regular_Season | https://github.com/LiTianYeoh/MLBB_Tournament_Analysis/blob/94ea36800e80c9e89a2356a0b81d3eeafbd6a4f7/analysis/data/consolidated_game_data_20240505.csv
1,S1-RS-023,1,Team Rev Indo,pick,4,Karrie,https://liquipedia.net/mobilelegends/MPL/Indonesia/Season_1/Regular_Season | https://github.com/LiTianYeoh/MLBB_Tournament_Analysis/blob/94ea36800e80c9e89a2356a0b81d3eeafbd6a4f7/analysis/data/consolidated_game_data_20240505.csv
1,S1-RS-023,1,Team Rev Indo,pick,5,Zilong,https://liquipedia.net/mobilelegends/MPL/Indonesia/Season_1/Regular_Season | https://github.com/LiTianYeoh/MLBB_Tournament_Analysis/blob/94ea36800e80c9e89a2356a0b81d3eeafbd6a4f7/analysis/data/consolidated_game_data_20240505.csv
1,S1-RS-023,1,Domino's Hunters,ban,1,Lancelot,https://liquipedia.net/mobilelegends/MPL/Indonesia/Season_1/Regular_Season | https://github.com/LiTianYeoh/MLBB_Tournament_Analysis/blob/94ea36800e80c9e89a2356a0b81d3eeafbd6a4f7/analysis/data/consolidated_game_data_20240505.csv
1,S1-RS-023,1,Domino's Hunters,ban,2,Saber,https://liquipedia.net/mobilelegends/MPL/Indonesia/Season_1/Regular_Season | https://github.com/LiTianYeoh/MLBB_Tournament_Analysis/blob/94ea36800e80c9e89a2356a0b81d3eeafbd6a4f7/analysis/data/consolidated_game_data_20240505.csv
1,S1-RS-023,1,Domino's Hunters,pick,1,Alucard,https://liquipedia.net/mobilelegends/MPL/Indonesia/Season_1/Regular_Season | https://github.com/LiTianYeoh/MLBB_Tournament_Analysis/blob/94ea36800e80c9e89a2356a0b81d3eeafbd6a4f7/analysis/data/consolidated_game_data_20240505.csv
1,S1-RS-023,1,Domino's Hunters,pick,2,Lolita,https://liquipedia.net/mobilelegends/MPL/Indonesia/Season_1/Regular_Season | https://github.com/LiTianYeoh/MLBB_Tournament_Analysis/blob/94ea36800e80c9e89a2356a0b81d3eeafbd6a4f7/analysis/data/consolidated_game_data_20240505.csv
1,S1-RS-023,1,Domino's Hunters,pick,3,Harley,https://liquipedia.net/mobilelegends/MPL/Indonesia/Season_1/Regular_Season | https://github.com/LiTianYeoh/MLBB_Tournament_Analysis/blob/94ea36800e80c9e89a2356a0b81d3eeafbd6a4f7/analysis/data/consolidated_game_data_20240505.csv
1,S1-RS-023,1,Domino's Hunters,pick,4,Hilda,https://liquipedia.net/mobilelegends/MPL/Indonesia/Season_1/Regular_Season | https://github.com/LiTianYeoh/MLBB_Tournament_Analysis/blob/94ea36800e80c9e89a2356a0b81d3eeafbd6a4f7/analysis/data/consolidated_game_data_20240505.csv
1,S1-RS-023,1,Domino's Hunters,pick,5,Lesley,https://liquipedia.net/mobilelegends/MPL/Indonesia/Season_1/Regular_Season | https://github.com/LiTianYeoh/MLBB_Tournament_Analysis/blob/94ea36800e80c9e89a2356a0b81d3eeafbd6a4f7/analysis/data/consolidated_game_data_20240505.csv
1,S1-RS-023,2,Team Rev Indo,ban,1,Diggie,https://liquipedia.net/mobilelegends/MPL/Indonesia/Season_1/Regular_Season | https://github.com/LiTianYeoh/MLBB_Tournament_Analysis/blob/94ea36800e80c9e89a2356a0b81d3eeafbd6a4f7/analysis/data/consolidated_game_data_20240505.csv
1,S1-RS-023,2,Team Rev Indo,ban,2,Kagura,https://liquipedia.net/mobilelegends/MPL/Indonesia/Season_1/Regular_Season | https://github.com/LiTianYeoh/MLBB_Tournament_Analysis/blob/94ea36800e80c9e89a2356a0b81d3eeafbd6a4f7/analysis/data/consolidated_game_data_20240505.csv
1,S1-RS-023,2,Team Rev Indo,pick,1,Harley,https://liquipedia.net/mobilelegends/MPL/Indonesia/Season_1/Regular_Season | https://github.com/LiTianYeoh/MLBB_Tournament_Analysis/blob/94ea36800e80c9e89a2356a0b81d3eeafbd6a4f7/analysis/data/consolidated_game_data_20240505.csv
1,S1-RS-023,2,Team Rev Indo,pick,2,Akai,https://liquipedia.net/mobilelegends/MPL/Indonesia/Season_1/Regular_Season | https://github.com/LiTianYeoh/MLBB_Tournament_Analysis/blob/94ea36800e80c9e89a2356a0b81d3eeafbd6a4f7/analysis/data/consolidated_game_data_20240505.csv
1,S1-RS-023,2,Team Rev Indo,pick,3,Balmond,https://liquipedia.net/mobilelegends/MPL/Indonesia/Season_1/Regular_Season | https://github.com/LiTianYeoh/MLBB_Tournament_Analysis/blob/94ea36800e80c9e89a2356a0b81d3eeafbd6a4f7/analysis/data/consolidated_game_data_20240505.csv
1,S1-RS-023,2,Team Rev Indo,pick,4,Karrie,https://liquipedia.net/mobilelegends/MPL/Indonesia/Season_1/Regular_Season | https://github.com/LiTianYeoh/MLBB_Tournament_Analysis/blob/94ea36800e80c9e89a2356a0b81d3eeafbd6a4f7/analysis/data/consolidated_game_data_20240505.csv
1,S1-RS-023,2,Team Rev Indo,pick,5,Zilong,https://liquipedia.net/mobilelegends/MPL/Indonesia/Season_1/Regular_Season | https://github.com/LiTianYeoh/MLBB_Tournament_Analysis/blob/94ea36800e80c9e89a2356a0b81d3eeafbd6a4f7/analysis/data/consolidated_game_data_20240505.csv
1,S1-RS-023,2,Domino's Hunters,ban,1,Saber,https://liquipedia.net/mobilelegends/MPL/Indonesia/Season_1/Regular_Season | https://github.com/LiTianYeoh/MLBB_Tournament_Analysis/blob/94ea36800e80c9e89a2356a0b81d3eeafbd6a4f7/analysis/data/consolidated_game_data_20240505.csv
1,S1-RS-023,2,Domino's Hunters,ban,2,Lancelot,https://liquipedia.net/mobilelegends/MPL/Indonesia/Season_1/Regular_Season | https://github.com/LiTianYeoh/MLBB_Tournament_Analysis/blob/94ea36800e80c9e89a2356a0b81d3eeafbd6a4f7/analysis/data/consolidated_game_data_20240505.csv
1,S1-RS-023,2,Domino's Hunters,pick,1,Hayabusa,https://liquipedia.net/mobilelegends/MPL/Indonesia/Season_1/Regular_Season | https://github.com/LiTianYeoh/MLBB_Tournament_Analysis/blob/94ea36800e80c9e89a2356a0b81d3eeafbd6a4f7/analysis/data/consolidated_game_data_20240505.csv
1,S1-RS-023,2,Domino's Hunters,pick,2,Cyclops,https://liquipedia.net/mobilelegends/MPL/Indonesia/Season_1/Regular_Season | https://github.com/LiTianYeoh/MLBB_Tournament_Analysis/blob/94ea36800e80c9e89a2356a0b81d3eeafbd6a4f7/analysis/data/consolidated_game_data_20240505.csv
1,S1-RS-023,2,Domino's Hunters,pick,3,Lesley,https://liquipedia.net/mobilelegends/MPL/Indonesia/Season_1/Regular_Season | https://github.com/LiTianYeoh/MLBB_Tournament_Analysis/blob/94ea36800e80c9e89a2356a0b81d3eeafbd6a4f7/analysis/data/consolidated_game_data_20240505.csv
1,S1-RS-023,2,Domino's Hunters,pick,4,Hylos,https://liquipedia.net/mobilelegends/MPL/Indonesia/Season_1/Regular_Season | https://github.com/LiTianYeoh/MLBB_Tournament_Analysis/blob/94ea36800e80c9e89a2356a0b81d3eeafbd6a4f7/analysis/data/consolidated_game_data_20240505.csv
1,S1-RS-023,2,Domino's Hunters,pick,5,Hilda,https://liquipedia.net/mobilelegends/MPL/Indonesia/Season_1/Regular_Season | https://github.com/LiTianYeoh/MLBB_Tournament_Analysis/blob/94ea36800e80c9e89a2356a0b81d3eeafbd6a4f7/analysis/data/consolidated_game_data_20240505.csv
1,S1-RS-024,1,Pandora Esports,ban,1,Hilda,https://liquipedia.net/mobilelegends/MPL/Indonesia/Season_1/Regular_Season | https://github.com/LiTianYeoh/MLBB_Tournament_Analysis/blob/94ea36800e80c9e89a2356a0b81d3eeafbd6a4f7/analysis/data/consolidated_game_data_20240505.csv
1,S1-RS-024,1,Pandora Esports,ban,2,Kagura,https://liquipedia.net/mobilelegends/MPL/Indonesia/Season_1/Regular_Season | https://github.com/LiTianYeoh/MLBB_Tournament_Analysis/blob/94ea36800e80c9e89a2356a0b81d3eeafbd6a4f7/analysis/data/consolidated_game_data_20240505.csv
1,S1-RS-024,1,Pandora Esports,pick,1,Harley,https://liquipedia.net/mobilelegends/MPL/Indonesia/Season_1/Regular_Season | https://github.com/LiTianYeoh/MLBB_Tournament_Analysis/blob/94ea36800e80c9e89a2356a0b81d3eeafbd6a4f7/analysis/data/consolidated_game_data_20240505.csv
1,S1-RS-024,1,Pandora Esports,pick,2,Grock,https://liquipedia.net/mobilelegends/MPL/Indonesia/Season_1/Regular_Season | https://github.com/LiTianYeoh/MLBB_Tournament_Analysis/blob/94ea36800e80c9e89a2356a0b81d3eeafbd6a4f7/analysis/data/consolidated_game_data_20240505.csv
1,S1-RS-024,1,Pandora Esports,pick,3,Saber,https://liquipedia.net/mobilelegends/MPL/Indonesia/Season_1/Regular_Season | https://github.com/LiTianYeoh/MLBB_Tournament_Analysis/blob/94ea36800e80c9e89a2356a0b81d3eeafbd6a4f7/analysis/data/consolidated_game_data_20240505.csv
1,S1-RS-024,1,Pandora Esports,pick,4,Balmond,https://liquipedia.net/mobilelegends/MPL/Indonesia/Season_1/Regular_Season | https://github.com/LiTianYeoh/MLBB_Tournament_Analysis/blob/94ea36800e80c9e89a2356a0b81d3eeafbd6a4f7/analysis/data/consolidated_game_data_20240505.csv
1,S1-RS-024,1,Pandora Esports,pick,5,Bruno,https://liquipedia.net/mobilelegends/MPL/Indonesia/Season_1/Regular_Season | https://github.com/LiTianYeoh/MLBB_Tournament_Analysis/blob/94ea36800e80c9e89a2356a0b81d3eeafbd6a4f7/analysis/data/consolidated_game_data_20240505.csv
1,S1-RS-024,1,Louvre Esports,ban,1,Lancelot,https://liquipedia.net/mobilelegends/MPL/Indonesia/Season_1/Regular_Season | https://github.com/LiTianYeoh/MLBB_Tournament_Analysis/blob/94ea36800e80c9e89a2356a0b81d3eeafbd6a4f7/analysis/data/consolidated_game_data_20240505.csv
1,S1-RS-024,1,Louvre Esports,ban,2,Akai,https://liquipedia.net/mobilelegends/MPL/Indonesia/Season_1/Regular_Season | https://github.com/LiTianYeoh/MLBB_Tournament_Analysis/blob/94ea36800e80c9e89a2356a0b81d3eeafbd6a4f7/analysis/data/consolidated_game_data_20240505.csv
1,S1-RS-024,1,Louvre Esports,pick,1,Lapu-Lapu,https://liquipedia.net/mobilelegends/MPL/Indonesia/Season_1/Regular_Season | https://github.com/LiTianYeoh/MLBB_Tournament_Analysis/blob/94ea36800e80c9e89a2356a0b81d3eeafbd6a4f7/analysis/data/consolidated_game_data_20240505.csv
1,S1-RS-024,1,Louvre Esports,pick,2,Lesley,https://liquipedia.net/mobilelegends/MPL/Indonesia/Season_1/Regular_Season | https://github.com/LiTianYeoh/MLBB_Tournament_Analysis/blob/94ea36800e80c9e89a2356a0b81d3eeafbd6a4f7/analysis/data/consolidated_game_data_20240505.csv
1,S1-RS-024,1,Louvre Esports,pick,3,Cyclops,https://liquipedia.net/mobilelegends/MPL/Indonesia/Season_1/Regular_Season | https://github.com/LiTianYeoh/MLBB_Tournament_Analysis/blob/94ea36800e80c9e89a2356a0b81d3eeafbd6a4f7/analysis/data/consolidated_game_data_20240505.csv
1,S1-RS-024,1,Louvre Esports,pick,4,Chou,https://liquipedia.net/mobilelegends/MPL/Indonesia/Season_1/Regular_Season | https://github.com/LiTianYeoh/MLBB_Tournament_Analysis/blob/94ea36800e80c9e89a2356a0b81d3eeafbd6a4f7/analysis/data/consolidated_game_data_20240505.csv
1,S1-RS-024,1,Louvre Esports,pick,5,Hylos,https://liquipedia.net/mobilelegends/MPL/Indonesia/Season_1/Regular_Season | https://github.com/LiTianYeoh/MLBB_Tournament_Analysis/blob/94ea36800e80c9e89a2356a0b81d3eeafbd6a4f7/analysis/data/consolidated_game_data_20240505.csv
1,S1-RS-024,2,Pandora Esports,ban,1,Kagura,https://liquipedia.net/mobilelegends/MPL/Indonesia/Season_1/Regular_Season | https://github.com/LiTianYeoh/MLBB_Tournament_Analysis/blob/94ea36800e80c9e89a2356a0b81d3eeafbd6a4f7/analysis/data/consolidated_game_data_20240505.csv
1,S1-RS-024,2,Pandora Esports,ban,2,Lancelot,https://liquipedia.net/mobilelegends/MPL/Indonesia/Season_1/Regular_Season | https://github.com/LiTianYeoh/MLBB_Tournament_Analysis/blob/94ea36800e80c9e89a2356a0b81d3eeafbd6a4f7/analysis/data/consolidated_game_data_20240505.csv
1,S1-RS-024,2,Pandora Esports,pick,1,Harley,https://liquipedia.net/mobilelegends/MPL/Indonesia/Season_1/Regular_Season | https://github.com/LiTianYeoh/MLBB_Tournament_Analysis/blob/94ea36800e80c9e89a2356a0b81d3eeafbd6a4f7/analysis/data/consolidated_game_data_20240505.csv
1,S1-RS-024,2,Pandora Esports,pick,2,Hilda,https://liquipedia.net/mobilelegends/MPL/Indonesia/Season_1/Regular_Season | https://github.com/LiTianYeoh/MLBB_Tournament_Analysis/blob/94ea36800e80c9e89a2356a0b81d3eeafbd6a4f7/analysis/data/consolidated_game_data_20240505.csv
1,S1-RS-024,2,Pandora Esports,pick,3,Saber,https://liquipedia.net/mobilelegends/MPL/Indonesia/Season_1/Regular_Season | https://github.com/LiTianYeoh/MLBB_Tournament_Analysis/blob/94ea36800e80c9e89a2356a0b81d3eeafbd6a4f7/analysis/data/consolidated_game_data_20240505.csv
1,S1-RS-024,2,Pandora Esports,pick,4,Hylos,https://liquipedia.net/mobilelegends/MPL/Indonesia/Season_1/Regular_Season | https://github.com/LiTianYeoh/MLBB_Tournament_Analysis/blob/94ea36800e80c9e89a2356a0b81d3eeafbd6a4f7/analysis/data/consolidated_game_data_20240505.csv
1,S1-RS-024,2,Pandora Esports,pick,5,Bruno,https://liquipedia.net/mobilelegends/MPL/Indonesia/Season_1/Regular_Season | https://github.com/LiTianYeoh/MLBB_Tournament_Analysis/blob/94ea36800e80c9e89a2356a0b81d3eeafbd6a4f7/analysis/data/consolidated_game_data_20240505.csv
1,S1-RS-024,2,Louvre Esports,ban,1,Balmond,https://liquipedia.net/mobilelegends/MPL/Indonesia/Season_1/Regular_Season | https://github.com/LiTianYeoh/MLBB_Tournament_Analysis/blob/94ea36800e80c9e89a2356a0b81d3eeafbd6a4f7/analysis/data/consolidated_game_data_20240505.csv
1,S1-RS-024,2,Louvre Esports,ban,2,Zhask,https://liquipedia.net/mobilelegends/MPL/Indonesia/Season_1/Regular_Season | https://github.com/LiTianYeoh/MLBB_Tournament_Analysis/blob/94ea36800e80c9e89a2356a0b81d3eeafbd6a4f7/analysis/data/consolidated_game_data_20240505.csv
1,S1-RS-024,2,Louvre Esports,pick,1,Cyclops,https://liquipedia.net/mobilelegends/MPL/Indonesia/Season_1/Regular_Season | https://github.com/LiTianYeoh/MLBB_Tournament_Analysis/blob/94ea36800e80c9e89a2356a0b81d3eeafbd6a4f7/analysis/data/consolidated_game_data_20240505.csv
1,S1-RS-024,2,Louvre Esports,pick,2,Karrie,https://liquipedia.net/mobilelegends/MPL/Indonesia/Season_1/Regular_Season | https://github.com/LiTianYeoh/MLBB_Tournament_Analysis/blob/94ea36800e80c9e89a2356a0b81d3eeafbd6a4f7/analysis/data/consolidated_game_data_20240505.csv
1,S1-RS-024,2,Louvre Esports,pick,3,Chou,https://liquipedia.net/mobilelegends/MPL/Indonesia/Season_1/Regular_Season | https://github.com/LiTianYeoh/MLBB_Tournament_Analysis/blob/94ea36800e80c9e89a2356a0b81d3eeafbd6a4f7/analysis/data/consolidated_game_data_20240505.csv
1,S1-RS-024,2,Louvre Esports,pick,4,Akai,https://liquipedia.net/mobilelegends/MPL/Indonesia/Season_1/Regular_Season | https://github.com/LiTianYeoh/MLBB_Tournament_Analysis/blob/94ea36800e80c9e89a2356a0b81d3eeafbd6a4f7/analysis/data/consolidated_game_data_20240505.csv
1,S1-RS-024,2,Louvre Esports,pick,5,Hayabusa,https://liquipedia.net/mobilelegends/MPL/Indonesia/Season_1/Regular_Season | https://github.com/LiTianYeoh/MLBB_Tournament_Analysis/blob/94ea36800e80c9e89a2356a0b81d3eeafbd6a4f7/analysis/data/consolidated_game_data_20240505.csv
1,S1-RS-025,1,Team Rev Indo,ban,1,Zhask,https://liquipedia.net/mobilelegends/MPL/Indonesia/Season_1/Regular_Season | https://github.com/LiTianYeoh/MLBB_Tournament_Analysis/blob/94ea36800e80c9e89a2356a0b81d3eeafbd6a4f7/analysis/data/consolidated_game_data_20240505.csv
1,S1-RS-025,1,Team Rev Indo,ban,2,Harley,https://liquipedia.net/mobilelegends/MPL/Indonesia/Season_1/Regular_Season | https://github.com/LiTianYeoh/MLBB_Tournament_Analysis/blob/94ea36800e80c9e89a2356a0b81d3eeafbd6a4f7/analysis/data/consolidated_game_data_20240505.csv
1,S1-RS-025,1,Team Rev Indo,pick,1,Kagura,https://liquipedia.net/mobilelegends/MPL/Indonesia/Season_1/Regular_Season | https://github.com/LiTianYeoh/MLBB_Tournament_Analysis/blob/94ea36800e80c9e89a2356a0b81d3eeafbd6a4f7/analysis/data/consolidated_game_data_20240505.csv
1,S1-RS-025,1,Team Rev Indo,pick,2,Hayabusa,https://liquipedia.net/mobilelegends/MPL/Indonesia/Season_1/Regular_Season | https://github.com/LiTianYeoh/MLBB_Tournament_Analysis/blob/94ea36800e80c9e89a2356a0b81d3eeafbd6a4f7/analysis/data/consolidated_game_data_20240505.csv
1,S1-RS-025,1,Team Rev Indo,pick,3,Grock,https://liquipedia.net/mobilelegends/MPL/Indonesia/Season_1/Regular_Season | https://github.com/LiTianYeoh/MLBB_Tournament_Analysis/blob/94ea36800e80c9e89a2356a0b81d3eeafbd6a4f7/analysis/data/consolidated_game_data_20240505.csv
1,S1-RS-025,1,Team Rev Indo,pick,4,Lesley,https://liquipedia.net/mobilelegends/MPL/Indonesia/Season_1/Regular_Season | https://github.com/LiTianYeoh/MLBB_Tournament_Analysis/blob/94ea36800e80c9e89a2356a0b81d3eeafbd6a4f7/analysis/data/consolidated_game_data_20240505.csv
1,S1-RS-025,1,Team Rev Indo,pick,5,Akai,https://liquipedia.net/mobilelegends/MPL/Indonesia/Season_1/Regular_Season | https://github.com/LiTianYeoh/MLBB_Tournament_Analysis/blob/94ea36800e80c9e89a2356a0b81d3eeafbd6a4f7/analysis/data/consolidated_game_data_20240505.csv
1,S1-RS-025,1,Bigetron Player Kill,ban,1,Lancelot,https://liquipedia.net/mobilelegends/MPL/Indonesia/Season_1/Regular_Season | https://github.com/LiTianYeoh/MLBB_Tournament_Analysis/blob/94ea36800e80c9e89a2356a0b81d3eeafbd6a4f7/analysis/data/consolidated_game_data_20240505.csv
1,S1-RS-025,1,Bigetron Player Kill,ban,2,Fanny,https://liquipedia.net/mobilelegends/MPL/Indonesia/Season_1/Regular_Season | https://github.com/LiTianYeoh/MLBB_Tournament_Analysis/blob/94ea36800e80c9e89a2356a0b81d3eeafbd6a4f7/analysis/data/consolidated_game_data_20240505.csv
1,S1-RS-025,1,Bigetron Player Kill,pick,1,Cyclops,https://liquipedia.net/mobilelegends/MPL/Indonesia/Season_1/Regular_Season | https://github.com/LiTianYeoh/MLBB_Tournament_Analysis/blob/94ea36800e80c9e89a2356a0b81d3eeafbd6a4f7/analysis/data/consolidated_game_data_20240505.csv
1,S1-RS-025,1,Bigetron Player Kill,pick,2,Aurora,https://liquipedia.net/mobilelegends/MPL/Indonesia/Season_1/Regular_Season | https://github.com/LiTianYeoh/MLBB_Tournament_Analysis/blob/94ea36800e80c9e89a2356a0b81d3eeafbd6a4f7/analysis/data/consolidated_game_data_20240505.csv
1,S1-RS-025,1,Bigetron Player Kill,pick,3,Karrie,https://liquipedia.net/mobilelegends/MPL/Indonesia/Season_1/Regular_Season | https://github.com/LiTianYeoh/MLBB_Tournament_Analysis/blob/94ea36800e80c9e89a2356a0b81d3eeafbd6a4f7/analysis/data/consolidated_game_data_20240505.csv
1,S1-RS-025,1,Bigetron Player Kill,pick,4,Hilda,https://liquipedia.net/mobilelegends/MPL/Indonesia/Season_1/Regular_Season | https://github.com/LiTianYeoh/MLBB_Tournament_Analysis/blob/94ea36800e80c9e89a2356a0b81d3eeafbd6a4f7/analysis/data/consolidated_game_data_20240505.csv
1,S1-RS-025,1,Bigetron Player Kill,pick,5,Chou,https://liquipedia.net/mobilelegends/MPL/Indonesia/Season_1/Regular_Season | https://github.com/LiTianYeoh/MLBB_Tournament_Analysis/blob/94ea36800e80c9e89a2356a0b81d3eeafbd6a4f7/analysis/data/consolidated_game_data_20240505.csv
1,S1-RS-025,2,Team Rev Indo,ban,1,Zhask,https://liquipedia.net/mobilelegends/MPL/Indonesia/Season_1/Regular_Season | https://github.com/LiTianYeoh/MLBB_Tournament_Analysis/blob/94ea36800e80c9e89a2356a0b81d3eeafbd6a4f7/analysis/data/consolidated_game_data_20240505.csv
1,S1-RS-025,2,Team Rev Indo,ban,2,Lancelot,https://liquipedia.net/mobilelegends/MPL/Indonesia/Season_1/Regular_Season | https://github.com/LiTianYeoh/MLBB_Tournament_Analysis/blob/94ea36800e80c9e89a2356a0b81d3eeafbd6a4f7/analysis/data/consolidated_game_data_20240505.csv
1,S1-RS-025,2,Team Rev Indo,pick,1,Grock,https://liquipedia.net/mobilelegends/MPL/Indonesia/Season_1/Regular_Season | https://github.com/LiTianYeoh/MLBB_Tournament_Analysis/blob/94ea36800e80c9e89a2356a0b81d3eeafbd6a4f7/analysis/data/consolidated_game_data_20240505.csv
1,S1-RS-025,2,Team Rev Indo,pick,2,Harley,https://liquipedia.net/mobilelegends/MPL/Indonesia/Season_1/Regular_Season | https://github.com/LiTianYeoh/MLBB_Tournament_Analysis/blob/94ea36800e80c9e89a2356a0b81d3eeafbd6a4f7/analysis/data/consolidated_game_data_20240505.csv
1,S1-RS-025,2,Team Rev Indo,pick,3,Diggie,https://liquipedia.net/mobilelegends/MPL/Indonesia/Season_1/Regular_Season | https://github.com/LiTianYeoh/MLBB_Tournament_Analysis/blob/94ea36800e80c9e89a2356a0b81d3eeafbd6a4f7/analysis/data/consolidated_game_data_20240505.csv
1,S1-RS-025,2,Team Rev Indo,pick,4,Bruno,https://liquipedia.net/mobilelegends/MPL/Indonesia/Season_1/Regular_Season | https://github.com/LiTianYeoh/MLBB_Tournament_Analysis/blob/94ea36800e80c9e89a2356a0b81d3eeafbd6a4f7/analysis/data/consolidated_game_data_20240505.csv
1,S1-RS-025,2,Team Rev Indo,pick,5,Chou,https://liquipedia.net/mobilelegends/MPL/Indonesia/Season_1/Regular_Season | https://github.com/LiTianYeoh/MLBB_Tournament_Analysis/blob/94ea36800e80c9e89a2356a0b81d3eeafbd6a4f7/analysis/data/consolidated_game_data_20240505.csv
1,S1-RS-025,2,Bigetron Player Kill,ban,1,Hayabusa,https://liquipedia.net/mobilelegends/MPL/Indonesia/Season_1/Regular_Season | https://github.com/LiTianYeoh/MLBB_Tournament_Analysis/blob/94ea36800e80c9e89a2356a0b81d3eeafbd6a4f7/analysis/data/consolidated_game_data_20240505.csv
1,S1-RS-025,2,Bigetron Player Kill,ban,2,Fanny,https://liquipedia.net/mobilelegends/MPL/Indonesia/Season_1/Regular_Season | https://github.com/LiTianYeoh/MLBB_Tournament_Analysis/blob/94ea36800e80c9e89a2356a0b81d3eeafbd6a4f7/analysis/data/consolidated_game_data_20240505.csv
1,S1-RS-025,2,Bigetron Player Kill,pick,1,Karrie,https://liquipedia.net/mobilelegends/MPL/Indonesia/Season_1/Regular_Season | https://github.com/LiTianYeoh/MLBB_Tournament_Analysis/blob/94ea36800e80c9e89a2356a0b81d3eeafbd6a4f7/analysis/data/consolidated_game_data_20240505.csv
1,S1-RS-025,2,Bigetron Player Kill,pick,2,Alpha,https://liquipedia.net/mobilelegends/MPL/Indonesia/Season_1/Regular_Season | https://github.com/LiTianYeoh/MLBB_Tournament_Analysis/blob/94ea36800e80c9e89a2356a0b81d3eeafbd6a4f7/analysis/data/consolidated_game_data_20240505.csv
1,S1-RS-025,2,Bigetron Player Kill,pick,3,Aurora,https://liquipedia.net/mobilelegends/MPL/Indonesia/Season_1/Regular_Season | https://github.com/LiTianYeoh/MLBB_Tournament_Analysis/blob/94ea36800e80c9e89a2356a0b81d3eeafbd6a4f7/analysis/data/consolidated_game_data_20240505.csv
1,S1-RS-025,2,Bigetron Player Kill,pick,4,Akai,https://liquipedia.net/mobilelegends/MPL/Indonesia/Season_1/Regular_Season | https://github.com/LiTianYeoh/MLBB_Tournament_Analysis/blob/94ea36800e80c9e89a2356a0b81d3eeafbd6a4f7/analysis/data/consolidated_game_data_20240505.csv
1,S1-RS-025,2,Bigetron Player Kill,pick,5,Kagura,https://liquipedia.net/mobilelegends/MPL/Indonesia/Season_1/Regular_Season | https://github.com/LiTianYeoh/MLBB_Tournament_Analysis/blob/94ea36800e80c9e89a2356a0b81d3eeafbd6a4f7/analysis/data/consolidated_game_data_20240505.csv
1,S1-RS-026,1,Team NXL,ban,1,Akai,https://liquipedia.net/mobilelegends/MPL/Indonesia/Season_1/Regular_Season | https://github.com/LiTianYeoh/MLBB_Tournament_Analysis/blob/94ea36800e80c9e89a2356a0b81d3eeafbd6a4f7/analysis/data/consolidated_game_data_20240505.csv
1,S1-RS-026,1,Team NXL,ban,2,Saber,https://liquipedia.net/mobilelegends/MPL/Indonesia/Season_1/Regular_Season | https://github.com/LiTianYeoh/MLBB_Tournament_Analysis/blob/94ea36800e80c9e89a2356a0b81d3eeafbd6a4f7/analysis/data/consolidated_game_data_20240505.csv
1,S1-RS-026,1,Team NXL,pick,1,Kagura,https://liquipedia.net/mobilelegends/MPL/Indonesia/Season_1/Regular_Season | https://github.com/LiTianYeoh/MLBB_Tournament_Analysis/blob/94ea36800e80c9e89a2356a0b81d3eeafbd6a4f7/analysis/data/consolidated_game_data_20240505.csv
1,S1-RS-026,1,Team NXL,pick,2,Chou,https://liquipedia.net/mobilelegends/MPL/Indonesia/Season_1/Regular_Season | https://github.com/LiTianYeoh/MLBB_Tournament_Analysis/blob/94ea36800e80c9e89a2356a0b81d3eeafbd6a4f7/analysis/data/consolidated_game_data_20240505.csv
1,S1-RS-026,1,Team NXL,pick,3,Hayabusa,https://liquipedia.net/mobilelegends/MPL/Indonesia/Season_1/Regular_Season | https://github.com/LiTianYeoh/MLBB_Tournament_Analysis/blob/94ea36800e80c9e89a2356a0b81d3eeafbd6a4f7/analysis/data/consolidated_game_data_20240505.csv
1,S1-RS-026,1,Team NXL,pick,4,Karrie,https://liquipedia.net/mobilelegends/MPL/Indonesia/Season_1/Regular_Season | https://github.com/LiTianYeoh/MLBB_Tournament_Analysis/blob/94ea36800e80c9e89a2356a0b81d3eeafbd6a4f7/analysis/data/consolidated_game_data_20240505.csv
1,S1-RS-026,1,Team NXL,pick,5,Grock,https://liquipedia.net/mobilelegends/MPL/Indonesia/Season_1/Regular_Season | https://github.com/LiTianYeoh/MLBB_Tournament_Analysis/blob/94ea36800e80c9e89a2356a0b81d3eeafbd6a4f7/analysis/data/consolidated_game_data_20240505.csv
1,S1-RS-026,1,Domino's Hunters,ban,1,Lancelot,https://liquipedia.net/mobilelegends/MPL/Indonesia/Season_1/Regular_Season | https://github.com/LiTianYeoh/MLBB_Tournament_Analysis/blob/94ea36800e80c9e89a2356a0b81d3eeafbd6a4f7/analysis/data/consolidated_game_data_20240505.csv
1,S1-RS-026,1,Domino's Hunters,ban,2,Harley,https://liquipedia.net/mobilelegends/MPL/Indonesia/Season_1/Regular_Season | https://github.com/LiTianYeoh/MLBB_Tournament_Analysis/blob/94ea36800e80c9e89a2356a0b81d3eeafbd6a4f7/analysis/data/consolidated_game_data_20240505.csv
1,S1-RS-026,1,Domino's Hunters,pick,1,Alucard,https://liquipedia.net/mobilelegends/MPL/Indonesia/Season_1/Regular_Season | https://github.com/LiTianYeoh/MLBB_Tournament_Analysis/blob/94ea36800e80c9e89a2356a0b81d3eeafbd6a4f7/analysis/data/consolidated_game_data_20240505.csv
1,S1-RS-026,1,Domino's Hunters,pick,2,Hylos,https://liquipedia.net/mobilelegends/MPL/Indonesia/Season_1/Regular_Season | https://github.com/LiTianYeoh/MLBB_Tournament_Analysis/blob/94ea36800e80c9e89a2356a0b81d3eeafbd6a4f7/analysis/data/consolidated_game_data_20240505.csv
1,S1-RS-026,1,Domino's Hunters,pick,3,Aurora,https://liquipedia.net/mobilelegends/MPL/Indonesia/Season_1/Regular_Season | https://github.com/LiTianYeoh/MLBB_Tournament_Analysis/blob/94ea36800e80c9e89a2356a0b81d3eeafbd6a4f7/analysis/data/consolidated_game_data_20240505.csv
1,S1-RS-026,1,Domino's Hunters,pick,4,Lesley,https://liquipedia.net/mobilelegends/MPL/Indonesia/Season_1/Regular_Season | https://github.com/LiTianYeoh/MLBB_Tournament_Analysis/blob/94ea36800e80c9e89a2356a0b81d3eeafbd6a4f7/analysis/data/consolidated_game_data_20240505.csv
1,S1-RS-026,1,Domino's Hunters,pick,5,Hilda,https://liquipedia.net/mobilelegends/MPL/Indonesia/Season_1/Regular_Season | https://github.com/LiTianYeoh/MLBB_Tournament_Analysis/blob/94ea36800e80c9e89a2356a0b81d3eeafbd6a4f7/analysis/data/consolidated_game_data_20240505.csv
1,S1-RS-026,2,Team NXL,ban,1,Saber,https://liquipedia.net/mobilelegends/MPL/Indonesia/Season_1/Regular_Season | https://github.com/LiTianYeoh/MLBB_Tournament_Analysis/blob/94ea36800e80c9e89a2356a0b81d3eeafbd6a4f7/analysis/data/consolidated_game_data_20240505.csv
1,S1-RS-026,2,Team NXL,ban,2,Lancelot,https://liquipedia.net/mobilelegends/MPL/Indonesia/Season_1/Regular_Season | https://github.com/LiTianYeoh/MLBB_Tournament_Analysis/blob/94ea36800e80c9e89a2356a0b81d3eeafbd6a4f7/analysis/data/consolidated_game_data_20240505.csv
1,S1-RS-026,2,Team NXL,pick,1,Kagura,https://liquipedia.net/mobilelegends/MPL/Indonesia/Season_1/Regular_Season | https://github.com/LiTianYeoh/MLBB_Tournament_Analysis/blob/94ea36800e80c9e89a2356a0b81d3eeafbd6a4f7/analysis/data/consolidated_game_data_20240505.csv
1,S1-RS-026,2,Team NXL,pick,2,Chou,https://liquipedia.net/mobilelegends/MPL/Indonesia/Season_1/Regular_Season | https://github.com/LiTianYeoh/MLBB_Tournament_Analysis/blob/94ea36800e80c9e89a2356a0b81d3eeafbd6a4f7/analysis/data/consolidated_game_data_20240505.csv
1,S1-RS-026,2,Team NXL,pick,3,Aurora,https://liquipedia.net/mobilelegends/MPL/Indonesia/Season_1/Regular_Season | https://github.com/LiTianYeoh/MLBB_Tournament_Analysis/blob/94ea36800e80c9e89a2356a0b81d3eeafbd6a4f7/analysis/data/consolidated_game_data_20240505.csv
1,S1-RS-026,2,Team NXL,pick,4,Fanny,https://liquipedia.net/mobilelegends/MPL/Indonesia/Season_1/Regular_Season | https://github.com/LiTianYeoh/MLBB_Tournament_Analysis/blob/94ea36800e80c9e89a2356a0b81d3eeafbd6a4f7/analysis/data/consolidated_game_data_20240505.csv
1,S1-RS-026,2,Team NXL,pick,5,Hilda,https://liquipedia.net/mobilelegends/MPL/Indonesia/Season_1/Regular_Season | https://github.com/LiTianYeoh/MLBB_Tournament_Analysis/blob/94ea36800e80c9e89a2356a0b81d3eeafbd6a4f7/analysis/data/consolidated_game_data_20240505.csv
1,S1-RS-026,2,Domino's Hunters,ban,1,Hayabusa,https://liquipedia.net/mobilelegends/MPL/Indonesia/Season_1/Regular_Season | https://github.com/LiTianYeoh/MLBB_Tournament_Analysis/blob/94ea36800e80c9e89a2356a0b81d3eeafbd6a4f7/analysis/data/consolidated_game_data_20240505.csv
1,S1-RS-026,2,Domino's Hunters,ban,2,Akai,https://liquipedia.net/mobilelegends/MPL/Indonesia/Season_1/Regular_Season | https://github.com/LiTianYeoh/MLBB_Tournament_Analysis/blob/94ea36800e80c9e89a2356a0b81d3eeafbd6a4f7/analysis/data/consolidated_game_data_20240505.csv
1,S1-RS-026,2,Domino's Hunters,pick,1,Cyclops,https://liquipedia.net/mobilelegends/MPL/Indonesia/Season_1/Regular_Season | https://github.com/LiTianYeoh/MLBB_Tournament_Analysis/blob/94ea36800e80c9e89a2356a0b81d3eeafbd6a4f7/analysis/data/consolidated_game_data_20240505.csv
1,S1-RS-026,2,Domino's Hunters,pick,2,Lapu-Lapu,https://liquipedia.net/mobilelegends/MPL/Indonesia/Season_1/Regular_Season | https://github.com/LiTianYeoh/MLBB_Tournament_Analysis/blob/94ea36800e80c9e89a2356a0b81d3eeafbd6a4f7/analysis/data/consolidated_game_data_20240505.csv
1,S1-RS-026,2,Domino's Hunters,pick,3,Lolita,https://liquipedia.net/mobilelegends/MPL/Indonesia/Season_1/Regular_Season | https://github.com/LiTianYeoh/MLBB_Tournament_Analysis/blob/94ea36800e80c9e89a2356a0b81d3eeafbd6a4f7/analysis/data/consolidated_game_data_20240505.csv
1,S1-RS-026,2,Domino's Hunters,pick,4,Hylos,https://liquipedia.net/mobilelegends/MPL/Indonesia/Season_1/Regular_Season | https://github.com/LiTianYeoh/MLBB_Tournament_Analysis/blob/94ea36800e80c9e89a2356a0b81d3eeafbd6a4f7/analysis/data/consolidated_game_data_20240505.csv
1,S1-RS-026,2,Domino's Hunters,pick,5,Harley,https://liquipedia.net/mobilelegends/MPL/Indonesia/Season_1/Regular_Season | https://github.com/LiTianYeoh/MLBB_Tournament_Analysis/blob/94ea36800e80c9e89a2356a0b81d3eeafbd6a4f7/analysis/data/consolidated_game_data_20240505.csv
1,S1-RS-027,1,Domino's Hunters,ban,1,Saber,https://liquipedia.net/mobilelegends/MPL/Indonesia/Season_1/Regular_Season | https://github.com/LiTianYeoh/MLBB_Tournament_Analysis/blob/94ea36800e80c9e89a2356a0b81d3eeafbd6a4f7/analysis/data/consolidated_game_data_20240505.csv
1,S1-RS-027,1,Domino's Hunters,ban,2,Johnson,https://liquipedia.net/mobilelegends/MPL/Indonesia/Season_1/Regular_Season | https://github.com/LiTianYeoh/MLBB_Tournament_Analysis/blob/94ea36800e80c9e89a2356a0b81d3eeafbd6a4f7/analysis/data/consolidated_game_data_20240505.csv
1,S1-RS-027,1,Domino's Hunters,pick,1,Harley,https://liquipedia.net/mobilelegends/MPL/Indonesia/Season_1/Regular_Season | https://github.com/LiTianYeoh/MLBB_Tournament_Analysis/blob/94ea36800e80c9e89a2356a0b81d3eeafbd6a4f7/analysis/data/consolidated_game_data_20240505.csv
1,S1-RS-027,1,Domino's Hunters,pick,2,Chou,https://liquipedia.net/mobilelegends/MPL/Indonesia/Season_1/Regular_Season | https://github.com/LiTianYeoh/MLBB_Tournament_Analysis/blob/94ea36800e80c9e89a2356a0b81d3eeafbd6a4f7/analysis/data/consolidated_game_data_20240505.csv
1,S1-RS-027,1,Domino's Hunters,pick,3,Helcurt,https://liquipedia.net/mobilelegends/MPL/Indonesia/Season_1/Regular_Season | https://github.com/LiTianYeoh/MLBB_Tournament_Analysis/blob/94ea36800e80c9e89a2356a0b81d3eeafbd6a4f7/analysis/data/consolidated_game_data_20240505.csv
1,S1-RS-027,1,Domino's Hunters,pick,4,Lolita,https://liquipedia.net/mobilelegends/MPL/Indonesia/Season_1/Regular_Season | https://github.com/LiTianYeoh/MLBB_Tournament_Analysis/blob/94ea36800e80c9e89a2356a0b81d3eeafbd6a4f7/analysis/data/consolidated_game_data_20240505.csv
1,S1-RS-027,1,Domino's Hunters,pick,5,Alpha,https://liquipedia.net/mobilelegends/MPL/Indonesia/Season_1/Regular_Season | https://github.com/LiTianYeoh/MLBB_Tournament_Analysis/blob/94ea36800e80c9e89a2356a0b81d3eeafbd6a4f7/analysis/data/consolidated_game_data_20240505.csv
1,S1-RS-027,1,Pandora Esports,ban,1,Lancelot,https://liquipedia.net/mobilelegends/MPL/Indonesia/Season_1/Regular_Season | https://github.com/LiTianYeoh/MLBB_Tournament_Analysis/blob/94ea36800e80c9e89a2356a0b81d3eeafbd6a4f7/analysis/data/consolidated_game_data_20240505.csv
1,S1-RS-027,1,Pandora Esports,ban,2,Kagura,https://liquipedia.net/mobilelegends/MPL/Indonesia/Season_1/Regular_Season | https://github.com/LiTianYeoh/MLBB_Tournament_Analysis/blob/94ea36800e80c9e89a2356a0b81d3eeafbd6a4f7/analysis/data/consolidated_game_data_20240505.csv
1,S1-RS-027,1,Pandora Esports,pick,1,Yi Sun-Shin,https://liquipedia.net/mobilelegends/MPL/Indonesia/Season_1/Regular_Season | https://github.com/LiTianYeoh/MLBB_Tournament_Analysis/blob/94ea36800e80c9e89a2356a0b81d3eeafbd6a4f7/analysis/data/consolidated_game_data_20240505.csv
1,S1-RS-027,1,Pandora Esports,pick,2,Cyclops,https://liquipedia.net/mobilelegends/MPL/Indonesia/Season_1/Regular_Season | https://github.com/LiTianYeoh/MLBB_Tournament_Analysis/blob/94ea36800e80c9e89a2356a0b81d3eeafbd6a4f7/analysis/data/consolidated_game_data_20240505.csv
1,S1-RS-027,1,Pandora Esports,pick,3,Freya,https://liquipedia.net/mobilelegends/MPL/Indonesia/Season_1/Regular_Season | https://github.com/LiTianYeoh/MLBB_Tournament_Analysis/blob/94ea36800e80c9e89a2356a0b81d3eeafbd6a4f7/analysis/data/consolidated_game_data_20240505.csv
1,S1-RS-027,1,Pandora Esports,pick,4,Hylos,https://liquipedia.net/mobilelegends/MPL/Indonesia/Season_1/Regular_Season | https://github.com/LiTianYeoh/MLBB_Tournament_Analysis/blob/94ea36800e80c9e89a2356a0b81d3eeafbd6a4f7/analysis/data/consolidated_game_data_20240505.csv
1,S1-RS-027,1,Pandora Esports,pick,5,Angela,https://liquipedia.net/mobilelegends/MPL/Indonesia/Season_1/Regular_Season | https://github.com/LiTianYeoh/MLBB_Tournament_Analysis/blob/94ea36800e80c9e89a2356a0b81d3eeafbd6a4f7/analysis/data/consolidated_game_data_20240505.csv
1,S1-RS-027,2,Domino's Hunters,ban,1,Lancelot,https://liquipedia.net/mobilelegends/MPL/Indonesia/Season_1/Regular_Season | https://github.com/LiTianYeoh/MLBB_Tournament_Analysis/blob/94ea36800e80c9e89a2356a0b81d3eeafbd6a4f7/analysis/data/consolidated_game_data_20240505.csv
1,S1-RS-027,2,Domino's Hunters,ban,2,Saber,https://liquipedia.net/mobilelegends/MPL/Indonesia/Season_1/Regular_Season | https://github.com/LiTianYeoh/MLBB_Tournament_Analysis/blob/94ea36800e80c9e89a2356a0b81d3eeafbd6a4f7/analysis/data/consolidated_game_data_20240505.csv
1,S1-RS-027,2,Domino's Hunters,pick,1,Kagura,https://liquipedia.net/mobilelegends/MPL/Indonesia/Season_1/Regular_Season | https://github.com/LiTianYeoh/MLBB_Tournament_Analysis/blob/94ea36800e80c9e89a2356a0b81d3eeafbd6a4f7/analysis/data/consolidated_game_data_20240505.csv
1,S1-RS-027,2,Domino's Hunters,pick,2,Hylos,https://liquipedia.net/mobilelegends/MPL/Indonesia/Season_1/Regular_Season | https://github.com/LiTianYeoh/MLBB_Tournament_Analysis/blob/94ea36800e80c9e89a2356a0b81d3eeafbd6a4f7/analysis/data/consolidated_game_data_20240505.csv
1,S1-RS-027,2,Domino's Hunters,pick,3,Alpha,https://liquipedia.net/mobilelegends/MPL/Indonesia/Season_1/Regular_Season | https://github.com/LiTianYeoh/MLBB_Tournament_Analysis/blob/94ea36800e80c9e89a2356a0b81d3eeafbd6a4f7/analysis/data/consolidated_game_data_20240505.csv
1,S1-RS-027,2,Domino's Hunters,pick,4,Akai,https://liquipedia.net/mobilelegends/MPL/Indonesia/Season_1/Regular_Season | https://github.com/LiTianYeoh/MLBB_Tournament_Analysis/blob/94ea36800e80c9e89a2356a0b81d3eeafbd6a4f7/analysis/data/consolidated_game_data_20240505.csv
1,S1-RS-027,2,Domino's Hunters,pick,5,Alucard,https://liquipedia.net/mobilelegends/MPL/Indonesia/Season_1/Regular_Season | https://github.com/LiTianYeoh/MLBB_Tournament_Analysis/blob/94ea36800e80c9e89a2356a0b81d3eeafbd6a4f7/analysis/data/consolidated_game_data_20240505.csv
1,S1-RS-027,2,Pandora Esports,ban,1,Helcurt,https://liquipedia.net/mobilelegends/MPL/Indonesia/Season_1/Regular_Season | https://github.com/LiTianYeoh/MLBB_Tournament_Analysis/blob/94ea36800e80c9e89a2356a0b81d3eeafbd6a4f7/analysis/data/consolidated_game_data_20240505.csv
1,S1-RS-027,2,Pandora Esports,ban,2,Johnson,https://liquipedia.net/mobilelegends/MPL/Indonesia/Season_1/Regular_Season | https://github.com/LiTianYeoh/MLBB_Tournament_Analysis/blob/94ea36800e80c9e89a2356a0b81d3eeafbd6a4f7/analysis/data/consolidated_game_data_20240505.csv
1,S1-RS-027,2,Pandora Esports,pick,1,Grock,https://liquipedia.net/mobilelegends/MPL/Indonesia/Season_1/Regular_Season | https://github.com/LiTianYeoh/MLBB_Tournament_Analysis/blob/94ea36800e80c9e89a2356a0b81d3eeafbd6a4f7/analysis/data/consolidated_game_data_20240505.csv
1,S1-RS-027,2,Pandora Esports,pick,2,Karrie,https://liquipedia.net/mobilelegends/MPL/Indonesia/Season_1/Regular_Season | https://github.com/LiTianYeoh/MLBB_Tournament_Analysis/blob/94ea36800e80c9e89a2356a0b81d3eeafbd6a4f7/analysis/data/consolidated_game_data_20240505.csv
1,S1-RS-027,2,Pandora Esports,pick,3,Chou,https://liquipedia.net/mobilelegends/MPL/Indonesia/Season_1/Regular_Season | https://github.com/LiTianYeoh/MLBB_Tournament_Analysis/blob/94ea36800e80c9e89a2356a0b81d3eeafbd6a4f7/analysis/data/consolidated_game_data_20240505.csv
1,S1-RS-027,2,Pandora Esports,pick,4,Hayabusa,https://liquipedia.net/mobilelegends/MPL/Indonesia/Season_1/Regular_Season | https://github.com/LiTianYeoh/MLBB_Tournament_Analysis/blob/94ea36800e80c9e89a2356a0b81d3eeafbd6a4f7/analysis/data/consolidated_game_data_20240505.csv
1,S1-RS-027,2,Pandora Esports,pick,5,Harley,https://liquipedia.net/mobilelegends/MPL/Indonesia/Season_1/Regular_Season | https://github.com/LiTianYeoh/MLBB_Tournament_Analysis/blob/94ea36800e80c9e89a2356a0b81d3eeafbd6a4f7/analysis/data/consolidated_game_data_20240505.csv
1,S1-RS-028,1,Elite 8 Critical Reborn,ban,1,Kagura,https://liquipedia.net/mobilelegends/MPL/Indonesia/Season_1/Regular_Season | https://github.com/LiTianYeoh/MLBB_Tournament_Analysis/blob/94ea36800e80c9e89a2356a0b81d3eeafbd6a4f7/analysis/data/consolidated_game_data_20240505.csv
1,S1-RS-028,1,Elite 8 Critical Reborn,ban,2,Helcurt,https://liquipedia.net/mobilelegends/MPL/Indonesia/Season_1/Regular_Season | https://github.com/LiTianYeoh/MLBB_Tournament_Analysis/blob/94ea36800e80c9e89a2356a0b81d3eeafbd6a4f7/analysis/data/consolidated_game_data_20240505.csv
1,S1-RS-028,1,Elite 8 Critical Reborn,pick,1,Harley,https://liquipedia.net/mobilelegends/MPL/Indonesia/Season_1/Regular_Season | https://github.com/LiTianYeoh/MLBB_Tournament_Analysis/blob/94ea36800e80c9e89a2356a0b81d3eeafbd6a4f7/analysis/data/consolidated_game_data_20240505.csv
1,S1-RS-028,1,Elite 8 Critical Reborn,pick,2,Lolita,https://liquipedia.net/mobilelegends/MPL/Indonesia/Season_1/Regular_Season | https://github.com/LiTianYeoh/MLBB_Tournament_Analysis/blob/94ea36800e80c9e89a2356a0b81d3eeafbd6a4f7/analysis/data/consolidated_game_data_20240505.csv
1,S1-RS-028,1,Elite 8 Critical Reborn,pick,3,Chou,https://liquipedia.net/mobilelegends/MPL/Indonesia/Season_1/Regular_Season | https://github.com/LiTianYeoh/MLBB_Tournament_Analysis/blob/94ea36800e80c9e89a2356a0b81d3eeafbd6a4f7/analysis/data/consolidated_game_data_20240505.csv
1,S1-RS-028,1,Elite 8 Critical Reborn,pick,4,Karrie,https://liquipedia.net/mobilelegends/MPL/Indonesia/Season_1/Regular_Season | https://github.com/LiTianYeoh/MLBB_Tournament_Analysis/blob/94ea36800e80c9e89a2356a0b81d3eeafbd6a4f7/analysis/data/consolidated_game_data_20240505.csv
1,S1-RS-028,1,Elite 8 Critical Reborn,pick,5,Saber,https://liquipedia.net/mobilelegends/MPL/Indonesia/Season_1/Regular_Season | https://github.com/LiTianYeoh/MLBB_Tournament_Analysis/blob/94ea36800e80c9e89a2356a0b81d3eeafbd6a4f7/analysis/data/consolidated_game_data_20240505.csv
1,S1-RS-028,1,Louvre Esports,ban,1,Lancelot,https://liquipedia.net/mobilelegends/MPL/Indonesia/Season_1/Regular_Season | https://github.com/LiTianYeoh/MLBB_Tournament_Analysis/blob/94ea36800e80c9e89a2356a0b81d3eeafbd6a4f7/analysis/data/consolidated_game_data_20240505.csv
1,S1-RS-028,1,Louvre Esports,ban,2,Johnson,https://liquipedia.net/mobilelegends/MPL/Indonesia/Season_1/Regular_Season | https://github.com/LiTianYeoh/MLBB_Tournament_Analysis/blob/94ea36800e80c9e89a2356a0b81d3eeafbd6a4f7/analysis/data/consolidated_game_data_20240505.csv
1,S1-RS-028,1,Louvre Esports,pick,1,Cyclops,https://liquipedia.net/mobilelegends/MPL/Indonesia/Season_1/Regular_Season | https://github.com/LiTianYeoh/MLBB_Tournament_Analysis/blob/94ea36800e80c9e89a2356a0b81d3eeafbd6a4f7/analysis/data/consolidated_game_data_20240505.csv
1,S1-RS-028,1,Louvre Esports,pick,2,Alpha,https://liquipedia.net/mobilelegends/MPL/Indonesia/Season_1/Regular_Season | https://github.com/LiTianYeoh/MLBB_Tournament_Analysis/blob/94ea36800e80c9e89a2356a0b81d3eeafbd6a4f7/analysis/data/consolidated_game_data_20240505.csv
1,S1-RS-028,1,Louvre Esports,pick,3,Hayabusa,https://liquipedia.net/mobilelegends/MPL/Indonesia/Season_1/Regular_Season | https://github.com/LiTianYeoh/MLBB_Tournament_Analysis/blob/94ea36800e80c9e89a2356a0b81d3eeafbd6a4f7/analysis/data/consolidated_game_data_20240505.csv
1,S1-RS-028,1,Louvre Esports,pick,4,Angela,https://liquipedia.net/mobilelegends/MPL/Indonesia/Season_1/Regular_Season | https://github.com/LiTianYeoh/MLBB_Tournament_Analysis/blob/94ea36800e80c9e89a2356a0b81d3eeafbd6a4f7/analysis/data/consolidated_game_data_20240505.csv
1,S1-RS-028,1,Louvre Esports,pick,5,Hylos,https://liquipedia.net/mobilelegends/MPL/Indonesia/Season_1/Regular_Season | https://github.com/LiTianYeoh/MLBB_Tournament_Analysis/blob/94ea36800e80c9e89a2356a0b81d3eeafbd6a4f7/analysis/data/consolidated_game_data_20240505.csv
1,S1-RS-028,2,Elite 8 Critical Reborn,ban,1,Hayabusa,https://liquipedia.net/mobilelegends/MPL/Indonesia/Season_1/Regular_Season | https://github.com/LiTianYeoh/MLBB_Tournament_Analysis/blob/94ea36800e80c9e89a2356a0b81d3eeafbd6a4f7/analysis/data/consolidated_game_data_20240505.csv
1,S1-RS-028,2,Elite 8 Critical Reborn,ban,2,Lancelot,https://liquipedia.net/mobilelegends/MPL/Indonesia/Season_1/Regular_Season | https://github.com/LiTianYeoh/MLBB_Tournament_Analysis/blob/94ea36800e80c9e89a2356a0b81d3eeafbd6a4f7/analysis/data/consolidated_game_data_20240505.csv
1,S1-RS-028,2,Elite 8 Critical Reborn,pick,1,Johnson,https://liquipedia.net/mobilelegends/MPL/Indonesia/Season_1/Regular_Season | https://github.com/LiTianYeoh/MLBB_Tournament_Analysis/blob/94ea36800e80c9e89a2356a0b81d3eeafbd6a4f7/analysis/data/consolidated_game_data_20240505.csv
1,S1-RS-028,2,Elite 8 Critical Reborn,pick,2,Hylos,https://liquipedia.net/mobilelegends/MPL/Indonesia/Season_1/Regular_Season | https://github.com/LiTianYeoh/MLBB_Tournament_Analysis/blob/94ea36800e80c9e89a2356a0b81d3eeafbd6a4f7/analysis/data/consolidated_game_data_20240505.csv
1,S1-RS-028,2,Elite 8 Critical Reborn,pick,3,Lesley,https://liquipedia.net/mobilelegends/MPL/Indonesia/Season_1/Regular_Season | https://github.com/LiTianYeoh/MLBB_Tournament_Analysis/blob/94ea36800e80c9e89a2356a0b81d3eeafbd6a4f7/analysis/data/consolidated_game_data_20240505.csv
1,S1-RS-028,2,Elite 8 Critical Reborn,pick,4,Cyclops,https://liquipedia.net/mobilelegends/MPL/Indonesia/Season_1/Regular_Season | https://github.com/LiTianYeoh/MLBB_Tournament_Analysis/blob/94ea36800e80c9e89a2356a0b81d3eeafbd6a4f7/analysis/data/consolidated_game_data_20240505.csv
1,S1-RS-028,2,Elite 8 Critical Reborn,pick,5,Saber,https://liquipedia.net/mobilelegends/MPL/Indonesia/Season_1/Regular_Season | https://github.com/LiTianYeoh/MLBB_Tournament_Analysis/blob/94ea36800e80c9e89a2356a0b81d3eeafbd6a4f7/analysis/data/consolidated_game_data_20240505.csv
1,S1-RS-028,2,Louvre Esports,ban,1,Helcurt,https://liquipedia.net/mobilelegends/MPL/Indonesia/Season_1/Regular_Season | https://github.com/LiTianYeoh/MLBB_Tournament_Analysis/blob/94ea36800e80c9e89a2356a0b81d3eeafbd6a4f7/analysis/data/consolidated_game_data_20240505.csv
1,S1-RS-028,2,Louvre Esports,ban,2,Kagura,https://liquipedia.net/mobilelegends/MPL/Indonesia/Season_1/Regular_Season | https://github.com/LiTianYeoh/MLBB_Tournament_Analysis/blob/94ea36800e80c9e89a2356a0b81d3eeafbd6a4f7/analysis/data/consolidated_game_data_20240505.csv
1,S1-RS-028,2,Louvre Esports,pick,1,Angela,https://liquipedia.net/mobilelegends/MPL/Indonesia/Season_1/Regular_Season | https://github.com/LiTianYeoh/MLBB_Tournament_Analysis/blob/94ea36800e80c9e89a2356a0b81d3eeafbd6a4f7/analysis/data/consolidated_game_data_20240505.csv
1,S1-RS-028,2,Louvre Esports,pick,2,Akai,https://liquipedia.net/mobilelegends/MPL/Indonesia/Season_1/Regular_Season | https://github.com/LiTianYeoh/MLBB_Tournament_Analysis/blob/94ea36800e80c9e89a2356a0b81d3eeafbd6a4f7/analysis/data/consolidated_game_data_20240505.csv
1,S1-RS-028,2,Louvre Esports,pick,3,Karrie,https://liquipedia.net/mobilelegends/MPL/Indonesia/Season_1/Regular_Season | https://github.com/LiTianYeoh/MLBB_Tournament_Analysis/blob/94ea36800e80c9e89a2356a0b81d3eeafbd6a4f7/analysis/data/consolidated_game_data_20240505.csv
1,S1-RS-028,2,Louvre Esports,pick,4,Alpha,https://liquipedia.net/mobilelegends/MPL/Indonesia/Season_1/Regular_Season | https://github.com/LiTianYeoh/MLBB_Tournament_Analysis/blob/94ea36800e80c9e89a2356a0b81d3eeafbd6a4f7/analysis/data/consolidated_game_data_20240505.csv
1,S1-RS-028,2,Louvre Esports,pick,5,Harley,https://liquipedia.net/mobilelegends/MPL/Indonesia/Season_1/Regular_Season | https://github.com/LiTianYeoh/MLBB_Tournament_Analysis/blob/94ea36800e80c9e89a2356a0b81d3eeafbd6a4f7/analysis/data/consolidated_game_data_20240505.csv
1,S1-RS-029,1,RRQ.O2,ban,1,Helcurt,https://liquipedia.net/mobilelegends/MPL/Indonesia/Season_1/Regular_Season | https://github.com/LiTianYeoh/MLBB_Tournament_Analysis/blob/94ea36800e80c9e89a2356a0b81d3eeafbd6a4f7/analysis/data/consolidated_game_data_20240505.csv
1,S1-RS-029,1,RRQ.O2,ban,2,Chou,https://liquipedia.net/mobilelegends/MPL/Indonesia/Season_1/Regular_Season | https://github.com/LiTianYeoh/MLBB_Tournament_Analysis/blob/94ea36800e80c9e89a2356a0b81d3eeafbd6a4f7/analysis/data/consolidated_game_data_20240505.csv
1,S1-RS-029,1,RRQ.O2,pick,1,Natalia,https://liquipedia.net/mobilelegends/MPL/Indonesia/Season_1/Regular_Season | https://github.com/LiTianYeoh/MLBB_Tournament_Analysis/blob/94ea36800e80c9e89a2356a0b81d3eeafbd6a4f7/analysis/data/consolidated_game_data_20240505.csv
1,S1-RS-029,1,RRQ.O2,pick,2,Akai,https://liquipedia.net/mobilelegends/MPL/Indonesia/Season_1/Regular_Season | https://github.com/LiTianYeoh/MLBB_Tournament_Analysis/blob/94ea36800e80c9e89a2356a0b81d3eeafbd6a4f7/analysis/data/consolidated_game_data_20240505.csv
1,S1-RS-029,1,RRQ.O2,pick,3,Harley,https://liquipedia.net/mobilelegends/MPL/Indonesia/Season_1/Regular_Season | https://github.com/LiTianYeoh/MLBB_Tournament_Analysis/blob/94ea36800e80c9e89a2356a0b81d3eeafbd6a4f7/analysis/data/consolidated_game_data_20240505.csv
1,S1-RS-029,1,RRQ.O2,pick,4,Lancelot,https://liquipedia.net/mobilelegends/MPL/Indonesia/Season_1/Regular_Season | https://github.com/LiTianYeoh/MLBB_Tournament_Analysis/blob/94ea36800e80c9e89a2356a0b81d3eeafbd6a4f7/analysis/data/consolidated_game_data_20240505.csv
1,S1-RS-029,1,RRQ.O2,pick,5,Johnson,https://liquipedia.net/mobilelegends/MPL/Indonesia/Season_1/Regular_Season | https://github.com/LiTianYeoh/MLBB_Tournament_Analysis/blob/94ea36800e80c9e89a2356a0b81d3eeafbd6a4f7/analysis/data/consolidated_game_data_20240505.csv
1,S1-RS-029,1,Team NXL,ban,1,Angela,https://liquipedia.net/mobilelegends/MPL/Indonesia/Season_1/Regular_Season | https://github.com/LiTianYeoh/MLBB_Tournament_Analysis/blob/94ea36800e80c9e89a2356a0b81d3eeafbd6a4f7/analysis/data/consolidated_game_data_20240505.csv
1,S1-RS-029,1,Team NXL,ban,2,Saber,https://liquipedia.net/mobilelegends/MPL/Indonesia/Season_1/Regular_Season | https://github.com/LiTianYeoh/MLBB_Tournament_Analysis/blob/94ea36800e80c9e89a2356a0b81d3eeafbd6a4f7/analysis/data/consolidated_game_data_20240505.csv
1,S1-RS-029,1,Team NXL,pick,1,Kagura,https://liquipedia.net/mobilelegends/MPL/Indonesia/Season_1/Regular_Season | https://github.com/LiTianYeoh/MLBB_Tournament_Analysis/blob/94ea36800e80c9e89a2356a0b81d3eeafbd6a4f7/analysis/data/consolidated_game_data_20240505.csv
1,S1-RS-029,1,Team NXL,pick,2,Hylos,https://liquipedia.net/mobilelegends/MPL/Indonesia/Season_1/Regular_Season | https://github.com/LiTianYeoh/MLBB_Tournament_Analysis/blob/94ea36800e80c9e89a2356a0b81d3eeafbd6a4f7/analysis/data/consolidated_game_data_20240505.csv
1,S1-RS-029,1,Team NXL,pick,3,Fanny,https://liquipedia.net/mobilelegends/MPL/Indonesia/Season_1/Regular_Season | https://github.com/LiTianYeoh/MLBB_Tournament_Analysis/blob/94ea36800e80c9e89a2356a0b81d3eeafbd6a4f7/analysis/data/consolidated_game_data_20240505.csv
1,S1-RS-029,1,Team NXL,pick,4,Lolita,https://liquipedia.net/mobilelegends/MPL/Indonesia/Season_1/Regular_Season | https://github.com/LiTianYeoh/MLBB_Tournament_Analysis/blob/94ea36800e80c9e89a2356a0b81d3eeafbd6a4f7/analysis/data/consolidated_game_data_20240505.csv
1,S1-RS-029,1,Team NXL,pick,5,Alpha,https://liquipedia.net/mobilelegends/MPL/Indonesia/Season_1/Regular_Season | https://github.com/LiTianYeoh/MLBB_Tournament_Analysis/blob/94ea36800e80c9e89a2356a0b81d3eeafbd6a4f7/analysis/data/consolidated_game_data_20240505.csv
1,S1-RS-029,2,RRQ.O2,ban,1,Harley,https://liquipedia.net/mobilelegends/MPL/Indonesia/Season_1/Regular_Season | https://github.com/LiTianYeoh/MLBB_Tournament_Analysis/blob/94ea36800e80c9e89a2356a0b81d3eeafbd6a4f7/analysis/data/consolidated_game_data_20240505.csv
1,S1-RS-029,2,RRQ.O2,ban,2,Chou,https://liquipedia.net/mobilelegends/MPL/Indonesia/Season_1/Regular_Season | https://github.com/LiTianYeoh/MLBB_Tournament_Analysis/blob/94ea36800e80c9e89a2356a0b81d3eeafbd6a4f7/analysis/data/consolidated_game_data_20240505.csv
1,S1-RS-029,2,RRQ.O2,pick,1,Grock,https://liquipedia.net/mobilelegends/MPL/Indonesia/Season_1/Regular_Season | https://github.com/LiTianYeoh/MLBB_Tournament_Analysis/blob/94ea36800e80c9e89a2356a0b81d3eeafbd6a4f7/analysis/data/consolidated_game_data_20240505.csv
1,S1-RS-029,2,RRQ.O2,pick,2,Jawhead,https://liquipedia.net/mobilelegends/MPL/Indonesia/Season_1/Regular_Season | https://github.com/LiTianYeoh/MLBB_Tournament_Analysis/blob/94ea36800e80c9e89a2356a0b81d3eeafbd6a4f7/analysis/data/consolidated_game_data_20240505.csv
1,S1-RS-029,2,RRQ.O2,pick,3,Cyclops,https://liquipedia.net/mobilelegends/MPL/Indonesia/Season_1/Regular_Season | https://github.com/LiTianYeoh/MLBB_Tournament_Analysis/blob/94ea36800e80c9e89a2356a0b81d3eeafbd6a4f7/analysis/data/consolidated_game_data_20240505.csv
1,S1-RS-029,2,RRQ.O2,pick,4,Hayabusa,https://liquipedia.net/mobilelegends/MPL/Indonesia/Season_1/Regular_Season | https://github.com/LiTianYeoh/MLBB_Tournament_Analysis/blob/94ea36800e80c9e89a2356a0b81d3eeafbd6a4f7/analysis/data/consolidated_game_data_20240505.csv
1,S1-RS-029,2,RRQ.O2,pick,5,Lancelot,https://liquipedia.net/mobilelegends/MPL/Indonesia/Season_1/Regular_Season | https://github.com/LiTianYeoh/MLBB_Tournament_Analysis/blob/94ea36800e80c9e89a2356a0b81d3eeafbd6a4f7/analysis/data/consolidated_game_data_20240505.csv
1,S1-RS-029,2,Team NXL,ban,1,Kagura,https://liquipedia.net/mobilelegends/MPL/Indonesia/Season_1/Regular_Season | https://github.com/LiTianYeoh/MLBB_Tournament_Analysis/blob/94ea36800e80c9e89a2356a0b81d3eeafbd6a4f7/analysis/data/consolidated_game_data_20240505.csv
1,S1-RS-029,2,Team NXL,ban,2,Angela,https://liquipedia.net/mobilelegends/MPL/Indonesia/Season_1/Regular_Season | https://github.com/LiTianYeoh/MLBB_Tournament_Analysis/blob/94ea36800e80c9e89a2356a0b81d3eeafbd6a4f7/analysis/data/consolidated_game_data_20240505.csv
1,S1-RS-029,2,Team NXL,pick,1,Helcurt,https://liquipedia.net/mobilelegends/MPL/Indonesia/Season_1/Regular_Season | https://github.com/LiTianYeoh/MLBB_Tournament_Analysis/blob/94ea36800e80c9e89a2356a0b81d3eeafbd6a4f7/analysis/data/consolidated_game_data_20240505.csv
1,S1-RS-029,2,Team NXL,pick,2,Johnson,https://liquipedia.net/mobilelegends/MPL/Indonesia/Season_1/Regular_Season | https://github.com/LiTianYeoh/MLBB_Tournament_Analysis/blob/94ea36800e80c9e89a2356a0b81d3eeafbd6a4f7/analysis/data/consolidated_game_data_20240505.csv
1,S1-RS-029,2,Team NXL,pick,3,Fanny,https://liquipedia.net/mobilelegends/MPL/Indonesia/Season_1/Regular_Season | https://github.com/LiTianYeoh/MLBB_Tournament_Analysis/blob/94ea36800e80c9e89a2356a0b81d3eeafbd6a4f7/analysis/data/consolidated_game_data_20240505.csv
1,S1-RS-029,2,Team NXL,pick,4,Saber,https://liquipedia.net/mobilelegends/MPL/Indonesia/Season_1/Regular_Season | https://github.com/LiTianYeoh/MLBB_Tournament_Analysis/blob/94ea36800e80c9e89a2356a0b81d3eeafbd6a4f7/analysis/data/consolidated_game_data_20240505.csv
1,S1-RS-029,2,Team NXL,pick,5,Akai,https://liquipedia.net/mobilelegends/MPL/Indonesia/Season_1/Regular_Season | https://github.com/LiTianYeoh/MLBB_Tournament_Analysis/blob/94ea36800e80c9e89a2356a0b81d3eeafbd6a4f7/analysis/data/consolidated_game_data_20240505.csv
1,S1-RS-030,1,Saints Indo 2,ban,1,Fanny,https://liquipedia.net/mobilelegends/MPL/Indonesia/Season_1/Regular_Season | https://github.com/LiTianYeoh/MLBB_Tournament_Analysis/blob/94ea36800e80c9e89a2356a0b81d3eeafbd6a4f7/analysis/data/consolidated_game_data_20240505.csv
1,S1-RS-030,1,Saints Indo 2,ban,2,Johnson,https://liquipedia.net/mobilelegends/MPL/Indonesia/Season_1/Regular_Season | https://github.com/LiTianYeoh/MLBB_Tournament_Analysis/blob/94ea36800e80c9e89a2356a0b81d3eeafbd6a4f7/analysis/data/consolidated_game_data_20240505.csv
1,S1-RS-030,1,Saints Indo 2,pick,1,Harley,https://liquipedia.net/mobilelegends/MPL/Indonesia/Season_1/Regular_Season | https://github.com/LiTianYeoh/MLBB_Tournament_Analysis/blob/94ea36800e80c9e89a2356a0b81d3eeafbd6a4f7/analysis/data/consolidated_game_data_20240505.csv
1,S1-RS-030,1,Saints Indo 2,pick,2,Chou,https://liquipedia.net/mobilelegends/MPL/Indonesia/Season_1/Regular_Season | https://github.com/LiTianYeoh/MLBB_Tournament_Analysis/blob/94ea36800e80c9e89a2356a0b81d3eeafbd6a4f7/analysis/data/consolidated_game_data_20240505.csv
1,S1-RS-030,1,Saints Indo 2,pick,3,Jawhead,https://liquipedia.net/mobilelegends/MPL/Indonesia/Season_1/Regular_Season | https://github.com/LiTianYeoh/MLBB_Tournament_Analysis/blob/94ea36800e80c9e89a2356a0b81d3eeafbd6a4f7/analysis/data/consolidated_game_data_20240505.csv
1,S1-RS-030,1,Saints Indo 2,pick,4,Saber,https://liquipedia.net/mobilelegends/MPL/Indonesia/Season_1/Regular_Season | https://github.com/LiTianYeoh/MLBB_Tournament_Analysis/blob/94ea36800e80c9e89a2356a0b81d3eeafbd6a4f7/analysis/data/consolidated_game_data_20240505.csv
1,S1-RS-030,1,Saints Indo 2,pick,5,Zhask,https://liquipedia.net/mobilelegends/MPL/Indonesia/Season_1/Regular_Season | https://github.com/LiTianYeoh/MLBB_Tournament_Analysis/blob/94ea36800e80c9e89a2356a0b81d3eeafbd6a4f7/analysis/data/consolidated_game_data_20240505.csv
1,S1-RS-030,1,EVOS Esports,ban,1,Lancelot,https://liquipedia.net/mobilelegends/MPL/Indonesia/Season_1/Regular_Season | https://github.com/LiTianYeoh/MLBB_Tournament_Analysis/blob/94ea36800e80c9e89a2356a0b81d3eeafbd6a4f7/analysis/data/consolidated_game_data_20240505.csv
1,S1-RS-030,1,EVOS Esports,ban,2,Kagura,https://liquipedia.net/mobilelegends/MPL/Indonesia/Season_1/Regular_Season | https://github.com/LiTianYeoh/MLBB_Tournament_Analysis/blob/94ea36800e80c9e89a2356a0b81d3eeafbd6a4f7/analysis/data/consolidated_game_data_20240505.csv
1,S1-RS-030,1,EVOS Esports,pick,1,Grock,https://liquipedia.net/mobilelegends/MPL/Indonesia/Season_1/Regular_Season | https://github.com/LiTianYeoh/MLBB_Tournament_Analysis/blob/94ea36800e80c9e89a2356a0b81d3eeafbd6a4f7/analysis/data/consolidated_game_data_20240505.csv
1,S1-RS-030,1,EVOS Esports,pick,2,Cyclops,https://liquipedia.net/mobilelegends/MPL/Indonesia/Season_1/Regular_Season | https://github.com/LiTianYeoh/MLBB_Tournament_Analysis/blob/94ea36800e80c9e89a2356a0b81d3eeafbd6a4f7/analysis/data/consolidated_game_data_20240505.csv
1,S1-RS-030,1,EVOS Esports,pick,3,Lesley,https://liquipedia.net/mobilelegends/MPL/Indonesia/Season_1/Regular_Season | https://github.com/LiTianYeoh/MLBB_Tournament_Analysis/blob/94ea36800e80c9e89a2356a0b81d3eeafbd6a4f7/analysis/data/consolidated_game_data_20240505.csv
1,S1-RS-030,1,EVOS Esports,pick,4,Angela,https://liquipedia.net/mobilelegends/MPL/Indonesia/Season_1/Regular_Season | https://github.com/LiTianYeoh/MLBB_Tournament_Analysis/blob/94ea36800e80c9e89a2356a0b81d3eeafbd6a4f7/analysis/data/consolidated_game_data_20240505.csv
1,S1-RS-030,1,EVOS Esports,pick,5,Helcurt,https://liquipedia.net/mobilelegends/MPL/Indonesia/Season_1/Regular_Season | https://github.com/LiTianYeoh/MLBB_Tournament_Analysis/blob/94ea36800e80c9e89a2356a0b81d3eeafbd6a4f7/analysis/data/consolidated_game_data_20240505.csv
1,S1-RS-030,2,Saints Indo 2,ban,1,Kagura,https://liquipedia.net/mobilelegends/MPL/Indonesia/Season_1/Regular_Season | https://github.com/LiTianYeoh/MLBB_Tournament_Analysis/blob/94ea36800e80c9e89a2356a0b81d3eeafbd6a4f7/analysis/data/consolidated_game_data_20240505.csv
1,S1-RS-030,2,Saints Indo 2,ban,2,Lancelot,https://liquipedia.net/mobilelegends/MPL/Indonesia/Season_1/Regular_Season | https://github.com/LiTianYeoh/MLBB_Tournament_Analysis/blob/94ea36800e80c9e89a2356a0b81d3eeafbd6a4f7/analysis/data/consolidated_game_data_20240505.csv
1,S1-RS-030,2,Saints Indo 2,pick,1,Angela,https://liquipedia.net/mobilelegends/MPL/Indonesia/Season_1/Regular_Season | https://github.com/LiTianYeoh/MLBB_Tournament_Analysis/blob/94ea36800e80c9e89a2356a0b81d3eeafbd6a4f7/analysis/data/consolidated_game_data_20240505.csv
1,S1-RS-030,2,Saints Indo 2,pick,2,Fanny,https://liquipedia.net/mobilelegends/MPL/Indonesia/Season_1/Regular_Season | https://github.com/LiTianYeoh/MLBB_Tournament_Analysis/blob/94ea36800e80c9e89a2356a0b81d3eeafbd6a4f7/analysis/data/consolidated_game_data_20240505.csv
1,S1-RS-030,2,Saints Indo 2,pick,3,Cyclops,https://liquipedia.net/mobilelegends/MPL/Indonesia/Season_1/Regular_Season | https://github.com/LiTianYeoh/MLBB_Tournament_Analysis/blob/94ea36800e80c9e89a2356a0b81d3eeafbd6a4f7/analysis/data/consolidated_game_data_20240505.csv
1,S1-RS-030,2,Saints Indo 2,pick,4,Hylos,https://liquipedia.net/mobilelegends/MPL/Indonesia/Season_1/Regular_Season | https://github.com/LiTianYeoh/MLBB_Tournament_Analysis/blob/94ea36800e80c9e89a2356a0b81d3eeafbd6a4f7/analysis/data/consolidated_game_data_20240505.csv
1,S1-RS-030,2,Saints Indo 2,pick,5,Alpha,https://liquipedia.net/mobilelegends/MPL/Indonesia/Season_1/Regular_Season | https://github.com/LiTianYeoh/MLBB_Tournament_Analysis/blob/94ea36800e80c9e89a2356a0b81d3eeafbd6a4f7/analysis/data/consolidated_game_data_20240505.csv
1,S1-RS-030,2,EVOS Esports,ban,1,Harley,https://liquipedia.net/mobilelegends/MPL/Indonesia/Season_1/Regular_Season | https://github.com/LiTianYeoh/MLBB_Tournament_Analysis/blob/94ea36800e80c9e89a2356a0b81d3eeafbd6a4f7/analysis/data/consolidated_game_data_20240505.csv
1,S1-RS-030,2,EVOS Esports,ban,2,Helcurt,https://liquipedia.net/mobilelegends/MPL/Indonesia/Season_1/Regular_Season | https://github.com/LiTianYeoh/MLBB_Tournament_Analysis/blob/94ea36800e80c9e89a2356a0b81d3eeafbd6a4f7/analysis/data/consolidated_game_data_20240505.csv
1,S1-RS-030,2,EVOS Esports,pick,1,Hayabusa,https://liquipedia.net/mobilelegends/MPL/Indonesia/Season_1/Regular_Season | https://github.com/LiTianYeoh/MLBB_Tournament_Analysis/blob/94ea36800e80c9e89a2356a0b81d3eeafbd6a4f7/analysis/data/consolidated_game_data_20240505.csv
1,S1-RS-030,2,EVOS Esports,pick,2,Moskov,https://liquipedia.net/mobilelegends/MPL/Indonesia/Season_1/Regular_Season | https://github.com/LiTianYeoh/MLBB_Tournament_Analysis/blob/94ea36800e80c9e89a2356a0b81d3eeafbd6a4f7/analysis/data/consolidated_game_data_20240505.csv
1,S1-RS-030,2,EVOS Esports,pick,3,Saber,https://liquipedia.net/mobilelegends/MPL/Indonesia/Season_1/Regular_Season | https://github.com/LiTianYeoh/MLBB_Tournament_Analysis/blob/94ea36800e80c9e89a2356a0b81d3eeafbd6a4f7/analysis/data/consolidated_game_data_20240505.csv
1,S1-RS-030,2,EVOS Esports,pick,4,Chou,https://liquipedia.net/mobilelegends/MPL/Indonesia/Season_1/Regular_Season | https://github.com/LiTianYeoh/MLBB_Tournament_Analysis/blob/94ea36800e80c9e89a2356a0b81d3eeafbd6a4f7/analysis/data/consolidated_game_data_20240505.csv
1,S1-RS-030,2,EVOS Esports,pick,5,Johnson,https://liquipedia.net/mobilelegends/MPL/Indonesia/Season_1/Regular_Season | https://github.com/LiTianYeoh/MLBB_Tournament_Analysis/blob/94ea36800e80c9e89a2356a0b81d3eeafbd6a4f7/analysis/data/consolidated_game_data_20240505.csv
1,S1-RS-031,1,Team NXL,ban,1,Helcurt,https://liquipedia.net/mobilelegends/MPL/Indonesia/Season_1/Regular_Season | https://github.com/LiTianYeoh/MLBB_Tournament_Analysis/blob/94ea36800e80c9e89a2356a0b81d3eeafbd6a4f7/analysis/data/consolidated_game_data_20240505.csv
1,S1-RS-031,1,Team NXL,ban,2,Angela,https://liquipedia.net/mobilelegends/MPL/Indonesia/Season_1/Regular_Season | https://github.com/LiTianYeoh/MLBB_Tournament_Analysis/blob/94ea36800e80c9e89a2356a0b81d3eeafbd6a4f7/analysis/data/consolidated_game_data_20240505.csv
1,S1-RS-031,1,Team NXL,pick,1,Kagura,https://liquipedia.net/mobilelegends/MPL/Indonesia/Season_1/Regular_Season | https://github.com/LiTianYeoh/MLBB_Tournament_Analysis/blob/94ea36800e80c9e89a2356a0b81d3eeafbd6a4f7/analysis/data/consolidated_game_data_20240505.csv
1,S1-RS-031,1,Team NXL,pick,2,Hylos,https://liquipedia.net/mobilelegends/MPL/Indonesia/Season_1/Regular_Season | https://github.com/LiTianYeoh/MLBB_Tournament_Analysis/blob/94ea36800e80c9e89a2356a0b81d3eeafbd6a4f7/analysis/data/consolidated_game_data_20240505.csv
1,S1-RS-031,1,Team NXL,pick,3,Alpha,https://liquipedia.net/mobilelegends/MPL/Indonesia/Season_1/Regular_Season | https://github.com/LiTianYeoh/MLBB_Tournament_Analysis/blob/94ea36800e80c9e89a2356a0b81d3eeafbd6a4f7/analysis/data/consolidated_game_data_20240505.csv
1,S1-RS-031,1,Team NXL,pick,4,Zilong,https://liquipedia.net/mobilelegends/MPL/Indonesia/Season_1/Regular_Season | https://github.com/LiTianYeoh/MLBB_Tournament_Analysis/blob/94ea36800e80c9e89a2356a0b81d3eeafbd6a4f7/analysis/data/consolidated_game_data_20240505.csv
1,S1-RS-031,1,Team NXL,pick,5,Chou,https://liquipedia.net/mobilelegends/MPL/Indonesia/Season_1/Regular_Season | https://github.com/LiTianYeoh/MLBB_Tournament_Analysis/blob/94ea36800e80c9e89a2356a0b81d3eeafbd6a4f7/analysis/data/consolidated_game_data_20240505.csv
1,S1-RS-031,1,Bigetron Player Kill,ban,1,Fanny,https://liquipedia.net/mobilelegends/MPL/Indonesia/Season_1/Regular_Season | https://github.com/LiTianYeoh/MLBB_Tournament_Analysis/blob/94ea36800e80c9e89a2356a0b81d3eeafbd6a4f7/analysis/data/consolidated_game_data_20240505.csv
1,S1-RS-031,1,Bigetron Player Kill,ban,2,Saber,https://liquipedia.net/mobilelegends/MPL/Indonesia/Season_1/Regular_Season | https://github.com/LiTianYeoh/MLBB_Tournament_Analysis/blob/94ea36800e80c9e89a2356a0b81d3eeafbd6a4f7/analysis/data/consolidated_game_data_20240505.csv
1,S1-RS-031,1,Bigetron Player Kill,pick,1,Lesley,https://liquipedia.net/mobilelegends/MPL/Indonesia/Season_1/Regular_Season | https://github.com/LiTianYeoh/MLBB_Tournament_Analysis/blob/94ea36800e80c9e89a2356a0b81d3eeafbd6a4f7/analysis/data/consolidated_game_data_20240505.csv
1,S1-RS-031,1,Bigetron Player Kill,pick,2,Hayabusa,https://liquipedia.net/mobilelegends/MPL/Indonesia/Season_1/Regular_Season | https://github.com/LiTianYeoh/MLBB_Tournament_Analysis/blob/94ea36800e80c9e89a2356a0b81d3eeafbd6a4f7/analysis/data/consolidated_game_data_20240505.csv
1,S1-RS-031,1,Bigetron Player Kill,pick,3,Balmond,https://liquipedia.net/mobilelegends/MPL/Indonesia/Season_1/Regular_Season | https://github.com/LiTianYeoh/MLBB_Tournament_Analysis/blob/94ea36800e80c9e89a2356a0b81d3eeafbd6a4f7/analysis/data/consolidated_game_data_20240505.csv
1,S1-RS-031,1,Bigetron Player Kill,pick,4,Johnson,https://liquipedia.net/mobilelegends/MPL/Indonesia/Season_1/Regular_Season | https://github.com/LiTianYeoh/MLBB_Tournament_Analysis/blob/94ea36800e80c9e89a2356a0b81d3eeafbd6a4f7/analysis/data/consolidated_game_data_20240505.csv
1,S1-RS-031,1,Bigetron Player Kill,pick,5,Lancelot,https://liquipedia.net/mobilelegends/MPL/Indonesia/Season_1/Regular_Season | https://github.com/LiTianYeoh/MLBB_Tournament_Analysis/blob/94ea36800e80c9e89a2356a0b81d3eeafbd6a4f7/analysis/data/consolidated_game_data_20240505.csv
1,S1-RS-031,2,Team NXL,ban,1,Angela,https://liquipedia.net/mobilelegends/MPL/Indonesia/Season_1/Regular_Season | https://github.com/LiTianYeoh/MLBB_Tournament_Analysis/blob/94ea36800e80c9e89a2356a0b81d3eeafbd6a4f7/analysis/data/consolidated_game_data_20240505.csv
1,S1-RS-031,2,Team NXL,ban,2,Harley,https://liquipedia.net/mobilelegends/MPL/Indonesia/Season_1/Regular_Season | https://github.com/LiTianYeoh/MLBB_Tournament_Analysis/blob/94ea36800e80c9e89a2356a0b81d3eeafbd6a4f7/analysis/data/consolidated_game_data_20240505.csv
1,S1-RS-031,2,Team NXL,pick,1,Kagura,https://liquipedia.net/mobilelegends/MPL/Indonesia/Season_1/Regular_Season | https://github.com/LiTianYeoh/MLBB_Tournament_Analysis/blob/94ea36800e80c9e89a2356a0b81d3eeafbd6a4f7/analysis/data/consolidated_game_data_20240505.csv
1,S1-RS-031,2,Team NXL,pick,2,Helcurt,https://liquipedia.net/mobilelegends/MPL/Indonesia/Season_1/Regular_Season | https://github.com/LiTianYeoh/MLBB_Tournament_Analysis/blob/94ea36800e80c9e89a2356a0b81d3eeafbd6a4f7/analysis/data/consolidated_game_data_20240505.csv
1,S1-RS-031,2,Team NXL,pick,3,Alpha,https://liquipedia.net/mobilelegends/MPL/Indonesia/Season_1/Regular_Season | https://github.com/LiTianYeoh/MLBB_Tournament_Analysis/blob/94ea36800e80c9e89a2356a0b81d3eeafbd6a4f7/analysis/data/consolidated_game_data_20240505.csv
1,S1-RS-031,2,Team NXL,pick,4,Akai,https://liquipedia.net/mobilelegends/MPL/Indonesia/Season_1/Regular_Season | https://github.com/LiTianYeoh/MLBB_Tournament_Analysis/blob/94ea36800e80c9e89a2356a0b81d3eeafbd6a4f7/analysis/data/consolidated_game_data_20240505.csv
1,S1-RS-031,2,Team NXL,pick,5,Johnson,https://liquipedia.net/mobilelegends/MPL/Indonesia/Season_1/Regular_Season | https://github.com/LiTianYeoh/MLBB_Tournament_Analysis/blob/94ea36800e80c9e89a2356a0b81d3eeafbd6a4f7/analysis/data/consolidated_game_data_20240505.csv
1,S1-RS-031,2,Bigetron Player Kill,ban,1,Saber,https://liquipedia.net/mobilelegends/MPL/Indonesia/Season_1/Regular_Season | https://github.com/LiTianYeoh/MLBB_Tournament_Analysis/blob/94ea36800e80c9e89a2356a0b81d3eeafbd6a4f7/analysis/data/consolidated_game_data_20240505.csv
1,S1-RS-031,2,Bigetron Player Kill,ban,2,Fanny,https://liquipedia.net/mobilelegends/MPL/Indonesia/Season_1/Regular_Season | https://github.com/LiTianYeoh/MLBB_Tournament_Analysis/blob/94ea36800e80c9e89a2356a0b81d3eeafbd6a4f7/analysis/data/consolidated_game_data_20240505.csv
1,S1-RS-031,2,Bigetron Player Kill,pick,1,Hayabusa,https://liquipedia.net/mobilelegends/MPL/Indonesia/Season_1/Regular_Season | https://github.com/LiTianYeoh/MLBB_Tournament_Analysis/blob/94ea36800e80c9e89a2356a0b81d3eeafbd6a4f7/analysis/data/consolidated_game_data_20240505.csv
1,S1-RS-031,2,Bigetron Player Kill,pick,2,Cyclops,https://liquipedia.net/mobilelegends/MPL/Indonesia/Season_1/Regular_Season | https://github.com/LiTianYeoh/MLBB_Tournament_Analysis/blob/94ea36800e80c9e89a2356a0b81d3eeafbd6a4f7/analysis/data/consolidated_game_data_20240505.csv
1,S1-RS-031,2,Bigetron Player Kill,pick,3,Grock,https://liquipedia.net/mobilelegends/MPL/Indonesia/Season_1/Regular_Season | https://github.com/LiTianYeoh/MLBB_Tournament_Analysis/blob/94ea36800e80c9e89a2356a0b81d3eeafbd6a4f7/analysis/data/consolidated_game_data_20240505.csv
1,S1-RS-031,2,Bigetron Player Kill,pick,4,Hylos,https://liquipedia.net/mobilelegends/MPL/Indonesia/Season_1/Regular_Season | https://github.com/LiTianYeoh/MLBB_Tournament_Analysis/blob/94ea36800e80c9e89a2356a0b81d3eeafbd6a4f7/analysis/data/consolidated_game_data_20240505.csv
1,S1-RS-031,2,Bigetron Player Kill,pick,5,Lancelot,https://liquipedia.net/mobilelegends/MPL/Indonesia/Season_1/Regular_Season | https://github.com/LiTianYeoh/MLBB_Tournament_Analysis/blob/94ea36800e80c9e89a2356a0b81d3eeafbd6a4f7/analysis/data/consolidated_game_data_20240505.csv
1,S1-RS-032,1,RRQ.O2,ban,1,Lancelot,https://liquipedia.net/mobilelegends/MPL/Indonesia/Season_1/Regular_Season | https://github.com/LiTianYeoh/MLBB_Tournament_Analysis/blob/94ea36800e80c9e89a2356a0b81d3eeafbd6a4f7/analysis/data/consolidated_game_data_20240505.csv
1,S1-RS-032,1,RRQ.O2,ban,2,Kagura,https://liquipedia.net/mobilelegends/MPL/Indonesia/Season_1/Regular_Season | https://github.com/LiTianYeoh/MLBB_Tournament_Analysis/blob/94ea36800e80c9e89a2356a0b81d3eeafbd6a4f7/analysis/data/consolidated_game_data_20240505.csv
1,S1-RS-032,1,RRQ.O2,pick,1,Hayabusa,https://liquipedia.net/mobilelegends/MPL/Indonesia/Season_1/Regular_Season | https://github.com/LiTianYeoh/MLBB_Tournament_Analysis/blob/94ea36800e80c9e89a2356a0b81d3eeafbd6a4f7/analysis/data/consolidated_game_data_20240505.csv
1,S1-RS-032,1,RRQ.O2,pick,2,Johnson,https://liquipedia.net/mobilelegends/MPL/Indonesia/Season_1/Regular_Season | https://github.com/LiTianYeoh/MLBB_Tournament_Analysis/blob/94ea36800e80c9e89a2356a0b81d3eeafbd6a4f7/analysis/data/consolidated_game_data_20240505.csv
1,S1-RS-032,1,RRQ.O2,pick,3,Lesley,https://liquipedia.net/mobilelegends/MPL/Indonesia/Season_1/Regular_Season | https://github.com/LiTianYeoh/MLBB_Tournament_Analysis/blob/94ea36800e80c9e89a2356a0b81d3eeafbd6a4f7/analysis/data/consolidated_game_data_20240505.csv
1,S1-RS-032,1,RRQ.O2,pick,4,Chou,https://liquipedia.net/mobilelegends/MPL/Indonesia/Season_1/Regular_Season | https://github.com/LiTianYeoh/MLBB_Tournament_Analysis/blob/94ea36800e80c9e89a2356a0b81d3eeafbd6a4f7/analysis/data/consolidated_game_data_20240505.csv
1,S1-RS-032,1,RRQ.O2,pick,5,Angela,https://liquipedia.net/mobilelegends/MPL/Indonesia/Season_1/Regular_Season | https://github.com/LiTianYeoh/MLBB_Tournament_Analysis/blob/94ea36800e80c9e89a2356a0b81d3eeafbd6a4f7/analysis/data/consolidated_game_data_20240505.csv
1,S1-RS-032,1,Team Rev Indo,ban,1,Harley,https://liquipedia.net/mobilelegends/MPL/Indonesia/Season_1/Regular_Season | https://github.com/LiTianYeoh/MLBB_Tournament_Analysis/blob/94ea36800e80c9e89a2356a0b81d3eeafbd6a4f7/analysis/data/consolidated_game_data_20240505.csv
1,S1-RS-032,1,Team Rev Indo,ban,2,Helcurt,https://liquipedia.net/mobilelegends/MPL/Indonesia/Season_1/Regular_Season | https://github.com/LiTianYeoh/MLBB_Tournament_Analysis/blob/94ea36800e80c9e89a2356a0b81d3eeafbd6a4f7/analysis/data/consolidated_game_data_20240505.csv
1,S1-RS-032,1,Team Rev Indo,pick,1,Hylos,https://liquipedia.net/mobilelegends/MPL/Indonesia/Season_1/Regular_Season | https://github.com/LiTianYeoh/MLBB_Tournament_Analysis/blob/94ea36800e80c9e89a2356a0b81d3eeafbd6a4f7/analysis/data/consolidated_game_data_20240505.csv
1,S1-RS-032,1,Team Rev Indo,pick,2,Saber,https://liquipedia.net/mobilelegends/MPL/Indonesia/Season_1/Regular_Season | https://github.com/LiTianYeoh/MLBB_Tournament_Analysis/blob/94ea36800e80c9e89a2356a0b81d3eeafbd6a4f7/analysis/data/consolidated_game_data_20240505.csv
1,S1-RS-032,1,Team Rev Indo,pick,3,Karrie,https://liquipedia.net/mobilelegends/MPL/Indonesia/Season_1/Regular_Season | https://github.com/LiTianYeoh/MLBB_Tournament_Analysis/blob/94ea36800e80c9e89a2356a0b81d3eeafbd6a4f7/analysis/data/consolidated_game_data_20240505.csv
1,S1-RS-032,1,Team Rev Indo,pick,4,Cyclops,https://liquipedia.net/mobilelegends/MPL/Indonesia/Season_1/Regular_Season | https://github.com/LiTianYeoh/MLBB_Tournament_Analysis/blob/94ea36800e80c9e89a2356a0b81d3eeafbd6a4f7/analysis/data/consolidated_game_data_20240505.csv
1,S1-RS-032,1,Team Rev Indo,pick,5,Akai,https://liquipedia.net/mobilelegends/MPL/Indonesia/Season_1/Regular_Season | https://github.com/LiTianYeoh/MLBB_Tournament_Analysis/blob/94ea36800e80c9e89a2356a0b81d3eeafbd6a4f7/analysis/data/consolidated_game_data_20240505.csv
1,S1-RS-032,2,RRQ.O2,ban,1,Helcurt,https://liquipedia.net/mobilelegends/MPL/Indonesia/Season_1/Regular_Season | https://github.com/LiTianYeoh/MLBB_Tournament_Analysis/blob/94ea36800e80c9e89a2356a0b81d3eeafbd6a4f7/analysis/data/consolidated_game_data_20240505.csv
1,S1-RS-032,2,RRQ.O2,ban,2,Lancelot,https://liquipedia.net/mobilelegends/MPL/Indonesia/Season_1/Regular_Season | https://github.com/LiTianYeoh/MLBB_Tournament_Analysis/blob/94ea36800e80c9e89a2356a0b81d3eeafbd6a4f7/analysis/data/consolidated_game_data_20240505.csv
1,S1-RS-032,2,RRQ.O2,pick,1,Lesley,https://liquipedia.net/mobilelegends/MPL/Indonesia/Season_1/Regular_Season | https://github.com/LiTianYeoh/MLBB_Tournament_Analysis/blob/94ea36800e80c9e89a2356a0b81d3eeafbd6a4f7/analysis/data/consolidated_game_data_20240505.csv
1,S1-RS-032,2,RRQ.O2,pick,2,Aurora,https://liquipedia.net/mobilelegends/MPL/Indonesia/Season_1/Regular_Season | https://github.com/LiTianYeoh/MLBB_Tournament_Analysis/blob/94ea36800e80c9e89a2356a0b81d3eeafbd6a4f7/analysis/data/consolidated_game_data_20240505.csv
1,S1-RS-032,2,RRQ.O2,pick,3,Hayabusa,https://liquipedia.net/mobilelegends/MPL/Indonesia/Season_1/Regular_Season | https://github.com/LiTianYeoh/MLBB_Tournament_Analysis/blob/94ea36800e80c9e89a2356a0b81d3eeafbd6a4f7/analysis/data/consolidated_game_data_20240505.csv
1,S1-RS-032,2,RRQ.O2,pick,4,Akai,https://liquipedia.net/mobilelegends/MPL/Indonesia/Season_1/Regular_Season | https://github.com/LiTianYeoh/MLBB_Tournament_Analysis/blob/94ea36800e80c9e89a2356a0b81d3eeafbd6a4f7/analysis/data/consolidated_game_data_20240505.csv
1,S1-RS-032,2,RRQ.O2,pick,5,Johnson,https://liquipedia.net/mobilelegends/MPL/Indonesia/Season_1/Regular_Season | https://github.com/LiTianYeoh/MLBB_Tournament_Analysis/blob/94ea36800e80c9e89a2356a0b81d3eeafbd6a4f7/analysis/data/consolidated_game_data_20240505.csv
1,S1-RS-032,2,Team Rev Indo,ban,1,Angela,https://liquipedia.net/mobilelegends/MPL/Indonesia/Season_1/Regular_Season | https://github.com/LiTianYeoh/MLBB_Tournament_Analysis/blob/94ea36800e80c9e89a2356a0b81d3eeafbd6a4f7/analysis/data/consolidated_game_data_20240505.csv
1,S1-RS-032,2,Team Rev Indo,ban,2,Kagura,https://liquipedia.net/mobilelegends/MPL/Indonesia/Season_1/Regular_Season | https://github.com/LiTianYeoh/MLBB_Tournament_Analysis/blob/94ea36800e80c9e89a2356a0b81d3eeafbd6a4f7/analysis/data/consolidated_game_data_20240505.csv
1,S1-RS-032,2,Team Rev Indo,pick,1,Chou,https://liquipedia.net/mobilelegends/MPL/Indonesia/Season_1/Regular_Season | https://github.com/LiTianYeoh/MLBB_Tournament_Analysis/blob/94ea36800e80c9e89a2356a0b81d3eeafbd6a4f7/analysis/data/consolidated_game_data_20240505.csv
1,S1-RS-032,2,Team Rev Indo,pick,2,Harley,https://liquipedia.net/mobilelegends/MPL/Indonesia/Season_1/Regular_Season | https://github.com/LiTianYeoh/MLBB_Tournament_Analysis/blob/94ea36800e80c9e89a2356a0b81d3eeafbd6a4f7/analysis/data/consolidated_game_data_20240505.csv
1,S1-RS-032,2,Team Rev Indo,pick,3,Karrie,https://liquipedia.net/mobilelegends/MPL/Indonesia/Season_1/Regular_Season | https://github.com/LiTianYeoh/MLBB_Tournament_Analysis/blob/94ea36800e80c9e89a2356a0b81d3eeafbd6a4f7/analysis/data/consolidated_game_data_20240505.csv
1,S1-RS-032,2,Team Rev Indo,pick,4,Grock,https://liquipedia.net/mobilelegends/MPL/Indonesia/Season_1/Regular_Season | https://github.com/LiTianYeoh/MLBB_Tournament_Analysis/blob/94ea36800e80c9e89a2356a0b81d3eeafbd6a4f7/analysis/data/consolidated_game_data_20240505.csv
1,S1-RS-032,2,Team Rev Indo,pick,5,Diggie,https://liquipedia.net/mobilelegends/MPL/Indonesia/Season_1/Regular_Season | https://github.com/LiTianYeoh/MLBB_Tournament_Analysis/blob/94ea36800e80c9e89a2356a0b81d3eeafbd6a4f7/analysis/data/consolidated_game_data_20240505.csv
1,S1-RS-033,1,Elite 8 Critical Reborn,ban,1,Hayabusa,https://liquipedia.net/mobilelegends/MPL/Indonesia/Season_1/Regular_Season | https://github.com/LiTianYeoh/MLBB_Tournament_Analysis/blob/94ea36800e80c9e89a2356a0b81d3eeafbd6a4f7/analysis/data/consolidated_game_data_20240505.csv
1,S1-RS-033,1,Elite 8 Critical Reborn,ban,2,Kagura,https://liquipedia.net/mobilelegends/MPL/Indonesia/Season_1/Regular_Season | https://github.com/LiTianYeoh/MLBB_Tournament_Analysis/blob/94ea36800e80c9e89a2356a0b81d3eeafbd6a4f7/analysis/data/consolidated_game_data_20240505.csv
1,S1-RS-033,1,Elite 8 Critical Reborn,pick,1,Johnson,https://liquipedia.net/mobilelegends/MPL/Indonesia/Season_1/Regular_Season | https://github.com/LiTianYeoh/MLBB_Tournament_Analysis/blob/94ea36800e80c9e89a2356a0b81d3eeafbd6a4f7/analysis/data/consolidated_game_data_20240505.csv
1,S1-RS-033,1,Elite 8 Critical Reborn,pick,2,Harley,https://liquipedia.net/mobilelegends/MPL/Indonesia/Season_1/Regular_Season | https://github.com/LiTianYeoh/MLBB_Tournament_Analysis/blob/94ea36800e80c9e89a2356a0b81d3eeafbd6a4f7/analysis/data/consolidated_game_data_20240505.csv
1,S1-RS-033,1,Elite 8 Critical Reborn,pick,3,Karrie,https://liquipedia.net/mobilelegends/MPL/Indonesia/Season_1/Regular_Season | https://github.com/LiTianYeoh/MLBB_Tournament_Analysis/blob/94ea36800e80c9e89a2356a0b81d3eeafbd6a4f7/analysis/data/consolidated_game_data_20240505.csv
1,S1-RS-033,1,Elite 8 Critical Reborn,pick,4,Akai,https://liquipedia.net/mobilelegends/MPL/Indonesia/Season_1/Regular_Season | https://github.com/LiTianYeoh/MLBB_Tournament_Analysis/blob/94ea36800e80c9e89a2356a0b81d3eeafbd6a4f7/analysis/data/consolidated_game_data_20240505.csv
1,S1-RS-033,1,Elite 8 Critical Reborn,pick,5,Diggie,https://liquipedia.net/mobilelegends/MPL/Indonesia/Season_1/Regular_Season | https://github.com/LiTianYeoh/MLBB_Tournament_Analysis/blob/94ea36800e80c9e89a2356a0b81d3eeafbd6a4f7/analysis/data/consolidated_game_data_20240505.csv
1,S1-RS-033,1,Bigetron Player Kill,ban,1,Lancelot,https://liquipedia.net/mobilelegends/MPL/Indonesia/Season_1/Regular_Season | https://github.com/LiTianYeoh/MLBB_Tournament_Analysis/blob/94ea36800e80c9e89a2356a0b81d3eeafbd6a4f7/analysis/data/consolidated_game_data_20240505.csv
1,S1-RS-033,1,Bigetron Player Kill,ban,2,Helcurt,https://liquipedia.net/mobilelegends/MPL/Indonesia/Season_1/Regular_Season | https://github.com/LiTianYeoh/MLBB_Tournament_Analysis/blob/94ea36800e80c9e89a2356a0b81d3eeafbd6a4f7/analysis/data/consolidated_game_data_20240505.csv
1,S1-RS-033,1,Bigetron Player Kill,pick,1,Hylos,https://liquipedia.net/mobilelegends/MPL/Indonesia/Season_1/Regular_Season | https://github.com/LiTianYeoh/MLBB_Tournament_Analysis/blob/94ea36800e80c9e89a2356a0b81d3eeafbd6a4f7/analysis/data/consolidated_game_data_20240505.csv
1,S1-RS-033,1,Bigetron Player Kill,pick,2,Angela,https://liquipedia.net/mobilelegends/MPL/Indonesia/Season_1/Regular_Season | https://github.com/LiTianYeoh/MLBB_Tournament_Analysis/blob/94ea36800e80c9e89a2356a0b81d3eeafbd6a4f7/analysis/data/consolidated_game_data_20240505.csv
1,S1-RS-033,1,Bigetron Player Kill,pick,3,Chou,https://liquipedia.net/mobilelegends/MPL/Indonesia/Season_1/Regular_Season | https://github.com/LiTianYeoh/MLBB_Tournament_Analysis/blob/94ea36800e80c9e89a2356a0b81d3eeafbd6a4f7/analysis/data/consolidated_game_data_20240505.csv
1,S1-RS-033,1,Bigetron Player Kill,pick,4,Saber,https://liquipedia.net/mobilelegends/MPL/Indonesia/Season_1/Regular_Season | https://github.com/LiTianYeoh/MLBB_Tournament_Analysis/blob/94ea36800e80c9e89a2356a0b81d3eeafbd6a4f7/analysis/data/consolidated_game_data_20240505.csv
1,S1-RS-033,1,Bigetron Player Kill,pick,5,Moskov,https://liquipedia.net/mobilelegends/MPL/Indonesia/Season_1/Regular_Season | https://github.com/LiTianYeoh/MLBB_Tournament_Analysis/blob/94ea36800e80c9e89a2356a0b81d3eeafbd6a4f7/analysis/data/consolidated_game_data_20240505.csv
1,S1-RS-033,2,Elite 8 Critical Reborn,ban,1,Hayabusa,https://liquipedia.net/mobilelegends/MPL/Indonesia/Season_1/Regular_Season | https://github.com/LiTianYeoh/MLBB_Tournament_Analysis/blob/94ea36800e80c9e89a2356a0b81d3eeafbd6a4f7/analysis/data/consolidated_game_data_20240505.csv
1,S1-RS-033,2,Elite 8 Critical Reborn,ban,2,Lancelot,https://liquipedia.net/mobilelegends/MPL/Indonesia/Season_1/Regular_Season | https://github.com/LiTianYeoh/MLBB_Tournament_Analysis/blob/94ea36800e80c9e89a2356a0b81d3eeafbd6a4f7/analysis/data/consolidated_game_data_20240505.csv
1,S1-RS-033,2,Elite 8 Critical Reborn,pick,1,Jawhead,https://liquipedia.net/mobilelegends/MPL/Indonesia/Season_1/Regular_Season | https://github.com/LiTianYeoh/MLBB_Tournament_Analysis/blob/94ea36800e80c9e89a2356a0b81d3eeafbd6a4f7/analysis/data/consolidated_game_data_20240505.csv
1,S1-RS-033,2,Elite 8 Critical Reborn,pick,2,Lesley,https://liquipedia.net/mobilelegends/MPL/Indonesia/Season_1/Regular_Season | https://github.com/LiTianYeoh/MLBB_Tournament_Analysis/blob/94ea36800e80c9e89a2356a0b81d3eeafbd6a4f7/analysis/data/consolidated_game_data_20240505.csv
1,S1-RS-033,2,Elite 8 Critical Reborn,pick,3,Harley,https://liquipedia.net/mobilelegends/MPL/Indonesia/Season_1/Regular_Season | https://github.com/LiTianYeoh/MLBB_Tournament_Analysis/blob/94ea36800e80c9e89a2356a0b81d3eeafbd6a4f7/analysis/data/consolidated_game_data_20240505.csv
1,S1-RS-033,2,Elite 8 Critical Reborn,pick,4,Akai,https://liquipedia.net/mobilelegends/MPL/Indonesia/Season_1/Regular_Season | https://github.com/LiTianYeoh/MLBB_Tournament_Analysis/blob/94ea36800e80c9e89a2356a0b81d3eeafbd6a4f7/analysis/data/consolidated_game_data_20240505.csv
1,S1-RS-033,2,Elite 8 Critical Reborn,pick,5,Helcurt,https://liquipedia.net/mobilelegends/MPL/Indonesia/Season_1/Regular_Season | https://github.com/LiTianYeoh/MLBB_Tournament_Analysis/blob/94ea36800e80c9e89a2356a0b81d3eeafbd6a4f7/analysis/data/consolidated_game_data_20240505.csv
1,S1-RS-033,2,Bigetron Player Kill,ban,1,Angela,https://liquipedia.net/mobilelegends/MPL/Indonesia/Season_1/Regular_Season | https://github.com/LiTianYeoh/MLBB_Tournament_Analysis/blob/94ea36800e80c9e89a2356a0b81d3eeafbd6a4f7/analysis/data/consolidated_game_data_20240505.csv
1,S1-RS-033,2,Bigetron Player Kill,ban,2,Johnson,https://liquipedia.net/mobilelegends/MPL/Indonesia/Season_1/Regular_Season | https://github.com/LiTianYeoh/MLBB_Tournament_Analysis/blob/94ea36800e80c9e89a2356a0b81d3eeafbd6a4f7/analysis/data/consolidated_game_data_20240505.csv
1,S1-RS-033,2,Bigetron Player Kill,pick,1,Cyclops,https://liquipedia.net/mobilelegends/MPL/Indonesia/Season_1/Regular_Season | https://github.com/LiTianYeoh/MLBB_Tournament_Analysis/blob/94ea36800e80c9e89a2356a0b81d3eeafbd6a4f7/analysis/data/consolidated_game_data_20240505.csv
1,S1-RS-033,2,Bigetron Player Kill,pick,2,Zilong,https://liquipedia.net/mobilelegends/MPL/Indonesia/Season_1/Regular_Season | https://github.com/LiTianYeoh/MLBB_Tournament_Analysis/blob/94ea36800e80c9e89a2356a0b81d3eeafbd6a4f7/analysis/data/consolidated_game_data_20240505.csv
1,S1-RS-033,2,Bigetron Player Kill,pick,3,Grock,https://liquipedia.net/mobilelegends/MPL/Indonesia/Season_1/Regular_Season | https://github.com/LiTianYeoh/MLBB_Tournament_Analysis/blob/94ea36800e80c9e89a2356a0b81d3eeafbd6a4f7/analysis/data/consolidated_game_data_20240505.csv
1,S1-RS-033,2,Bigetron Player Kill,pick,4,Chou,https://liquipedia.net/mobilelegends/MPL/Indonesia/Season_1/Regular_Season | https://github.com/LiTianYeoh/MLBB_Tournament_Analysis/blob/94ea36800e80c9e89a2356a0b81d3eeafbd6a4f7/analysis/data/consolidated_game_data_20240505.csv
1,S1-RS-033,2,Bigetron Player Kill,pick,5,Kagura,https://liquipedia.net/mobilelegends/MPL/Indonesia/Season_1/Regular_Season | https://github.com/LiTianYeoh/MLBB_Tournament_Analysis/blob/94ea36800e80c9e89a2356a0b81d3eeafbd6a4f7/analysis/data/consolidated_game_data_20240505.csv
1,S1-RS-034,1,Pandora Esports,ban,1,Johnson,https://liquipedia.net/mobilelegends/MPL/Indonesia/Season_1/Regular_Season | https://github.com/LiTianYeoh/MLBB_Tournament_Analysis/blob/94ea36800e80c9e89a2356a0b81d3eeafbd6a4f7/analysis/data/consolidated_game_data_20240505.csv
1,S1-RS-034,1,Pandora Esports,ban,2,Fanny,https://liquipedia.net/mobilelegends/MPL/Indonesia/Season_1/Regular_Season | https://github.com/LiTianYeoh/MLBB_Tournament_Analysis/blob/94ea36800e80c9e89a2356a0b81d3eeafbd6a4f7/analysis/data/consolidated_game_data_20240505.csv
1,S1-RS-034,1,Pandora Esports,pick,1,Kagura,https://liquipedia.net/mobilelegends/MPL/Indonesia/Season_1/Regular_Season | https://github.com/LiTianYeoh/MLBB_Tournament_Analysis/blob/94ea36800e80c9e89a2356a0b81d3eeafbd6a4f7/analysis/data/consolidated_game_data_20240505.csv
1,S1-RS-034,1,Pandora Esports,pick,2,Saber,https://liquipedia.net/mobilelegends/MPL/Indonesia/Season_1/Regular_Season | https://github.com/LiTianYeoh/MLBB_Tournament_Analysis/blob/94ea36800e80c9e89a2356a0b81d3eeafbd6a4f7/analysis/data/consolidated_game_data_20240505.csv
1,S1-RS-034,1,Pandora Esports,pick,3,Akai,https://liquipedia.net/mobilelegends/MPL/Indonesia/Season_1/Regular_Season | https://github.com/LiTianYeoh/MLBB_Tournament_Analysis/blob/94ea36800e80c9e89a2356a0b81d3eeafbd6a4f7/analysis/data/consolidated_game_data_20240505.csv
1,S1-RS-034,1,Pandora Esports,pick,4,Balmond,https://liquipedia.net/mobilelegends/MPL/Indonesia/Season_1/Regular_Season | https://github.com/LiTianYeoh/MLBB_Tournament_Analysis/blob/94ea36800e80c9e89a2356a0b81d3eeafbd6a4f7/analysis/data/consolidated_game_data_20240505.csv
1,S1-RS-034,1,Pandora Esports,pick,5,Saber,https://liquipedia.net/mobilelegends/MPL/Indonesia/Season_1/Regular_Season | https://github.com/LiTianYeoh/MLBB_Tournament_Analysis/blob/94ea36800e80c9e89a2356a0b81d3eeafbd6a4f7/analysis/data/consolidated_game_data_20240505.csv
1,S1-RS-034,1,Team NXL,ban,1,Angela,https://liquipedia.net/mobilelegends/MPL/Indonesia/Season_1/Regular_Season | https://github.com/LiTianYeoh/MLBB_Tournament_Analysis/blob/94ea36800e80c9e89a2356a0b81d3eeafbd6a4f7/analysis/data/consolidated_game_data_20240505.csv
1,S1-RS-034,1,Team NXL,ban,2,Harley,https://liquipedia.net/mobilelegends/MPL/Indonesia/Season_1/Regular_Season | https://github.com/LiTianYeoh/MLBB_Tournament_Analysis/blob/94ea36800e80c9e89a2356a0b81d3eeafbd6a4f7/analysis/data/consolidated_game_data_20240505.csv
1,S1-RS-034,1,Team NXL,pick,1,Aurora,https://liquipedia.net/mobilelegends/MPL/Indonesia/Season_1/Regular_Season | https://github.com/LiTianYeoh/MLBB_Tournament_Analysis/blob/94ea36800e80c9e89a2356a0b81d3eeafbd6a4f7/analysis/data/consolidated_game_data_20240505.csv
1,S1-RS-034,1,Team NXL,pick,2,Chou,https://liquipedia.net/mobilelegends/MPL/Indonesia/Season_1/Regular_Season | https://github.com/LiTianYeoh/MLBB_Tournament_Analysis/blob/94ea36800e80c9e89a2356a0b81d3eeafbd6a4f7/analysis/data/consolidated_game_data_20240505.csv
1,S1-RS-034,1,Team NXL,pick,3,Hylos,https://liquipedia.net/mobilelegends/MPL/Indonesia/Season_1/Regular_Season | https://github.com/LiTianYeoh/MLBB_Tournament_Analysis/blob/94ea36800e80c9e89a2356a0b81d3eeafbd6a4f7/analysis/data/consolidated_game_data_20240505.csv
1,S1-RS-034,1,Team NXL,pick,4,Helcurt,https://liquipedia.net/mobilelegends/MPL/Indonesia/Season_1/Regular_Season | https://github.com/LiTianYeoh/MLBB_Tournament_Analysis/blob/94ea36800e80c9e89a2356a0b81d3eeafbd6a4f7/analysis/data/consolidated_game_data_20240505.csv
1,S1-RS-034,1,Team NXL,pick,5,Lancelot,https://liquipedia.net/mobilelegends/MPL/Indonesia/Season_1/Regular_Season | https://github.com/LiTianYeoh/MLBB_Tournament_Analysis/blob/94ea36800e80c9e89a2356a0b81d3eeafbd6a4f7/analysis/data/consolidated_game_data_20240505.csv
1,S1-RS-034,2,Pandora Esports,ban,1,Helcurt,https://liquipedia.net/mobilelegends/MPL/Indonesia/Season_1/Regular_Season | https://github.com/LiTianYeoh/MLBB_Tournament_Analysis/blob/94ea36800e80c9e89a2356a0b81d3eeafbd6a4f7/analysis/data/consolidated_game_data_20240505.csv
1,S1-RS-034,2,Pandora Esports,ban,2,Fanny,https://liquipedia.net/mobilelegends/MPL/Indonesia/Season_1/Regular_Season | https://github.com/LiTianYeoh/MLBB_Tournament_Analysis/blob/94ea36800e80c9e89a2356a0b81d3eeafbd6a4f7/analysis/data/consolidated_game_data_20240505.csv
1,S1-RS-034,2,Pandora Esports,pick,1,Lancelot,https://liquipedia.net/mobilelegends/MPL/Indonesia/Season_1/Regular_Season | https://github.com/LiTianYeoh/MLBB_Tournament_Analysis/blob/94ea36800e80c9e89a2356a0b81d3eeafbd6a4f7/analysis/data/consolidated_game_data_20240505.csv
1,S1-RS-034,2,Pandora Esports,pick,2,Johnson,https://liquipedia.net/mobilelegends/MPL/Indonesia/Season_1/Regular_Season | https://github.com/LiTianYeoh/MLBB_Tournament_Analysis/blob/94ea36800e80c9e89a2356a0b81d3eeafbd6a4f7/analysis/data/consolidated_game_data_20240505.csv
1,S1-RS-034,2,Pandora Esports,pick,3,Chou,https://liquipedia.net/mobilelegends/MPL/Indonesia/Season_1/Regular_Season | https://github.com/LiTianYeoh/MLBB_Tournament_Analysis/blob/94ea36800e80c9e89a2356a0b81d3eeafbd6a4f7/analysis/data/consolidated_game_data_20240505.csv
1,S1-RS-034,2,Pandora Esports,pick,4,Alpha,https://liquipedia.net/mobilelegends/MPL/Indonesia/Season_1/Regular_Season | https://github.com/LiTianYeoh/MLBB_Tournament_Analysis/blob/94ea36800e80c9e89a2356a0b81d3eeafbd6a4f7/analysis/data/consolidated_game_data_20240505.csv
1,S1-RS-034,2,Pandora Esports,pick,5,Bruno,https://liquipedia.net/mobilelegends/MPL/Indonesia/Season_1/Regular_Season | https://github.com/LiTianYeoh/MLBB_Tournament_Analysis/blob/94ea36800e80c9e89a2356a0b81d3eeafbd6a4f7/analysis/data/consolidated_game_data_20240505.csv
1,S1-RS-034,2,Team NXL,ban,1,Harley,https://liquipedia.net/mobilelegends/MPL/Indonesia/Season_1/Regular_Season | https://github.com/LiTianYeoh/MLBB_Tournament_Analysis/blob/94ea36800e80c9e89a2356a0b81d3eeafbd6a4f7/analysis/data/consolidated_game_data_20240505.csv
1,S1-RS-034,2,Team NXL,ban,2,Angela,https://liquipedia.net/mobilelegends/MPL/Indonesia/Season_1/Regular_Season | https://github.com/LiTianYeoh/MLBB_Tournament_Analysis/blob/94ea36800e80c9e89a2356a0b81d3eeafbd6a4f7/analysis/data/consolidated_game_data_20240505.csv
1,S1-RS-034,2,Team NXL,pick,1,Lapu-Lapu,https://liquipedia.net/mobilelegends/MPL/Indonesia/Season_1/Regular_Season | https://github.com/LiTianYeoh/MLBB_Tournament_Analysis/blob/94ea36800e80c9e89a2356a0b81d3eeafbd6a4f7/analysis/data/consolidated_game_data_20240505.csv
1,S1-RS-034,2,Team NXL,pick,2,Akai,https://liquipedia.net/mobilelegends/MPL/Indonesia/Season_1/Regular_Season | https://github.com/LiTianYeoh/MLBB_Tournament_Analysis/blob/94ea36800e80c9e89a2356a0b81d3eeafbd6a4f7/analysis/data/consolidated_game_data_20240505.csv
1,S1-RS-034,2,Team NXL,pick,3,Hylos,https://liquipedia.net/mobilelegends/MPL/Indonesia/Season_1/Regular_Season | https://github.com/LiTianYeoh/MLBB_Tournament_Analysis/blob/94ea36800e80c9e89a2356a0b81d3eeafbd6a4f7/analysis/data/consolidated_game_data_20240505.csv
1,S1-RS-034,2,Team NXL,pick,4,Saber,https://liquipedia.net/mobilelegends/MPL/Indonesia/Season_1/Regular_Season | https://github.com/LiTianYeoh/MLBB_Tournament_Analysis/blob/94ea36800e80c9e89a2356a0b81d3eeafbd6a4f7/analysis/data/consolidated_game_data_20240505.csv
1,S1-RS-034,2,Team NXL,pick,5,Kagura,https://liquipedia.net/mobilelegends/MPL/Indonesia/Season_1/Regular_Season | https://github.com/LiTianYeoh/MLBB_Tournament_Analysis/blob/94ea36800e80c9e89a2356a0b81d3eeafbd6a4f7/analysis/data/consolidated_game_data_20240505.csv
1,S1-RS-035,1,EVOS Esports,ban,1,Kagura,https://liquipedia.net/mobilelegends/MPL/Indonesia/Season_1/Regular_Season | https://github.com/LiTianYeoh/MLBB_Tournament_Analysis/blob/94ea36800e80c9e89a2356a0b81d3eeafbd6a4f7/analysis/data/consolidated_game_data_20240505.csv
1,S1-RS-035,1,EVOS Esports,ban,2,Angela,https://liquipedia.net/mobilelegends/MPL/Indonesia/Season_1/Regular_Season | https://github.com/LiTianYeoh/MLBB_Tournament_Analysis/blob/94ea36800e80c9e89a2356a0b81d3eeafbd6a4f7/analysis/data/consolidated_game_data_20240505.csv
1,S1-RS-035,1,EVOS Esports,pick,1,Helcurt,https://liquipedia.net/mobilelegends/MPL/Indonesia/Season_1/Regular_Season | https://github.com/LiTianYeoh/MLBB_Tournament_Analysis/blob/94ea36800e80c9e89a2356a0b81d3eeafbd6a4f7/analysis/data/consolidated_game_data_20240505.csv
1,S1-RS-035,1,EVOS Esports,pick,2,Harley,https://liquipedia.net/mobilelegends/MPL/Indonesia/Season_1/Regular_Season | https://github.com/LiTianYeoh/MLBB_Tournament_Analysis/blob/94ea36800e80c9e89a2356a0b81d3eeafbd6a4f7/analysis/data/consolidated_game_data_20240505.csv
1,S1-RS-035,1,EVOS Esports,pick,3,Chou,https://liquipedia.net/mobilelegends/MPL/Indonesia/Season_1/Regular_Season | https://github.com/LiTianYeoh/MLBB_Tournament_Analysis/blob/94ea36800e80c9e89a2356a0b81d3eeafbd6a4f7/analysis/data/consolidated_game_data_20240505.csv
1,S1-RS-035,1,EVOS Esports,pick,4,Lolita,https://liquipedia.net/mobilelegends/MPL/Indonesia/Season_1/Regular_Season | https://github.com/LiTianYeoh/MLBB_Tournament_Analysis/blob/94ea36800e80c9e89a2356a0b81d3eeafbd6a4f7/analysis/data/consolidated_game_data_20240505.csv
1,S1-RS-035,1,EVOS Esports,pick,5,Lesley,https://liquipedia.net/mobilelegends/MPL/Indonesia/Season_1/Regular_Season | https://github.com/LiTianYeoh/MLBB_Tournament_Analysis/blob/94ea36800e80c9e89a2356a0b81d3eeafbd6a4f7/analysis/data/consolidated_game_data_20240505.csv
1,S1-RS-035,1,Louvre Esports,ban,1,Lancelot,https://liquipedia.net/mobilelegends/MPL/Indonesia/Season_1/Regular_Season | https://github.com/LiTianYeoh/MLBB_Tournament_Analysis/blob/94ea36800e80c9e89a2356a0b81d3eeafbd6a4f7/analysis/data/consolidated_game_data_20240505.csv
1,S1-RS-035,1,Louvre Esports,ban,2,Fanny,https://liquipedia.net/mobilelegends/MPL/Indonesia/Season_1/Regular_Season | https://github.com/LiTianYeoh/MLBB_Tournament_Analysis/blob/94ea36800e80c9e89a2356a0b81d3eeafbd6a4f7/analysis/data/consolidated_game_data_20240505.csv
1,S1-RS-035,1,Louvre Esports,pick,1,Yi Sun-Shin,https://liquipedia.net/mobilelegends/MPL/Indonesia/Season_1/Regular_Season | https://github.com/LiTianYeoh/MLBB_Tournament_Analysis/blob/94ea36800e80c9e89a2356a0b81d3eeafbd6a4f7/analysis/data/consolidated_game_data_20240505.csv
1,S1-RS-035,1,Louvre Esports,pick,2,Alpha,https://liquipedia.net/mobilelegends/MPL/Indonesia/Season_1/Regular_Season | https://github.com/LiTianYeoh/MLBB_Tournament_Analysis/blob/94ea36800e80c9e89a2356a0b81d3eeafbd6a4f7/analysis/data/consolidated_game_data_20240505.csv
1,S1-RS-035,1,Louvre Esports,pick,3,Cyclops,https://liquipedia.net/mobilelegends/MPL/Indonesia/Season_1/Regular_Season | https://github.com/LiTianYeoh/MLBB_Tournament_Analysis/blob/94ea36800e80c9e89a2356a0b81d3eeafbd6a4f7/analysis/data/consolidated_game_data_20240505.csv
1,S1-RS-035,1,Louvre Esports,pick,4,Hylos,https://liquipedia.net/mobilelegends/MPL/Indonesia/Season_1/Regular_Season | https://github.com/LiTianYeoh/MLBB_Tournament_Analysis/blob/94ea36800e80c9e89a2356a0b81d3eeafbd6a4f7/analysis/data/consolidated_game_data_20240505.csv
1,S1-RS-035,1,Louvre Esports,pick,5,Johnson,https://liquipedia.net/mobilelegends/MPL/Indonesia/Season_1/Regular_Season | https://github.com/LiTianYeoh/MLBB_Tournament_Analysis/blob/94ea36800e80c9e89a2356a0b81d3eeafbd6a4f7/analysis/data/consolidated_game_data_20240505.csv
1,S1-RS-035,2,EVOS Esports,ban,1,Lancelot,https://liquipedia.net/mobilelegends/MPL/Indonesia/Season_1/Regular_Season | https://github.com/LiTianYeoh/MLBB_Tournament_Analysis/blob/94ea36800e80c9e89a2356a0b81d3eeafbd6a4f7/analysis/data/consolidated_game_data_20240505.csv
1,S1-RS-035,2,EVOS Esports,ban,2,Kagura,https://liquipedia.net/mobilelegends/MPL/Indonesia/Season_1/Regular_Season | https://github.com/LiTianYeoh/MLBB_Tournament_Analysis/blob/94ea36800e80c9e89a2356a0b81d3eeafbd6a4f7/analysis/data/consolidated_game_data_20240505.csv
1,S1-RS-035,2,EVOS Esports,pick,1,Harley,https://liquipedia.net/mobilelegends/MPL/Indonesia/Season_1/Regular_Season | https://github.com/LiTianYeoh/MLBB_Tournament_Analysis/blob/94ea36800e80c9e89a2356a0b81d3eeafbd6a4f7/analysis/data/consolidated_game_data_20240505.csv
1,S1-RS-035,2,EVOS Esports,pick,2,Hayabusa,https://liquipedia.net/mobilelegends/MPL/Indonesia/Season_1/Regular_Season | https://github.com/LiTianYeoh/MLBB_Tournament_Analysis/blob/94ea36800e80c9e89a2356a0b81d3eeafbd6a4f7/analysis/data/consolidated_game_data_20240505.csv
1,S1-RS-035,2,EVOS Esports,pick,3,Chou,https://liquipedia.net/mobilelegends/MPL/Indonesia/Season_1/Regular_Season | https://github.com/LiTianYeoh/MLBB_Tournament_Analysis/blob/94ea36800e80c9e89a2356a0b81d3eeafbd6a4f7/analysis/data/consolidated_game_data_20240505.csv
1,S1-RS-035,2,EVOS Esports,pick,4,Hylos,https://liquipedia.net/mobilelegends/MPL/Indonesia/Season_1/Regular_Season | https://github.com/LiTianYeoh/MLBB_Tournament_Analysis/blob/94ea36800e80c9e89a2356a0b81d3eeafbd6a4f7/analysis/data/consolidated_game_data_20240505.csv
1,S1-RS-035,2,EVOS Esports,pick,5,Bruno,https://liquipedia.net/mobilelegends/MPL/Indonesia/Season_1/Regular_Season | https://github.com/LiTianYeoh/MLBB_Tournament_Analysis/blob/94ea36800e80c9e89a2356a0b81d3eeafbd6a4f7/analysis/data/consolidated_game_data_20240505.csv
1,S1-RS-035,2,Louvre Esports,ban,1,Helcurt,https://liquipedia.net/mobilelegends/MPL/Indonesia/Season_1/Regular_Season | https://github.com/LiTianYeoh/MLBB_Tournament_Analysis/blob/94ea36800e80c9e89a2356a0b81d3eeafbd6a4f7/analysis/data/consolidated_game_data_20240505.csv
1,S1-RS-035,2,Louvre Esports,ban,2,Fanny,https://liquipedia.net/mobilelegends/MPL/Indonesia/Season_1/Regular_Season | https://github.com/LiTianYeoh/MLBB_Tournament_Analysis/blob/94ea36800e80c9e89a2356a0b81d3eeafbd6a4f7/analysis/data/consolidated_game_data_20240505.csv
1,S1-RS-035,2,Louvre Esports,pick,1,Cyclops,https://liquipedia.net/mobilelegends/MPL/Indonesia/Season_1/Regular_Season | https://github.com/LiTianYeoh/MLBB_Tournament_Analysis/blob/94ea36800e80c9e89a2356a0b81d3eeafbd6a4f7/analysis/data/consolidated_game_data_20240505.csv
1,S1-RS-035,2,Louvre Esports,pick,2,Karrie,https://liquipedia.net/mobilelegends/MPL/Indonesia/Season_1/Regular_Season | https://github.com/LiTianYeoh/MLBB_Tournament_Analysis/blob/94ea36800e80c9e89a2356a0b81d3eeafbd6a4f7/analysis/data/consolidated_game_data_20240505.csv
1,S1-RS-035,2,Louvre Esports,pick,3,Lapu-Lapu,https://liquipedia.net/mobilelegends/MPL/Indonesia/Season_1/Regular_Season | https://github.com/LiTianYeoh/MLBB_Tournament_Analysis/blob/94ea36800e80c9e89a2356a0b81d3eeafbd6a4f7/analysis/data/consolidated_game_data_20240505.csv
1,S1-RS-035,2,Louvre Esports,pick,4,Angela,https://liquipedia.net/mobilelegends/MPL/Indonesia/Season_1/Regular_Season | https://github.com/LiTianYeoh/MLBB_Tournament_Analysis/blob/94ea36800e80c9e89a2356a0b81d3eeafbd6a4f7/analysis/data/consolidated_game_data_20240505.csv
1,S1-RS-035,2,Louvre Esports,pick,5,Johnson,https://liquipedia.net/mobilelegends/MPL/Indonesia/Season_1/Regular_Season | https://github.com/LiTianYeoh/MLBB_Tournament_Analysis/blob/94ea36800e80c9e89a2356a0b81d3eeafbd6a4f7/analysis/data/consolidated_game_data_20240505.csv
1,S1-RS-036,1,Saints Indo 2,ban,1,Angela,https://liquipedia.net/mobilelegends/MPL/Indonesia/Season_1/Regular_Season | https://github.com/LiTianYeoh/MLBB_Tournament_Analysis/blob/94ea36800e80c9e89a2356a0b81d3eeafbd6a4f7/analysis/data/consolidated_game_data_20240505.csv
1,S1-RS-036,1,Saints Indo 2,ban,2,Johnson,https://liquipedia.net/mobilelegends/MPL/Indonesia/Season_1/Regular_Season | https://github.com/LiTianYeoh/MLBB_Tournament_Analysis/blob/94ea36800e80c9e89a2356a0b81d3eeafbd6a4f7/analysis/data/consolidated_game_data_20240505.csv
1,S1-RS-036,1,Saints Indo 2,pick,1,Kagura,https://liquipedia.net/mobilelegends/MPL/Indonesia/Season_1/Regular_Season | https://github.com/LiTianYeoh/MLBB_Tournament_Analysis/blob/94ea36800e80c9e89a2356a0b81d3eeafbd6a4f7/analysis/data/consolidated_game_data_20240505.csv
1,S1-RS-036,1,Saints Indo 2,pick,2,Fanny,https://liquipedia.net/mobilelegends/MPL/Indonesia/Season_1/Regular_Season | https://github.com/LiTianYeoh/MLBB_Tournament_Analysis/blob/94ea36800e80c9e89a2356a0b81d3eeafbd6a4f7/analysis/data/consolidated_game_data_20240505.csv
1,S1-RS-036,1,Saints Indo 2,pick,3,Akai,https://liquipedia.net/mobilelegends/MPL/Indonesia/Season_1/Regular_Season | https://github.com/LiTianYeoh/MLBB_Tournament_Analysis/blob/94ea36800e80c9e89a2356a0b81d3eeafbd6a4f7/analysis/data/consolidated_game_data_20240505.csv
1,S1-RS-036,1,Saints Indo 2,pick,4,Karrie,https://liquipedia.net/mobilelegends/MPL/Indonesia/Season_1/Regular_Season | https://github.com/LiTianYeoh/MLBB_Tournament_Analysis/blob/94ea36800e80c9e89a2356a0b81d3eeafbd6a4f7/analysis/data/consolidated_game_data_20240505.csv
1,S1-RS-036,1,Saints Indo 2,pick,5,Grock,https://liquipedia.net/mobilelegends/MPL/Indonesia/Season_1/Regular_Season | https://github.com/LiTianYeoh/MLBB_Tournament_Analysis/blob/94ea36800e80c9e89a2356a0b81d3eeafbd6a4f7/analysis/data/consolidated_game_data_20240505.csv
1,S1-RS-036,1,Domino's Hunters,ban,1,Helcurt,https://liquipedia.net/mobilelegends/MPL/Indonesia/Season_1/Regular_Season | https://github.com/LiTianYeoh/MLBB_Tournament_Analysis/blob/94ea36800e80c9e89a2356a0b81d3eeafbd6a4f7/analysis/data/consolidated_game_data_20240505.csv
1,S1-RS-036,1,Domino's Hunters,ban,2,Lancelot,https://liquipedia.net/mobilelegends/MPL/Indonesia/Season_1/Regular_Season | https://github.com/LiTianYeoh/MLBB_Tournament_Analysis/blob/94ea36800e80c9e89a2356a0b81d3eeafbd6a4f7/analysis/data/consolidated_game_data_20240505.csv
1,S1-RS-036,1,Domino's Hunters,pick,1,Alucard,https://liquipedia.net/mobilelegends/MPL/Indonesia/Season_1/Regular_Season | https://github.com/LiTianYeoh/MLBB_Tournament_Analysis/blob/94ea36800e80c9e89a2356a0b81d3eeafbd6a4f7/analysis/data/consolidated_game_data_20240505.csv
1,S1-RS-036,1,Domino's Hunters,pick,2,Chou,https://liquipedia.net/mobilelegends/MPL/Indonesia/Season_1/Regular_Season | https://github.com/LiTianYeoh/MLBB_Tournament_Analysis/blob/94ea36800e80c9e89a2356a0b81d3eeafbd6a4f7/analysis/data/consolidated_game_data_20240505.csv
1,S1-RS-036,1,Domino's Hunters,pick,3,Saber,https://liquipedia.net/mobilelegends/MPL/Indonesia/Season_1/Regular_Season | https://github.com/LiTianYeoh/MLBB_Tournament_Analysis/blob/94ea36800e80c9e89a2356a0b81d3eeafbd6a4f7/analysis/data/consolidated_game_data_20240505.csv
1,S1-RS-036,1,Domino's Hunters,pick,4,Hylos,https://liquipedia.net/mobilelegends/MPL/Indonesia/Season_1/Regular_Season | https://github.com/LiTianYeoh/MLBB_Tournament_Analysis/blob/94ea36800e80c9e89a2356a0b81d3eeafbd6a4f7/analysis/data/consolidated_game_data_20240505.csv
1,S1-RS-036,1,Domino's Hunters,pick,5,Harley,https://liquipedia.net/mobilelegends/MPL/Indonesia/Season_1/Regular_Season | https://github.com/LiTianYeoh/MLBB_Tournament_Analysis/blob/94ea36800e80c9e89a2356a0b81d3eeafbd6a4f7/analysis/data/consolidated_game_data_20240505.csv
1,S1-RS-036,2,Saints Indo 2,ban,1,Helcurt,https://liquipedia.net/mobilelegends/MPL/Indonesia/Season_1/Regular_Season | https://github.com/LiTianYeoh/MLBB_Tournament_Analysis/blob/94ea36800e80c9e89a2356a0b81d3eeafbd6a4f7/analysis/data/consolidated_game_data_20240505.csv
1,S1-RS-036,2,Saints Indo 2,ban,2,Lancelot,https://liquipedia.net/mobilelegends/MPL/Indonesia/Season_1/Regular_Season | https://github.com/LiTianYeoh/MLBB_Tournament_Analysis/blob/94ea36800e80c9e89a2356a0b81d3eeafbd6a4f7/analysis/data/consolidated_game_data_20240505.csv
1,S1-RS-036,2,Saints Indo 2,pick,1,Angela,https://liquipedia.net/mobilelegends/MPL/Indonesia/Season_1/Regular_Season | https://github.com/LiTianYeoh/MLBB_Tournament_Analysis/blob/94ea36800e80c9e89a2356a0b81d3eeafbd6a4f7/analysis/data/consolidated_game_data_20240505.csv
1,S1-RS-036,2,Saints Indo 2,pick,2,Johnson,https://liquipedia.net/mobilelegends/MPL/Indonesia/Season_1/Regular_Season | https://github.com/LiTianYeoh/MLBB_Tournament_Analysis/blob/94ea36800e80c9e89a2356a0b81d3eeafbd6a4f7/analysis/data/consolidated_game_data_20240505.csv
1,S1-RS-036,2,Saints Indo 2,pick,3,Saber,https://liquipedia.net/mobilelegends/MPL/Indonesia/Season_1/Regular_Season | https://github.com/LiTianYeoh/MLBB_Tournament_Analysis/blob/94ea36800e80c9e89a2356a0b81d3eeafbd6a4f7/analysis/data/consolidated_game_data_20240505.csv
1,S1-RS-036,2,Saints Indo 2,pick,4,Hayabusa,https://liquipedia.net/mobilelegends/MPL/Indonesia/Season_1/Regular_Season | https://github.com/LiTianYeoh/MLBB_Tournament_Analysis/blob/94ea36800e80c9e89a2356a0b81d3eeafbd6a4f7/analysis/data/consolidated_game_data_20240505.csv
1,S1-RS-036,2,Saints Indo 2,pick,5,Cyclops,https://liquipedia.net/mobilelegends/MPL/Indonesia/Season_1/Regular_Season | https://github.com/LiTianYeoh/MLBB_Tournament_Analysis/blob/94ea36800e80c9e89a2356a0b81d3eeafbd6a4f7/analysis/data/consolidated_game_data_20240505.csv
1,S1-RS-036,2,Domino's Hunters,ban,1,Fanny,https://liquipedia.net/mobilelegends/MPL/Indonesia/Season_1/Regular_Season | https://github.com/LiTianYeoh/MLBB_Tournament_Analysis/blob/94ea36800e80c9e89a2356a0b81d3eeafbd6a4f7/analysis/data/consolidated_game_data_20240505.csv
1,S1-RS-036,2,Domino's Hunters,ban,2,Kagura,https://liquipedia.net/mobilelegends/MPL/Indonesia/Season_1/Regular_Season | https://github.com/LiTianYeoh/MLBB_Tournament_Analysis/blob/94ea36800e80c9e89a2356a0b81d3eeafbd6a4f7/analysis/data/consolidated_game_data_20240505.csv
1,S1-RS-036,2,Domino's Hunters,pick,1,Alucard,https://liquipedia.net/mobilelegends/MPL/Indonesia/Season_1/Regular_Season | https://github.com/LiTianYeoh/MLBB_Tournament_Analysis/blob/94ea36800e80c9e89a2356a0b81d3eeafbd6a4f7/analysis/data/consolidated_game_data_20240505.csv
1,S1-RS-036,2,Domino's Hunters,pick,2,Hylos,https://liquipedia.net/mobilelegends/MPL/Indonesia/Season_1/Regular_Season | https://github.com/LiTianYeoh/MLBB_Tournament_Analysis/blob/94ea36800e80c9e89a2356a0b81d3eeafbd6a4f7/analysis/data/consolidated_game_data_20240505.csv
1,S1-RS-036,2,Domino's Hunters,pick,3,Alpha,https://liquipedia.net/mobilelegends/MPL/Indonesia/Season_1/Regular_Season | https://github.com/LiTianYeoh/MLBB_Tournament_Analysis/blob/94ea36800e80c9e89a2356a0b81d3eeafbd6a4f7/analysis/data/consolidated_game_data_20240505.csv
1,S1-RS-036,2,Domino's Hunters,pick,4,Akai,https://liquipedia.net/mobilelegends/MPL/Indonesia/Season_1/Regular_Season | https://github.com/LiTianYeoh/MLBB_Tournament_Analysis/blob/94ea36800e80c9e89a2356a0b81d3eeafbd6a4f7/analysis/data/consolidated_game_data_20240505.csv
1,S1-RS-036,2,Domino's Hunters,pick,5,Harley,https://liquipedia.net/mobilelegends/MPL/Indonesia/Season_1/Regular_Season | https://github.com/LiTianYeoh/MLBB_Tournament_Analysis/blob/94ea36800e80c9e89a2356a0b81d3eeafbd6a4f7/analysis/data/consolidated_game_data_20240505.csv
1,S1-RS-037,1,Elite 8 Critical Reborn,ban,1,Kagura,https://liquipedia.net/mobilelegends/MPL/Indonesia/Season_1/Regular_Season | https://github.com/LiTianYeoh/MLBB_Tournament_Analysis/blob/94ea36800e80c9e89a2356a0b81d3eeafbd6a4f7/analysis/data/consolidated_game_data_20240505.csv
1,S1-RS-037,1,Elite 8 Critical Reborn,ban,2,Hayabusa,https://liquipedia.net/mobilelegends/MPL/Indonesia/Season_1/Regular_Season | https://github.com/LiTianYeoh/MLBB_Tournament_Analysis/blob/94ea36800e80c9e89a2356a0b81d3eeafbd6a4f7/analysis/data/consolidated_game_data_20240505.csv
1,S1-RS-037,1,Elite 8 Critical Reborn,pick,1,Johnson,https://liquipedia.net/mobilelegends/MPL/Indonesia/Season_1/Regular_Season | https://github.com/LiTianYeoh/MLBB_Tournament_Analysis/blob/94ea36800e80c9e89a2356a0b81d3eeafbd6a4f7/analysis/data/consolidated_game_data_20240505.csv
1,S1-RS-037,1,Elite 8 Critical Reborn,pick,2,Saber,https://liquipedia.net/mobilelegends/MPL/Indonesia/Season_1/Regular_Season | https://github.com/LiTianYeoh/MLBB_Tournament_Analysis/blob/94ea36800e80c9e89a2356a0b81d3eeafbd6a4f7/analysis/data/consolidated_game_data_20240505.csv
1,S1-RS-037,1,Elite 8 Critical Reborn,pick,3,Akai,https://liquipedia.net/mobilelegends/MPL/Indonesia/Season_1/Regular_Season | https://github.com/LiTianYeoh/MLBB_Tournament_Analysis/blob/94ea36800e80c9e89a2356a0b81d3eeafbd6a4f7/analysis/data/consolidated_game_data_20240505.csv
1,S1-RS-037,1,Elite 8 Critical Reborn,pick,4,Irithel,https://liquipedia.net/mobilelegends/MPL/Indonesia/Season_1/Regular_Season | https://github.com/LiTianYeoh/MLBB_Tournament_Analysis/blob/94ea36800e80c9e89a2356a0b81d3eeafbd6a4f7/analysis/data/consolidated_game_data_20240505.csv
1,S1-RS-037,1,Elite 8 Critical Reborn,pick,5,Cyclops,https://liquipedia.net/mobilelegends/MPL/Indonesia/Season_1/Regular_Season | https://github.com/LiTianYeoh/MLBB_Tournament_Analysis/blob/94ea36800e80c9e89a2356a0b81d3eeafbd6a4f7/analysis/data/consolidated_game_data_20240505.csv
1,S1-RS-037,1,RRQ.O2,ban,1,Helcurt,https://liquipedia.net/mobilelegends/MPL/Indonesia/Season_1/Regular_Season | https://github.com/LiTianYeoh/MLBB_Tournament_Analysis/blob/94ea36800e80c9e89a2356a0b81d3eeafbd6a4f7/analysis/data/consolidated_game_data_20240505.csv
1,S1-RS-037,1,RRQ.O2,ban,2,Lancelot,https://liquipedia.net/mobilelegends/MPL/Indonesia/Season_1/Regular_Season | https://github.com/LiTianYeoh/MLBB_Tournament_Analysis/blob/94ea36800e80c9e89a2356a0b81d3eeafbd6a4f7/analysis/data/consolidated_game_data_20240505.csv
1,S1-RS-037,1,RRQ.O2,pick,1,Lolita,https://liquipedia.net/mobilelegends/MPL/Indonesia/Season_1/Regular_Season | https://github.com/LiTianYeoh/MLBB_Tournament_Analysis/blob/94ea36800e80c9e89a2356a0b81d3eeafbd6a4f7/analysis/data/consolidated_game_data_20240505.csv
1,S1-RS-037,1,RRQ.O2,pick,2,Lesley,https://liquipedia.net/mobilelegends/MPL/Indonesia/Season_1/Regular_Season | https://github.com/LiTianYeoh/MLBB_Tournament_Analysis/blob/94ea36800e80c9e89a2356a0b81d3eeafbd6a4f7/analysis/data/consolidated_game_data_20240505.csv
1,S1-RS-037,1,RRQ.O2,pick,3,Chou,https://liquipedia.net/mobilelegends/MPL/Indonesia/Season_1/Regular_Season | https://github.com/LiTianYeoh/MLBB_Tournament_Analysis/blob/94ea36800e80c9e89a2356a0b81d3eeafbd6a4f7/analysis/data/consolidated_game_data_20240505.csv
1,S1-RS-037,1,RRQ.O2,pick,4,Harley,https://liquipedia.net/mobilelegends/MPL/Indonesia/Season_1/Regular_Season | https://github.com/LiTianYeoh/MLBB_Tournament_Analysis/blob/94ea36800e80c9e89a2356a0b81d3eeafbd6a4f7/analysis/data/consolidated_game_data_20240505.csv
1,S1-RS-037,1,RRQ.O2,pick,5,Angela,https://liquipedia.net/mobilelegends/MPL/Indonesia/Season_1/Regular_Season | https://github.com/LiTianYeoh/MLBB_Tournament_Analysis/blob/94ea36800e80c9e89a2356a0b81d3eeafbd6a4f7/analysis/data/consolidated_game_data_20240505.csv
1,S1-RS-037,2,Elite 8 Critical Reborn,ban,1,Hayabusa,https://liquipedia.net/mobilelegends/MPL/Indonesia/Season_1/Regular_Season | https://github.com/LiTianYeoh/MLBB_Tournament_Analysis/blob/94ea36800e80c9e89a2356a0b81d3eeafbd6a4f7/analysis/data/consolidated_game_data_20240505.csv
1,S1-RS-037,2,Elite 8 Critical Reborn,ban,2,Kagura,https://liquipedia.net/mobilelegends/MPL/Indonesia/Season_1/Regular_Season | https://github.com/LiTianYeoh/MLBB_Tournament_Analysis/blob/94ea36800e80c9e89a2356a0b81d3eeafbd6a4f7/analysis/data/consolidated_game_data_20240505.csv
1,S1-RS-037,2,Elite 8 Critical Reborn,pick,1,Chou,https://liquipedia.net/mobilelegends/MPL/Indonesia/Season_1/Regular_Season | https://github.com/LiTianYeoh/MLBB_Tournament_Analysis/blob/94ea36800e80c9e89a2356a0b81d3eeafbd6a4f7/analysis/data/consolidated_game_data_20240505.csv
1,S1-RS-037,2,Elite 8 Critical Reborn,pick,2,Angela,https://liquipedia.net/mobilelegends/MPL/Indonesia/Season_1/Regular_Season | https://github.com/LiTianYeoh/MLBB_Tournament_Analysis/blob/94ea36800e80c9e89a2356a0b81d3eeafbd6a4f7/analysis/data/consolidated_game_data_20240505.csv
1,S1-RS-037,2,Elite 8 Critical Reborn,pick,3,Harley,https://liquipedia.net/mobilelegends/MPL/Indonesia/Season_1/Regular_Season | https://github.com/LiTianYeoh/MLBB_Tournament_Analysis/blob/94ea36800e80c9e89a2356a0b81d3eeafbd6a4f7/analysis/data/consolidated_game_data_20240505.csv
1,S1-RS-037,2,Elite 8 Critical Reborn,pick,4,Lesley,https://liquipedia.net/mobilelegends/MPL/Indonesia/Season_1/Regular_Season | https://github.com/LiTianYeoh/MLBB_Tournament_Analysis/blob/94ea36800e80c9e89a2356a0b81d3eeafbd6a4f7/analysis/data/consolidated_game_data_20240505.csv
1,S1-RS-037,2,Elite 8 Critical Reborn,pick,5,Lolita,https://liquipedia.net/mobilelegends/MPL/Indonesia/Season_1/Regular_Season | https://github.com/LiTianYeoh/MLBB_Tournament_Analysis/blob/94ea36800e80c9e89a2356a0b81d3eeafbd6a4f7/analysis/data/consolidated_game_data_20240505.csv
1,S1-RS-037,2,RRQ.O2,ban,1,Helcurt,https://liquipedia.net/mobilelegends/MPL/Indonesia/Season_1/Regular_Season | https://github.com/LiTianYeoh/MLBB_Tournament_Analysis/blob/94ea36800e80c9e89a2356a0b81d3eeafbd6a4f7/analysis/data/consolidated_game_data_20240505.csv
1,S1-RS-037,2,RRQ.O2,ban,2,Johnson,https://liquipedia.net/mobilelegends/MPL/Indonesia/Season_1/Regular_Season | https://github.com/LiTianYeoh/MLBB_Tournament_Analysis/blob/94ea36800e80c9e89a2356a0b81d3eeafbd6a4f7/analysis/data/consolidated_game_data_20240505.csv
1,S1-RS-037,2,RRQ.O2,pick,1,Layla,https://liquipedia.net/mobilelegends/MPL/Indonesia/Season_1/Regular_Season | https://github.com/LiTianYeoh/MLBB_Tournament_Analysis/blob/94ea36800e80c9e89a2356a0b81d3eeafbd6a4f7/analysis/data/consolidated_game_data_20240505.csv
1,S1-RS-037,2,RRQ.O2,pick,2,Aurora,https://liquipedia.net/mobilelegends/MPL/Indonesia/Season_1/Regular_Season | https://github.com/LiTianYeoh/MLBB_Tournament_Analysis/blob/94ea36800e80c9e89a2356a0b81d3eeafbd6a4f7/analysis/data/consolidated_game_data_20240505.csv
1,S1-RS-037,2,RRQ.O2,pick,3,Hylos,https://liquipedia.net/mobilelegends/MPL/Indonesia/Season_1/Regular_Season | https://github.com/LiTianYeoh/MLBB_Tournament_Analysis/blob/94ea36800e80c9e89a2356a0b81d3eeafbd6a4f7/analysis/data/consolidated_game_data_20240505.csv
1,S1-RS-037,2,RRQ.O2,pick,4,Akai,https://liquipedia.net/mobilelegends/MPL/Indonesia/Season_1/Regular_Season | https://github.com/LiTianYeoh/MLBB_Tournament_Analysis/blob/94ea36800e80c9e89a2356a0b81d3eeafbd6a4f7/analysis/data/consolidated_game_data_20240505.csv
1,S1-RS-037,2,RRQ.O2,pick,5,Lancelot,https://liquipedia.net/mobilelegends/MPL/Indonesia/Season_1/Regular_Season | https://github.com/LiTianYeoh/MLBB_Tournament_Analysis/blob/94ea36800e80c9e89a2356a0b81d3eeafbd6a4f7/analysis/data/consolidated_game_data_20240505.csv
1,S1-RS-038,1,EVOS Esports,ban,1,Johnson,https://liquipedia.net/mobilelegends/MPL/Indonesia/Season_1/Regular_Season | https://github.com/LiTianYeoh/MLBB_Tournament_Analysis/blob/94ea36800e80c9e89a2356a0b81d3eeafbd6a4f7/analysis/data/consolidated_game_data_20240505.csv
1,S1-RS-038,1,EVOS Esports,ban,2,Kagura,https://liquipedia.net/mobilelegends/MPL/Indonesia/Season_1/Regular_Season | https://github.com/LiTianYeoh/MLBB_Tournament_Analysis/blob/94ea36800e80c9e89a2356a0b81d3eeafbd6a4f7/analysis/data/consolidated_game_data_20240505.csv
1,S1-RS-038,1,EVOS Esports,pick,1,Helcurt,https://liquipedia.net/mobilelegends/MPL/Indonesia/Season_1/Regular_Season | https://github.com/LiTianYeoh/MLBB_Tournament_Analysis/blob/94ea36800e80c9e89a2356a0b81d3eeafbd6a4f7/analysis/data/consolidated_game_data_20240505.csv
1,S1-RS-038,1,EVOS Esports,pick,2,Chou,https://liquipedia.net/mobilelegends/MPL/Indonesia/Season_1/Regular_Season | https://github.com/LiTianYeoh/MLBB_Tournament_Analysis/blob/94ea36800e80c9e89a2356a0b81d3eeafbd6a4f7/analysis/data/consolidated_game_data_20240505.csv
1,S1-RS-038,1,EVOS Esports,pick,3,Saber,https://liquipedia.net/mobilelegends/MPL/Indonesia/Season_1/Regular_Season | https://github.com/LiTianYeoh/MLBB_Tournament_Analysis/blob/94ea36800e80c9e89a2356a0b81d3eeafbd6a4f7/analysis/data/consolidated_game_data_20240505.csv
1,S1-RS-038,1,EVOS Esports,pick,4,Cyclops,https://liquipedia.net/mobilelegends/MPL/Indonesia/Season_1/Regular_Season | https://github.com/LiTianYeoh/MLBB_Tournament_Analysis/blob/94ea36800e80c9e89a2356a0b81d3eeafbd6a4f7/analysis/data/consolidated_game_data_20240505.csv
1,S1-RS-038,1,EVOS Esports,pick,5,Akai,https://liquipedia.net/mobilelegends/MPL/Indonesia/Season_1/Regular_Season | https://github.com/LiTianYeoh/MLBB_Tournament_Analysis/blob/94ea36800e80c9e89a2356a0b81d3eeafbd6a4f7/analysis/data/consolidated_game_data_20240505.csv
1,S1-RS-038,1,Team Rev Indo,ban,1,Lancelot,https://liquipedia.net/mobilelegends/MPL/Indonesia/Season_1/Regular_Season | https://github.com/LiTianYeoh/MLBB_Tournament_Analysis/blob/94ea36800e80c9e89a2356a0b81d3eeafbd6a4f7/analysis/data/consolidated_game_data_20240505.csv
1,S1-RS-038,1,Team Rev Indo,ban,2,Fanny,https://liquipedia.net/mobilelegends/MPL/Indonesia/Season_1/Regular_Season | https://github.com/LiTianYeoh/MLBB_Tournament_Analysis/blob/94ea36800e80c9e89a2356a0b81d3eeafbd6a4f7/analysis/data/consolidated_game_data_20240505.csv
1,S1-RS-038,1,Team Rev Indo,pick,1,Alpha,https://liquipedia.net/mobilelegends/MPL/Indonesia/Season_1/Regular_Season | https://github.com/LiTianYeoh/MLBB_Tournament_Analysis/blob/94ea36800e80c9e89a2356a0b81d3eeafbd6a4f7/analysis/data/consolidated_game_data_20240505.csv
1,S1-RS-038,1,Team Rev Indo,pick,2,Grock,https://liquipedia.net/mobilelegends/MPL/Indonesia/Season_1/Regular_Season | https://github.com/LiTianYeoh/MLBB_Tournament_Analysis/blob/94ea36800e80c9e89a2356a0b81d3eeafbd6a4f7/analysis/data/consolidated_game_data_20240505.csv
1,S1-RS-038,1,Team Rev Indo,pick,3,Zilong,https://liquipedia.net/mobilelegends/MPL/Indonesia/Season_1/Regular_Season | https://github.com/LiTianYeoh/MLBB_Tournament_Analysis/blob/94ea36800e80c9e89a2356a0b81d3eeafbd6a4f7/analysis/data/consolidated_game_data_20240505.csv
1,S1-RS-038,1,Team Rev Indo,pick,4,Hylos,https://liquipedia.net/mobilelegends/MPL/Indonesia/Season_1/Regular_Season | https://github.com/LiTianYeoh/MLBB_Tournament_Analysis/blob/94ea36800e80c9e89a2356a0b81d3eeafbd6a4f7/analysis/data/consolidated_game_data_20240505.csv
1,S1-RS-038,1,Team Rev Indo,pick,5,Harley,https://liquipedia.net/mobilelegends/MPL/Indonesia/Season_1/Regular_Season | https://github.com/LiTianYeoh/MLBB_Tournament_Analysis/blob/94ea36800e80c9e89a2356a0b81d3eeafbd6a4f7/analysis/data/consolidated_game_data_20240505.csv
1,S1-RS-038,2,EVOS Esports,ban,1,Lancelot,https://liquipedia.net/mobilelegends/MPL/Indonesia/Season_1/Regular_Season | https://github.com/LiTianYeoh/MLBB_Tournament_Analysis/blob/94ea36800e80c9e89a2356a0b81d3eeafbd6a4f7/analysis/data/consolidated_game_data_20240505.csv
1,S1-RS-038,2,EVOS Esports,ban,2,Kagura,https://liquipedia.net/mobilelegends/MPL/Indonesia/Season_1/Regular_Season | https://github.com/LiTianYeoh/MLBB_Tournament_Analysis/blob/94ea36800e80c9e89a2356a0b81d3eeafbd6a4f7/analysis/data/consolidated_game_data_20240505.csv
1,S1-RS-038,2,EVOS Esports,pick,1,Harley,https://liquipedia.net/mobilelegends/MPL/Indonesia/Season_1/Regular_Season | https://github.com/LiTianYeoh/MLBB_Tournament_Analysis/blob/94ea36800e80c9e89a2356a0b81d3eeafbd6a4f7/analysis/data/consolidated_game_data_20240505.csv
1,S1-RS-038,2,EVOS Esports,pick,2,Johnson,https://liquipedia.net/mobilelegends/MPL/Indonesia/Season_1/Regular_Season | https://github.com/LiTianYeoh/MLBB_Tournament_Analysis/blob/94ea36800e80c9e89a2356a0b81d3eeafbd6a4f7/analysis/data/consolidated_game_data_20240505.csv
1,S1-RS-038,2,EVOS Esports,pick,3,Saber,https://liquipedia.net/mobilelegends/MPL/Indonesia/Season_1/Regular_Season | https://github.com/LiTianYeoh/MLBB_Tournament_Analysis/blob/94ea36800e80c9e89a2356a0b81d3eeafbd6a4f7/analysis/data/consolidated_game_data_20240505.csv
1,S1-RS-038,2,EVOS Esports,pick,4,Chou,https://liquipedia.net/mobilelegends/MPL/Indonesia/Season_1/Regular_Season | https://github.com/LiTianYeoh/MLBB_Tournament_Analysis/blob/94ea36800e80c9e89a2356a0b81d3eeafbd6a4f7/analysis/data/consolidated_game_data_20240505.csv
1,S1-RS-038,2,EVOS Esports,pick,5,Lesley,https://liquipedia.net/mobilelegends/MPL/Indonesia/Season_1/Regular_Season | https://github.com/LiTianYeoh/MLBB_Tournament_Analysis/blob/94ea36800e80c9e89a2356a0b81d3eeafbd6a4f7/analysis/data/consolidated_game_data_20240505.csv
1,S1-RS-038,2,Team Rev Indo,ban,1,Helcurt,https://liquipedia.net/mobilelegends/MPL/Indonesia/Season_1/Regular_Season | https://github.com/LiTianYeoh/MLBB_Tournament_Analysis/blob/94ea36800e80c9e89a2356a0b81d3eeafbd6a4f7/analysis/data/consolidated_game_data_20240505.csv
1,S1-RS-038,2,Team Rev Indo,ban,2,Fanny,https://liquipedia.net/mobilelegends/MPL/Indonesia/Season_1/Regular_Season | https://github.com/LiTianYeoh/MLBB_Tournament_Analysis/blob/94ea36800e80c9e89a2356a0b81d3eeafbd6a4f7/analysis/data/consolidated_game_data_20240505.csv
1,S1-RS-038,2,Team Rev Indo,pick,1,Cyclops,https://liquipedia.net/mobilelegends/MPL/Indonesia/Season_1/Regular_Season | https://github.com/LiTianYeoh/MLBB_Tournament_Analysis/blob/94ea36800e80c9e89a2356a0b81d3eeafbd6a4f7/analysis/data/consolidated_game_data_20240505.csv
1,S1-RS-038,2,Team Rev Indo,pick,2,Alpha,https://liquipedia.net/mobilelegends/MPL/Indonesia/Season_1/Regular_Season | https://github.com/LiTianYeoh/MLBB_Tournament_Analysis/blob/94ea36800e80c9e89a2356a0b81d3eeafbd6a4f7/analysis/data/consolidated_game_data_20240505.csv
1,S1-RS-038,2,Team Rev Indo,pick,3,Akai,https://liquipedia.net/mobilelegends/MPL/Indonesia/Season_1/Regular_Season | https://github.com/LiTianYeoh/MLBB_Tournament_Analysis/blob/94ea36800e80c9e89a2356a0b81d3eeafbd6a4f7/analysis/data/consolidated_game_data_20240505.csv
1,S1-RS-038,2,Team Rev Indo,pick,4,Hylos,https://liquipedia.net/mobilelegends/MPL/Indonesia/Season_1/Regular_Season | https://github.com/LiTianYeoh/MLBB_Tournament_Analysis/blob/94ea36800e80c9e89a2356a0b81d3eeafbd6a4f7/analysis/data/consolidated_game_data_20240505.csv
1,S1-RS-038,2,Team Rev Indo,pick,5,Hayabusa,https://liquipedia.net/mobilelegends/MPL/Indonesia/Season_1/Regular_Season | https://github.com/LiTianYeoh/MLBB_Tournament_Analysis/blob/94ea36800e80c9e89a2356a0b81d3eeafbd6a4f7/analysis/data/consolidated_game_data_20240505.csv
1,S1-RS-039,1,Louvre Esports,ban,1,Fanny,https://liquipedia.net/mobilelegends/MPL/Indonesia/Season_1/Regular_Season | https://github.com/LiTianYeoh/MLBB_Tournament_Analysis/blob/94ea36800e80c9e89a2356a0b81d3eeafbd6a4f7/analysis/data/consolidated_game_data_20240505.csv
1,S1-RS-039,1,Louvre Esports,ban,2,Johnson,https://liquipedia.net/mobilelegends/MPL/Indonesia/Season_1/Regular_Season | https://github.com/LiTianYeoh/MLBB_Tournament_Analysis/blob/94ea36800e80c9e89a2356a0b81d3eeafbd6a4f7/analysis/data/consolidated_game_data_20240505.csv
1,S1-RS-039,1,Louvre Esports,pick,1,Helcurt,https://liquipedia.net/mobilelegends/MPL/Indonesia/Season_1/Regular_Season | https://github.com/LiTianYeoh/MLBB_Tournament_Analysis/blob/94ea36800e80c9e89a2356a0b81d3eeafbd6a4f7/analysis/data/consolidated_game_data_20240505.csv
1,S1-RS-039,1,Louvre Esports,pick,2,Angela,https://liquipedia.net/mobilelegends/MPL/Indonesia/Season_1/Regular_Season | https://github.com/LiTianYeoh/MLBB_Tournament_Analysis/blob/94ea36800e80c9e89a2356a0b81d3eeafbd6a4f7/analysis/data/consolidated_game_data_20240505.csv
1,S1-RS-039,1,Louvre Esports,pick,3,Hylos,https://liquipedia.net/mobilelegends/MPL/Indonesia/Season_1/Regular_Season | https://github.com/LiTianYeoh/MLBB_Tournament_Analysis/blob/94ea36800e80c9e89a2356a0b81d3eeafbd6a4f7/analysis/data/consolidated_game_data_20240505.csv
1,S1-RS-039,1,Louvre Esports,pick,4,Hayabusa,https://liquipedia.net/mobilelegends/MPL/Indonesia/Season_1/Regular_Season | https://github.com/LiTianYeoh/MLBB_Tournament_Analysis/blob/94ea36800e80c9e89a2356a0b81d3eeafbd6a4f7/analysis/data/consolidated_game_data_20240505.csv
1,S1-RS-039,1,Louvre Esports,pick,5,Alpha,https://liquipedia.net/mobilelegends/MPL/Indonesia/Season_1/Regular_Season | https://github.com/LiTianYeoh/MLBB_Tournament_Analysis/blob/94ea36800e80c9e89a2356a0b81d3eeafbd6a4f7/analysis/data/consolidated_game_data_20240505.csv
1,S1-RS-039,1,Saints Indo 2,ban,1,Kagura,https://liquipedia.net/mobilelegends/MPL/Indonesia/Season_1/Regular_Season | https://github.com/LiTianYeoh/MLBB_Tournament_Analysis/blob/94ea36800e80c9e89a2356a0b81d3eeafbd6a4f7/analysis/data/consolidated_game_data_20240505.csv
1,S1-RS-039,1,Saints Indo 2,ban,2,Lancelot,https://liquipedia.net/mobilelegends/MPL/Indonesia/Season_1/Regular_Season | https://github.com/LiTianYeoh/MLBB_Tournament_Analysis/blob/94ea36800e80c9e89a2356a0b81d3eeafbd6a4f7/analysis/data/consolidated_game_data_20240505.csv
1,S1-RS-039,1,Saints Indo 2,pick,1,Lapu-Lapu,https://liquipedia.net/mobilelegends/MPL/Indonesia/Season_1/Regular_Season | https://github.com/LiTianYeoh/MLBB_Tournament_Analysis/blob/94ea36800e80c9e89a2356a0b81d3eeafbd6a4f7/analysis/data/consolidated_game_data_20240505.csv
1,S1-RS-039,1,Saints Indo 2,pick,2,Lesley,https://liquipedia.net/mobilelegends/MPL/Indonesia/Season_1/Regular_Season | https://github.com/LiTianYeoh/MLBB_Tournament_Analysis/blob/94ea36800e80c9e89a2356a0b81d3eeafbd6a4f7/analysis/data/consolidated_game_data_20240505.csv
1,S1-RS-039,1,Saints Indo 2,pick,3,Grock,https://liquipedia.net/mobilelegends/MPL/Indonesia/Season_1/Regular_Season | https://github.com/LiTianYeoh/MLBB_Tournament_Analysis/blob/94ea36800e80c9e89a2356a0b81d3eeafbd6a4f7/analysis/data/consolidated_game_data_20240505.csv
1,S1-RS-039,1,Saints Indo 2,pick,4,Harley,https://liquipedia.net/mobilelegends/MPL/Indonesia/Season_1/Regular_Season | https://github.com/LiTianYeoh/MLBB_Tournament_Analysis/blob/94ea36800e80c9e89a2356a0b81d3eeafbd6a4f7/analysis/data/consolidated_game_data_20240505.csv
1,S1-RS-039,1,Saints Indo 2,pick,5,Akai,https://liquipedia.net/mobilelegends/MPL/Indonesia/Season_1/Regular_Season | https://github.com/LiTianYeoh/MLBB_Tournament_Analysis/blob/94ea36800e80c9e89a2356a0b81d3eeafbd6a4f7/analysis/data/consolidated_game_data_20240505.csv
1,S1-RS-039,2,Louvre Esports,ban,1,Fanny,https://liquipedia.net/mobilelegends/MPL/Indonesia/Season_1/Regular_Season | https://github.com/LiTianYeoh/MLBB_Tournament_Analysis/blob/94ea36800e80c9e89a2356a0b81d3eeafbd6a4f7/analysis/data/consolidated_game_data_20240505.csv
1,S1-RS-039,2,Louvre Esports,ban,2,Lancelot,https://liquipedia.net/mobilelegends/MPL/Indonesia/Season_1/Regular_Season | https://github.com/LiTianYeoh/MLBB_Tournament_Analysis/blob/94ea36800e80c9e89a2356a0b81d3eeafbd6a4f7/analysis/data/consolidated_game_data_20240505.csv
1,S1-RS-039,2,Louvre Esports,pick,1,Hylos,https://liquipedia.net/mobilelegends/MPL/Indonesia/Season_1/Regular_Season | https://github.com/LiTianYeoh/MLBB_Tournament_Analysis/blob/94ea36800e80c9e89a2356a0b81d3eeafbd6a4f7/analysis/data/consolidated_game_data_20240505.csv
1,S1-RS-039,2,Louvre Esports,pick,2,Kagura,https://liquipedia.net/mobilelegends/MPL/Indonesia/Season_1/Regular_Season | https://github.com/LiTianYeoh/MLBB_Tournament_Analysis/blob/94ea36800e80c9e89a2356a0b81d3eeafbd6a4f7/analysis/data/consolidated_game_data_20240505.csv
1,S1-RS-039,2,Louvre Esports,pick,3,Balmond,https://liquipedia.net/mobilelegends/MPL/Indonesia/Season_1/Regular_Season | https://github.com/LiTianYeoh/MLBB_Tournament_Analysis/blob/94ea36800e80c9e89a2356a0b81d3eeafbd6a4f7/analysis/data/consolidated_game_data_20240505.csv
1,S1-RS-039,2,Louvre Esports,pick,4,Hayabusa,https://liquipedia.net/mobilelegends/MPL/Indonesia/Season_1/Regular_Season | https://github.com/LiTianYeoh/MLBB_Tournament_Analysis/blob/94ea36800e80c9e89a2356a0b81d3eeafbd6a4f7/analysis/data/consolidated_game_data_20240505.csv
1,S1-RS-039,2,Louvre Esports,pick,5,Alpha,https://liquipedia.net/mobilelegends/MPL/Indonesia/Season_1/Regular_Season | https://github.com/LiTianYeoh/MLBB_Tournament_Analysis/blob/94ea36800e80c9e89a2356a0b81d3eeafbd6a4f7/analysis/data/consolidated_game_data_20240505.csv
1,S1-RS-039,2,Saints Indo 2,ban,1,Angela,https://liquipedia.net/mobilelegends/MPL/Indonesia/Season_1/Regular_Season | https://github.com/LiTianYeoh/MLBB_Tournament_Analysis/blob/94ea36800e80c9e89a2356a0b81d3eeafbd6a4f7/analysis/data/consolidated_game_data_20240505.csv
1,S1-RS-039,2,Saints Indo 2,ban,2,Johnson,https://liquipedia.net/mobilelegends/MPL/Indonesia/Season_1/Regular_Season | https://github.com/LiTianYeoh/MLBB_Tournament_Analysis/blob/94ea36800e80c9e89a2356a0b81d3eeafbd6a4f7/analysis/data/consolidated_game_data_20240505.csv
1,S1-RS-039,2,Saints Indo 2,pick,1,Saber,https://liquipedia.net/mobilelegends/MPL/Indonesia/Season_1/Regular_Season | https://github.com/LiTianYeoh/MLBB_Tournament_Analysis/blob/94ea36800e80c9e89a2356a0b81d3eeafbd6a4f7/analysis/data/consolidated_game_data_20240505.csv
1,S1-RS-039,2,Saints Indo 2,pick,2,Cyclops,https://liquipedia.net/mobilelegends/MPL/Indonesia/Season_1/Regular_Season | https://github.com/LiTianYeoh/MLBB_Tournament_Analysis/blob/94ea36800e80c9e89a2356a0b81d3eeafbd6a4f7/analysis/data/consolidated_game_data_20240505.csv
1,S1-RS-039,2,Saints Indo 2,pick,3,Grock,https://liquipedia.net/mobilelegends/MPL/Indonesia/Season_1/Regular_Season | https://github.com/LiTianYeoh/MLBB_Tournament_Analysis/blob/94ea36800e80c9e89a2356a0b81d3eeafbd6a4f7/analysis/data/consolidated_game_data_20240505.csv
1,S1-RS-039,2,Saints Indo 2,pick,4,Akai,https://liquipedia.net/mobilelegends/MPL/Indonesia/Season_1/Regular_Season | https://github.com/LiTianYeoh/MLBB_Tournament_Analysis/blob/94ea36800e80c9e89a2356a0b81d3eeafbd6a4f7/analysis/data/consolidated_game_data_20240505.csv
1,S1-RS-039,2,Saints Indo 2,pick,5,Helcurt,https://liquipedia.net/mobilelegends/MPL/Indonesia/Season_1/Regular_Season | https://github.com/LiTianYeoh/MLBB_Tournament_Analysis/blob/94ea36800e80c9e89a2356a0b81d3eeafbd6a4f7/analysis/data/consolidated_game_data_20240505.csv
1,S1-RS-040,1,Louvre Esports,ban,1,Helcurt,https://liquipedia.net/mobilelegends/MPL/Indonesia/Season_1/Regular_Season | https://github.com/LiTianYeoh/MLBB_Tournament_Analysis/blob/94ea36800e80c9e89a2356a0b81d3eeafbd6a4f7/analysis/data/consolidated_game_data_20240505.csv
1,S1-RS-040,1,Louvre Esports,ban,2,Lancelot,https://liquipedia.net/mobilelegends/MPL/Indonesia/Season_1/Regular_Season | https://github.com/LiTianYeoh/MLBB_Tournament_Analysis/blob/94ea36800e80c9e89a2356a0b81d3eeafbd6a4f7/analysis/data/consolidated_game_data_20240505.csv
1,S1-RS-040,1,Louvre Esports,pick,1,Kagura,https://liquipedia.net/mobilelegends/MPL/Indonesia/Season_1/Regular_Season | https://github.com/LiTianYeoh/MLBB_Tournament_Analysis/blob/94ea36800e80c9e89a2356a0b81d3eeafbd6a4f7/analysis/data/consolidated_game_data_20240505.csv
1,S1-RS-040,1,Louvre Esports,pick,2,Alpha,https://liquipedia.net/mobilelegends/MPL/Indonesia/Season_1/Regular_Season | https://github.com/LiTianYeoh/MLBB_Tournament_Analysis/blob/94ea36800e80c9e89a2356a0b81d3eeafbd6a4f7/analysis/data/consolidated_game_data_20240505.csv
1,S1-RS-040,1,Louvre Esports,pick,3,Lolita,https://liquipedia.net/mobilelegends/MPL/Indonesia/Season_1/Regular_Season | https://github.com/LiTianYeoh/MLBB_Tournament_Analysis/blob/94ea36800e80c9e89a2356a0b81d3eeafbd6a4f7/analysis/data/consolidated_game_data_20240505.csv
1,S1-RS-040,1,Louvre Esports,pick,4,Bruno,https://liquipedia.net/mobilelegends/MPL/Indonesia/Season_1/Regular_Season | https://github.com/LiTianYeoh/MLBB_Tournament_Analysis/blob/94ea36800e80c9e89a2356a0b81d3eeafbd6a4f7/analysis/data/consolidated_game_data_20240505.csv
1,S1-RS-040,1,Louvre Esports,pick,5,Akai,https://liquipedia.net/mobilelegends/MPL/Indonesia/Season_1/Regular_Season | https://github.com/LiTianYeoh/MLBB_Tournament_Analysis/blob/94ea36800e80c9e89a2356a0b81d3eeafbd6a4f7/analysis/data/consolidated_game_data_20240505.csv
1,S1-RS-040,1,Team Rev Indo,ban,1,Angela,https://liquipedia.net/mobilelegends/MPL/Indonesia/Season_1/Regular_Season | https://github.com/LiTianYeoh/MLBB_Tournament_Analysis/blob/94ea36800e80c9e89a2356a0b81d3eeafbd6a4f7/analysis/data/consolidated_game_data_20240505.csv
1,S1-RS-040,1,Team Rev Indo,ban,2,Gusion,https://liquipedia.net/mobilelegends/MPL/Indonesia/Season_1/Regular_Season | https://github.com/LiTianYeoh/MLBB_Tournament_Analysis/blob/94ea36800e80c9e89a2356a0b81d3eeafbd6a4f7/analysis/data/consolidated_game_data_20240505.csv
1,S1-RS-040,1,Team Rev Indo,pick,1,Harley,https://liquipedia.net/mobilelegends/MPL/Indonesia/Season_1/Regular_Season | https://github.com/LiTianYeoh/MLBB_Tournament_Analysis/blob/94ea36800e80c9e89a2356a0b81d3eeafbd6a4f7/analysis/data/consolidated_game_data_20240505.csv
1,S1-RS-040,1,Team Rev Indo,pick,2,Hayabusa,https://liquipedia.net/mobilelegends/MPL/Indonesia/Season_1/Regular_Season | https://github.com/LiTianYeoh/MLBB_Tournament_Analysis/blob/94ea36800e80c9e89a2356a0b81d3eeafbd6a4f7/analysis/data/consolidated_game_data_20240505.csv
1,S1-RS-040,1,Team Rev Indo,pick,3,Karrie,https://liquipedia.net/mobilelegends/MPL/Indonesia/Season_1/Regular_Season | https://github.com/LiTianYeoh/MLBB_Tournament_Analysis/blob/94ea36800e80c9e89a2356a0b81d3eeafbd6a4f7/analysis/data/consolidated_game_data_20240505.csv
1,S1-RS-040,1,Team Rev Indo,pick,4,Johnson,https://liquipedia.net/mobilelegends/MPL/Indonesia/Season_1/Regular_Season | https://github.com/LiTianYeoh/MLBB_Tournament_Analysis/blob/94ea36800e80c9e89a2356a0b81d3eeafbd6a4f7/analysis/data/consolidated_game_data_20240505.csv
1,S1-RS-040,1,Team Rev Indo,pick,5,Hylos,https://liquipedia.net/mobilelegends/MPL/Indonesia/Season_1/Regular_Season | https://github.com/LiTianYeoh/MLBB_Tournament_Analysis/blob/94ea36800e80c9e89a2356a0b81d3eeafbd6a4f7/analysis/data/consolidated_game_data_20240505.csv
1,S1-RS-040,2,Louvre Esports,ban,1,Gusion,https://liquipedia.net/mobilelegends/MPL/Indonesia/Season_1/Regular_Season | https://github.com/LiTianYeoh/MLBB_Tournament_Analysis/blob/94ea36800e80c9e89a2356a0b81d3eeafbd6a4f7/analysis/data/consolidated_game_data_20240505.csv
1,S1-RS-040,2,Louvre Esports,ban,2,Hylos,https://liquipedia.net/mobilelegends/MPL/Indonesia/Season_1/Regular_Season | https://github.com/LiTianYeoh/MLBB_Tournament_Analysis/blob/94ea36800e80c9e89a2356a0b81d3eeafbd6a4f7/analysis/data/consolidated_game_data_20240505.csv
1,S1-RS-040,2,Louvre Esports,pick,1,Angela,https://liquipedia.net/mobilelegends/MPL/Indonesia/Season_1/Regular_Season | https://github.com/LiTianYeoh/MLBB_Tournament_Analysis/blob/94ea36800e80c9e89a2356a0b81d3eeafbd6a4f7/analysis/data/consolidated_game_data_20240505.csv
1,S1-RS-040,2,Louvre Esports,pick,2,Johnson,https://liquipedia.net/mobilelegends/MPL/Indonesia/Season_1/Regular_Season | https://github.com/LiTianYeoh/MLBB_Tournament_Analysis/blob/94ea36800e80c9e89a2356a0b81d3eeafbd6a4f7/analysis/data/consolidated_game_data_20240505.csv
1,S1-RS-040,2,Louvre Esports,pick,3,Alpha,https://liquipedia.net/mobilelegends/MPL/Indonesia/Season_1/Regular_Season | https://github.com/LiTianYeoh/MLBB_Tournament_Analysis/blob/94ea36800e80c9e89a2356a0b81d3eeafbd6a4f7/analysis/data/consolidated_game_data_20240505.csv
1,S1-RS-040,2,Louvre Esports,pick,4,Harley,https://liquipedia.net/mobilelegends/MPL/Indonesia/Season_1/Regular_Season | https://github.com/LiTianYeoh/MLBB_Tournament_Analysis/blob/94ea36800e80c9e89a2356a0b81d3eeafbd6a4f7/analysis/data/consolidated_game_data_20240505.csv
1,S1-RS-040,2,Louvre Esports,pick,5,Natalia,https://liquipedia.net/mobilelegends/MPL/Indonesia/Season_1/Regular_Season | https://github.com/LiTianYeoh/MLBB_Tournament_Analysis/blob/94ea36800e80c9e89a2356a0b81d3eeafbd6a4f7/analysis/data/consolidated_game_data_20240505.csv
1,S1-RS-040,2,Team Rev Indo,ban,1,Lancelot,https://liquipedia.net/mobilelegends/MPL/Indonesia/Season_1/Regular_Season | https://github.com/LiTianYeoh/MLBB_Tournament_Analysis/blob/94ea36800e80c9e89a2356a0b81d3eeafbd6a4f7/analysis/data/consolidated_game_data_20240505.csv
1,S1-RS-040,2,Team Rev Indo,ban,2,Helcurt,https://liquipedia.net/mobilelegends/MPL/Indonesia/Season_1/Regular_Season | https://github.com/LiTianYeoh/MLBB_Tournament_Analysis/blob/94ea36800e80c9e89a2356a0b81d3eeafbd6a4f7/analysis/data/consolidated_game_data_20240505.csv
1,S1-RS-040,2,Team Rev Indo,pick,1,Karrie,https://liquipedia.net/mobilelegends/MPL/Indonesia/Season_1/Regular_Season | https://github.com/LiTianYeoh/MLBB_Tournament_Analysis/blob/94ea36800e80c9e89a2356a0b81d3eeafbd6a4f7/analysis/data/consolidated_game_data_20240505.csv
1,S1-RS-040,2,Team Rev Indo,pick,2,Hayabusa,https://liquipedia.net/mobilelegends/MPL/Indonesia/Season_1/Regular_Season | https://github.com/LiTianYeoh/MLBB_Tournament_Analysis/blob/94ea36800e80c9e89a2356a0b81d3eeafbd6a4f7/analysis/data/consolidated_game_data_20240505.csv
1,S1-RS-040,2,Team Rev Indo,pick,3,Akai,https://liquipedia.net/mobilelegends/MPL/Indonesia/Season_1/Regular_Season | https://github.com/LiTianYeoh/MLBB_Tournament_Analysis/blob/94ea36800e80c9e89a2356a0b81d3eeafbd6a4f7/analysis/data/consolidated_game_data_20240505.csv
1,S1-RS-040,2,Team Rev Indo,pick,4,Grock,https://liquipedia.net/mobilelegends/MPL/Indonesia/Season_1/Regular_Season | https://github.com/LiTianYeoh/MLBB_Tournament_Analysis/blob/94ea36800e80c9e89a2356a0b81d3eeafbd6a4f7/analysis/data/consolidated_game_data_20240505.csv
1,S1-RS-040,2,Team Rev Indo,pick,5,Kagura,https://liquipedia.net/mobilelegends/MPL/Indonesia/Season_1/Regular_Season | https://github.com/LiTianYeoh/MLBB_Tournament_Analysis/blob/94ea36800e80c9e89a2356a0b81d3eeafbd6a4f7/analysis/data/consolidated_game_data_20240505.csv
1,S1-RS-041,1,Bigetron Player Kill,ban,1,Fanny,https://liquipedia.net/mobilelegends/MPL/Indonesia/Season_1/Regular_Season | https://github.com/LiTianYeoh/MLBB_Tournament_Analysis/blob/94ea36800e80c9e89a2356a0b81d3eeafbd6a4f7/analysis/data/consolidated_game_data_20240505.csv
1,S1-RS-041,1,Bigetron Player Kill,ban,2,Helcurt,https://liquipedia.net/mobilelegends/MPL/Indonesia/Season_1/Regular_Season | https://github.com/LiTianYeoh/MLBB_Tournament_Analysis/blob/94ea36800e80c9e89a2356a0b81d3eeafbd6a4f7/analysis/data/consolidated_game_data_20240505.csv
1,S1-RS-041,1,Bigetron Player Kill,pick,1,Kagura,https://liquipedia.net/mobilelegends/MPL/Indonesia/Season_1/Regular_Season | https://github.com/LiTianYeoh/MLBB_Tournament_Analysis/blob/94ea36800e80c9e89a2356a0b81d3eeafbd6a4f7/analysis/data/consolidated_game_data_20240505.csv
1,S1-RS-041,1,Bigetron Player Kill,pick,2,Grock,https://liquipedia.net/mobilelegends/MPL/Indonesia/Season_1/Regular_Season | https://github.com/LiTianYeoh/MLBB_Tournament_Analysis/blob/94ea36800e80c9e89a2356a0b81d3eeafbd6a4f7/analysis/data/consolidated_game_data_20240505.csv
1,S1-RS-041,1,Bigetron Player Kill,pick,3,Hylos,https://liquipedia.net/mobilelegends/MPL/Indonesia/Season_1/Regular_Season | https://github.com/LiTianYeoh/MLBB_Tournament_Analysis/blob/94ea36800e80c9e89a2356a0b81d3eeafbd6a4f7/analysis/data/consolidated_game_data_20240505.csv
1,S1-RS-041,1,Bigetron Player Kill,pick,4,Bruno,https://liquipedia.net/mobilelegends/MPL/Indonesia/Season_1/Regular_Season | https://github.com/LiTianYeoh/MLBB_Tournament_Analysis/blob/94ea36800e80c9e89a2356a0b81d3eeafbd6a4f7/analysis/data/consolidated_game_data_20240505.csv
1,S1-RS-041,1,Bigetron Player Kill,pick,5,Saber,https://liquipedia.net/mobilelegends/MPL/Indonesia/Season_1/Regular_Season | https://github.com/LiTianYeoh/MLBB_Tournament_Analysis/blob/94ea36800e80c9e89a2356a0b81d3eeafbd6a4f7/analysis/data/consolidated_game_data_20240505.csv
1,S1-RS-041,1,Pandora Esports,ban,1,Gusion,https://liquipedia.net/mobilelegends/MPL/Indonesia/Season_1/Regular_Season | https://github.com/LiTianYeoh/MLBB_Tournament_Analysis/blob/94ea36800e80c9e89a2356a0b81d3eeafbd6a4f7/analysis/data/consolidated_game_data_20240505.csv
1,S1-RS-041,1,Pandora Esports,ban,2,Lancelot,https://liquipedia.net/mobilelegends/MPL/Indonesia/Season_1/Regular_Season | https://github.com/LiTianYeoh/MLBB_Tournament_Analysis/blob/94ea36800e80c9e89a2356a0b81d3eeafbd6a4f7/analysis/data/consolidated_game_data_20240505.csv
1,S1-RS-041,1,Pandora Esports,pick,1,Cyclops,https://liquipedia.net/mobilelegends/MPL/Indonesia/Season_1/Regular_Season | https://github.com/LiTianYeoh/MLBB_Tournament_Analysis/blob/94ea36800e80c9e89a2356a0b81d3eeafbd6a4f7/analysis/data/consolidated_game_data_20240505.csv
1,S1-RS-041,1,Pandora Esports,pick,2,Alpha,https://liquipedia.net/mobilelegends/MPL/Indonesia/Season_1/Regular_Season | https://github.com/LiTianYeoh/MLBB_Tournament_Analysis/blob/94ea36800e80c9e89a2356a0b81d3eeafbd6a4f7/analysis/data/consolidated_game_data_20240505.csv
1,S1-RS-041,1,Pandora Esports,pick,3,Angela,https://liquipedia.net/mobilelegends/MPL/Indonesia/Season_1/Regular_Season | https://github.com/LiTianYeoh/MLBB_Tournament_Analysis/blob/94ea36800e80c9e89a2356a0b81d3eeafbd6a4f7/analysis/data/consolidated_game_data_20240505.csv
1,S1-RS-041,1,Pandora Esports,pick,4,Johnson,https://liquipedia.net/mobilelegends/MPL/Indonesia/Season_1/Regular_Season | https://github.com/LiTianYeoh/MLBB_Tournament_Analysis/blob/94ea36800e80c9e89a2356a0b81d3eeafbd6a4f7/analysis/data/consolidated_game_data_20240505.csv
1,S1-RS-041,1,Pandora Esports,pick,5,Helcurt,https://liquipedia.net/mobilelegends/MPL/Indonesia/Season_1/Regular_Season | https://github.com/LiTianYeoh/MLBB_Tournament_Analysis/blob/94ea36800e80c9e89a2356a0b81d3eeafbd6a4f7/analysis/data/consolidated_game_data_20240505.csv
1,S1-RS-041,2,Bigetron Player Kill,ban,1,Lancelot,https://liquipedia.net/mobilelegends/MPL/Indonesia/Season_1/Regular_Season | https://github.com/LiTianYeoh/MLBB_Tournament_Analysis/blob/94ea36800e80c9e89a2356a0b81d3eeafbd6a4f7/analysis/data/consolidated_game_data_20240505.csv
1,S1-RS-041,2,Bigetron Player Kill,ban,2,Gusion,https://liquipedia.net/mobilelegends/MPL/Indonesia/Season_1/Regular_Season | https://github.com/LiTianYeoh/MLBB_Tournament_Analysis/blob/94ea36800e80c9e89a2356a0b81d3eeafbd6a4f7/analysis/data/consolidated_game_data_20240505.csv
1,S1-RS-041,2,Bigetron Player Kill,pick,1,Grock,https://liquipedia.net/mobilelegends/MPL/Indonesia/Season_1/Regular_Season | https://github.com/LiTianYeoh/MLBB_Tournament_Analysis/blob/94ea36800e80c9e89a2356a0b81d3eeafbd6a4f7/analysis/data/consolidated_game_data_20240505.csv
1,S1-RS-041,2,Bigetron Player Kill,pick,2,Hylos,https://liquipedia.net/mobilelegends/MPL/Indonesia/Season_1/Regular_Season | https://github.com/LiTianYeoh/MLBB_Tournament_Analysis/blob/94ea36800e80c9e89a2356a0b81d3eeafbd6a4f7/analysis/data/consolidated_game_data_20240505.csv
1,S1-RS-041,2,Bigetron Player Kill,pick,3,Hayabusa,https://liquipedia.net/mobilelegends/MPL/Indonesia/Season_1/Regular_Season | https://github.com/LiTianYeoh/MLBB_Tournament_Analysis/blob/94ea36800e80c9e89a2356a0b81d3eeafbd6a4f7/analysis/data/consolidated_game_data_20240505.csv
1,S1-RS-041,2,Bigetron Player Kill,pick,4,Cyclops,https://liquipedia.net/mobilelegends/MPL/Indonesia/Season_1/Regular_Season | https://github.com/LiTianYeoh/MLBB_Tournament_Analysis/blob/94ea36800e80c9e89a2356a0b81d3eeafbd6a4f7/analysis/data/consolidated_game_data_20240505.csv
1,S1-RS-041,2,Bigetron Player Kill,pick,5,Bruno,https://liquipedia.net/mobilelegends/MPL/Indonesia/Season_1/Regular_Season | https://github.com/LiTianYeoh/MLBB_Tournament_Analysis/blob/94ea36800e80c9e89a2356a0b81d3eeafbd6a4f7/analysis/data/consolidated_game_data_20240505.csv
1,S1-RS-041,2,Pandora Esports,ban,1,Kagura,https://liquipedia.net/mobilelegends/MPL/Indonesia/Season_1/Regular_Season | https://github.com/LiTianYeoh/MLBB_Tournament_Analysis/blob/94ea36800e80c9e89a2356a0b81d3eeafbd6a4f7/analysis/data/consolidated_game_data_20240505.csv
1,S1-RS-041,2,Pandora Esports,ban,2,Helcurt,https://liquipedia.net/mobilelegends/MPL/Indonesia/Season_1/Regular_Season | https://github.com/LiTianYeoh/MLBB_Tournament_Analysis/blob/94ea36800e80c9e89a2356a0b81d3eeafbd6a4f7/analysis/data/consolidated_game_data_20240505.csv
1,S1-RS-041,2,Pandora Esports,pick,1,Akai,https://liquipedia.net/mobilelegends/MPL/Indonesia/Season_1/Regular_Season | https://github.com/LiTianYeoh/MLBB_Tournament_Analysis/blob/94ea36800e80c9e89a2356a0b81d3eeafbd6a4f7/analysis/data/consolidated_game_data_20240505.csv
1,S1-RS-041,2,Pandora Esports,pick,2,Chou,https://liquipedia.net/mobilelegends/MPL/Indonesia/Season_1/Regular_Season | https://github.com/LiTianYeoh/MLBB_Tournament_Analysis/blob/94ea36800e80c9e89a2356a0b81d3eeafbd6a4f7/analysis/data/consolidated_game_data_20240505.csv
1,S1-RS-041,2,Pandora Esports,pick,3,Saber,https://liquipedia.net/mobilelegends/MPL/Indonesia/Season_1/Regular_Season | https://github.com/LiTianYeoh/MLBB_Tournament_Analysis/blob/94ea36800e80c9e89a2356a0b81d3eeafbd6a4f7/analysis/data/consolidated_game_data_20240505.csv
1,S1-RS-041,2,Pandora Esports,pick,4,Karrie,https://liquipedia.net/mobilelegends/MPL/Indonesia/Season_1/Regular_Season | https://github.com/LiTianYeoh/MLBB_Tournament_Analysis/blob/94ea36800e80c9e89a2356a0b81d3eeafbd6a4f7/analysis/data/consolidated_game_data_20240505.csv
1,S1-RS-041,2,Pandora Esports,pick,5,Harley,https://liquipedia.net/mobilelegends/MPL/Indonesia/Season_1/Regular_Season | https://github.com/LiTianYeoh/MLBB_Tournament_Analysis/blob/94ea36800e80c9e89a2356a0b81d3eeafbd6a4f7/analysis/data/consolidated_game_data_20240505.csv
1,S1-RS-042,1,EVOS Esports,ban,1,Gusion,https://liquipedia.net/mobilelegends/MPL/Indonesia/Season_1/Regular_Season | https://github.com/LiTianYeoh/MLBB_Tournament_Analysis/blob/94ea36800e80c9e89a2356a0b81d3eeafbd6a4f7/analysis/data/consolidated_game_data_20240505.csv
1,S1-RS-042,1,EVOS Esports,ban,2,Lancelot,https://liquipedia.net/mobilelegends/MPL/Indonesia/Season_1/Regular_Season | https://github.com/LiTianYeoh/MLBB_Tournament_Analysis/blob/94ea36800e80c9e89a2356a0b81d3eeafbd6a4f7/analysis/data/consolidated_game_data_20240505.csv
1,S1-RS-042,1,EVOS Esports,pick,1,Sun,https://liquipedia.net/mobilelegends/MPL/Indonesia/Season_1/Regular_Season | https://github.com/LiTianYeoh/MLBB_Tournament_Analysis/blob/94ea36800e80c9e89a2356a0b81d3eeafbd6a4f7/analysis/data/consolidated_game_data_20240505.csv
1,S1-RS-042,1,EVOS Esports,pick,2,Angela,https://liquipedia.net/mobilelegends/MPL/Indonesia/Season_1/Regular_Season | https://github.com/LiTianYeoh/MLBB_Tournament_Analysis/blob/94ea36800e80c9e89a2356a0b81d3eeafbd6a4f7/analysis/data/consolidated_game_data_20240505.csv
1,S1-RS-042,1,EVOS Esports,pick,3,Yi Sun-Shin,https://liquipedia.net/mobilelegends/MPL/Indonesia/Season_1/Regular_Season | https://github.com/LiTianYeoh/MLBB_Tournament_Analysis/blob/94ea36800e80c9e89a2356a0b81d3eeafbd6a4f7/analysis/data/consolidated_game_data_20240505.csv
1,S1-RS-042,1,EVOS Esports,pick,4,Hylos,https://liquipedia.net/mobilelegends/MPL/Indonesia/Season_1/Regular_Season | https://github.com/LiTianYeoh/MLBB_Tournament_Analysis/blob/94ea36800e80c9e89a2356a0b81d3eeafbd6a4f7/analysis/data/consolidated_game_data_20240505.csv
1,S1-RS-042,1,EVOS Esports,pick,5,Kagura,https://liquipedia.net/mobilelegends/MPL/Indonesia/Season_1/Regular_Season | https://github.com/LiTianYeoh/MLBB_Tournament_Analysis/blob/94ea36800e80c9e89a2356a0b81d3eeafbd6a4f7/analysis/data/consolidated_game_data_20240505.csv
1,S1-RS-042,1,Domino's Hunters,ban,1,Fanny,https://liquipedia.net/mobilelegends/MPL/Indonesia/Season_1/Regular_Season | https://github.com/LiTianYeoh/MLBB_Tournament_Analysis/blob/94ea36800e80c9e89a2356a0b81d3eeafbd6a4f7/analysis/data/consolidated_game_data_20240505.csv
1,S1-RS-042,1,Domino's Hunters,ban,2,Helcurt,https://liquipedia.net/mobilelegends/MPL/Indonesia/Season_1/Regular_Season | https://github.com/LiTianYeoh/MLBB_Tournament_Analysis/blob/94ea36800e80c9e89a2356a0b81d3eeafbd6a4f7/analysis/data/consolidated_game_data_20240505.csv
1,S1-RS-042,1,Domino's Hunters,pick,1,Johnson,https://liquipedia.net/mobilelegends/MPL/Indonesia/Season_1/Regular_Season | https://github.com/LiTianYeoh/MLBB_Tournament_Analysis/blob/94ea36800e80c9e89a2356a0b81d3eeafbd6a4f7/analysis/data/consolidated_game_data_20240505.csv
1,S1-RS-042,1,Domino's Hunters,pick,2,Hayabusa,https://liquipedia.net/mobilelegends/MPL/Indonesia/Season_1/Regular_Season | https://github.com/LiTianYeoh/MLBB_Tournament_Analysis/blob/94ea36800e80c9e89a2356a0b81d3eeafbd6a4f7/analysis/data/consolidated_game_data_20240505.csv
1,S1-RS-042,1,Domino's Hunters,pick,3,Lesley,https://liquipedia.net/mobilelegends/MPL/Indonesia/Season_1/Regular_Season | https://github.com/LiTianYeoh/MLBB_Tournament_Analysis/blob/94ea36800e80c9e89a2356a0b81d3eeafbd6a4f7/analysis/data/consolidated_game_data_20240505.csv
1,S1-RS-042,1,Domino's Hunters,pick,4,Grock,https://liquipedia.net/mobilelegends/MPL/Indonesia/Season_1/Regular_Season | https://github.com/LiTianYeoh/MLBB_Tournament_Analysis/blob/94ea36800e80c9e89a2356a0b81d3eeafbd6a4f7/analysis/data/consolidated_game_data_20240505.csv
1,S1-RS-042,1,Domino's Hunters,pick,5,Saber,https://liquipedia.net/mobilelegends/MPL/Indonesia/Season_1/Regular_Season | https://github.com/LiTianYeoh/MLBB_Tournament_Analysis/blob/94ea36800e80c9e89a2356a0b81d3eeafbd6a4f7/analysis/data/consolidated_game_data_20240505.csv
1,S1-RS-042,2,EVOS Esports,ban,1,Helcurt,https://liquipedia.net/mobilelegends/MPL/Indonesia/Season_1/Regular_Season | https://github.com/LiTianYeoh/MLBB_Tournament_Analysis/blob/94ea36800e80c9e89a2356a0b81d3eeafbd6a4f7/analysis/data/consolidated_game_data_20240505.csv
1,S1-RS-042,2,EVOS Esports,ban,2,Kagura,https://liquipedia.net/mobilelegends/MPL/Indonesia/Season_1/Regular_Season | https://github.com/LiTianYeoh/MLBB_Tournament_Analysis/blob/94ea36800e80c9e89a2356a0b81d3eeafbd6a4f7/analysis/data/consolidated_game_data_20240505.csv
1,S1-RS-042,2,EVOS Esports,pick,1,Estes,https://liquipedia.net/mobilelegends/MPL/Indonesia/Season_1/Regular_Season | https://github.com/LiTianYeoh/MLBB_Tournament_Analysis/blob/94ea36800e80c9e89a2356a0b81d3eeafbd6a4f7/analysis/data/consolidated_game_data_20240505.csv
1,S1-RS-042,2,EVOS Esports,pick,2,Alpha,https://liquipedia.net/mobilelegends/MPL/Indonesia/Season_1/Regular_Season | https://github.com/LiTianYeoh/MLBB_Tournament_Analysis/blob/94ea36800e80c9e89a2356a0b81d3eeafbd6a4f7/analysis/data/consolidated_game_data_20240505.csv
1,S1-RS-042,2,EVOS Esports,pick,3,Cyclops,https://liquipedia.net/mobilelegends/MPL/Indonesia/Season_1/Regular_Season | https://github.com/LiTianYeoh/MLBB_Tournament_Analysis/blob/94ea36800e80c9e89a2356a0b81d3eeafbd6a4f7/analysis/data/consolidated_game_data_20240505.csv
1,S1-RS-042,2,EVOS Esports,pick,4,Hylos,https://liquipedia.net/mobilelegends/MPL/Indonesia/Season_1/Regular_Season | https://github.com/LiTianYeoh/MLBB_Tournament_Analysis/blob/94ea36800e80c9e89a2356a0b81d3eeafbd6a4f7/analysis/data/consolidated_game_data_20240505.csv
1,S1-RS-042,2,EVOS Esports,pick,5,Lancelot,https://liquipedia.net/mobilelegends/MPL/Indonesia/Season_1/Regular_Season | https://github.com/LiTianYeoh/MLBB_Tournament_Analysis/blob/94ea36800e80c9e89a2356a0b81d3eeafbd6a4f7/analysis/data/consolidated_game_data_20240505.csv
1,S1-RS-042,2,Domino's Hunters,ban,1,Gusion,https://liquipedia.net/mobilelegends/MPL/Indonesia/Season_1/Regular_Season | https://github.com/LiTianYeoh/MLBB_Tournament_Analysis/blob/94ea36800e80c9e89a2356a0b81d3eeafbd6a4f7/analysis/data/consolidated_game_data_20240505.csv
1,S1-RS-042,2,Domino's Hunters,ban,2,Fanny,https://liquipedia.net/mobilelegends/MPL/Indonesia/Season_1/Regular_Season | https://github.com/LiTianYeoh/MLBB_Tournament_Analysis/blob/94ea36800e80c9e89a2356a0b81d3eeafbd6a4f7/analysis/data/consolidated_game_data_20240505.csv
1,S1-RS-042,2,Domino's Hunters,pick,1,Johnson,https://liquipedia.net/mobilelegends/MPL/Indonesia/Season_1/Regular_Season | https://github.com/LiTianYeoh/MLBB_Tournament_Analysis/blob/94ea36800e80c9e89a2356a0b81d3eeafbd6a4f7/analysis/data/consolidated_game_data_20240505.csv
1,S1-RS-042,2,Domino's Hunters,pick,2,Angela,https://liquipedia.net/mobilelegends/MPL/Indonesia/Season_1/Regular_Season | https://github.com/LiTianYeoh/MLBB_Tournament_Analysis/blob/94ea36800e80c9e89a2356a0b81d3eeafbd6a4f7/analysis/data/consolidated_game_data_20240505.csv
1,S1-RS-042,2,Domino's Hunters,pick,3,Lesley,https://liquipedia.net/mobilelegends/MPL/Indonesia/Season_1/Regular_Season | https://github.com/LiTianYeoh/MLBB_Tournament_Analysis/blob/94ea36800e80c9e89a2356a0b81d3eeafbd6a4f7/analysis/data/consolidated_game_data_20240505.csv
1,S1-RS-042,2,Domino's Hunters,pick,4,Harley,https://liquipedia.net/mobilelegends/MPL/Indonesia/Season_1/Regular_Season | https://github.com/LiTianYeoh/MLBB_Tournament_Analysis/blob/94ea36800e80c9e89a2356a0b81d3eeafbd6a4f7/analysis/data/consolidated_game_data_20240505.csv
1,S1-RS-042,2,Domino's Hunters,pick,5,Freya,https://liquipedia.net/mobilelegends/MPL/Indonesia/Season_1/Regular_Season | https://github.com/LiTianYeoh/MLBB_Tournament_Analysis/blob/94ea36800e80c9e89a2356a0b81d3eeafbd6a4f7/analysis/data/consolidated_game_data_20240505.csv
1,S1-RS-043,1,Team NXL,ban,1,Angela,https://liquipedia.net/mobilelegends/MPL/Indonesia/Season_1/Regular_Season | https://github.com/LiTianYeoh/MLBB_Tournament_Analysis/blob/94ea36800e80c9e89a2356a0b81d3eeafbd6a4f7/analysis/data/consolidated_game_data_20240505.csv
1,S1-RS-043,1,Team NXL,ban,2,Helcurt,https://liquipedia.net/mobilelegends/MPL/Indonesia/Season_1/Regular_Season | https://github.com/LiTianYeoh/MLBB_Tournament_Analysis/blob/94ea36800e80c9e89a2356a0b81d3eeafbd6a4f7/analysis/data/consolidated_game_data_20240505.csv
1,S1-RS-043,1,Team NXL,pick,1,Kagura,https://liquipedia.net/mobilelegends/MPL/Indonesia/Season_1/Regular_Season | https://github.com/LiTianYeoh/MLBB_Tournament_Analysis/blob/94ea36800e80c9e89a2356a0b81d3eeafbd6a4f7/analysis/data/consolidated_game_data_20240505.csv
1,S1-RS-043,1,Team NXL,pick,2,Hylos,https://liquipedia.net/mobilelegends/MPL/Indonesia/Season_1/Regular_Season | https://github.com/LiTianYeoh/MLBB_Tournament_Analysis/blob/94ea36800e80c9e89a2356a0b81d3eeafbd6a4f7/analysis/data/consolidated_game_data_20240505.csv
1,S1-RS-043,1,Team NXL,pick,3,Akai,https://liquipedia.net/mobilelegends/MPL/Indonesia/Season_1/Regular_Season | https://github.com/LiTianYeoh/MLBB_Tournament_Analysis/blob/94ea36800e80c9e89a2356a0b81d3eeafbd6a4f7/analysis/data/consolidated_game_data_20240505.csv
1,S1-RS-043,1,Team NXL,pick,4,Saber,https://liquipedia.net/mobilelegends/MPL/Indonesia/Season_1/Regular_Season | https://github.com/LiTianYeoh/MLBB_Tournament_Analysis/blob/94ea36800e80c9e89a2356a0b81d3eeafbd6a4f7/analysis/data/consolidated_game_data_20240505.csv
1,S1-RS-043,1,Team NXL,pick,5,Alpha,https://liquipedia.net/mobilelegends/MPL/Indonesia/Season_1/Regular_Season | https://github.com/LiTianYeoh/MLBB_Tournament_Analysis/blob/94ea36800e80c9e89a2356a0b81d3eeafbd6a4f7/analysis/data/consolidated_game_data_20240505.csv
1,S1-RS-043,1,Team Rev Indo,ban,1,Gusion,https://liquipedia.net/mobilelegends/MPL/Indonesia/Season_1/Regular_Season | https://github.com/LiTianYeoh/MLBB_Tournament_Analysis/blob/94ea36800e80c9e89a2356a0b81d3eeafbd6a4f7/analysis/data/consolidated_game_data_20240505.csv
1,S1-RS-043,1,Team Rev Indo,ban,2,Fanny,https://liquipedia.net/mobilelegends/MPL/Indonesia/Season_1/Regular_Season | https://github.com/LiTianYeoh/MLBB_Tournament_Analysis/blob/94ea36800e80c9e89a2356a0b81d3eeafbd6a4f7/analysis/data/consolidated_game_data_20240505.csv
1,S1-RS-043,1,Team Rev Indo,pick,1,Grock,https://liquipedia.net/mobilelegends/MPL/Indonesia/Season_1/Regular_Season | https://github.com/LiTianYeoh/MLBB_Tournament_Analysis/blob/94ea36800e80c9e89a2356a0b81d3eeafbd6a4f7/analysis/data/consolidated_game_data_20240505.csv
1,S1-RS-043,1,Team Rev Indo,pick,2,Harley,https://liquipedia.net/mobilelegends/MPL/Indonesia/Season_1/Regular_Season | https://github.com/LiTianYeoh/MLBB_Tournament_Analysis/blob/94ea36800e80c9e89a2356a0b81d3eeafbd6a4f7/analysis/data/consolidated_game_data_20240505.csv
1,S1-RS-043,1,Team Rev Indo,pick,3,Hayabusa,https://liquipedia.net/mobilelegends/MPL/Indonesia/Season_1/Regular_Season | https://github.com/LiTianYeoh/MLBB_Tournament_Analysis/blob/94ea36800e80c9e89a2356a0b81d3eeafbd6a4f7/analysis/data/consolidated_game_data_20240505.csv
1,S1-RS-043,1,Team Rev Indo,pick,4,Johnson,https://liquipedia.net/mobilelegends/MPL/Indonesia/Season_1/Regular_Season | https://github.com/LiTianYeoh/MLBB_Tournament_Analysis/blob/94ea36800e80c9e89a2356a0b81d3eeafbd6a4f7/analysis/data/consolidated_game_data_20240505.csv
1,S1-RS-043,1,Team Rev Indo,pick,5,Lancelot,https://liquipedia.net/mobilelegends/MPL/Indonesia/Season_1/Regular_Season | https://github.com/LiTianYeoh/MLBB_Tournament_Analysis/blob/94ea36800e80c9e89a2356a0b81d3eeafbd6a4f7/analysis/data/consolidated_game_data_20240505.csv
1,S1-RS-043,2,Team NXL,ban,1,Hayabusa,https://liquipedia.net/mobilelegends/MPL/Indonesia/Season_1/Regular_Season | https://github.com/LiTianYeoh/MLBB_Tournament_Analysis/blob/94ea36800e80c9e89a2356a0b81d3eeafbd6a4f7/analysis/data/consolidated_game_data_20240505.csv
1,S1-RS-043,2,Team NXL,ban,2,Angela,https://liquipedia.net/mobilelegends/MPL/Indonesia/Season_1/Regular_Season | https://github.com/LiTianYeoh/MLBB_Tournament_Analysis/blob/94ea36800e80c9e89a2356a0b81d3eeafbd6a4f7/analysis/data/consolidated_game_data_20240505.csv
1,S1-RS-043,2,Team NXL,pick,1,Lancelot,https://liquipedia.net/mobilelegends/MPL/Indonesia/Season_1/Regular_Season | https://github.com/LiTianYeoh/MLBB_Tournament_Analysis/blob/94ea36800e80c9e89a2356a0b81d3eeafbd6a4f7/analysis/data/consolidated_game_data_20240505.csv
1,S1-RS-043,2,Team NXL,pick,2,Saber,https://liquipedia.net/mobilelegends/MPL/Indonesia/Season_1/Regular_Season | https://github.com/LiTianYeoh/MLBB_Tournament_Analysis/blob/94ea36800e80c9e89a2356a0b81d3eeafbd6a4f7/analysis/data/consolidated_game_data_20240505.csv
1,S1-RS-043,2,Team NXL,pick,3,Chou,https://liquipedia.net/mobilelegends/MPL/Indonesia/Season_1/Regular_Season | https://github.com/LiTianYeoh/MLBB_Tournament_Analysis/blob/94ea36800e80c9e89a2356a0b81d3eeafbd6a4f7/analysis/data/consolidated_game_data_20240505.csv
1,S1-RS-043,2,Team NXL,pick,4,Fanny,https://liquipedia.net/mobilelegends/MPL/Indonesia/Season_1/Regular_Season | https://github.com/LiTianYeoh/MLBB_Tournament_Analysis/blob/94ea36800e80c9e89a2356a0b81d3eeafbd6a4f7/analysis/data/consolidated_game_data_20240505.csv
1,S1-RS-043,2,Team NXL,pick,5,Lolita,https://liquipedia.net/mobilelegends/MPL/Indonesia/Season_1/Regular_Season | https://github.com/LiTianYeoh/MLBB_Tournament_Analysis/blob/94ea36800e80c9e89a2356a0b81d3eeafbd6a4f7/analysis/data/consolidated_game_data_20240505.csv
1,S1-RS-043,2,Team Rev Indo,ban,1,Kagura,https://liquipedia.net/mobilelegends/MPL/Indonesia/Season_1/Regular_Season | https://github.com/LiTianYeoh/MLBB_Tournament_Analysis/blob/94ea36800e80c9e89a2356a0b81d3eeafbd6a4f7/analysis/data/consolidated_game_data_20240505.csv
1,S1-RS-043,2,Team Rev Indo,ban,2,Helcurt,https://liquipedia.net/mobilelegends/MPL/Indonesia/Season_1/Regular_Season | https://github.com/LiTianYeoh/MLBB_Tournament_Analysis/blob/94ea36800e80c9e89a2356a0b81d3eeafbd6a4f7/analysis/data/consolidated_game_data_20240505.csv
1,S1-RS-043,2,Team Rev Indo,pick,1,Zilong,https://liquipedia.net/mobilelegends/MPL/Indonesia/Season_1/Regular_Season | https://github.com/LiTianYeoh/MLBB_Tournament_Analysis/blob/94ea36800e80c9e89a2356a0b81d3eeafbd6a4f7/analysis/data/consolidated_game_data_20240505.csv
1,S1-RS-043,2,Team Rev Indo,pick,2,Harley,https://liquipedia.net/mobilelegends/MPL/Indonesia/Season_1/Regular_Season | https://github.com/LiTianYeoh/MLBB_Tournament_Analysis/blob/94ea36800e80c9e89a2356a0b81d3eeafbd6a4f7/analysis/data/consolidated_game_data_20240505.csv
1,S1-RS-043,2,Team Rev Indo,pick,3,Hylos,https://liquipedia.net/mobilelegends/MPL/Indonesia/Season_1/Regular_Season | https://github.com/LiTianYeoh/MLBB_Tournament_Analysis/blob/94ea36800e80c9e89a2356a0b81d3eeafbd6a4f7/analysis/data/consolidated_game_data_20240505.csv
1,S1-RS-043,2,Team Rev Indo,pick,4,Akai,https://liquipedia.net/mobilelegends/MPL/Indonesia/Season_1/Regular_Season | https://github.com/LiTianYeoh/MLBB_Tournament_Analysis/blob/94ea36800e80c9e89a2356a0b81d3eeafbd6a4f7/analysis/data/consolidated_game_data_20240505.csv
1,S1-RS-043,2,Team Rev Indo,pick,5,Gusion,https://liquipedia.net/mobilelegends/MPL/Indonesia/Season_1/Regular_Season | https://github.com/LiTianYeoh/MLBB_Tournament_Analysis/blob/94ea36800e80c9e89a2356a0b81d3eeafbd6a4f7/analysis/data/consolidated_game_data_20240505.csv
1,S1-RS-044,1,Elite 8 Critical Reborn,ban,1,Lancelot,https://liquipedia.net/mobilelegends/MPL/Indonesia/Season_1/Regular_Season | https://github.com/LiTianYeoh/MLBB_Tournament_Analysis/blob/94ea36800e80c9e89a2356a0b81d3eeafbd6a4f7/analysis/data/consolidated_game_data_20240505.csv
1,S1-RS-044,1,Elite 8 Critical Reborn,ban,2,Gusion,https://liquipedia.net/mobilelegends/MPL/Indonesia/Season_1/Regular_Season | https://github.com/LiTianYeoh/MLBB_Tournament_Analysis/blob/94ea36800e80c9e89a2356a0b81d3eeafbd6a4f7/analysis/data/consolidated_game_data_20240505.csv
1,S1-RS-044,1,Elite 8 Critical Reborn,pick,1,Karrie,https://liquipedia.net/mobilelegends/MPL/Indonesia/Season_1/Regular_Season | https://github.com/LiTianYeoh/MLBB_Tournament_Analysis/blob/94ea36800e80c9e89a2356a0b81d3eeafbd6a4f7/analysis/data/consolidated_game_data_20240505.csv
1,S1-RS-044,1,Elite 8 Critical Reborn,pick,2,Cyclops,https://liquipedia.net/mobilelegends/MPL/Indonesia/Season_1/Regular_Season | https://github.com/LiTianYeoh/MLBB_Tournament_Analysis/blob/94ea36800e80c9e89a2356a0b81d3eeafbd6a4f7/analysis/data/consolidated_game_data_20240505.csv
1,S1-RS-044,1,Elite 8 Critical Reborn,pick,3,Diggie,https://liquipedia.net/mobilelegends/MPL/Indonesia/Season_1/Regular_Season | https://github.com/LiTianYeoh/MLBB_Tournament_Analysis/blob/94ea36800e80c9e89a2356a0b81d3eeafbd6a4f7/analysis/data/consolidated_game_data_20240505.csv
1,S1-RS-044,1,Elite 8 Critical Reborn,pick,4,Helcurt,https://liquipedia.net/mobilelegends/MPL/Indonesia/Season_1/Regular_Season | https://github.com/LiTianYeoh/MLBB_Tournament_Analysis/blob/94ea36800e80c9e89a2356a0b81d3eeafbd6a4f7/analysis/data/consolidated_game_data_20240505.csv
1,S1-RS-044,1,Elite 8 Critical Reborn,pick,5,Johnson,https://liquipedia.net/mobilelegends/MPL/Indonesia/Season_1/Regular_Season | https://github.com/LiTianYeoh/MLBB_Tournament_Analysis/blob/94ea36800e80c9e89a2356a0b81d3eeafbd6a4f7/analysis/data/consolidated_game_data_20240505.csv
1,S1-RS-044,1,Domino's Hunters,ban,1,Angela,https://liquipedia.net/mobilelegends/MPL/Indonesia/Season_1/Regular_Season | https://github.com/LiTianYeoh/MLBB_Tournament_Analysis/blob/94ea36800e80c9e89a2356a0b81d3eeafbd6a4f7/analysis/data/consolidated_game_data_20240505.csv
1,S1-RS-044,1,Domino's Hunters,ban,2,Harley,https://liquipedia.net/mobilelegends/MPL/Indonesia/Season_1/Regular_Season | https://github.com/LiTianYeoh/MLBB_Tournament_Analysis/blob/94ea36800e80c9e89a2356a0b81d3eeafbd6a4f7/analysis/data/consolidated_game_data_20240505.csv
1,S1-RS-044,1,Domino's Hunters,pick,1,Kagura,https://liquipedia.net/mobilelegends/MPL/Indonesia/Season_1/Regular_Season | https://github.com/LiTianYeoh/MLBB_Tournament_Analysis/blob/94ea36800e80c9e89a2356a0b81d3eeafbd6a4f7/analysis/data/consolidated_game_data_20240505.csv
1,S1-RS-044,1,Domino's Hunters,pick,2,Hylos,https://liquipedia.net/mobilelegends/MPL/Indonesia/Season_1/Regular_Season | https://github.com/LiTianYeoh/MLBB_Tournament_Analysis/blob/94ea36800e80c9e89a2356a0b81d3eeafbd6a4f7/analysis/data/consolidated_game_data_20240505.csv
1,S1-RS-044,1,Domino's Hunters,pick,3,Akai,https://liquipedia.net/mobilelegends/MPL/Indonesia/Season_1/Regular_Season | https://github.com/LiTianYeoh/MLBB_Tournament_Analysis/blob/94ea36800e80c9e89a2356a0b81d3eeafbd6a4f7/analysis/data/consolidated_game_data_20240505.csv
1,S1-RS-044,1,Domino's Hunters,pick,4,Alpha,https://liquipedia.net/mobilelegends/MPL/Indonesia/Season_1/Regular_Season | https://github.com/LiTianYeoh/MLBB_Tournament_Analysis/blob/94ea36800e80c9e89a2356a0b81d3eeafbd6a4f7/analysis/data/consolidated_game_data_20240505.csv
1,S1-RS-044,1,Domino's Hunters,pick,5,Miya,https://liquipedia.net/mobilelegends/MPL/Indonesia/Season_1/Regular_Season | https://github.com/LiTianYeoh/MLBB_Tournament_Analysis/blob/94ea36800e80c9e89a2356a0b81d3eeafbd6a4f7/analysis/data/consolidated_game_data_20240505.csv
1,S1-RS-044,2,Elite 8 Critical Reborn,ban,1,Kagura,https://liquipedia.net/mobilelegends/MPL/Indonesia/Season_1/Regular_Season | https://github.com/LiTianYeoh/MLBB_Tournament_Analysis/blob/94ea36800e80c9e89a2356a0b81d3eeafbd6a4f7/analysis/data/consolidated_game_data_20240505.csv
1,S1-RS-044,2,Elite 8 Critical Reborn,ban,2,Angela,https://liquipedia.net/mobilelegends/MPL/Indonesia/Season_1/Regular_Season | https://github.com/LiTianYeoh/MLBB_Tournament_Analysis/blob/94ea36800e80c9e89a2356a0b81d3eeafbd6a4f7/analysis/data/consolidated_game_data_20240505.csv
1,S1-RS-044,2,Elite 8 Critical Reborn,pick,1,Karrie,https://liquipedia.net/mobilelegends/MPL/Indonesia/Season_1/Regular_Season | https://github.com/LiTianYeoh/MLBB_Tournament_Analysis/blob/94ea36800e80c9e89a2356a0b81d3eeafbd6a4f7/analysis/data/consolidated_game_data_20240505.csv
1,S1-RS-044,2,Elite 8 Critical Reborn,pick,2,Harley,https://liquipedia.net/mobilelegends/MPL/Indonesia/Season_1/Regular_Season | https://github.com/LiTianYeoh/MLBB_Tournament_Analysis/blob/94ea36800e80c9e89a2356a0b81d3eeafbd6a4f7/analysis/data/consolidated_game_data_20240505.csv
1,S1-RS-044,2,Elite 8 Critical Reborn,pick,3,Hylos,https://liquipedia.net/mobilelegends/MPL/Indonesia/Season_1/Regular_Season | https://github.com/LiTianYeoh/MLBB_Tournament_Analysis/blob/94ea36800e80c9e89a2356a0b81d3eeafbd6a4f7/analysis/data/consolidated_game_data_20240505.csv
1,S1-RS-044,2,Elite 8 Critical Reborn,pick,4,Akai,https://liquipedia.net/mobilelegends/MPL/Indonesia/Season_1/Regular_Season | https://github.com/LiTianYeoh/MLBB_Tournament_Analysis/blob/94ea36800e80c9e89a2356a0b81d3eeafbd6a4f7/analysis/data/consolidated_game_data_20240505.csv
1,S1-RS-044,2,Elite 8 Critical Reborn,pick,5,Gusion,https://liquipedia.net/mobilelegends/MPL/Indonesia/Season_1/Regular_Season | https://github.com/LiTianYeoh/MLBB_Tournament_Analysis/blob/94ea36800e80c9e89a2356a0b81d3eeafbd6a4f7/analysis/data/consolidated_game_data_20240505.csv
1,S1-RS-044,2,Domino's Hunters,ban,1,Helcurt,https://liquipedia.net/mobilelegends/MPL/Indonesia/Season_1/Regular_Season | https://github.com/LiTianYeoh/MLBB_Tournament_Analysis/blob/94ea36800e80c9e89a2356a0b81d3eeafbd6a4f7/analysis/data/consolidated_game_data_20240505.csv
1,S1-RS-044,2,Domino's Hunters,ban,2,Johnson,https://liquipedia.net/mobilelegends/MPL/Indonesia/Season_1/Regular_Season | https://github.com/LiTianYeoh/MLBB_Tournament_Analysis/blob/94ea36800e80c9e89a2356a0b81d3eeafbd6a4f7/analysis/data/consolidated_game_data_20240505.csv
1,S1-RS-044,2,Domino's Hunters,pick,1,Hilda,https://liquipedia.net/mobilelegends/MPL/Indonesia/Season_1/Regular_Season | https://github.com/LiTianYeoh/MLBB_Tournament_Analysis/blob/94ea36800e80c9e89a2356a0b81d3eeafbd6a4f7/analysis/data/consolidated_game_data_20240505.csv
1,S1-RS-044,2,Domino's Hunters,pick,2,Lancelot,https://liquipedia.net/mobilelegends/MPL/Indonesia/Season_1/Regular_Season | https://github.com/LiTianYeoh/MLBB_Tournament_Analysis/blob/94ea36800e80c9e89a2356a0b81d3eeafbd6a4f7/analysis/data/consolidated_game_data_20240505.csv
1,S1-RS-044,2,Domino's Hunters,pick,3,Grock,https://liquipedia.net/mobilelegends/MPL/Indonesia/Season_1/Regular_Season | https://github.com/LiTianYeoh/MLBB_Tournament_Analysis/blob/94ea36800e80c9e89a2356a0b81d3eeafbd6a4f7/analysis/data/consolidated_game_data_20240505.csv
1,S1-RS-044,2,Domino's Hunters,pick,4,Cyclops,https://liquipedia.net/mobilelegends/MPL/Indonesia/Season_1/Regular_Season | https://github.com/LiTianYeoh/MLBB_Tournament_Analysis/blob/94ea36800e80c9e89a2356a0b81d3eeafbd6a4f7/analysis/data/consolidated_game_data_20240505.csv
1,S1-RS-044,2,Domino's Hunters,pick,5,Fanny,https://liquipedia.net/mobilelegends/MPL/Indonesia/Season_1/Regular_Season | https://github.com/LiTianYeoh/MLBB_Tournament_Analysis/blob/94ea36800e80c9e89a2356a0b81d3eeafbd6a4f7/analysis/data/consolidated_game_data_20240505.csv
1,S1-RS-045,1,RRQ.O2,ban,1,Hylos,https://liquipedia.net/mobilelegends/MPL/Indonesia/Season_1/Regular_Season | https://github.com/LiTianYeoh/MLBB_Tournament_Analysis/blob/94ea36800e80c9e89a2356a0b81d3eeafbd6a4f7/analysis/data/consolidated_game_data_20240505.csv
1,S1-RS-045,1,RRQ.O2,ban,2,Fanny,https://liquipedia.net/mobilelegends/MPL/Indonesia/Season_1/Regular_Season | https://github.com/LiTianYeoh/MLBB_Tournament_Analysis/blob/94ea36800e80c9e89a2356a0b81d3eeafbd6a4f7/analysis/data/consolidated_game_data_20240505.csv
1,S1-RS-045,1,RRQ.O2,pick,1,Kagura,https://liquipedia.net/mobilelegends/MPL/Indonesia/Season_1/Regular_Season | https://github.com/LiTianYeoh/MLBB_Tournament_Analysis/blob/94ea36800e80c9e89a2356a0b81d3eeafbd6a4f7/analysis/data/consolidated_game_data_20240505.csv
1,S1-RS-045,1,RRQ.O2,pick,2,Chou,https://liquipedia.net/mobilelegends/MPL/Indonesia/Season_1/Regular_Season | https://github.com/LiTianYeoh/MLBB_Tournament_Analysis/blob/94ea36800e80c9e89a2356a0b81d3eeafbd6a4f7/analysis/data/consolidated_game_data_20240505.csv
1,S1-RS-045,1,RRQ.O2,pick,3,Angela,https://liquipedia.net/mobilelegends/MPL/Indonesia/Season_1/Regular_Season | https://github.com/LiTianYeoh/MLBB_Tournament_Analysis/blob/94ea36800e80c9e89a2356a0b81d3eeafbd6a4f7/analysis/data/consolidated_game_data_20240505.csv
1,S1-RS-045,1,RRQ.O2,pick,4,Hayabusa,https://liquipedia.net/mobilelegends/MPL/Indonesia/Season_1/Regular_Season | https://github.com/LiTianYeoh/MLBB_Tournament_Analysis/blob/94ea36800e80c9e89a2356a0b81d3eeafbd6a4f7/analysis/data/consolidated_game_data_20240505.csv
1,S1-RS-045,1,RRQ.O2,pick,5,Lapu-Lapu,https://liquipedia.net/mobilelegends/MPL/Indonesia/Season_1/Regular_Season | https://github.com/LiTianYeoh/MLBB_Tournament_Analysis/blob/94ea36800e80c9e89a2356a0b81d3eeafbd6a4f7/analysis/data/consolidated_game_data_20240505.csv
1,S1-RS-045,1,Saints Indo 2,ban,1,Gusion,https://liquipedia.net/mobilelegends/MPL/Indonesia/Season_1/Regular_Season | https://github.com/LiTianYeoh/MLBB_Tournament_Analysis/blob/94ea36800e80c9e89a2356a0b81d3eeafbd6a4f7/analysis/data/consolidated_game_data_20240505.csv
1,S1-RS-045,1,Saints Indo 2,ban,2,Johnson,https://liquipedia.net/mobilelegends/MPL/Indonesia/Season_1/Regular_Season | https://github.com/LiTianYeoh/MLBB_Tournament_Analysis/blob/94ea36800e80c9e89a2356a0b81d3eeafbd6a4f7/analysis/data/consolidated_game_data_20240505.csv
1,S1-RS-045,1,Saints Indo 2,pick,1,Lesley,https://liquipedia.net/mobilelegends/MPL/Indonesia/Season_1/Regular_Season | https://github.com/LiTianYeoh/MLBB_Tournament_Analysis/blob/94ea36800e80c9e89a2356a0b81d3eeafbd6a4f7/analysis/data/consolidated_game_data_20240505.csv
1,S1-RS-045,1,Saints Indo 2,pick,2,Akai,https://liquipedia.net/mobilelegends/MPL/Indonesia/Season_1/Regular_Season | https://github.com/LiTianYeoh/MLBB_Tournament_Analysis/blob/94ea36800e80c9e89a2356a0b81d3eeafbd6a4f7/analysis/data/consolidated_game_data_20240505.csv
1,S1-RS-045,1,Saints Indo 2,pick,3,Grock,https://liquipedia.net/mobilelegends/MPL/Indonesia/Season_1/Regular_Season | https://github.com/LiTianYeoh/MLBB_Tournament_Analysis/blob/94ea36800e80c9e89a2356a0b81d3eeafbd6a4f7/analysis/data/consolidated_game_data_20240505.csv
1,S1-RS-045,1,Saints Indo 2,pick,4,Lancelot,https://liquipedia.net/mobilelegends/MPL/Indonesia/Season_1/Regular_Season | https://github.com/LiTianYeoh/MLBB_Tournament_Analysis/blob/94ea36800e80c9e89a2356a0b81d3eeafbd6a4f7/analysis/data/consolidated_game_data_20240505.csv
1,S1-RS-045,1,Saints Indo 2,pick,5,Helcurt,https://liquipedia.net/mobilelegends/MPL/Indonesia/Season_1/Regular_Season | https://github.com/LiTianYeoh/MLBB_Tournament_Analysis/blob/94ea36800e80c9e89a2356a0b81d3eeafbd6a4f7/analysis/data/consolidated_game_data_20240505.csv
1,S1-RS-045,2,RRQ.O2,ban,1,Gusion,https://liquipedia.net/mobilelegends/MPL/Indonesia/Season_1/Regular_Season | https://github.com/LiTianYeoh/MLBB_Tournament_Analysis/blob/94ea36800e80c9e89a2356a0b81d3eeafbd6a4f7/analysis/data/consolidated_game_data_20240505.csv
1,S1-RS-045,2,RRQ.O2,ban,2,Hylos,https://liquipedia.net/mobilelegends/MPL/Indonesia/Season_1/Regular_Season | https://github.com/LiTianYeoh/MLBB_Tournament_Analysis/blob/94ea36800e80c9e89a2356a0b81d3eeafbd6a4f7/analysis/data/consolidated_game_data_20240505.csv
1,S1-RS-045,2,RRQ.O2,pick,1,Johnson,https://liquipedia.net/mobilelegends/MPL/Indonesia/Season_1/Regular_Season | https://github.com/LiTianYeoh/MLBB_Tournament_Analysis/blob/94ea36800e80c9e89a2356a0b81d3eeafbd6a4f7/analysis/data/consolidated_game_data_20240505.csv
1,S1-RS-045,2,RRQ.O2,pick,2,Helcurt,https://liquipedia.net/mobilelegends/MPL/Indonesia/Season_1/Regular_Season | https://github.com/LiTianYeoh/MLBB_Tournament_Analysis/blob/94ea36800e80c9e89a2356a0b81d3eeafbd6a4f7/analysis/data/consolidated_game_data_20240505.csv
1,S1-RS-045,2,RRQ.O2,pick,3,Chou,https://liquipedia.net/mobilelegends/MPL/Indonesia/Season_1/Regular_Season | https://github.com/LiTianYeoh/MLBB_Tournament_Analysis/blob/94ea36800e80c9e89a2356a0b81d3eeafbd6a4f7/analysis/data/consolidated_game_data_20240505.csv
1,S1-RS-045,2,RRQ.O2,pick,4,Harley,https://liquipedia.net/mobilelegends/MPL/Indonesia/Season_1/Regular_Season | https://github.com/LiTianYeoh/MLBB_Tournament_Analysis/blob/94ea36800e80c9e89a2356a0b81d3eeafbd6a4f7/analysis/data/consolidated_game_data_20240505.csv
1,S1-RS-045,2,RRQ.O2,pick,5,Fanny,https://liquipedia.net/mobilelegends/MPL/Indonesia/Season_1/Regular_Season | https://github.com/LiTianYeoh/MLBB_Tournament_Analysis/blob/94ea36800e80c9e89a2356a0b81d3eeafbd6a4f7/analysis/data/consolidated_game_data_20240505.csv
1,S1-RS-045,2,Saints Indo 2,ban,1,Kagura,https://liquipedia.net/mobilelegends/MPL/Indonesia/Season_1/Regular_Season | https://github.com/LiTianYeoh/MLBB_Tournament_Analysis/blob/94ea36800e80c9e89a2356a0b81d3eeafbd6a4f7/analysis/data/consolidated_game_data_20240505.csv
1,S1-RS-045,2,Saints Indo 2,ban,2,Angela,https://liquipedia.net/mobilelegends/MPL/Indonesia/Season_1/Regular_Season | https://github.com/LiTianYeoh/MLBB_Tournament_Analysis/blob/94ea36800e80c9e89a2356a0b81d3eeafbd6a4f7/analysis/data/consolidated_game_data_20240505.csv
1,S1-RS-045,2,Saints Indo 2,pick,1,Grock,https://liquipedia.net/mobilelegends/MPL/Indonesia/Season_1/Regular_Season | https://github.com/LiTianYeoh/MLBB_Tournament_Analysis/blob/94ea36800e80c9e89a2356a0b81d3eeafbd6a4f7/analysis/data/consolidated_game_data_20240505.csv
1,S1-RS-045,2,Saints Indo 2,pick,2,Lesley,https://liquipedia.net/mobilelegends/MPL/Indonesia/Season_1/Regular_Season | https://github.com/LiTianYeoh/MLBB_Tournament_Analysis/blob/94ea36800e80c9e89a2356a0b81d3eeafbd6a4f7/analysis/data/consolidated_game_data_20240505.csv
1,S1-RS-045,2,Saints Indo 2,pick,3,Alpha,https://liquipedia.net/mobilelegends/MPL/Indonesia/Season_1/Regular_Season | https://github.com/LiTianYeoh/MLBB_Tournament_Analysis/blob/94ea36800e80c9e89a2356a0b81d3eeafbd6a4f7/analysis/data/consolidated_game_data_20240505.csv
1,S1-RS-045,2,Saints Indo 2,pick,4,Akai,https://liquipedia.net/mobilelegends/MPL/Indonesia/Season_1/Regular_Season | https://github.com/LiTianYeoh/MLBB_Tournament_Analysis/blob/94ea36800e80c9e89a2356a0b81d3eeafbd6a4f7/analysis/data/consolidated_game_data_20240505.csv
1,S1-RS-045,2,Saints Indo 2,pick,5,Lancelot,https://liquipedia.net/mobilelegends/MPL/Indonesia/Season_1/Regular_Season | https://github.com/LiTianYeoh/MLBB_Tournament_Analysis/blob/94ea36800e80c9e89a2356a0b81d3eeafbd6a4f7/analysis/data/consolidated_game_data_20240505.csv
1,S1-PO-001,1,Elite 8 Critical Reborn,ban,1,Angela,https://liquipedia.net/mobilelegends/MPL/Indonesia/Season_1/Playoffs | https://github.com/LiTianYeoh/MLBB_Tournament_Analysis/blob/94ea36800e80c9e89a2356a0b81d3eeafbd6a4f7/analysis/data/consolidated_game_data_20240505.csv
1,S1-PO-001,1,Elite 8 Critical Reborn,ban,2,Hayabusa,https://liquipedia.net/mobilelegends/MPL/Indonesia/Season_1/Playoffs | https://github.com/LiTianYeoh/MLBB_Tournament_Analysis/blob/94ea36800e80c9e89a2356a0b81d3eeafbd6a4f7/analysis/data/consolidated_game_data_20240505.csv
1,S1-PO-001,1,Elite 8 Critical Reborn,pick,1,Lancelot,https://liquipedia.net/mobilelegends/MPL/Indonesia/Season_1/Playoffs | https://github.com/LiTianYeoh/MLBB_Tournament_Analysis/blob/94ea36800e80c9e89a2356a0b81d3eeafbd6a4f7/analysis/data/consolidated_game_data_20240505.csv
1,S1-PO-001,1,Elite 8 Critical Reborn,pick,2,Johnson,https://liquipedia.net/mobilelegends/MPL/Indonesia/Season_1/Playoffs | https://github.com/LiTianYeoh/MLBB_Tournament_Analysis/blob/94ea36800e80c9e89a2356a0b81d3eeafbd6a4f7/analysis/data/consolidated_game_data_20240505.csv
1,S1-PO-001,1,Elite 8 Critical Reborn,pick,3,Cyclops,https://liquipedia.net/mobilelegends/MPL/Indonesia/Season_1/Playoffs | https://github.com/LiTianYeoh/MLBB_Tournament_Analysis/blob/94ea36800e80c9e89a2356a0b81d3eeafbd6a4f7/analysis/data/consolidated_game_data_20240505.csv
1,S1-PO-001,1,Elite 8 Critical Reborn,pick,4,Lolita,https://liquipedia.net/mobilelegends/MPL/Indonesia/Season_1/Playoffs | https://github.com/LiTianYeoh/MLBB_Tournament_Analysis/blob/94ea36800e80c9e89a2356a0b81d3eeafbd6a4f7/analysis/data/consolidated_game_data_20240505.csv
1,S1-PO-001,1,Elite 8 Critical Reborn,pick,5,Karrie,https://liquipedia.net/mobilelegends/MPL/Indonesia/Season_1/Playoffs | https://github.com/LiTianYeoh/MLBB_Tournament_Analysis/blob/94ea36800e80c9e89a2356a0b81d3eeafbd6a4f7/analysis/data/consolidated_game_data_20240505.csv
1,S1-PO-001,1,Team Rev Indo,ban,1,Gusion,https://liquipedia.net/mobilelegends/MPL/Indonesia/Season_1/Playoffs | https://github.com/LiTianYeoh/MLBB_Tournament_Analysis/blob/94ea36800e80c9e89a2356a0b81d3eeafbd6a4f7/analysis/data/consolidated_game_data_20240505.csv
1,S1-PO-001,1,Team Rev Indo,ban,2,Akai,https://liquipedia.net/mobilelegends/MPL/Indonesia/Season_1/Playoffs | https://github.com/LiTianYeoh/MLBB_Tournament_Analysis/blob/94ea36800e80c9e89a2356a0b81d3eeafbd6a4f7/analysis/data/consolidated_game_data_20240505.csv
1,S1-PO-001,1,Team Rev Indo,pick,1,Kagura,https://liquipedia.net/mobilelegends/MPL/Indonesia/Season_1/Playoffs | https://github.com/LiTianYeoh/MLBB_Tournament_Analysis/blob/94ea36800e80c9e89a2356a0b81d3eeafbd6a4f7/analysis/data/consolidated_game_data_20240505.csv
1,S1-PO-001,1,Team Rev Indo,pick,2,Grock,https://liquipedia.net/mobilelegends/MPL/Indonesia/Season_1/Playoffs | https://github.com/LiTianYeoh/MLBB_Tournament_Analysis/blob/94ea36800e80c9e89a2356a0b81d3eeafbd6a4f7/analysis/data/consolidated_game_data_20240505.csv
1,S1-PO-001,1,Team Rev Indo,pick,3,Saber,https://liquipedia.net/mobilelegends/MPL/Indonesia/Season_1/Playoffs | https://github.com/LiTianYeoh/MLBB_Tournament_Analysis/blob/94ea36800e80c9e89a2356a0b81d3eeafbd6a4f7/analysis/data/consolidated_game_data_20240505.csv
1,S1-PO-001,1,Team Rev Indo,pick,4,Hylos,https://liquipedia.net/mobilelegends/MPL/Indonesia/Season_1/Playoffs | https://github.com/LiTianYeoh/MLBB_Tournament_Analysis/blob/94ea36800e80c9e89a2356a0b81d3eeafbd6a4f7/analysis/data/consolidated_game_data_20240505.csv
1,S1-PO-001,1,Team Rev Indo,pick,5,Helcurt,https://liquipedia.net/mobilelegends/MPL/Indonesia/Season_1/Playoffs | https://github.com/LiTianYeoh/MLBB_Tournament_Analysis/blob/94ea36800e80c9e89a2356a0b81d3eeafbd6a4f7/analysis/data/consolidated_game_data_20240505.csv
1,S1-PO-001,2,Elite 8 Critical Reborn,ban,1,Kagura,https://liquipedia.net/mobilelegends/MPL/Indonesia/Season_1/Playoffs | https://github.com/LiTianYeoh/MLBB_Tournament_Analysis/blob/94ea36800e80c9e89a2356a0b81d3eeafbd6a4f7/analysis/data/consolidated_game_data_20240505.csv
1,S1-PO-001,2,Elite 8 Critical Reborn,ban,2,Gusion,https://liquipedia.net/mobilelegends/MPL/Indonesia/Season_1/Playoffs | https://github.com/LiTianYeoh/MLBB_Tournament_Analysis/blob/94ea36800e80c9e89a2356a0b81d3eeafbd6a4f7/analysis/data/consolidated_game_data_20240505.csv
1,S1-PO-001,2,Elite 8 Critical Reborn,pick,1,Johnson,https://liquipedia.net/mobilelegends/MPL/Indonesia/Season_1/Playoffs | https://github.com/LiTianYeoh/MLBB_Tournament_Analysis/blob/94ea36800e80c9e89a2356a0b81d3eeafbd6a4f7/analysis/data/consolidated_game_data_20240505.csv
1,S1-PO-001,2,Elite 8 Critical Reborn,pick,2,Helcurt,https://liquipedia.net/mobilelegends/MPL/Indonesia/Season_1/Playoffs | https://github.com/LiTianYeoh/MLBB_Tournament_Analysis/blob/94ea36800e80c9e89a2356a0b81d3eeafbd6a4f7/analysis/data/consolidated_game_data_20240505.csv
1,S1-PO-001,2,Elite 8 Critical Reborn,pick,3,Harley,https://liquipedia.net/mobilelegends/MPL/Indonesia/Season_1/Playoffs | https://github.com/LiTianYeoh/MLBB_Tournament_Analysis/blob/94ea36800e80c9e89a2356a0b81d3eeafbd6a4f7/analysis/data/consolidated_game_data_20240505.csv
1,S1-PO-001,2,Elite 8 Critical Reborn,pick,4,Lolita,https://liquipedia.net/mobilelegends/MPL/Indonesia/Season_1/Playoffs | https://github.com/LiTianYeoh/MLBB_Tournament_Analysis/blob/94ea36800e80c9e89a2356a0b81d3eeafbd6a4f7/analysis/data/consolidated_game_data_20240505.csv
1,S1-PO-001,2,Elite 8 Critical Reborn,pick,5,Bruno,https://liquipedia.net/mobilelegends/MPL/Indonesia/Season_1/Playoffs | https://github.com/LiTianYeoh/MLBB_Tournament_Analysis/blob/94ea36800e80c9e89a2356a0b81d3eeafbd6a4f7/analysis/data/consolidated_game_data_20240505.csv
1,S1-PO-001,2,Team Rev Indo,ban,1,Akai,https://liquipedia.net/mobilelegends/MPL/Indonesia/Season_1/Playoffs | https://github.com/LiTianYeoh/MLBB_Tournament_Analysis/blob/94ea36800e80c9e89a2356a0b81d3eeafbd6a4f7/analysis/data/consolidated_game_data_20240505.csv
1,S1-PO-001,2,Team Rev Indo,ban,2,Angela,https://liquipedia.net/mobilelegends/MPL/Indonesia/Season_1/Playoffs | https://github.com/LiTianYeoh/MLBB_Tournament_Analysis/blob/94ea36800e80c9e89a2356a0b81d3eeafbd6a4f7/analysis/data/consolidated_game_data_20240505.csv
1,S1-PO-001,2,Team Rev Indo,pick,1,Grock,https://liquipedia.net/mobilelegends/MPL/Indonesia/Season_1/Playoffs | https://github.com/LiTianYeoh/MLBB_Tournament_Analysis/blob/94ea36800e80c9e89a2356a0b81d3eeafbd6a4f7/analysis/data/consolidated_game_data_20240505.csv
1,S1-PO-001,2,Team Rev Indo,pick,2,Saber,https://liquipedia.net/mobilelegends/MPL/Indonesia/Season_1/Playoffs | https://github.com/LiTianYeoh/MLBB_Tournament_Analysis/blob/94ea36800e80c9e89a2356a0b81d3eeafbd6a4f7/analysis/data/consolidated_game_data_20240505.csv
1,S1-PO-001,2,Team Rev Indo,pick,3,Cyclops,https://liquipedia.net/mobilelegends/MPL/Indonesia/Season_1/Playoffs | https://github.com/LiTianYeoh/MLBB_Tournament_Analysis/blob/94ea36800e80c9e89a2356a0b81d3eeafbd6a4f7/analysis/data/consolidated_game_data_20240505.csv
1,S1-PO-001,2,Team Rev Indo,pick,4,Hylos,https://liquipedia.net/mobilelegends/MPL/Indonesia/Season_1/Playoffs | https://github.com/LiTianYeoh/MLBB_Tournament_Analysis/blob/94ea36800e80c9e89a2356a0b81d3eeafbd6a4f7/analysis/data/consolidated_game_data_20240505.csv
1,S1-PO-001,2,Team Rev Indo,pick,5,Lancelot,https://liquipedia.net/mobilelegends/MPL/Indonesia/Season_1/Playoffs | https://github.com/LiTianYeoh/MLBB_Tournament_Analysis/blob/94ea36800e80c9e89a2356a0b81d3eeafbd6a4f7/analysis/data/consolidated_game_data_20240505.csv
1,S1-PO-002,1,Bigetron Player Kill,ban,1,Kagura,https://liquipedia.net/mobilelegends/MPL/Indonesia/Season_1/Playoffs | https://github.com/LiTianYeoh/MLBB_Tournament_Analysis/blob/94ea36800e80c9e89a2356a0b81d3eeafbd6a4f7/analysis/data/consolidated_game_data_20240505.csv
1,S1-PO-002,1,Bigetron Player Kill,ban,2,Fanny,https://liquipedia.net/mobilelegends/MPL/Indonesia/Season_1/Playoffs | https://github.com/LiTianYeoh/MLBB_Tournament_Analysis/blob/94ea36800e80c9e89a2356a0b81d3eeafbd6a4f7/analysis/data/consolidated_game_data_20240505.csv
1,S1-PO-002,1,Bigetron Player Kill,pick,1,Lancelot,https://liquipedia.net/mobilelegends/MPL/Indonesia/Season_1/Playoffs | https://github.com/LiTianYeoh/MLBB_Tournament_Analysis/blob/94ea36800e80c9e89a2356a0b81d3eeafbd6a4f7/analysis/data/consolidated_game_data_20240505.csv
1,S1-PO-002,1,Bigetron Player Kill,pick,2,Grock,https://liquipedia.net/mobilelegends/MPL/Indonesia/Season_1/Playoffs | https://github.com/LiTianYeoh/MLBB_Tournament_Analysis/blob/94ea36800e80c9e89a2356a0b81d3eeafbd6a4f7/analysis/data/consolidated_game_data_20240505.csv
1,S1-PO-002,1,Bigetron Player Kill,pick,3,Hylos,https://liquipedia.net/mobilelegends/MPL/Indonesia/Season_1/Playoffs | https://github.com/LiTianYeoh/MLBB_Tournament_Analysis/blob/94ea36800e80c9e89a2356a0b81d3eeafbd6a4f7/analysis/data/consolidated_game_data_20240505.csv
1,S1-PO-002,1,Bigetron Player Kill,pick,4,Hayabusa,https://liquipedia.net/mobilelegends/MPL/Indonesia/Season_1/Playoffs | https://github.com/LiTianYeoh/MLBB_Tournament_Analysis/blob/94ea36800e80c9e89a2356a0b81d3eeafbd6a4f7/analysis/data/consolidated_game_data_20240505.csv
1,S1-PO-002,1,Bigetron Player Kill,pick,5,Harley,https://liquipedia.net/mobilelegends/MPL/Indonesia/Season_1/Playoffs | https://github.com/LiTianYeoh/MLBB_Tournament_Analysis/blob/94ea36800e80c9e89a2356a0b81d3eeafbd6a4f7/analysis/data/consolidated_game_data_20240505.csv
1,S1-PO-002,1,Team NXL,ban,1,Gusion,https://liquipedia.net/mobilelegends/MPL/Indonesia/Season_1/Playoffs | https://github.com/LiTianYeoh/MLBB_Tournament_Analysis/blob/94ea36800e80c9e89a2356a0b81d3eeafbd6a4f7/analysis/data/consolidated_game_data_20240505.csv
1,S1-PO-002,1,Team NXL,ban,2,Angela,https://liquipedia.net/mobilelegends/MPL/Indonesia/Season_1/Playoffs | https://github.com/LiTianYeoh/MLBB_Tournament_Analysis/blob/94ea36800e80c9e89a2356a0b81d3eeafbd6a4f7/analysis/data/consolidated_game_data_20240505.csv
1,S1-PO-002,1,Team NXL,pick,1,Johnson,https://liquipedia.net/mobilelegends/MPL/Indonesia/Season_1/Playoffs | https://github.com/LiTianYeoh/MLBB_Tournament_Analysis/blob/94ea36800e80c9e89a2356a0b81d3eeafbd6a4f7/analysis/data/consolidated_game_data_20240505.csv
1,S1-PO-002,1,Team NXL,pick,2,Cyclops,https://liquipedia.net/mobilelegends/MPL/Indonesia/Season_1/Playoffs | https://github.com/LiTianYeoh/MLBB_Tournament_Analysis/blob/94ea36800e80c9e89a2356a0b81d3eeafbd6a4f7/analysis/data/consolidated_game_data_20240505.csv
1,S1-PO-002,1,Team NXL,pick,3,Saber,https://liquipedia.net/mobilelegends/MPL/Indonesia/Season_1/Playoffs | https://github.com/LiTianYeoh/MLBB_Tournament_Analysis/blob/94ea36800e80c9e89a2356a0b81d3eeafbd6a4f7/analysis/data/consolidated_game_data_20240505.csv
1,S1-PO-002,1,Team NXL,pick,4,Helcurt,https://liquipedia.net/mobilelegends/MPL/Indonesia/Season_1/Playoffs | https://github.com/LiTianYeoh/MLBB_Tournament_Analysis/blob/94ea36800e80c9e89a2356a0b81d3eeafbd6a4f7/analysis/data/consolidated_game_data_20240505.csv
1,S1-PO-002,1,Team NXL,pick,5,Akai,https://liquipedia.net/mobilelegends/MPL/Indonesia/Season_1/Playoffs | https://github.com/LiTianYeoh/MLBB_Tournament_Analysis/blob/94ea36800e80c9e89a2356a0b81d3eeafbd6a4f7/analysis/data/consolidated_game_data_20240505.csv
1,S1-PO-002,2,Bigetron Player Kill,ban,1,Gusion,https://liquipedia.net/mobilelegends/MPL/Indonesia/Season_1/Playoffs | https://github.com/LiTianYeoh/MLBB_Tournament_Analysis/blob/94ea36800e80c9e89a2356a0b81d3eeafbd6a4f7/analysis/data/consolidated_game_data_20240505.csv
1,S1-PO-002,2,Bigetron Player Kill,ban,2,Fanny,https://liquipedia.net/mobilelegends/MPL/Indonesia/Season_1/Playoffs | https://github.com/LiTianYeoh/MLBB_Tournament_Analysis/blob/94ea36800e80c9e89a2356a0b81d3eeafbd6a4f7/analysis/data/consolidated_game_data_20240505.csv
1,S1-PO-002,2,Bigetron Player Kill,pick,1,Akai,https://liquipedia.net/mobilelegends/MPL/Indonesia/Season_1/Playoffs | https://github.com/LiTianYeoh/MLBB_Tournament_Analysis/blob/94ea36800e80c9e89a2356a0b81d3eeafbd6a4f7/analysis/data/consolidated_game_data_20240505.csv
1,S1-PO-002,2,Bigetron Player Kill,pick,2,Lancelot,https://liquipedia.net/mobilelegends/MPL/Indonesia/Season_1/Playoffs | https://github.com/LiTianYeoh/MLBB_Tournament_Analysis/blob/94ea36800e80c9e89a2356a0b81d3eeafbd6a4f7/analysis/data/consolidated_game_data_20240505.csv
1,S1-PO-002,2,Bigetron Player Kill,pick,3,Karrie,https://liquipedia.net/mobilelegends/MPL/Indonesia/Season_1/Playoffs | https://github.com/LiTianYeoh/MLBB_Tournament_Analysis/blob/94ea36800e80c9e89a2356a0b81d3eeafbd6a4f7/analysis/data/consolidated_game_data_20240505.csv
1,S1-PO-002,2,Bigetron Player Kill,pick,4,Chou,https://liquipedia.net/mobilelegends/MPL/Indonesia/Season_1/Playoffs | https://github.com/LiTianYeoh/MLBB_Tournament_Analysis/blob/94ea36800e80c9e89a2356a0b81d3eeafbd6a4f7/analysis/data/consolidated_game_data_20240505.csv
1,S1-PO-002,2,Bigetron Player Kill,pick,5,Cyclops,https://liquipedia.net/mobilelegends/MPL/Indonesia/Season_1/Playoffs | https://github.com/LiTianYeoh/MLBB_Tournament_Analysis/blob/94ea36800e80c9e89a2356a0b81d3eeafbd6a4f7/analysis/data/consolidated_game_data_20240505.csv
1,S1-PO-002,2,Team NXL,ban,1,Helcurt,https://liquipedia.net/mobilelegends/MPL/Indonesia/Season_1/Playoffs | https://github.com/LiTianYeoh/MLBB_Tournament_Analysis/blob/94ea36800e80c9e89a2356a0b81d3eeafbd6a4f7/analysis/data/consolidated_game_data_20240505.csv
1,S1-PO-002,2,Team NXL,ban,2,Angela,https://liquipedia.net/mobilelegends/MPL/Indonesia/Season_1/Playoffs | https://github.com/LiTianYeoh/MLBB_Tournament_Analysis/blob/94ea36800e80c9e89a2356a0b81d3eeafbd6a4f7/analysis/data/consolidated_game_data_20240505.csv
1,S1-PO-002,2,Team NXL,pick,1,Lolita,https://liquipedia.net/mobilelegends/MPL/Indonesia/Season_1/Playoffs | https://github.com/LiTianYeoh/MLBB_Tournament_Analysis/blob/94ea36800e80c9e89a2356a0b81d3eeafbd6a4f7/analysis/data/consolidated_game_data_20240505.csv
1,S1-PO-002,2,Team NXL,pick,2,Alpha,https://liquipedia.net/mobilelegends/MPL/Indonesia/Season_1/Playoffs | https://github.com/LiTianYeoh/MLBB_Tournament_Analysis/blob/94ea36800e80c9e89a2356a0b81d3eeafbd6a4f7/analysis/data/consolidated_game_data_20240505.csv
1,S1-PO-002,2,Team NXL,pick,3,Saber,https://liquipedia.net/mobilelegends/MPL/Indonesia/Season_1/Playoffs | https://github.com/LiTianYeoh/MLBB_Tournament_Analysis/blob/94ea36800e80c9e89a2356a0b81d3eeafbd6a4f7/analysis/data/consolidated_game_data_20240505.csv
1,S1-PO-002,2,Team NXL,pick,4,Hylos,https://liquipedia.net/mobilelegends/MPL/Indonesia/Season_1/Playoffs | https://github.com/LiTianYeoh/MLBB_Tournament_Analysis/blob/94ea36800e80c9e89a2356a0b81d3eeafbd6a4f7/analysis/data/consolidated_game_data_20240505.csv
1,S1-PO-002,2,Team NXL,pick,5,Kagura,https://liquipedia.net/mobilelegends/MPL/Indonesia/Season_1/Playoffs | https://github.com/LiTianYeoh/MLBB_Tournament_Analysis/blob/94ea36800e80c9e89a2356a0b81d3eeafbd6a4f7/analysis/data/consolidated_game_data_20240505.csv
1,S1-PO-003,1,RRQ.O2,ban,1,Akai,https://liquipedia.net/mobilelegends/MPL/Indonesia/Season_1/Playoffs | https://github.com/LiTianYeoh/MLBB_Tournament_Analysis/blob/94ea36800e80c9e89a2356a0b81d3eeafbd6a4f7/analysis/data/consolidated_game_data_20240505.csv
1,S1-PO-003,1,RRQ.O2,ban,2,Hylos,https://liquipedia.net/mobilelegends/MPL/Indonesia/Season_1/Playoffs | https://github.com/LiTianYeoh/MLBB_Tournament_Analysis/blob/94ea36800e80c9e89a2356a0b81d3eeafbd6a4f7/analysis/data/consolidated_game_data_20240505.csv
1,S1-PO-003,1,RRQ.O2,pick,1,Lancelot,https://liquipedia.net/mobilelegends/MPL/Indonesia/Season_1/Playoffs | https://github.com/LiTianYeoh/MLBB_Tournament_Analysis/blob/94ea36800e80c9e89a2356a0b81d3eeafbd6a4f7/analysis/data/consolidated_game_data_20240505.csv
1,S1-PO-003,1,RRQ.O2,pick,2,Chou,https://liquipedia.net/mobilelegends/MPL/Indonesia/Season_1/Playoffs | https://github.com/LiTianYeoh/MLBB_Tournament_Analysis/blob/94ea36800e80c9e89a2356a0b81d3eeafbd6a4f7/analysis/data/consolidated_game_data_20240505.csv
1,S1-PO-003,1,RRQ.O2,pick,3,Harley,https://liquipedia.net/mobilelegends/MPL/Indonesia/Season_1/Playoffs | https://github.com/LiTianYeoh/MLBB_Tournament_Analysis/blob/94ea36800e80c9e89a2356a0b81d3eeafbd6a4f7/analysis/data/consolidated_game_data_20240505.csv
1,S1-PO-003,1,RRQ.O2,pick,4,Moskov,https://liquipedia.net/mobilelegends/MPL/Indonesia/Season_1/Playoffs | https://github.com/LiTianYeoh/MLBB_Tournament_Analysis/blob/94ea36800e80c9e89a2356a0b81d3eeafbd6a4f7/analysis/data/consolidated_game_data_20240505.csv
1,S1-PO-003,1,RRQ.O2,pick,5,Grock,https://liquipedia.net/mobilelegends/MPL/Indonesia/Season_1/Playoffs | https://github.com/LiTianYeoh/MLBB_Tournament_Analysis/blob/94ea36800e80c9e89a2356a0b81d3eeafbd6a4f7/analysis/data/consolidated_game_data_20240505.csv
1,S1-PO-003,1,Saints Indo 2,ban,1,Kagura,https://liquipedia.net/mobilelegends/MPL/Indonesia/Season_1/Playoffs | https://github.com/LiTianYeoh/MLBB_Tournament_Analysis/blob/94ea36800e80c9e89a2356a0b81d3eeafbd6a4f7/analysis/data/consolidated_game_data_20240505.csv
1,S1-PO-003,1,Saints Indo 2,ban,2,Gusion,https://liquipedia.net/mobilelegends/MPL/Indonesia/Season_1/Playoffs | https://github.com/LiTianYeoh/MLBB_Tournament_Analysis/blob/94ea36800e80c9e89a2356a0b81d3eeafbd6a4f7/analysis/data/consolidated_game_data_20240505.csv
1,S1-PO-003,1,Saints Indo 2,pick,1,Layla,https://liquipedia.net/mobilelegends/MPL/Indonesia/Season_1/Playoffs | https://github.com/LiTianYeoh/MLBB_Tournament_Analysis/blob/94ea36800e80c9e89a2356a0b81d3eeafbd6a4f7/analysis/data/consolidated_game_data_20240505.csv
1,S1-PO-003,1,Saints Indo 2,pick,2,Johnson,https://liquipedia.net/mobilelegends/MPL/Indonesia/Season_1/Playoffs | https://github.com/LiTianYeoh/MLBB_Tournament_Analysis/blob/94ea36800e80c9e89a2356a0b81d3eeafbd6a4f7/analysis/data/consolidated_game_data_20240505.csv
1,S1-PO-003,1,Saints Indo 2,pick,3,Alpha,https://liquipedia.net/mobilelegends/MPL/Indonesia/Season_1/Playoffs | https://github.com/LiTianYeoh/MLBB_Tournament_Analysis/blob/94ea36800e80c9e89a2356a0b81d3eeafbd6a4f7/analysis/data/consolidated_game_data_20240505.csv
1,S1-PO-003,1,Saints Indo 2,pick,4,Angela,https://liquipedia.net/mobilelegends/MPL/Indonesia/Season_1/Playoffs | https://github.com/LiTianYeoh/MLBB_Tournament_Analysis/blob/94ea36800e80c9e89a2356a0b81d3eeafbd6a4f7/analysis/data/consolidated_game_data_20240505.csv
1,S1-PO-003,1,Saints Indo 2,pick,5,Fanny,https://liquipedia.net/mobilelegends/MPL/Indonesia/Season_1/Playoffs | https://github.com/LiTianYeoh/MLBB_Tournament_Analysis/blob/94ea36800e80c9e89a2356a0b81d3eeafbd6a4f7/analysis/data/consolidated_game_data_20240505.csv
1,S1-PO-003,2,RRQ.O2,ban,1,Johnson,https://liquipedia.net/mobilelegends/MPL/Indonesia/Season_1/Playoffs | https://github.com/LiTianYeoh/MLBB_Tournament_Analysis/blob/94ea36800e80c9e89a2356a0b81d3eeafbd6a4f7/analysis/data/consolidated_game_data_20240505.csv
1,S1-PO-003,2,RRQ.O2,ban,2,Hylos,https://liquipedia.net/mobilelegends/MPL/Indonesia/Season_1/Playoffs | https://github.com/LiTianYeoh/MLBB_Tournament_Analysis/blob/94ea36800e80c9e89a2356a0b81d3eeafbd6a4f7/analysis/data/consolidated_game_data_20240505.csv
1,S1-PO-003,2,RRQ.O2,pick,1,Lancelot,https://liquipedia.net/mobilelegends/MPL/Indonesia/Season_1/Playoffs | https://github.com/LiTianYeoh/MLBB_Tournament_Analysis/blob/94ea36800e80c9e89a2356a0b81d3eeafbd6a4f7/analysis/data/consolidated_game_data_20240505.csv
1,S1-PO-003,2,RRQ.O2,pick,2,Angela,https://liquipedia.net/mobilelegends/MPL/Indonesia/Season_1/Playoffs | https://github.com/LiTianYeoh/MLBB_Tournament_Analysis/blob/94ea36800e80c9e89a2356a0b81d3eeafbd6a4f7/analysis/data/consolidated_game_data_20240505.csv
1,S1-PO-003,2,RRQ.O2,pick,3,Lolita,https://liquipedia.net/mobilelegends/MPL/Indonesia/Season_1/Playoffs | https://github.com/LiTianYeoh/MLBB_Tournament_Analysis/blob/94ea36800e80c9e89a2356a0b81d3eeafbd6a4f7/analysis/data/consolidated_game_data_20240505.csv
1,S1-PO-003,2,RRQ.O2,pick,4,Pharsa,https://liquipedia.net/mobilelegends/MPL/Indonesia/Season_1/Playoffs | https://github.com/LiTianYeoh/MLBB_Tournament_Analysis/blob/94ea36800e80c9e89a2356a0b81d3eeafbd6a4f7/analysis/data/consolidated_game_data_20240505.csv
1,S1-PO-003,2,RRQ.O2,pick,5,Miya,https://liquipedia.net/mobilelegends/MPL/Indonesia/Season_1/Playoffs | https://github.com/LiTianYeoh/MLBB_Tournament_Analysis/blob/94ea36800e80c9e89a2356a0b81d3eeafbd6a4f7/analysis/data/consolidated_game_data_20240505.csv
1,S1-PO-003,2,Saints Indo 2,ban,1,Helcurt,https://liquipedia.net/mobilelegends/MPL/Indonesia/Season_1/Playoffs | https://github.com/LiTianYeoh/MLBB_Tournament_Analysis/blob/94ea36800e80c9e89a2356a0b81d3eeafbd6a4f7/analysis/data/consolidated_game_data_20240505.csv
1,S1-PO-003,2,Saints Indo 2,ban,2,Kagura,https://liquipedia.net/mobilelegends/MPL/Indonesia/Season_1/Playoffs | https://github.com/LiTianYeoh/MLBB_Tournament_Analysis/blob/94ea36800e80c9e89a2356a0b81d3eeafbd6a4f7/analysis/data/consolidated_game_data_20240505.csv
1,S1-PO-003,2,Saints Indo 2,pick,1,Alice,https://liquipedia.net/mobilelegends/MPL/Indonesia/Season_1/Playoffs | https://github.com/LiTianYeoh/MLBB_Tournament_Analysis/blob/94ea36800e80c9e89a2356a0b81d3eeafbd6a4f7/analysis/data/consolidated_game_data_20240505.csv
1,S1-PO-003,2,Saints Indo 2,pick,2,Hayabusa,https://liquipedia.net/mobilelegends/MPL/Indonesia/Season_1/Playoffs | https://github.com/LiTianYeoh/MLBB_Tournament_Analysis/blob/94ea36800e80c9e89a2356a0b81d3eeafbd6a4f7/analysis/data/consolidated_game_data_20240505.csv
1,S1-PO-003,2,Saints Indo 2,pick,3,Cyclops,https://liquipedia.net/mobilelegends/MPL/Indonesia/Season_1/Playoffs | https://github.com/LiTianYeoh/MLBB_Tournament_Analysis/blob/94ea36800e80c9e89a2356a0b81d3eeafbd6a4f7/analysis/data/consolidated_game_data_20240505.csv
1,S1-PO-003,2,Saints Indo 2,pick,4,Akai,https://liquipedia.net/mobilelegends/MPL/Indonesia/Season_1/Playoffs | https://github.com/LiTianYeoh/MLBB_Tournament_Analysis/blob/94ea36800e80c9e89a2356a0b81d3eeafbd6a4f7/analysis/data/consolidated_game_data_20240505.csv
1,S1-PO-003,2,Saints Indo 2,pick,5,Gusion,https://liquipedia.net/mobilelegends/MPL/Indonesia/Season_1/Playoffs | https://github.com/LiTianYeoh/MLBB_Tournament_Analysis/blob/94ea36800e80c9e89a2356a0b81d3eeafbd6a4f7/analysis/data/consolidated_game_data_20240505.csv
1,S1-PO-004,1,EVOS Esports,ban,1,Kagura,https://liquipedia.net/mobilelegends/MPL/Indonesia/Season_1/Playoffs | https://github.com/LiTianYeoh/MLBB_Tournament_Analysis/blob/94ea36800e80c9e89a2356a0b81d3eeafbd6a4f7/analysis/data/consolidated_game_data_20240505.csv
1,S1-PO-004,1,EVOS Esports,ban,2,Angela,https://liquipedia.net/mobilelegends/MPL/Indonesia/Season_1/Playoffs | https://github.com/LiTianYeoh/MLBB_Tournament_Analysis/blob/94ea36800e80c9e89a2356a0b81d3eeafbd6a4f7/analysis/data/consolidated_game_data_20240505.csv
1,S1-PO-004,1,EVOS Esports,pick,1,Lancelot,https://liquipedia.net/mobilelegends/MPL/Indonesia/Season_1/Playoffs | https://github.com/LiTianYeoh/MLBB_Tournament_Analysis/blob/94ea36800e80c9e89a2356a0b81d3eeafbd6a4f7/analysis/data/consolidated_game_data_20240505.csv
1,S1-PO-004,1,EVOS Esports,pick,2,Johnson,https://liquipedia.net/mobilelegends/MPL/Indonesia/Season_1/Playoffs | https://github.com/LiTianYeoh/MLBB_Tournament_Analysis/blob/94ea36800e80c9e89a2356a0b81d3eeafbd6a4f7/analysis/data/consolidated_game_data_20240505.csv
1,S1-PO-004,1,EVOS Esports,pick,3,Grock,https://liquipedia.net/mobilelegends/MPL/Indonesia/Season_1/Playoffs | https://github.com/LiTianYeoh/MLBB_Tournament_Analysis/blob/94ea36800e80c9e89a2356a0b81d3eeafbd6a4f7/analysis/data/consolidated_game_data_20240505.csv
1,S1-PO-004,1,EVOS Esports,pick,4,Yi Sun-Shin,https://liquipedia.net/mobilelegends/MPL/Indonesia/Season_1/Playoffs | https://github.com/LiTianYeoh/MLBB_Tournament_Analysis/blob/94ea36800e80c9e89a2356a0b81d3eeafbd6a4f7/analysis/data/consolidated_game_data_20240505.csv
1,S1-PO-004,1,EVOS Esports,pick,5,Hayabusa,https://liquipedia.net/mobilelegends/MPL/Indonesia/Season_1/Playoffs | https://github.com/LiTianYeoh/MLBB_Tournament_Analysis/blob/94ea36800e80c9e89a2356a0b81d3eeafbd6a4f7/analysis/data/consolidated_game_data_20240505.csv
1,S1-PO-004,1,Louvre Esports,ban,1,Gusion,https://liquipedia.net/mobilelegends/MPL/Indonesia/Season_1/Playoffs | https://github.com/LiTianYeoh/MLBB_Tournament_Analysis/blob/94ea36800e80c9e89a2356a0b81d3eeafbd6a4f7/analysis/data/consolidated_game_data_20240505.csv
1,S1-PO-004,1,Louvre Esports,ban,2,Fanny,https://liquipedia.net/mobilelegends/MPL/Indonesia/Season_1/Playoffs | https://github.com/LiTianYeoh/MLBB_Tournament_Analysis/blob/94ea36800e80c9e89a2356a0b81d3eeafbd6a4f7/analysis/data/consolidated_game_data_20240505.csv
1,S1-PO-004,1,Louvre Esports,pick,1,Chou,https://liquipedia.net/mobilelegends/MPL/Indonesia/Season_1/Playoffs | https://github.com/LiTianYeoh/MLBB_Tournament_Analysis/blob/94ea36800e80c9e89a2356a0b81d3eeafbd6a4f7/analysis/data/consolidated_game_data_20240505.csv
1,S1-PO-004,1,Louvre Esports,pick,2,Harley,https://liquipedia.net/mobilelegends/MPL/Indonesia/Season_1/Playoffs | https://github.com/LiTianYeoh/MLBB_Tournament_Analysis/blob/94ea36800e80c9e89a2356a0b81d3eeafbd6a4f7/analysis/data/consolidated_game_data_20240505.csv
1,S1-PO-004,1,Louvre Esports,pick,3,Karrie,https://liquipedia.net/mobilelegends/MPL/Indonesia/Season_1/Playoffs | https://github.com/LiTianYeoh/MLBB_Tournament_Analysis/blob/94ea36800e80c9e89a2356a0b81d3eeafbd6a4f7/analysis/data/consolidated_game_data_20240505.csv
1,S1-PO-004,1,Louvre Esports,pick,4,Hylos,https://liquipedia.net/mobilelegends/MPL/Indonesia/Season_1/Playoffs | https://github.com/LiTianYeoh/MLBB_Tournament_Analysis/blob/94ea36800e80c9e89a2356a0b81d3eeafbd6a4f7/analysis/data/consolidated_game_data_20240505.csv
1,S1-PO-004,1,Louvre Esports,pick,5,Helcurt,https://liquipedia.net/mobilelegends/MPL/Indonesia/Season_1/Playoffs | https://github.com/LiTianYeoh/MLBB_Tournament_Analysis/blob/94ea36800e80c9e89a2356a0b81d3eeafbd6a4f7/analysis/data/consolidated_game_data_20240505.csv
1,S1-PO-004,2,EVOS Esports,ban,1,Johnson,https://liquipedia.net/mobilelegends/MPL/Indonesia/Season_1/Playoffs | https://github.com/LiTianYeoh/MLBB_Tournament_Analysis/blob/94ea36800e80c9e89a2356a0b81d3eeafbd6a4f7/analysis/data/consolidated_game_data_20240505.csv
1,S1-PO-004,2,EVOS Esports,ban,2,Akai,https://liquipedia.net/mobilelegends/MPL/Indonesia/Season_1/Playoffs | https://github.com/LiTianYeoh/MLBB_Tournament_Analysis/blob/94ea36800e80c9e89a2356a0b81d3eeafbd6a4f7/analysis/data/consolidated_game_data_20240505.csv
1,S1-PO-004,2,EVOS Esports,pick,1,Fanny,https://liquipedia.net/mobilelegends/MPL/Indonesia/Season_1/Playoffs | https://github.com/LiTianYeoh/MLBB_Tournament_Analysis/blob/94ea36800e80c9e89a2356a0b81d3eeafbd6a4f7/analysis/data/consolidated_game_data_20240505.csv
1,S1-PO-004,2,EVOS Esports,pick,2,Chou,https://liquipedia.net/mobilelegends/MPL/Indonesia/Season_1/Playoffs | https://github.com/LiTianYeoh/MLBB_Tournament_Analysis/blob/94ea36800e80c9e89a2356a0b81d3eeafbd6a4f7/analysis/data/consolidated_game_data_20240505.csv
1,S1-PO-004,2,EVOS Esports,pick,3,Grock,https://liquipedia.net/mobilelegends/MPL/Indonesia/Season_1/Playoffs | https://github.com/LiTianYeoh/MLBB_Tournament_Analysis/blob/94ea36800e80c9e89a2356a0b81d3eeafbd6a4f7/analysis/data/consolidated_game_data_20240505.csv
1,S1-PO-004,2,EVOS Esports,pick,4,Hilda,https://liquipedia.net/mobilelegends/MPL/Indonesia/Season_1/Playoffs | https://github.com/LiTianYeoh/MLBB_Tournament_Analysis/blob/94ea36800e80c9e89a2356a0b81d3eeafbd6a4f7/analysis/data/consolidated_game_data_20240505.csv
1,S1-PO-004,2,EVOS Esports,pick,5,Natalia,https://liquipedia.net/mobilelegends/MPL/Indonesia/Season_1/Playoffs | https://github.com/LiTianYeoh/MLBB_Tournament_Analysis/blob/94ea36800e80c9e89a2356a0b81d3eeafbd6a4f7/analysis/data/consolidated_game_data_20240505.csv
1,S1-PO-004,2,Louvre Esports,ban,1,Helcurt,https://liquipedia.net/mobilelegends/MPL/Indonesia/Season_1/Playoffs | https://github.com/LiTianYeoh/MLBB_Tournament_Analysis/blob/94ea36800e80c9e89a2356a0b81d3eeafbd6a4f7/analysis/data/consolidated_game_data_20240505.csv
1,S1-PO-004,2,Louvre Esports,ban,2,Angela,https://liquipedia.net/mobilelegends/MPL/Indonesia/Season_1/Playoffs | https://github.com/LiTianYeoh/MLBB_Tournament_Analysis/blob/94ea36800e80c9e89a2356a0b81d3eeafbd6a4f7/analysis/data/consolidated_game_data_20240505.csv
1,S1-PO-004,2,Louvre Esports,pick,1,Karrie,https://liquipedia.net/mobilelegends/MPL/Indonesia/Season_1/Playoffs | https://github.com/LiTianYeoh/MLBB_Tournament_Analysis/blob/94ea36800e80c9e89a2356a0b81d3eeafbd6a4f7/analysis/data/consolidated_game_data_20240505.csv
1,S1-PO-004,2,Louvre Esports,pick,2,Aurora,https://liquipedia.net/mobilelegends/MPL/Indonesia/Season_1/Playoffs | https://github.com/LiTianYeoh/MLBB_Tournament_Analysis/blob/94ea36800e80c9e89a2356a0b81d3eeafbd6a4f7/analysis/data/consolidated_game_data_20240505.csv
1,S1-PO-004,2,Louvre Esports,pick,3,Lancelot,https://liquipedia.net/mobilelegends/MPL/Indonesia/Season_1/Playoffs | https://github.com/LiTianYeoh/MLBB_Tournament_Analysis/blob/94ea36800e80c9e89a2356a0b81d3eeafbd6a4f7/analysis/data/consolidated_game_data_20240505.csv
1,S1-PO-004,2,Louvre Esports,pick,4,Hylos,https://liquipedia.net/mobilelegends/MPL/Indonesia/Season_1/Playoffs | https://github.com/LiTianYeoh/MLBB_Tournament_Analysis/blob/94ea36800e80c9e89a2356a0b81d3eeafbd6a4f7/analysis/data/consolidated_game_data_20240505.csv
1,S1-PO-004,2,Louvre Esports,pick,5,Gusion,https://liquipedia.net/mobilelegends/MPL/Indonesia/Season_1/Playoffs | https://github.com/LiTianYeoh/MLBB_Tournament_Analysis/blob/94ea36800e80c9e89a2356a0b81d3eeafbd6a4f7/analysis/data/consolidated_game_data_20240505.csv
1,S1-PO-004,3,EVOS Esports,ban,1,Angela,https://liquipedia.net/mobilelegends/MPL/Indonesia/Season_1/Playoffs | https://github.com/LiTianYeoh/MLBB_Tournament_Analysis/blob/94ea36800e80c9e89a2356a0b81d3eeafbd6a4f7/analysis/data/consolidated_game_data_20240505.csv
1,S1-PO-004,3,EVOS Esports,ban,2,Kagura,https://liquipedia.net/mobilelegends/MPL/Indonesia/Season_1/Playoffs | https://github.com/LiTianYeoh/MLBB_Tournament_Analysis/blob/94ea36800e80c9e89a2356a0b81d3eeafbd6a4f7/analysis/data/consolidated_game_data_20240505.csv
1,S1-PO-004,3,EVOS Esports,pick,1,Lancelot,https://liquipedia.net/mobilelegends/MPL/Indonesia/Season_1/Playoffs | https://github.com/LiTianYeoh/MLBB_Tournament_Analysis/blob/94ea36800e80c9e89a2356a0b81d3eeafbd6a4f7/analysis/data/consolidated_game_data_20240505.csv
1,S1-PO-004,3,EVOS Esports,pick,2,Grock,https://liquipedia.net/mobilelegends/MPL/Indonesia/Season_1/Playoffs | https://github.com/LiTianYeoh/MLBB_Tournament_Analysis/blob/94ea36800e80c9e89a2356a0b81d3eeafbd6a4f7/analysis/data/consolidated_game_data_20240505.csv
1,S1-PO-004,3,EVOS Esports,pick,3,Hylos,https://liquipedia.net/mobilelegends/MPL/Indonesia/Season_1/Playoffs | https://github.com/LiTianYeoh/MLBB_Tournament_Analysis/blob/94ea36800e80c9e89a2356a0b81d3eeafbd6a4f7/analysis/data/consolidated_game_data_20240505.csv
1,S1-PO-004,3,EVOS Esports,pick,4,Sun,https://liquipedia.net/mobilelegends/MPL/Indonesia/Season_1/Playoffs | https://github.com/LiTianYeoh/MLBB_Tournament_Analysis/blob/94ea36800e80c9e89a2356a0b81d3eeafbd6a4f7/analysis/data/consolidated_game_data_20240505.csv
1,S1-PO-004,3,EVOS Esports,pick,5,Harley,https://liquipedia.net/mobilelegends/MPL/Indonesia/Season_1/Playoffs | https://github.com/LiTianYeoh/MLBB_Tournament_Analysis/blob/94ea36800e80c9e89a2356a0b81d3eeafbd6a4f7/analysis/data/consolidated_game_data_20240505.csv
1,S1-PO-004,3,Louvre Esports,ban,1,Gusion,https://liquipedia.net/mobilelegends/MPL/Indonesia/Season_1/Playoffs | https://github.com/LiTianYeoh/MLBB_Tournament_Analysis/blob/94ea36800e80c9e89a2356a0b81d3eeafbd6a4f7/analysis/data/consolidated_game_data_20240505.csv
1,S1-PO-004,3,Louvre Esports,ban,2,Fanny,https://liquipedia.net/mobilelegends/MPL/Indonesia/Season_1/Playoffs | https://github.com/LiTianYeoh/MLBB_Tournament_Analysis/blob/94ea36800e80c9e89a2356a0b81d3eeafbd6a4f7/analysis/data/consolidated_game_data_20240505.csv
1,S1-PO-004,3,Louvre Esports,pick,1,Lapu-Lapu,https://liquipedia.net/mobilelegends/MPL/Indonesia/Season_1/Playoffs | https://github.com/LiTianYeoh/MLBB_Tournament_Analysis/blob/94ea36800e80c9e89a2356a0b81d3eeafbd6a4f7/analysis/data/consolidated_game_data_20240505.csv
1,S1-PO-004,3,Louvre Esports,pick,2,Aurora,https://liquipedia.net/mobilelegends/MPL/Indonesia/Season_1/Playoffs | https://github.com/LiTianYeoh/MLBB_Tournament_Analysis/blob/94ea36800e80c9e89a2356a0b81d3eeafbd6a4f7/analysis/data/consolidated_game_data_20240505.csv
1,S1-PO-004,3,Louvre Esports,pick,3,Akai,https://liquipedia.net/mobilelegends/MPL/Indonesia/Season_1/Playoffs | https://github.com/LiTianYeoh/MLBB_Tournament_Analysis/blob/94ea36800e80c9e89a2356a0b81d3eeafbd6a4f7/analysis/data/consolidated_game_data_20240505.csv
1,S1-PO-004,3,Louvre Esports,pick,4,Hayabusa,https://liquipedia.net/mobilelegends/MPL/Indonesia/Season_1/Playoffs | https://github.com/LiTianYeoh/MLBB_Tournament_Analysis/blob/94ea36800e80c9e89a2356a0b81d3eeafbd6a4f7/analysis/data/consolidated_game_data_20240505.csv
1,S1-PO-004,3,Louvre Esports,pick,5,Helcurt,https://liquipedia.net/mobilelegends/MPL/Indonesia/Season_1/Playoffs | https://github.com/LiTianYeoh/MLBB_Tournament_Analysis/blob/94ea36800e80c9e89a2356a0b81d3eeafbd6a4f7/analysis/data/consolidated_game_data_20240505.csv
1,S1-PO-005,1,Team NXL,ban,1,Gusion,https://liquipedia.net/mobilelegends/MPL/Indonesia/Season_1/Playoffs | https://github.com/LiTianYeoh/MLBB_Tournament_Analysis/blob/94ea36800e80c9e89a2356a0b81d3eeafbd6a4f7/analysis/data/consolidated_game_data_20240505.csv
1,S1-PO-005,1,Team NXL,ban,2,Kagura,https://liquipedia.net/mobilelegends/MPL/Indonesia/Season_1/Playoffs | https://github.com/LiTianYeoh/MLBB_Tournament_Analysis/blob/94ea36800e80c9e89a2356a0b81d3eeafbd6a4f7/analysis/data/consolidated_game_data_20240505.csv
1,S1-PO-005,1,Team NXL,pick,1,Harley,https://liquipedia.net/mobilelegends/MPL/Indonesia/Season_1/Playoffs | https://github.com/LiTianYeoh/MLBB_Tournament_Analysis/blob/94ea36800e80c9e89a2356a0b81d3eeafbd6a4f7/analysis/data/consolidated_game_data_20240505.csv
1,S1-PO-005,1,Team NXL,pick,2,Zilong,https://liquipedia.net/mobilelegends/MPL/Indonesia/Season_1/Playoffs | https://github.com/LiTianYeoh/MLBB_Tournament_Analysis/blob/94ea36800e80c9e89a2356a0b81d3eeafbd6a4f7/analysis/data/consolidated_game_data_20240505.csv
1,S1-PO-005,1,Team NXL,pick,3,Chou,https://liquipedia.net/mobilelegends/MPL/Indonesia/Season_1/Playoffs | https://github.com/LiTianYeoh/MLBB_Tournament_Analysis/blob/94ea36800e80c9e89a2356a0b81d3eeafbd6a4f7/analysis/data/consolidated_game_data_20240505.csv
1,S1-PO-005,1,Team NXL,pick,4,Akai,https://liquipedia.net/mobilelegends/MPL/Indonesia/Season_1/Playoffs | https://github.com/LiTianYeoh/MLBB_Tournament_Analysis/blob/94ea36800e80c9e89a2356a0b81d3eeafbd6a4f7/analysis/data/consolidated_game_data_20240505.csv
1,S1-PO-005,1,Team NXL,pick,5,Saber,https://liquipedia.net/mobilelegends/MPL/Indonesia/Season_1/Playoffs | https://github.com/LiTianYeoh/MLBB_Tournament_Analysis/blob/94ea36800e80c9e89a2356a0b81d3eeafbd6a4f7/analysis/data/consolidated_game_data_20240505.csv
1,S1-PO-005,1,RRQ.O2,ban,1,Helcurt,https://liquipedia.net/mobilelegends/MPL/Indonesia/Season_1/Playoffs | https://github.com/LiTianYeoh/MLBB_Tournament_Analysis/blob/94ea36800e80c9e89a2356a0b81d3eeafbd6a4f7/analysis/data/consolidated_game_data_20240505.csv
1,S1-PO-005,1,RRQ.O2,ban,2,Hylos,https://liquipedia.net/mobilelegends/MPL/Indonesia/Season_1/Playoffs | https://github.com/LiTianYeoh/MLBB_Tournament_Analysis/blob/94ea36800e80c9e89a2356a0b81d3eeafbd6a4f7/analysis/data/consolidated_game_data_20240505.csv
1,S1-PO-005,1,RRQ.O2,pick,1,Lancelot,https://liquipedia.net/mobilelegends/MPL/Indonesia/Season_1/Playoffs | https://github.com/LiTianYeoh/MLBB_Tournament_Analysis/blob/94ea36800e80c9e89a2356a0b81d3eeafbd6a4f7/analysis/data/consolidated_game_data_20240505.csv
1,S1-PO-005,1,RRQ.O2,pick,2,Fanny,https://liquipedia.net/mobilelegends/MPL/Indonesia/Season_1/Playoffs | https://github.com/LiTianYeoh/MLBB_Tournament_Analysis/blob/94ea36800e80c9e89a2356a0b81d3eeafbd6a4f7/analysis/data/consolidated_game_data_20240505.csv
1,S1-PO-005,1,RRQ.O2,pick,3,Angela,https://liquipedia.net/mobilelegends/MPL/Indonesia/Season_1/Playoffs | https://github.com/LiTianYeoh/MLBB_Tournament_Analysis/blob/94ea36800e80c9e89a2356a0b81d3eeafbd6a4f7/analysis/data/consolidated_game_data_20240505.csv
1,S1-PO-005,1,RRQ.O2,pick,4,Johnson,https://liquipedia.net/mobilelegends/MPL/Indonesia/Season_1/Playoffs | https://github.com/LiTianYeoh/MLBB_Tournament_Analysis/blob/94ea36800e80c9e89a2356a0b81d3eeafbd6a4f7/analysis/data/consolidated_game_data_20240505.csv
1,S1-PO-005,1,RRQ.O2,pick,5,Miya,https://liquipedia.net/mobilelegends/MPL/Indonesia/Season_1/Playoffs | https://github.com/LiTianYeoh/MLBB_Tournament_Analysis/blob/94ea36800e80c9e89a2356a0b81d3eeafbd6a4f7/analysis/data/consolidated_game_data_20240505.csv
1,S1-PO-005,2,Team NXL,ban,1,Kagura,https://liquipedia.net/mobilelegends/MPL/Indonesia/Season_1/Playoffs | https://github.com/LiTianYeoh/MLBB_Tournament_Analysis/blob/94ea36800e80c9e89a2356a0b81d3eeafbd6a4f7/analysis/data/consolidated_game_data_20240505.csv
1,S1-PO-005,2,Team NXL,ban,2,Helcurt,https://liquipedia.net/mobilelegends/MPL/Indonesia/Season_1/Playoffs | https://github.com/LiTianYeoh/MLBB_Tournament_Analysis/blob/94ea36800e80c9e89a2356a0b81d3eeafbd6a4f7/analysis/data/consolidated_game_data_20240505.csv
1,S1-PO-005,2,Team NXL,pick,1,Alpha,https://liquipedia.net/mobilelegends/MPL/Indonesia/Season_1/Playoffs | https://github.com/LiTianYeoh/MLBB_Tournament_Analysis/blob/94ea36800e80c9e89a2356a0b81d3eeafbd6a4f7/analysis/data/consolidated_game_data_20240505.csv
1,S1-PO-005,2,Team NXL,pick,2,Hylos,https://liquipedia.net/mobilelegends/MPL/Indonesia/Season_1/Playoffs | https://github.com/LiTianYeoh/MLBB_Tournament_Analysis/blob/94ea36800e80c9e89a2356a0b81d3eeafbd6a4f7/analysis/data/consolidated_game_data_20240505.csv
1,S1-PO-005,2,Team NXL,pick,3,Chou,https://liquipedia.net/mobilelegends/MPL/Indonesia/Season_1/Playoffs | https://github.com/LiTianYeoh/MLBB_Tournament_Analysis/blob/94ea36800e80c9e89a2356a0b81d3eeafbd6a4f7/analysis/data/consolidated_game_data_20240505.csv
1,S1-PO-005,2,Team NXL,pick,4,Saber,https://liquipedia.net/mobilelegends/MPL/Indonesia/Season_1/Playoffs | https://github.com/LiTianYeoh/MLBB_Tournament_Analysis/blob/94ea36800e80c9e89a2356a0b81d3eeafbd6a4f7/analysis/data/consolidated_game_data_20240505.csv
1,S1-PO-005,2,Team NXL,pick,5,Gusion,https://liquipedia.net/mobilelegends/MPL/Indonesia/Season_1/Playoffs | https://github.com/LiTianYeoh/MLBB_Tournament_Analysis/blob/94ea36800e80c9e89a2356a0b81d3eeafbd6a4f7/analysis/data/consolidated_game_data_20240505.csv
1,S1-PO-005,2,RRQ.O2,ban,1,Akai,https://liquipedia.net/mobilelegends/MPL/Indonesia/Season_1/Playoffs | https://github.com/LiTianYeoh/MLBB_Tournament_Analysis/blob/94ea36800e80c9e89a2356a0b81d3eeafbd6a4f7/analysis/data/consolidated_game_data_20240505.csv
1,S1-PO-005,2,RRQ.O2,ban,2,Fanny,https://liquipedia.net/mobilelegends/MPL/Indonesia/Season_1/Playoffs | https://github.com/LiTianYeoh/MLBB_Tournament_Analysis/blob/94ea36800e80c9e89a2356a0b81d3eeafbd6a4f7/analysis/data/consolidated_game_data_20240505.csv
1,S1-PO-005,2,RRQ.O2,pick,1,Angela,https://liquipedia.net/mobilelegends/MPL/Indonesia/Season_1/Playoffs | https://github.com/LiTianYeoh/MLBB_Tournament_Analysis/blob/94ea36800e80c9e89a2356a0b81d3eeafbd6a4f7/analysis/data/consolidated_game_data_20240505.csv
1,S1-PO-005,2,RRQ.O2,pick,2,Lancelot,https://liquipedia.net/mobilelegends/MPL/Indonesia/Season_1/Playoffs | https://github.com/LiTianYeoh/MLBB_Tournament_Analysis/blob/94ea36800e80c9e89a2356a0b81d3eeafbd6a4f7/analysis/data/consolidated_game_data_20240505.csv
1,S1-PO-005,2,RRQ.O2,pick,3,Cyclops,https://liquipedia.net/mobilelegends/MPL/Indonesia/Season_1/Playoffs | https://github.com/LiTianYeoh/MLBB_Tournament_Analysis/blob/94ea36800e80c9e89a2356a0b81d3eeafbd6a4f7/analysis/data/consolidated_game_data_20240505.csv
1,S1-PO-005,2,RRQ.O2,pick,4,Lolita,https://liquipedia.net/mobilelegends/MPL/Indonesia/Season_1/Playoffs | https://github.com/LiTianYeoh/MLBB_Tournament_Analysis/blob/94ea36800e80c9e89a2356a0b81d3eeafbd6a4f7/analysis/data/consolidated_game_data_20240505.csv
1,S1-PO-005,2,RRQ.O2,pick,5,Bruno,https://liquipedia.net/mobilelegends/MPL/Indonesia/Season_1/Playoffs | https://github.com/LiTianYeoh/MLBB_Tournament_Analysis/blob/94ea36800e80c9e89a2356a0b81d3eeafbd6a4f7/analysis/data/consolidated_game_data_20240505.csv
1,S1-PO-006,1,Saints Indo 2,ban,1,Lancelot,https://liquipedia.net/mobilelegends/MPL/Indonesia/Season_1/Playoffs | https://github.com/LiTianYeoh/MLBB_Tournament_Analysis/blob/94ea36800e80c9e89a2356a0b81d3eeafbd6a4f7/analysis/data/consolidated_game_data_20240505.csv
1,S1-PO-006,1,Saints Indo 2,ban,2,Gusion,https://liquipedia.net/mobilelegends/MPL/Indonesia/Season_1/Playoffs | https://github.com/LiTianYeoh/MLBB_Tournament_Analysis/blob/94ea36800e80c9e89a2356a0b81d3eeafbd6a4f7/analysis/data/consolidated_game_data_20240505.csv
1,S1-PO-006,1,Saints Indo 2,pick,1,Kagura,https://liquipedia.net/mobilelegends/MPL/Indonesia/Season_1/Playoffs | https://github.com/LiTianYeoh/MLBB_Tournament_Analysis/blob/94ea36800e80c9e89a2356a0b81d3eeafbd6a4f7/analysis/data/consolidated_game_data_20240505.csv
1,S1-PO-006,1,Saints Indo 2,pick,2,Hylos,https://liquipedia.net/mobilelegends/MPL/Indonesia/Season_1/Playoffs | https://github.com/LiTianYeoh/MLBB_Tournament_Analysis/blob/94ea36800e80c9e89a2356a0b81d3eeafbd6a4f7/analysis/data/consolidated_game_data_20240505.csv
1,S1-PO-006,1,Saints Indo 2,pick,3,Saber,https://liquipedia.net/mobilelegends/MPL/Indonesia/Season_1/Playoffs | https://github.com/LiTianYeoh/MLBB_Tournament_Analysis/blob/94ea36800e80c9e89a2356a0b81d3eeafbd6a4f7/analysis/data/consolidated_game_data_20240505.csv
1,S1-PO-006,1,Saints Indo 2,pick,4,Hayabusa,https://liquipedia.net/mobilelegends/MPL/Indonesia/Season_1/Playoffs | https://github.com/LiTianYeoh/MLBB_Tournament_Analysis/blob/94ea36800e80c9e89a2356a0b81d3eeafbd6a4f7/analysis/data/consolidated_game_data_20240505.csv
1,S1-PO-006,1,Saints Indo 2,pick,5,Diggie,https://liquipedia.net/mobilelegends/MPL/Indonesia/Season_1/Playoffs | https://github.com/LiTianYeoh/MLBB_Tournament_Analysis/blob/94ea36800e80c9e89a2356a0b81d3eeafbd6a4f7/analysis/data/consolidated_game_data_20240505.csv
1,S1-PO-006,1,Bigetron Player Kill,ban,1,Angela,https://liquipedia.net/mobilelegends/MPL/Indonesia/Season_1/Playoffs | https://github.com/LiTianYeoh/MLBB_Tournament_Analysis/blob/94ea36800e80c9e89a2356a0b81d3eeafbd6a4f7/analysis/data/consolidated_game_data_20240505.csv
1,S1-PO-006,1,Bigetron Player Kill,ban,2,Fanny,https://liquipedia.net/mobilelegends/MPL/Indonesia/Season_1/Playoffs | https://github.com/LiTianYeoh/MLBB_Tournament_Analysis/blob/94ea36800e80c9e89a2356a0b81d3eeafbd6a4f7/analysis/data/consolidated_game_data_20240505.csv
1,S1-PO-006,1,Bigetron Player Kill,pick,1,Chou,https://liquipedia.net/mobilelegends/MPL/Indonesia/Season_1/Playoffs | https://github.com/LiTianYeoh/MLBB_Tournament_Analysis/blob/94ea36800e80c9e89a2356a0b81d3eeafbd6a4f7/analysis/data/consolidated_game_data_20240505.csv
1,S1-PO-006,1,Bigetron Player Kill,pick,2,Cyclops,https://liquipedia.net/mobilelegends/MPL/Indonesia/Season_1/Playoffs | https://github.com/LiTianYeoh/MLBB_Tournament_Analysis/blob/94ea36800e80c9e89a2356a0b81d3eeafbd6a4f7/analysis/data/consolidated_game_data_20240505.csv
1,S1-PO-006,1,Bigetron Player Kill,pick,3,Lesley,https://liquipedia.net/mobilelegends/MPL/Indonesia/Season_1/Playoffs | https://github.com/LiTianYeoh/MLBB_Tournament_Analysis/blob/94ea36800e80c9e89a2356a0b81d3eeafbd6a4f7/analysis/data/consolidated_game_data_20240505.csv
1,S1-PO-006,1,Bigetron Player Kill,pick,4,Akai,https://liquipedia.net/mobilelegends/MPL/Indonesia/Season_1/Playoffs | https://github.com/LiTianYeoh/MLBB_Tournament_Analysis/blob/94ea36800e80c9e89a2356a0b81d3eeafbd6a4f7/analysis/data/consolidated_game_data_20240505.csv
1,S1-PO-006,1,Bigetron Player Kill,pick,5,Helcurt,https://liquipedia.net/mobilelegends/MPL/Indonesia/Season_1/Playoffs | https://github.com/LiTianYeoh/MLBB_Tournament_Analysis/blob/94ea36800e80c9e89a2356a0b81d3eeafbd6a4f7/analysis/data/consolidated_game_data_20240505.csv
1,S1-PO-006,2,Saints Indo 2,ban,1,Angela,https://liquipedia.net/mobilelegends/MPL/Indonesia/Season_1/Playoffs | https://github.com/LiTianYeoh/MLBB_Tournament_Analysis/blob/94ea36800e80c9e89a2356a0b81d3eeafbd6a4f7/analysis/data/consolidated_game_data_20240505.csv
1,S1-PO-006,2,Saints Indo 2,ban,2,Helcurt,https://liquipedia.net/mobilelegends/MPL/Indonesia/Season_1/Playoffs | https://github.com/LiTianYeoh/MLBB_Tournament_Analysis/blob/94ea36800e80c9e89a2356a0b81d3eeafbd6a4f7/analysis/data/consolidated_game_data_20240505.csv
1,S1-PO-006,2,Saints Indo 2,pick,1,Lancelot,https://liquipedia.net/mobilelegends/MPL/Indonesia/Season_1/Playoffs | https://github.com/LiTianYeoh/MLBB_Tournament_Analysis/blob/94ea36800e80c9e89a2356a0b81d3eeafbd6a4f7/analysis/data/consolidated_game_data_20240505.csv
1,S1-PO-006,2,Saints Indo 2,pick,2,Hylos,https://liquipedia.net/mobilelegends/MPL/Indonesia/Season_1/Playoffs | https://github.com/LiTianYeoh/MLBB_Tournament_Analysis/blob/94ea36800e80c9e89a2356a0b81d3eeafbd6a4f7/analysis/data/consolidated_game_data_20240505.csv
1,S1-PO-006,2,Saints Indo 2,pick,3,Johnson,https://liquipedia.net/mobilelegends/MPL/Indonesia/Season_1/Playoffs | https://github.com/LiTianYeoh/MLBB_Tournament_Analysis/blob/94ea36800e80c9e89a2356a0b81d3eeafbd6a4f7/analysis/data/consolidated_game_data_20240505.csv
1,S1-PO-006,2,Saints Indo 2,pick,4,Cyclops,https://liquipedia.net/mobilelegends/MPL/Indonesia/Season_1/Playoffs | https://github.com/LiTianYeoh/MLBB_Tournament_Analysis/blob/94ea36800e80c9e89a2356a0b81d3eeafbd6a4f7/analysis/data/consolidated_game_data_20240505.csv
1,S1-PO-006,2,Saints Indo 2,pick,5,Saber,https://liquipedia.net/mobilelegends/MPL/Indonesia/Season_1/Playoffs | https://github.com/LiTianYeoh/MLBB_Tournament_Analysis/blob/94ea36800e80c9e89a2356a0b81d3eeafbd6a4f7/analysis/data/consolidated_game_data_20240505.csv
1,S1-PO-006,2,Bigetron Player Kill,ban,1,Gusion,https://liquipedia.net/mobilelegends/MPL/Indonesia/Season_1/Playoffs | https://github.com/LiTianYeoh/MLBB_Tournament_Analysis/blob/94ea36800e80c9e89a2356a0b81d3eeafbd6a4f7/analysis/data/consolidated_game_data_20240505.csv
1,S1-PO-006,2,Bigetron Player Kill,ban,2,Fanny,https://liquipedia.net/mobilelegends/MPL/Indonesia/Season_1/Playoffs | https://github.com/LiTianYeoh/MLBB_Tournament_Analysis/blob/94ea36800e80c9e89a2356a0b81d3eeafbd6a4f7/analysis/data/consolidated_game_data_20240505.csv
1,S1-PO-006,2,Bigetron Player Kill,pick,1,Karrie,https://liquipedia.net/mobilelegends/MPL/Indonesia/Season_1/Playoffs | https://github.com/LiTianYeoh/MLBB_Tournament_Analysis/blob/94ea36800e80c9e89a2356a0b81d3eeafbd6a4f7/analysis/data/consolidated_game_data_20240505.csv
1,S1-PO-006,2,Bigetron Player Kill,pick,2,Hayabusa,https://liquipedia.net/mobilelegends/MPL/Indonesia/Season_1/Playoffs | https://github.com/LiTianYeoh/MLBB_Tournament_Analysis/blob/94ea36800e80c9e89a2356a0b81d3eeafbd6a4f7/analysis/data/consolidated_game_data_20240505.csv
1,S1-PO-006,2,Bigetron Player Kill,pick,3,Chou,https://liquipedia.net/mobilelegends/MPL/Indonesia/Season_1/Playoffs | https://github.com/LiTianYeoh/MLBB_Tournament_Analysis/blob/94ea36800e80c9e89a2356a0b81d3eeafbd6a4f7/analysis/data/consolidated_game_data_20240505.csv
1,S1-PO-006,2,Bigetron Player Kill,pick,4,Akai,https://liquipedia.net/mobilelegends/MPL/Indonesia/Season_1/Playoffs | https://github.com/LiTianYeoh/MLBB_Tournament_Analysis/blob/94ea36800e80c9e89a2356a0b81d3eeafbd6a4f7/analysis/data/consolidated_game_data_20240505.csv
1,S1-PO-006,2,Bigetron Player Kill,pick,5,Kagura,https://liquipedia.net/mobilelegends/MPL/Indonesia/Season_1/Playoffs | https://github.com/LiTianYeoh/MLBB_Tournament_Analysis/blob/94ea36800e80c9e89a2356a0b81d3eeafbd6a4f7/analysis/data/consolidated_game_data_20240505.csv
1,S1-PO-007,1,EVOS Esports,ban,1,Angela,https://liquipedia.net/mobilelegends/MPL/Indonesia/Season_1/Playoffs | https://github.com/LiTianYeoh/MLBB_Tournament_Analysis/blob/94ea36800e80c9e89a2356a0b81d3eeafbd6a4f7/analysis/data/consolidated_game_data_20240505.csv
1,S1-PO-007,1,EVOS Esports,ban,2,Kagura,https://liquipedia.net/mobilelegends/MPL/Indonesia/Season_1/Playoffs | https://github.com/LiTianYeoh/MLBB_Tournament_Analysis/blob/94ea36800e80c9e89a2356a0b81d3eeafbd6a4f7/analysis/data/consolidated_game_data_20240505.csv
1,S1-PO-007,1,EVOS Esports,pick,1,Yi Sun-Shin,https://liquipedia.net/mobilelegends/MPL/Indonesia/Season_1/Playoffs | https://github.com/LiTianYeoh/MLBB_Tournament_Analysis/blob/94ea36800e80c9e89a2356a0b81d3eeafbd6a4f7/analysis/data/consolidated_game_data_20240505.csv
1,S1-PO-007,1,EVOS Esports,pick,2,Grock,https://liquipedia.net/mobilelegends/MPL/Indonesia/Season_1/Playoffs | https://github.com/LiTianYeoh/MLBB_Tournament_Analysis/blob/94ea36800e80c9e89a2356a0b81d3eeafbd6a4f7/analysis/data/consolidated_game_data_20240505.csv
1,S1-PO-007,1,EVOS Esports,pick,3,Hylos,https://liquipedia.net/mobilelegends/MPL/Indonesia/Season_1/Playoffs | https://github.com/LiTianYeoh/MLBB_Tournament_Analysis/blob/94ea36800e80c9e89a2356a0b81d3eeafbd6a4f7/analysis/data/consolidated_game_data_20240505.csv
1,S1-PO-007,1,EVOS Esports,pick,4,Lancelot,https://liquipedia.net/mobilelegends/MPL/Indonesia/Season_1/Playoffs | https://github.com/LiTianYeoh/MLBB_Tournament_Analysis/blob/94ea36800e80c9e89a2356a0b81d3eeafbd6a4f7/analysis/data/consolidated_game_data_20240505.csv
1,S1-PO-007,1,EVOS Esports,pick,5,Sun,https://liquipedia.net/mobilelegends/MPL/Indonesia/Season_1/Playoffs | https://github.com/LiTianYeoh/MLBB_Tournament_Analysis/blob/94ea36800e80c9e89a2356a0b81d3eeafbd6a4f7/analysis/data/consolidated_game_data_20240505.csv
1,S1-PO-007,1,Team Rev Indo,ban,1,Gusion,https://liquipedia.net/mobilelegends/MPL/Indonesia/Season_1/Playoffs | https://github.com/LiTianYeoh/MLBB_Tournament_Analysis/blob/94ea36800e80c9e89a2356a0b81d3eeafbd6a4f7/analysis/data/consolidated_game_data_20240505.csv
1,S1-PO-007,1,Team Rev Indo,ban,2,Fanny,https://liquipedia.net/mobilelegends/MPL/Indonesia/Season_1/Playoffs | https://github.com/LiTianYeoh/MLBB_Tournament_Analysis/blob/94ea36800e80c9e89a2356a0b81d3eeafbd6a4f7/analysis/data/consolidated_game_data_20240505.csv
1,S1-PO-007,1,Team Rev Indo,pick,1,Zilong,https://liquipedia.net/mobilelegends/MPL/Indonesia/Season_1/Playoffs | https://github.com/LiTianYeoh/MLBB_Tournament_Analysis/blob/94ea36800e80c9e89a2356a0b81d3eeafbd6a4f7/analysis/data/consolidated_game_data_20240505.csv
1,S1-PO-007,1,Team Rev Indo,pick,2,Akai,https://liquipedia.net/mobilelegends/MPL/Indonesia/Season_1/Playoffs | https://github.com/LiTianYeoh/MLBB_Tournament_Analysis/blob/94ea36800e80c9e89a2356a0b81d3eeafbd6a4f7/analysis/data/consolidated_game_data_20240505.csv
1,S1-PO-007,1,Team Rev Indo,pick,3,Cyclops,https://liquipedia.net/mobilelegends/MPL/Indonesia/Season_1/Playoffs | https://github.com/LiTianYeoh/MLBB_Tournament_Analysis/blob/94ea36800e80c9e89a2356a0b81d3eeafbd6a4f7/analysis/data/consolidated_game_data_20240505.csv
1,S1-PO-007,1,Team Rev Indo,pick,4,Helcurt,https://liquipedia.net/mobilelegends/MPL/Indonesia/Season_1/Playoffs | https://github.com/LiTianYeoh/MLBB_Tournament_Analysis/blob/94ea36800e80c9e89a2356a0b81d3eeafbd6a4f7/analysis/data/consolidated_game_data_20240505.csv
1,S1-PO-007,1,Team Rev Indo,pick,5,Lolita,https://liquipedia.net/mobilelegends/MPL/Indonesia/Season_1/Playoffs | https://github.com/LiTianYeoh/MLBB_Tournament_Analysis/blob/94ea36800e80c9e89a2356a0b81d3eeafbd6a4f7/analysis/data/consolidated_game_data_20240505.csv
1,S1-PO-007,2,EVOS Esports,ban,1,Hylos,https://liquipedia.net/mobilelegends/MPL/Indonesia/Season_1/Playoffs | https://github.com/LiTianYeoh/MLBB_Tournament_Analysis/blob/94ea36800e80c9e89a2356a0b81d3eeafbd6a4f7/analysis/data/consolidated_game_data_20240505.csv
1,S1-PO-007,2,EVOS Esports,ban,2,Grock,https://liquipedia.net/mobilelegends/MPL/Indonesia/Season_1/Playoffs | https://github.com/LiTianYeoh/MLBB_Tournament_Analysis/blob/94ea36800e80c9e89a2356a0b81d3eeafbd6a4f7/analysis/data/consolidated_game_data_20240505.csv
1,S1-PO-007,2,EVOS Esports,pick,1,Lancelot,https://liquipedia.net/mobilelegends/MPL/Indonesia/Season_1/Playoffs | https://github.com/LiTianYeoh/MLBB_Tournament_Analysis/blob/94ea36800e80c9e89a2356a0b81d3eeafbd6a4f7/analysis/data/consolidated_game_data_20240505.csv
1,S1-PO-007,2,EVOS Esports,pick,2,Angela,https://liquipedia.net/mobilelegends/MPL/Indonesia/Season_1/Playoffs | https://github.com/LiTianYeoh/MLBB_Tournament_Analysis/blob/94ea36800e80c9e89a2356a0b81d3eeafbd6a4f7/analysis/data/consolidated_game_data_20240505.csv
1,S1-PO-007,2,EVOS Esports,pick,3,Lolita,https://liquipedia.net/mobilelegends/MPL/Indonesia/Season_1/Playoffs | https://github.com/LiTianYeoh/MLBB_Tournament_Analysis/blob/94ea36800e80c9e89a2356a0b81d3eeafbd6a4f7/analysis/data/consolidated_game_data_20240505.csv
1,S1-PO-007,2,EVOS Esports,pick,4,Chou,https://liquipedia.net/mobilelegends/MPL/Indonesia/Season_1/Playoffs | https://github.com/LiTianYeoh/MLBB_Tournament_Analysis/blob/94ea36800e80c9e89a2356a0b81d3eeafbd6a4f7/analysis/data/consolidated_game_data_20240505.csv
1,S1-PO-007,2,EVOS Esports,pick,5,Hayabusa,https://liquipedia.net/mobilelegends/MPL/Indonesia/Season_1/Playoffs | https://github.com/LiTianYeoh/MLBB_Tournament_Analysis/blob/94ea36800e80c9e89a2356a0b81d3eeafbd6a4f7/analysis/data/consolidated_game_data_20240505.csv
1,S1-PO-007,2,Team Rev Indo,ban,1,Helcurt,https://liquipedia.net/mobilelegends/MPL/Indonesia/Season_1/Playoffs | https://github.com/LiTianYeoh/MLBB_Tournament_Analysis/blob/94ea36800e80c9e89a2356a0b81d3eeafbd6a4f7/analysis/data/consolidated_game_data_20240505.csv
1,S1-PO-007,2,Team Rev Indo,ban,2,Fanny,https://liquipedia.net/mobilelegends/MPL/Indonesia/Season_1/Playoffs | https://github.com/LiTianYeoh/MLBB_Tournament_Analysis/blob/94ea36800e80c9e89a2356a0b81d3eeafbd6a4f7/analysis/data/consolidated_game_data_20240505.csv
1,S1-PO-007,2,Team Rev Indo,pick,1,Saber,https://liquipedia.net/mobilelegends/MPL/Indonesia/Season_1/Playoffs | https://github.com/LiTianYeoh/MLBB_Tournament_Analysis/blob/94ea36800e80c9e89a2356a0b81d3eeafbd6a4f7/analysis/data/consolidated_game_data_20240505.csv
1,S1-PO-007,2,Team Rev Indo,pick,2,Kagura,https://liquipedia.net/mobilelegends/MPL/Indonesia/Season_1/Playoffs | https://github.com/LiTianYeoh/MLBB_Tournament_Analysis/blob/94ea36800e80c9e89a2356a0b81d3eeafbd6a4f7/analysis/data/consolidated_game_data_20240505.csv
1,S1-PO-007,2,Team Rev Indo,pick,3,Johnson,https://liquipedia.net/mobilelegends/MPL/Indonesia/Season_1/Playoffs | https://github.com/LiTianYeoh/MLBB_Tournament_Analysis/blob/94ea36800e80c9e89a2356a0b81d3eeafbd6a4f7/analysis/data/consolidated_game_data_20240505.csv
1,S1-PO-007,2,Team Rev Indo,pick,4,Akai,https://liquipedia.net/mobilelegends/MPL/Indonesia/Season_1/Playoffs | https://github.com/LiTianYeoh/MLBB_Tournament_Analysis/blob/94ea36800e80c9e89a2356a0b81d3eeafbd6a4f7/analysis/data/consolidated_game_data_20240505.csv
1,S1-PO-007,2,Team Rev Indo,pick,5,Gusion,https://liquipedia.net/mobilelegends/MPL/Indonesia/Season_1/Playoffs | https://github.com/LiTianYeoh/MLBB_Tournament_Analysis/blob/94ea36800e80c9e89a2356a0b81d3eeafbd6a4f7/analysis/data/consolidated_game_data_20240505.csv
1,S1-PO-008,1,Louvre Esports,ban,1,Johnson,https://liquipedia.net/mobilelegends/MPL/Indonesia/Season_1/Playoffs | https://github.com/LiTianYeoh/MLBB_Tournament_Analysis/blob/94ea36800e80c9e89a2356a0b81d3eeafbd6a4f7/analysis/data/consolidated_game_data_20240505.csv
1,S1-PO-008,1,Louvre Esports,ban,2,Gusion,https://liquipedia.net/mobilelegends/MPL/Indonesia/Season_1/Playoffs | https://github.com/LiTianYeoh/MLBB_Tournament_Analysis/blob/94ea36800e80c9e89a2356a0b81d3eeafbd6a4f7/analysis/data/consolidated_game_data_20240505.csv
1,S1-PO-008,1,Louvre Esports,pick,1,Helcurt,https://liquipedia.net/mobilelegends/MPL/Indonesia/Season_1/Playoffs | https://github.com/LiTianYeoh/MLBB_Tournament_Analysis/blob/94ea36800e80c9e89a2356a0b81d3eeafbd6a4f7/analysis/data/consolidated_game_data_20240505.csv
1,S1-PO-008,1,Louvre Esports,pick,2,Akai,https://liquipedia.net/mobilelegends/MPL/Indonesia/Season_1/Playoffs | https://github.com/LiTianYeoh/MLBB_Tournament_Analysis/blob/94ea36800e80c9e89a2356a0b81d3eeafbd6a4f7/analysis/data/consolidated_game_data_20240505.csv
1,S1-PO-008,1,Louvre Esports,pick,3,Lolita,https://liquipedia.net/mobilelegends/MPL/Indonesia/Season_1/Playoffs | https://github.com/LiTianYeoh/MLBB_Tournament_Analysis/blob/94ea36800e80c9e89a2356a0b81d3eeafbd6a4f7/analysis/data/consolidated_game_data_20240505.csv
1,S1-PO-008,1,Louvre Esports,pick,4,Harley,https://liquipedia.net/mobilelegends/MPL/Indonesia/Season_1/Playoffs | https://github.com/LiTianYeoh/MLBB_Tournament_Analysis/blob/94ea36800e80c9e89a2356a0b81d3eeafbd6a4f7/analysis/data/consolidated_game_data_20240505.csv
1,S1-PO-008,1,Louvre Esports,pick,5,Karrie,https://liquipedia.net/mobilelegends/MPL/Indonesia/Season_1/Playoffs | https://github.com/LiTianYeoh/MLBB_Tournament_Analysis/blob/94ea36800e80c9e89a2356a0b81d3eeafbd6a4f7/analysis/data/consolidated_game_data_20240505.csv
1,S1-PO-008,1,Elite 8 Critical Reborn,ban,1,Angela,https://liquipedia.net/mobilelegends/MPL/Indonesia/Season_1/Playoffs | https://github.com/LiTianYeoh/MLBB_Tournament_Analysis/blob/94ea36800e80c9e89a2356a0b81d3eeafbd6a4f7/analysis/data/consolidated_game_data_20240505.csv
1,S1-PO-008,1,Elite 8 Critical Reborn,ban,2,Kagura,https://liquipedia.net/mobilelegends/MPL/Indonesia/Season_1/Playoffs | https://github.com/LiTianYeoh/MLBB_Tournament_Analysis/blob/94ea36800e80c9e89a2356a0b81d3eeafbd6a4f7/analysis/data/consolidated_game_data_20240505.csv
1,S1-PO-008,1,Elite 8 Critical Reborn,pick,1,Saber,https://liquipedia.net/mobilelegends/MPL/Indonesia/Season_1/Playoffs | https://github.com/LiTianYeoh/MLBB_Tournament_Analysis/blob/94ea36800e80c9e89a2356a0b81d3eeafbd6a4f7/analysis/data/consolidated_game_data_20240505.csv
1,S1-PO-008,1,Elite 8 Critical Reborn,pick,2,Grock,https://liquipedia.net/mobilelegends/MPL/Indonesia/Season_1/Playoffs | https://github.com/LiTianYeoh/MLBB_Tournament_Analysis/blob/94ea36800e80c9e89a2356a0b81d3eeafbd6a4f7/analysis/data/consolidated_game_data_20240505.csv
1,S1-PO-008,1,Elite 8 Critical Reborn,pick,3,Cyclops,https://liquipedia.net/mobilelegends/MPL/Indonesia/Season_1/Playoffs | https://github.com/LiTianYeoh/MLBB_Tournament_Analysis/blob/94ea36800e80c9e89a2356a0b81d3eeafbd6a4f7/analysis/data/consolidated_game_data_20240505.csv
1,S1-PO-008,1,Elite 8 Critical Reborn,pick,4,Hylos,https://liquipedia.net/mobilelegends/MPL/Indonesia/Season_1/Playoffs | https://github.com/LiTianYeoh/MLBB_Tournament_Analysis/blob/94ea36800e80c9e89a2356a0b81d3eeafbd6a4f7/analysis/data/consolidated_game_data_20240505.csv
1,S1-PO-008,1,Elite 8 Critical Reborn,pick,5,Lancelot,https://liquipedia.net/mobilelegends/MPL/Indonesia/Season_1/Playoffs | https://github.com/LiTianYeoh/MLBB_Tournament_Analysis/blob/94ea36800e80c9e89a2356a0b81d3eeafbd6a4f7/analysis/data/consolidated_game_data_20240505.csv
1,S1-PO-008,2,Louvre Esports,ban,1,Angela,https://liquipedia.net/mobilelegends/MPL/Indonesia/Season_1/Playoffs | https://github.com/LiTianYeoh/MLBB_Tournament_Analysis/blob/94ea36800e80c9e89a2356a0b81d3eeafbd6a4f7/analysis/data/consolidated_game_data_20240505.csv
1,S1-PO-008,2,Louvre Esports,ban,2,Helcurt,https://liquipedia.net/mobilelegends/MPL/Indonesia/Season_1/Playoffs | https://github.com/LiTianYeoh/MLBB_Tournament_Analysis/blob/94ea36800e80c9e89a2356a0b81d3eeafbd6a4f7/analysis/data/consolidated_game_data_20240505.csv
1,S1-PO-008,2,Louvre Esports,pick,1,Lancelot,https://liquipedia.net/mobilelegends/MPL/Indonesia/Season_1/Playoffs | https://github.com/LiTianYeoh/MLBB_Tournament_Analysis/blob/94ea36800e80c9e89a2356a0b81d3eeafbd6a4f7/analysis/data/consolidated_game_data_20240505.csv
1,S1-PO-008,2,Louvre Esports,pick,2,Hylos,https://liquipedia.net/mobilelegends/MPL/Indonesia/Season_1/Playoffs | https://github.com/LiTianYeoh/MLBB_Tournament_Analysis/blob/94ea36800e80c9e89a2356a0b81d3eeafbd6a4f7/analysis/data/consolidated_game_data_20240505.csv
1,S1-PO-008,2,Louvre Esports,pick,3,Harley,https://liquipedia.net/mobilelegends/MPL/Indonesia/Season_1/Playoffs | https://github.com/LiTianYeoh/MLBB_Tournament_Analysis/blob/94ea36800e80c9e89a2356a0b81d3eeafbd6a4f7/analysis/data/consolidated_game_data_20240505.csv
1,S1-PO-008,2,Louvre Esports,pick,4,Diggie,https://liquipedia.net/mobilelegends/MPL/Indonesia/Season_1/Playoffs | https://github.com/LiTianYeoh/MLBB_Tournament_Analysis/blob/94ea36800e80c9e89a2356a0b81d3eeafbd6a4f7/analysis/data/consolidated_game_data_20240505.csv
1,S1-PO-008,2,Louvre Esports,pick,5,Zilong,https://liquipedia.net/mobilelegends/MPL/Indonesia/Season_1/Playoffs | https://github.com/LiTianYeoh/MLBB_Tournament_Analysis/blob/94ea36800e80c9e89a2356a0b81d3eeafbd6a4f7/analysis/data/consolidated_game_data_20240505.csv
1,S1-PO-008,2,Elite 8 Critical Reborn,ban,1,Gusion,https://liquipedia.net/mobilelegends/MPL/Indonesia/Season_1/Playoffs | https://github.com/LiTianYeoh/MLBB_Tournament_Analysis/blob/94ea36800e80c9e89a2356a0b81d3eeafbd6a4f7/analysis/data/consolidated_game_data_20240505.csv
1,S1-PO-008,2,Elite 8 Critical Reborn,ban,2,Kagura,https://liquipedia.net/mobilelegends/MPL/Indonesia/Season_1/Playoffs | https://github.com/LiTianYeoh/MLBB_Tournament_Analysis/blob/94ea36800e80c9e89a2356a0b81d3eeafbd6a4f7/analysis/data/consolidated_game_data_20240505.csv
1,S1-PO-008,2,Elite 8 Critical Reborn,pick,1,Moskov,https://liquipedia.net/mobilelegends/MPL/Indonesia/Season_1/Playoffs | https://github.com/LiTianYeoh/MLBB_Tournament_Analysis/blob/94ea36800e80c9e89a2356a0b81d3eeafbd6a4f7/analysis/data/consolidated_game_data_20240505.csv
1,S1-PO-008,2,Elite 8 Critical Reborn,pick,2,Saber,https://liquipedia.net/mobilelegends/MPL/Indonesia/Season_1/Playoffs | https://github.com/LiTianYeoh/MLBB_Tournament_Analysis/blob/94ea36800e80c9e89a2356a0b81d3eeafbd6a4f7/analysis/data/consolidated_game_data_20240505.csv
1,S1-PO-008,2,Elite 8 Critical Reborn,pick,3,Chou,https://liquipedia.net/mobilelegends/MPL/Indonesia/Season_1/Playoffs | https://github.com/LiTianYeoh/MLBB_Tournament_Analysis/blob/94ea36800e80c9e89a2356a0b81d3eeafbd6a4f7/analysis/data/consolidated_game_data_20240505.csv
1,S1-PO-008,2,Elite 8 Critical Reborn,pick,4,Akai,https://liquipedia.net/mobilelegends/MPL/Indonesia/Season_1/Playoffs | https://github.com/LiTianYeoh/MLBB_Tournament_Analysis/blob/94ea36800e80c9e89a2356a0b81d3eeafbd6a4f7/analysis/data/consolidated_game_data_20240505.csv
1,S1-PO-008,2,Elite 8 Critical Reborn,pick,5,Cyclops,https://liquipedia.net/mobilelegends/MPL/Indonesia/Season_1/Playoffs | https://github.com/LiTianYeoh/MLBB_Tournament_Analysis/blob/94ea36800e80c9e89a2356a0b81d3eeafbd6a4f7/analysis/data/consolidated_game_data_20240505.csv
1,S1-PO-009,1,RRQ.O2,ban,1,Gusion,https://liquipedia.net/mobilelegends/MPL/Indonesia/Season_1/Playoffs | https://github.com/LiTianYeoh/MLBB_Tournament_Analysis/blob/94ea36800e80c9e89a2356a0b81d3eeafbd6a4f7/analysis/data/consolidated_game_data_20240505.csv
1,S1-PO-009,1,RRQ.O2,ban,2,Helcurt,https://liquipedia.net/mobilelegends/MPL/Indonesia/Season_1/Playoffs | https://github.com/LiTianYeoh/MLBB_Tournament_Analysis/blob/94ea36800e80c9e89a2356a0b81d3eeafbd6a4f7/analysis/data/consolidated_game_data_20240505.csv
1,S1-PO-009,1,RRQ.O2,pick,1,Akai,https://liquipedia.net/mobilelegends/MPL/Indonesia/Season_1/Playoffs | https://github.com/LiTianYeoh/MLBB_Tournament_Analysis/blob/94ea36800e80c9e89a2356a0b81d3eeafbd6a4f7/analysis/data/consolidated_game_data_20240505.csv
1,S1-PO-009,1,RRQ.O2,pick,2,Chou,https://liquipedia.net/mobilelegends/MPL/Indonesia/Season_1/Playoffs | https://github.com/LiTianYeoh/MLBB_Tournament_Analysis/blob/94ea36800e80c9e89a2356a0b81d3eeafbd6a4f7/analysis/data/consolidated_game_data_20240505.csv
1,S1-PO-009,1,RRQ.O2,pick,3,Harley,https://liquipedia.net/mobilelegends/MPL/Indonesia/Season_1/Playoffs | https://github.com/LiTianYeoh/MLBB_Tournament_Analysis/blob/94ea36800e80c9e89a2356a0b81d3eeafbd6a4f7/analysis/data/consolidated_game_data_20240505.csv
1,S1-PO-009,1,RRQ.O2,pick,4,Moskov,https://liquipedia.net/mobilelegends/MPL/Indonesia/Season_1/Playoffs | https://github.com/LiTianYeoh/MLBB_Tournament_Analysis/blob/94ea36800e80c9e89a2356a0b81d3eeafbd6a4f7/analysis/data/consolidated_game_data_20240505.csv
1,S1-PO-009,1,RRQ.O2,pick,5,Freya,https://liquipedia.net/mobilelegends/MPL/Indonesia/Season_1/Playoffs | https://github.com/LiTianYeoh/MLBB_Tournament_Analysis/blob/94ea36800e80c9e89a2356a0b81d3eeafbd6a4f7/analysis/data/consolidated_game_data_20240505.csv
1,S1-PO-009,1,Elite 8 Critical Reborn,ban,1,Kagura,https://liquipedia.net/mobilelegends/MPL/Indonesia/Season_1/Playoffs | https://github.com/LiTianYeoh/MLBB_Tournament_Analysis/blob/94ea36800e80c9e89a2356a0b81d3eeafbd6a4f7/analysis/data/consolidated_game_data_20240505.csv
1,S1-PO-009,1,Elite 8 Critical Reborn,ban,2,Lancelot,https://liquipedia.net/mobilelegends/MPL/Indonesia/Season_1/Playoffs | https://github.com/LiTianYeoh/MLBB_Tournament_Analysis/blob/94ea36800e80c9e89a2356a0b81d3eeafbd6a4f7/analysis/data/consolidated_game_data_20240505.csv
1,S1-PO-009,1,Elite 8 Critical Reborn,pick,1,Irithel,https://liquipedia.net/mobilelegends/MPL/Indonesia/Season_1/Playoffs | https://github.com/LiTianYeoh/MLBB_Tournament_Analysis/blob/94ea36800e80c9e89a2356a0b81d3eeafbd6a4f7/analysis/data/consolidated_game_data_20240505.csv
1,S1-PO-009,1,Elite 8 Critical Reborn,pick,2,Hylos,https://liquipedia.net/mobilelegends/MPL/Indonesia/Season_1/Playoffs | https://github.com/LiTianYeoh/MLBB_Tournament_Analysis/blob/94ea36800e80c9e89a2356a0b81d3eeafbd6a4f7/analysis/data/consolidated_game_data_20240505.csv
1,S1-PO-009,1,Elite 8 Critical Reborn,pick,3,Saber,https://liquipedia.net/mobilelegends/MPL/Indonesia/Season_1/Playoffs | https://github.com/LiTianYeoh/MLBB_Tournament_Analysis/blob/94ea36800e80c9e89a2356a0b81d3eeafbd6a4f7/analysis/data/consolidated_game_data_20240505.csv
1,S1-PO-009,1,Elite 8 Critical Reborn,pick,4,Angela,https://liquipedia.net/mobilelegends/MPL/Indonesia/Season_1/Playoffs | https://github.com/LiTianYeoh/MLBB_Tournament_Analysis/blob/94ea36800e80c9e89a2356a0b81d3eeafbd6a4f7/analysis/data/consolidated_game_data_20240505.csv
1,S1-PO-009,1,Elite 8 Critical Reborn,pick,5,Cyclops,https://liquipedia.net/mobilelegends/MPL/Indonesia/Season_1/Playoffs | https://github.com/LiTianYeoh/MLBB_Tournament_Analysis/blob/94ea36800e80c9e89a2356a0b81d3eeafbd6a4f7/analysis/data/consolidated_game_data_20240505.csv
1,S1-PO-009,2,RRQ.O2,ban,1,Gusion,https://liquipedia.net/mobilelegends/MPL/Indonesia/Season_1/Playoffs | https://github.com/LiTianYeoh/MLBB_Tournament_Analysis/blob/94ea36800e80c9e89a2356a0b81d3eeafbd6a4f7/analysis/data/consolidated_game_data_20240505.csv
1,S1-PO-009,2,RRQ.O2,ban,2,Helcurt,https://liquipedia.net/mobilelegends/MPL/Indonesia/Season_1/Playoffs | https://github.com/LiTianYeoh/MLBB_Tournament_Analysis/blob/94ea36800e80c9e89a2356a0b81d3eeafbd6a4f7/analysis/data/consolidated_game_data_20240505.csv
1,S1-PO-009,2,RRQ.O2,pick,1,Harley,https://liquipedia.net/mobilelegends/MPL/Indonesia/Season_1/Playoffs | https://github.com/LiTianYeoh/MLBB_Tournament_Analysis/blob/94ea36800e80c9e89a2356a0b81d3eeafbd6a4f7/analysis/data/consolidated_game_data_20240505.csv
1,S1-PO-009,2,RRQ.O2,pick,2,Chou,https://liquipedia.net/mobilelegends/MPL/Indonesia/Season_1/Playoffs | https://github.com/LiTianYeoh/MLBB_Tournament_Analysis/blob/94ea36800e80c9e89a2356a0b81d3eeafbd6a4f7/analysis/data/consolidated_game_data_20240505.csv
1,S1-PO-009,2,RRQ.O2,pick,3,Hayabusa,https://liquipedia.net/mobilelegends/MPL/Indonesia/Season_1/Playoffs | https://github.com/LiTianYeoh/MLBB_Tournament_Analysis/blob/94ea36800e80c9e89a2356a0b81d3eeafbd6a4f7/analysis/data/consolidated_game_data_20240505.csv
1,S1-PO-009,2,RRQ.O2,pick,4,Johnson,https://liquipedia.net/mobilelegends/MPL/Indonesia/Season_1/Playoffs | https://github.com/LiTianYeoh/MLBB_Tournament_Analysis/blob/94ea36800e80c9e89a2356a0b81d3eeafbd6a4f7/analysis/data/consolidated_game_data_20240505.csv
1,S1-PO-009,2,RRQ.O2,pick,5,Layla,https://liquipedia.net/mobilelegends/MPL/Indonesia/Season_1/Playoffs | https://github.com/LiTianYeoh/MLBB_Tournament_Analysis/blob/94ea36800e80c9e89a2356a0b81d3eeafbd6a4f7/analysis/data/consolidated_game_data_20240505.csv
1,S1-PO-009,2,Elite 8 Critical Reborn,ban,1,Saber,https://liquipedia.net/mobilelegends/MPL/Indonesia/Season_1/Playoffs | https://github.com/LiTianYeoh/MLBB_Tournament_Analysis/blob/94ea36800e80c9e89a2356a0b81d3eeafbd6a4f7/analysis/data/consolidated_game_data_20240505.csv
1,S1-PO-009,2,Elite 8 Critical Reborn,ban,2,Kagura,https://liquipedia.net/mobilelegends/MPL/Indonesia/Season_1/Playoffs | https://github.com/LiTianYeoh/MLBB_Tournament_Analysis/blob/94ea36800e80c9e89a2356a0b81d3eeafbd6a4f7/analysis/data/consolidated_game_data_20240505.csv
1,S1-PO-009,2,Elite 8 Critical Reborn,pick,1,Bruno,https://liquipedia.net/mobilelegends/MPL/Indonesia/Season_1/Playoffs | https://github.com/LiTianYeoh/MLBB_Tournament_Analysis/blob/94ea36800e80c9e89a2356a0b81d3eeafbd6a4f7/analysis/data/consolidated_game_data_20240505.csv
1,S1-PO-009,2,Elite 8 Critical Reborn,pick,2,Aurora,https://liquipedia.net/mobilelegends/MPL/Indonesia/Season_1/Playoffs | https://github.com/LiTianYeoh/MLBB_Tournament_Analysis/blob/94ea36800e80c9e89a2356a0b81d3eeafbd6a4f7/analysis/data/consolidated_game_data_20240505.csv
1,S1-PO-009,2,Elite 8 Critical Reborn,pick,3,Hylos,https://liquipedia.net/mobilelegends/MPL/Indonesia/Season_1/Playoffs | https://github.com/LiTianYeoh/MLBB_Tournament_Analysis/blob/94ea36800e80c9e89a2356a0b81d3eeafbd6a4f7/analysis/data/consolidated_game_data_20240505.csv
1,S1-PO-009,2,Elite 8 Critical Reborn,pick,4,Akai,https://liquipedia.net/mobilelegends/MPL/Indonesia/Season_1/Playoffs | https://github.com/LiTianYeoh/MLBB_Tournament_Analysis/blob/94ea36800e80c9e89a2356a0b81d3eeafbd6a4f7/analysis/data/consolidated_game_data_20240505.csv
1,S1-PO-009,2,Elite 8 Critical Reborn,pick,5,Lancelot,https://liquipedia.net/mobilelegends/MPL/Indonesia/Season_1/Playoffs | https://github.com/LiTianYeoh/MLBB_Tournament_Analysis/blob/94ea36800e80c9e89a2356a0b81d3eeafbd6a4f7/analysis/data/consolidated_game_data_20240505.csv
1,S1-PO-010,1,EVOS Esports,ban,1,Helcurt,https://liquipedia.net/mobilelegends/MPL/Indonesia/Season_1/Playoffs | https://github.com/LiTianYeoh/MLBB_Tournament_Analysis/blob/94ea36800e80c9e89a2356a0b81d3eeafbd6a4f7/analysis/data/consolidated_game_data_20240505.csv
1,S1-PO-010,1,EVOS Esports,ban,2,Kagura,https://liquipedia.net/mobilelegends/MPL/Indonesia/Season_1/Playoffs | https://github.com/LiTianYeoh/MLBB_Tournament_Analysis/blob/94ea36800e80c9e89a2356a0b81d3eeafbd6a4f7/analysis/data/consolidated_game_data_20240505.csv
1,S1-PO-010,1,EVOS Esports,pick,1,Hayabusa,https://liquipedia.net/mobilelegends/MPL/Indonesia/Season_1/Playoffs | https://github.com/LiTianYeoh/MLBB_Tournament_Analysis/blob/94ea36800e80c9e89a2356a0b81d3eeafbd6a4f7/analysis/data/consolidated_game_data_20240505.csv
1,S1-PO-010,1,EVOS Esports,pick,2,Natalia,https://liquipedia.net/mobilelegends/MPL/Indonesia/Season_1/Playoffs | https://github.com/LiTianYeoh/MLBB_Tournament_Analysis/blob/94ea36800e80c9e89a2356a0b81d3eeafbd6a4f7/analysis/data/consolidated_game_data_20240505.csv
1,S1-PO-010,1,EVOS Esports,pick,3,Harley,https://liquipedia.net/mobilelegends/MPL/Indonesia/Season_1/Playoffs | https://github.com/LiTianYeoh/MLBB_Tournament_Analysis/blob/94ea36800e80c9e89a2356a0b81d3eeafbd6a4f7/analysis/data/consolidated_game_data_20240505.csv
1,S1-PO-010,1,EVOS Esports,pick,4,Grock,https://liquipedia.net/mobilelegends/MPL/Indonesia/Season_1/Playoffs | https://github.com/LiTianYeoh/MLBB_Tournament_Analysis/blob/94ea36800e80c9e89a2356a0b81d3eeafbd6a4f7/analysis/data/consolidated_game_data_20240505.csv
1,S1-PO-010,1,EVOS Esports,pick,5,Akai,https://liquipedia.net/mobilelegends/MPL/Indonesia/Season_1/Playoffs | https://github.com/LiTianYeoh/MLBB_Tournament_Analysis/blob/94ea36800e80c9e89a2356a0b81d3eeafbd6a4f7/analysis/data/consolidated_game_data_20240505.csv
1,S1-PO-010,1,Team NXL,ban,1,Lancelot,https://liquipedia.net/mobilelegends/MPL/Indonesia/Season_1/Playoffs | https://github.com/LiTianYeoh/MLBB_Tournament_Analysis/blob/94ea36800e80c9e89a2356a0b81d3eeafbd6a4f7/analysis/data/consolidated_game_data_20240505.csv
1,S1-PO-010,1,Team NXL,ban,2,Gusion,https://liquipedia.net/mobilelegends/MPL/Indonesia/Season_1/Playoffs | https://github.com/LiTianYeoh/MLBB_Tournament_Analysis/blob/94ea36800e80c9e89a2356a0b81d3eeafbd6a4f7/analysis/data/consolidated_game_data_20240505.csv
1,S1-PO-010,1,Team NXL,pick,1,Saber,https://liquipedia.net/mobilelegends/MPL/Indonesia/Season_1/Playoffs | https://github.com/LiTianYeoh/MLBB_Tournament_Analysis/blob/94ea36800e80c9e89a2356a0b81d3eeafbd6a4f7/analysis/data/consolidated_game_data_20240505.csv
1,S1-PO-010,1,Team NXL,pick,2,Fanny,https://liquipedia.net/mobilelegends/MPL/Indonesia/Season_1/Playoffs | https://github.com/LiTianYeoh/MLBB_Tournament_Analysis/blob/94ea36800e80c9e89a2356a0b81d3eeafbd6a4f7/analysis/data/consolidated_game_data_20240505.csv
1,S1-PO-010,1,Team NXL,pick,3,Chou,https://liquipedia.net/mobilelegends/MPL/Indonesia/Season_1/Playoffs | https://github.com/LiTianYeoh/MLBB_Tournament_Analysis/blob/94ea36800e80c9e89a2356a0b81d3eeafbd6a4f7/analysis/data/consolidated_game_data_20240505.csv
1,S1-PO-010,1,Team NXL,pick,4,Alpha,https://liquipedia.net/mobilelegends/MPL/Indonesia/Season_1/Playoffs | https://github.com/LiTianYeoh/MLBB_Tournament_Analysis/blob/94ea36800e80c9e89a2356a0b81d3eeafbd6a4f7/analysis/data/consolidated_game_data_20240505.csv
1,S1-PO-010,1,Team NXL,pick,5,Hylos,https://liquipedia.net/mobilelegends/MPL/Indonesia/Season_1/Playoffs | https://github.com/LiTianYeoh/MLBB_Tournament_Analysis/blob/94ea36800e80c9e89a2356a0b81d3eeafbd6a4f7/analysis/data/consolidated_game_data_20240505.csv
1,S1-PO-010,2,EVOS Esports,ban,1,Kagura,https://liquipedia.net/mobilelegends/MPL/Indonesia/Season_1/Playoffs | https://github.com/LiTianYeoh/MLBB_Tournament_Analysis/blob/94ea36800e80c9e89a2356a0b81d3eeafbd6a4f7/analysis/data/consolidated_game_data_20240505.csv
1,S1-PO-010,2,EVOS Esports,ban,2,Gusion,https://liquipedia.net/mobilelegends/MPL/Indonesia/Season_1/Playoffs | https://github.com/LiTianYeoh/MLBB_Tournament_Analysis/blob/94ea36800e80c9e89a2356a0b81d3eeafbd6a4f7/analysis/data/consolidated_game_data_20240505.csv
1,S1-PO-010,2,EVOS Esports,pick,1,Sun,https://liquipedia.net/mobilelegends/MPL/Indonesia/Season_1/Playoffs | https://github.com/LiTianYeoh/MLBB_Tournament_Analysis/blob/94ea36800e80c9e89a2356a0b81d3eeafbd6a4f7/analysis/data/consolidated_game_data_20240505.csv
1,S1-PO-010,2,EVOS Esports,pick,2,Cyclops,https://liquipedia.net/mobilelegends/MPL/Indonesia/Season_1/Playoffs | https://github.com/LiTianYeoh/MLBB_Tournament_Analysis/blob/94ea36800e80c9e89a2356a0b81d3eeafbd6a4f7/analysis/data/consolidated_game_data_20240505.csv
1,S1-PO-010,2,EVOS Esports,pick,3,Grock,https://liquipedia.net/mobilelegends/MPL/Indonesia/Season_1/Playoffs | https://github.com/LiTianYeoh/MLBB_Tournament_Analysis/blob/94ea36800e80c9e89a2356a0b81d3eeafbd6a4f7/analysis/data/consolidated_game_data_20240505.csv
1,S1-PO-010,2,EVOS Esports,pick,4,Saber,https://liquipedia.net/mobilelegends/MPL/Indonesia/Season_1/Playoffs | https://github.com/LiTianYeoh/MLBB_Tournament_Analysis/blob/94ea36800e80c9e89a2356a0b81d3eeafbd6a4f7/analysis/data/consolidated_game_data_20240505.csv
1,S1-PO-010,2,EVOS Esports,pick,5,Akai,https://liquipedia.net/mobilelegends/MPL/Indonesia/Season_1/Playoffs | https://github.com/LiTianYeoh/MLBB_Tournament_Analysis/blob/94ea36800e80c9e89a2356a0b81d3eeafbd6a4f7/analysis/data/consolidated_game_data_20240505.csv
1,S1-PO-010,2,Team NXL,ban,1,Helcurt,https://liquipedia.net/mobilelegends/MPL/Indonesia/Season_1/Playoffs | https://github.com/LiTianYeoh/MLBB_Tournament_Analysis/blob/94ea36800e80c9e89a2356a0b81d3eeafbd6a4f7/analysis/data/consolidated_game_data_20240505.csv
1,S1-PO-010,2,Team NXL,ban,2,Fanny,https://liquipedia.net/mobilelegends/MPL/Indonesia/Season_1/Playoffs | https://github.com/LiTianYeoh/MLBB_Tournament_Analysis/blob/94ea36800e80c9e89a2356a0b81d3eeafbd6a4f7/analysis/data/consolidated_game_data_20240505.csv
1,S1-PO-010,2,Team NXL,pick,1,Lancelot,https://liquipedia.net/mobilelegends/MPL/Indonesia/Season_1/Playoffs | https://github.com/LiTianYeoh/MLBB_Tournament_Analysis/blob/94ea36800e80c9e89a2356a0b81d3eeafbd6a4f7/analysis/data/consolidated_game_data_20240505.csv
1,S1-PO-010,2,Team NXL,pick,2,Harley,https://liquipedia.net/mobilelegends/MPL/Indonesia/Season_1/Playoffs | https://github.com/LiTianYeoh/MLBB_Tournament_Analysis/blob/94ea36800e80c9e89a2356a0b81d3eeafbd6a4f7/analysis/data/consolidated_game_data_20240505.csv
1,S1-PO-010,2,Team NXL,pick,3,Chou,https://liquipedia.net/mobilelegends/MPL/Indonesia/Season_1/Playoffs | https://github.com/LiTianYeoh/MLBB_Tournament_Analysis/blob/94ea36800e80c9e89a2356a0b81d3eeafbd6a4f7/analysis/data/consolidated_game_data_20240505.csv
1,S1-PO-010,2,Team NXL,pick,4,Zilong,https://liquipedia.net/mobilelegends/MPL/Indonesia/Season_1/Playoffs | https://github.com/LiTianYeoh/MLBB_Tournament_Analysis/blob/94ea36800e80c9e89a2356a0b81d3eeafbd6a4f7/analysis/data/consolidated_game_data_20240505.csv
1,S1-PO-010,2,Team NXL,pick,5,Lolita,https://liquipedia.net/mobilelegends/MPL/Indonesia/Season_1/Playoffs | https://github.com/LiTianYeoh/MLBB_Tournament_Analysis/blob/94ea36800e80c9e89a2356a0b81d3eeafbd6a4f7/analysis/data/consolidated_game_data_20240505.csv
1,S1-PO-011,1,Team Rev Indo,ban,1,Lancelot,https://liquipedia.net/mobilelegends/MPL/Indonesia/Season_1/Playoffs | https://github.com/LiTianYeoh/MLBB_Tournament_Analysis/blob/94ea36800e80c9e89a2356a0b81d3eeafbd6a4f7/analysis/data/consolidated_game_data_20240505.csv
1,S1-PO-011,1,Team Rev Indo,ban,2,Gusion,https://liquipedia.net/mobilelegends/MPL/Indonesia/Season_1/Playoffs | https://github.com/LiTianYeoh/MLBB_Tournament_Analysis/blob/94ea36800e80c9e89a2356a0b81d3eeafbd6a4f7/analysis/data/consolidated_game_data_20240505.csv
1,S1-PO-011,1,Team Rev Indo,pick,1,Hylos,https://liquipedia.net/mobilelegends/MPL/Indonesia/Season_1/Playoffs | https://github.com/LiTianYeoh/MLBB_Tournament_Analysis/blob/94ea36800e80c9e89a2356a0b81d3eeafbd6a4f7/analysis/data/consolidated_game_data_20240505.csv
1,S1-PO-011,1,Team Rev Indo,pick,2,Akai,https://liquipedia.net/mobilelegends/MPL/Indonesia/Season_1/Playoffs | https://github.com/LiTianYeoh/MLBB_Tournament_Analysis/blob/94ea36800e80c9e89a2356a0b81d3eeafbd6a4f7/analysis/data/consolidated_game_data_20240505.csv
1,S1-PO-011,1,Team Rev Indo,pick,3,Cyclops,https://liquipedia.net/mobilelegends/MPL/Indonesia/Season_1/Playoffs | https://github.com/LiTianYeoh/MLBB_Tournament_Analysis/blob/94ea36800e80c9e89a2356a0b81d3eeafbd6a4f7/analysis/data/consolidated_game_data_20240505.csv
1,S1-PO-011,1,Team Rev Indo,pick,4,Zilong,https://liquipedia.net/mobilelegends/MPL/Indonesia/Season_1/Playoffs | https://github.com/LiTianYeoh/MLBB_Tournament_Analysis/blob/94ea36800e80c9e89a2356a0b81d3eeafbd6a4f7/analysis/data/consolidated_game_data_20240505.csv
1,S1-PO-011,1,Team Rev Indo,pick,5,Saber,https://liquipedia.net/mobilelegends/MPL/Indonesia/Season_1/Playoffs | https://github.com/LiTianYeoh/MLBB_Tournament_Analysis/blob/94ea36800e80c9e89a2356a0b81d3eeafbd6a4f7/analysis/data/consolidated_game_data_20240505.csv
1,S1-PO-011,1,Bigetron Player Kill,ban,1,Helcurt,https://liquipedia.net/mobilelegends/MPL/Indonesia/Season_1/Playoffs | https://github.com/LiTianYeoh/MLBB_Tournament_Analysis/blob/94ea36800e80c9e89a2356a0b81d3eeafbd6a4f7/analysis/data/consolidated_game_data_20240505.csv
1,S1-PO-011,1,Bigetron Player Kill,ban,2,Angela,https://liquipedia.net/mobilelegends/MPL/Indonesia/Season_1/Playoffs | https://github.com/LiTianYeoh/MLBB_Tournament_Analysis/blob/94ea36800e80c9e89a2356a0b81d3eeafbd6a4f7/analysis/data/consolidated_game_data_20240505.csv
1,S1-PO-011,1,Bigetron Player Kill,pick,1,Karrie,https://liquipedia.net/mobilelegends/MPL/Indonesia/Season_1/Playoffs | https://github.com/LiTianYeoh/MLBB_Tournament_Analysis/blob/94ea36800e80c9e89a2356a0b81d3eeafbd6a4f7/analysis/data/consolidated_game_data_20240505.csv
1,S1-PO-011,1,Bigetron Player Kill,pick,2,Grock,https://liquipedia.net/mobilelegends/MPL/Indonesia/Season_1/Playoffs | https://github.com/LiTianYeoh/MLBB_Tournament_Analysis/blob/94ea36800e80c9e89a2356a0b81d3eeafbd6a4f7/analysis/data/consolidated_game_data_20240505.csv
1,S1-PO-011,1,Bigetron Player Kill,pick,3,Chou,https://liquipedia.net/mobilelegends/MPL/Indonesia/Season_1/Playoffs | https://github.com/LiTianYeoh/MLBB_Tournament_Analysis/blob/94ea36800e80c9e89a2356a0b81d3eeafbd6a4f7/analysis/data/consolidated_game_data_20240505.csv
1,S1-PO-011,1,Bigetron Player Kill,pick,4,Hayabusa,https://liquipedia.net/mobilelegends/MPL/Indonesia/Season_1/Playoffs | https://github.com/LiTianYeoh/MLBB_Tournament_Analysis/blob/94ea36800e80c9e89a2356a0b81d3eeafbd6a4f7/analysis/data/consolidated_game_data_20240505.csv
1,S1-PO-011,1,Bigetron Player Kill,pick,5,Kagura,https://liquipedia.net/mobilelegends/MPL/Indonesia/Season_1/Playoffs | https://github.com/LiTianYeoh/MLBB_Tournament_Analysis/blob/94ea36800e80c9e89a2356a0b81d3eeafbd6a4f7/analysis/data/consolidated_game_data_20240505.csv
1,S1-PO-011,2,Team Rev Indo,ban,1,Helcurt,https://liquipedia.net/mobilelegends/MPL/Indonesia/Season_1/Playoffs | https://github.com/LiTianYeoh/MLBB_Tournament_Analysis/blob/94ea36800e80c9e89a2356a0b81d3eeafbd6a4f7/analysis/data/consolidated_game_data_20240505.csv
1,S1-PO-011,2,Team Rev Indo,ban,2,Angela,https://liquipedia.net/mobilelegends/MPL/Indonesia/Season_1/Playoffs | https://github.com/LiTianYeoh/MLBB_Tournament_Analysis/blob/94ea36800e80c9e89a2356a0b81d3eeafbd6a4f7/analysis/data/consolidated_game_data_20240505.csv
1,S1-PO-011,2,Team Rev Indo,pick,1,Kagura,https://liquipedia.net/mobilelegends/MPL/Indonesia/Season_1/Playoffs | https://github.com/LiTianYeoh/MLBB_Tournament_Analysis/blob/94ea36800e80c9e89a2356a0b81d3eeafbd6a4f7/analysis/data/consolidated_game_data_20240505.csv
1,S1-PO-011,2,Team Rev Indo,pick,2,Hylos,https://liquipedia.net/mobilelegends/MPL/Indonesia/Season_1/Playoffs | https://github.com/LiTianYeoh/MLBB_Tournament_Analysis/blob/94ea36800e80c9e89a2356a0b81d3eeafbd6a4f7/analysis/data/consolidated_game_data_20240505.csv
1,S1-PO-011,2,Team Rev Indo,pick,3,Hayabusa,https://liquipedia.net/mobilelegends/MPL/Indonesia/Season_1/Playoffs | https://github.com/LiTianYeoh/MLBB_Tournament_Analysis/blob/94ea36800e80c9e89a2356a0b81d3eeafbd6a4f7/analysis/data/consolidated_game_data_20240505.csv
1,S1-PO-011,2,Team Rev Indo,pick,4,Saber,https://liquipedia.net/mobilelegends/MPL/Indonesia/Season_1/Playoffs | https://github.com/LiTianYeoh/MLBB_Tournament_Analysis/blob/94ea36800e80c9e89a2356a0b81d3eeafbd6a4f7/analysis/data/consolidated_game_data_20240505.csv
1,S1-PO-011,2,Team Rev Indo,pick,5,Johnson,https://liquipedia.net/mobilelegends/MPL/Indonesia/Season_1/Playoffs | https://github.com/LiTianYeoh/MLBB_Tournament_Analysis/blob/94ea36800e80c9e89a2356a0b81d3eeafbd6a4f7/analysis/data/consolidated_game_data_20240505.csv
1,S1-PO-011,2,Bigetron Player Kill,ban,1,Gusion,https://liquipedia.net/mobilelegends/MPL/Indonesia/Season_1/Playoffs | https://github.com/LiTianYeoh/MLBB_Tournament_Analysis/blob/94ea36800e80c9e89a2356a0b81d3eeafbd6a4f7/analysis/data/consolidated_game_data_20240505.csv
1,S1-PO-011,2,Bigetron Player Kill,ban,2,Lancelot,https://liquipedia.net/mobilelegends/MPL/Indonesia/Season_1/Playoffs | https://github.com/LiTianYeoh/MLBB_Tournament_Analysis/blob/94ea36800e80c9e89a2356a0b81d3eeafbd6a4f7/analysis/data/consolidated_game_data_20240505.csv
1,S1-PO-011,2,Bigetron Player Kill,pick,1,Zilong,https://liquipedia.net/mobilelegends/MPL/Indonesia/Season_1/Playoffs | https://github.com/LiTianYeoh/MLBB_Tournament_Analysis/blob/94ea36800e80c9e89a2356a0b81d3eeafbd6a4f7/analysis/data/consolidated_game_data_20240505.csv
1,S1-PO-011,2,Bigetron Player Kill,pick,2,Cyclops,https://liquipedia.net/mobilelegends/MPL/Indonesia/Season_1/Playoffs | https://github.com/LiTianYeoh/MLBB_Tournament_Analysis/blob/94ea36800e80c9e89a2356a0b81d3eeafbd6a4f7/analysis/data/consolidated_game_data_20240505.csv
1,S1-PO-011,2,Bigetron Player Kill,pick,3,Grock,https://liquipedia.net/mobilelegends/MPL/Indonesia/Season_1/Playoffs | https://github.com/LiTianYeoh/MLBB_Tournament_Analysis/blob/94ea36800e80c9e89a2356a0b81d3eeafbd6a4f7/analysis/data/consolidated_game_data_20240505.csv
1,S1-PO-011,2,Bigetron Player Kill,pick,4,Akai,https://liquipedia.net/mobilelegends/MPL/Indonesia/Season_1/Playoffs | https://github.com/LiTianYeoh/MLBB_Tournament_Analysis/blob/94ea36800e80c9e89a2356a0b81d3eeafbd6a4f7/analysis/data/consolidated_game_data_20240505.csv
1,S1-PO-011,2,Bigetron Player Kill,pick,5,Karrie,https://liquipedia.net/mobilelegends/MPL/Indonesia/Season_1/Playoffs | https://github.com/LiTianYeoh/MLBB_Tournament_Analysis/blob/94ea36800e80c9e89a2356a0b81d3eeafbd6a4f7/analysis/data/consolidated_game_data_20240505.csv
1,S1-PO-011,3,Team Rev Indo,ban,1,Hylos,https://liquipedia.net/mobilelegends/MPL/Indonesia/Season_1/Playoffs | https://github.com/LiTianYeoh/MLBB_Tournament_Analysis/blob/94ea36800e80c9e89a2356a0b81d3eeafbd6a4f7/analysis/data/consolidated_game_data_20240505.csv
1,S1-PO-011,3,Team Rev Indo,ban,2,Gusion,https://liquipedia.net/mobilelegends/MPL/Indonesia/Season_1/Playoffs | https://github.com/LiTianYeoh/MLBB_Tournament_Analysis/blob/94ea36800e80c9e89a2356a0b81d3eeafbd6a4f7/analysis/data/consolidated_game_data_20240505.csv
1,S1-PO-011,3,Team Rev Indo,pick,1,Kagura,https://liquipedia.net/mobilelegends/MPL/Indonesia/Season_1/Playoffs | https://github.com/LiTianYeoh/MLBB_Tournament_Analysis/blob/94ea36800e80c9e89a2356a0b81d3eeafbd6a4f7/analysis/data/consolidated_game_data_20240505.csv
1,S1-PO-011,3,Team Rev Indo,pick,2,Akai,https://liquipedia.net/mobilelegends/MPL/Indonesia/Season_1/Playoffs | https://github.com/LiTianYeoh/MLBB_Tournament_Analysis/blob/94ea36800e80c9e89a2356a0b81d3eeafbd6a4f7/analysis/data/consolidated_game_data_20240505.csv
1,S1-PO-011,3,Team Rev Indo,pick,3,Saber,https://liquipedia.net/mobilelegends/MPL/Indonesia/Season_1/Playoffs | https://github.com/LiTianYeoh/MLBB_Tournament_Analysis/blob/94ea36800e80c9e89a2356a0b81d3eeafbd6a4f7/analysis/data/consolidated_game_data_20240505.csv
1,S1-PO-011,3,Team Rev Indo,pick,4,Grock,https://liquipedia.net/mobilelegends/MPL/Indonesia/Season_1/Playoffs | https://github.com/LiTianYeoh/MLBB_Tournament_Analysis/blob/94ea36800e80c9e89a2356a0b81d3eeafbd6a4f7/analysis/data/consolidated_game_data_20240505.csv
1,S1-PO-011,3,Team Rev Indo,pick,5,Zilong,https://liquipedia.net/mobilelegends/MPL/Indonesia/Season_1/Playoffs | https://github.com/LiTianYeoh/MLBB_Tournament_Analysis/blob/94ea36800e80c9e89a2356a0b81d3eeafbd6a4f7/analysis/data/consolidated_game_data_20240505.csv
1,S1-PO-011,3,Bigetron Player Kill,ban,1,Helcurt,https://liquipedia.net/mobilelegends/MPL/Indonesia/Season_1/Playoffs | https://github.com/LiTianYeoh/MLBB_Tournament_Analysis/blob/94ea36800e80c9e89a2356a0b81d3eeafbd6a4f7/analysis/data/consolidated_game_data_20240505.csv
1,S1-PO-011,3,Bigetron Player Kill,ban,2,Angela,https://liquipedia.net/mobilelegends/MPL/Indonesia/Season_1/Playoffs | https://github.com/LiTianYeoh/MLBB_Tournament_Analysis/blob/94ea36800e80c9e89a2356a0b81d3eeafbd6a4f7/analysis/data/consolidated_game_data_20240505.csv
1,S1-PO-011,3,Bigetron Player Kill,pick,1,Johnson,https://liquipedia.net/mobilelegends/MPL/Indonesia/Season_1/Playoffs | https://github.com/LiTianYeoh/MLBB_Tournament_Analysis/blob/94ea36800e80c9e89a2356a0b81d3eeafbd6a4f7/analysis/data/consolidated_game_data_20240505.csv
1,S1-PO-011,3,Bigetron Player Kill,pick,2,Karrie,https://liquipedia.net/mobilelegends/MPL/Indonesia/Season_1/Playoffs | https://github.com/LiTianYeoh/MLBB_Tournament_Analysis/blob/94ea36800e80c9e89a2356a0b81d3eeafbd6a4f7/analysis/data/consolidated_game_data_20240505.csv
1,S1-PO-011,3,Bigetron Player Kill,pick,3,Hayabusa,https://liquipedia.net/mobilelegends/MPL/Indonesia/Season_1/Playoffs | https://github.com/LiTianYeoh/MLBB_Tournament_Analysis/blob/94ea36800e80c9e89a2356a0b81d3eeafbd6a4f7/analysis/data/consolidated_game_data_20240505.csv
1,S1-PO-011,3,Bigetron Player Kill,pick,4,Chou,https://liquipedia.net/mobilelegends/MPL/Indonesia/Season_1/Playoffs | https://github.com/LiTianYeoh/MLBB_Tournament_Analysis/blob/94ea36800e80c9e89a2356a0b81d3eeafbd6a4f7/analysis/data/consolidated_game_data_20240505.csv
1,S1-PO-011,3,Bigetron Player Kill,pick,5,Lancelot,https://liquipedia.net/mobilelegends/MPL/Indonesia/Season_1/Playoffs | https://github.com/LiTianYeoh/MLBB_Tournament_Analysis/blob/94ea36800e80c9e89a2356a0b81d3eeafbd6a4f7/analysis/data/consolidated_game_data_20240505.csv
1,S1-PO-012,1,Bigetron Player Kill,ban,1,Fanny,https://liquipedia.net/mobilelegends/MPL/Indonesia/Season_1/Playoffs | https://github.com/LiTianYeoh/MLBB_Tournament_Analysis/blob/94ea36800e80c9e89a2356a0b81d3eeafbd6a4f7/analysis/data/consolidated_game_data_20240505.csv
1,S1-PO-012,1,Bigetron Player Kill,ban,2,Kagura,https://liquipedia.net/mobilelegends/MPL/Indonesia/Season_1/Playoffs | https://github.com/LiTianYeoh/MLBB_Tournament_Analysis/blob/94ea36800e80c9e89a2356a0b81d3eeafbd6a4f7/analysis/data/consolidated_game_data_20240505.csv
1,S1-PO-012,1,Bigetron Player Kill,pick,1,Akai,https://liquipedia.net/mobilelegends/MPL/Indonesia/Season_1/Playoffs | https://github.com/LiTianYeoh/MLBB_Tournament_Analysis/blob/94ea36800e80c9e89a2356a0b81d3eeafbd6a4f7/analysis/data/consolidated_game_data_20240505.csv
1,S1-PO-012,1,Bigetron Player Kill,pick,2,Harley,https://liquipedia.net/mobilelegends/MPL/Indonesia/Season_1/Playoffs | https://github.com/LiTianYeoh/MLBB_Tournament_Analysis/blob/94ea36800e80c9e89a2356a0b81d3eeafbd6a4f7/analysis/data/consolidated_game_data_20240505.csv
1,S1-PO-012,1,Bigetron Player Kill,pick,3,Grock,https://liquipedia.net/mobilelegends/MPL/Indonesia/Season_1/Playoffs | https://github.com/LiTianYeoh/MLBB_Tournament_Analysis/blob/94ea36800e80c9e89a2356a0b81d3eeafbd6a4f7/analysis/data/consolidated_game_data_20240505.csv
1,S1-PO-012,1,Bigetron Player Kill,pick,4,Estes,https://liquipedia.net/mobilelegends/MPL/Indonesia/Season_1/Playoffs | https://github.com/LiTianYeoh/MLBB_Tournament_Analysis/blob/94ea36800e80c9e89a2356a0b81d3eeafbd6a4f7/analysis/data/consolidated_game_data_20240505.csv
1,S1-PO-012,1,Bigetron Player Kill,pick,5,Zhask,https://liquipedia.net/mobilelegends/MPL/Indonesia/Season_1/Playoffs | https://github.com/LiTianYeoh/MLBB_Tournament_Analysis/blob/94ea36800e80c9e89a2356a0b81d3eeafbd6a4f7/analysis/data/consolidated_game_data_20240505.csv
1,S1-PO-012,1,RRQ.O2,ban,1,Lancelot,https://liquipedia.net/mobilelegends/MPL/Indonesia/Season_1/Playoffs | https://github.com/LiTianYeoh/MLBB_Tournament_Analysis/blob/94ea36800e80c9e89a2356a0b81d3eeafbd6a4f7/analysis/data/consolidated_game_data_20240505.csv
1,S1-PO-012,1,RRQ.O2,ban,2,Gusion,https://liquipedia.net/mobilelegends/MPL/Indonesia/Season_1/Playoffs | https://github.com/LiTianYeoh/MLBB_Tournament_Analysis/blob/94ea36800e80c9e89a2356a0b81d3eeafbd6a4f7/analysis/data/consolidated_game_data_20240505.csv
1,S1-PO-012,1,RRQ.O2,pick,1,Lesley,https://liquipedia.net/mobilelegends/MPL/Indonesia/Season_1/Playoffs | https://github.com/LiTianYeoh/MLBB_Tournament_Analysis/blob/94ea36800e80c9e89a2356a0b81d3eeafbd6a4f7/analysis/data/consolidated_game_data_20240505.csv
1,S1-PO-012,1,RRQ.O2,pick,2,Aurora,https://liquipedia.net/mobilelegends/MPL/Indonesia/Season_1/Playoffs | https://github.com/LiTianYeoh/MLBB_Tournament_Analysis/blob/94ea36800e80c9e89a2356a0b81d3eeafbd6a4f7/analysis/data/consolidated_game_data_20240505.csv
1,S1-PO-012,1,RRQ.O2,pick,3,Chou,https://liquipedia.net/mobilelegends/MPL/Indonesia/Season_1/Playoffs | https://github.com/LiTianYeoh/MLBB_Tournament_Analysis/blob/94ea36800e80c9e89a2356a0b81d3eeafbd6a4f7/analysis/data/consolidated_game_data_20240505.csv
1,S1-PO-012,1,RRQ.O2,pick,4,Johnson,https://liquipedia.net/mobilelegends/MPL/Indonesia/Season_1/Playoffs | https://github.com/LiTianYeoh/MLBB_Tournament_Analysis/blob/94ea36800e80c9e89a2356a0b81d3eeafbd6a4f7/analysis/data/consolidated_game_data_20240505.csv
1,S1-PO-012,1,RRQ.O2,pick,5,Helcurt,https://liquipedia.net/mobilelegends/MPL/Indonesia/Season_1/Playoffs | https://github.com/LiTianYeoh/MLBB_Tournament_Analysis/blob/94ea36800e80c9e89a2356a0b81d3eeafbd6a4f7/analysis/data/consolidated_game_data_20240505.csv
1,S1-PO-012,2,Bigetron Player Kill,ban,1,Hayabusa,https://liquipedia.net/mobilelegends/MPL/Indonesia/Season_1/Playoffs | https://github.com/LiTianYeoh/MLBB_Tournament_Analysis/blob/94ea36800e80c9e89a2356a0b81d3eeafbd6a4f7/analysis/data/consolidated_game_data_20240505.csv
1,S1-PO-012,2,Bigetron Player Kill,ban,2,Gusion,https://liquipedia.net/mobilelegends/MPL/Indonesia/Season_1/Playoffs | https://github.com/LiTianYeoh/MLBB_Tournament_Analysis/blob/94ea36800e80c9e89a2356a0b81d3eeafbd6a4f7/analysis/data/consolidated_game_data_20240505.csv
1,S1-PO-012,2,Bigetron Player Kill,pick,1,Akai,https://liquipedia.net/mobilelegends/MPL/Indonesia/Season_1/Playoffs | https://github.com/LiTianYeoh/MLBB_Tournament_Analysis/blob/94ea36800e80c9e89a2356a0b81d3eeafbd6a4f7/analysis/data/consolidated_game_data_20240505.csv
1,S1-PO-012,2,Bigetron Player Kill,pick,2,Helcurt,https://liquipedia.net/mobilelegends/MPL/Indonesia/Season_1/Playoffs | https://github.com/LiTianYeoh/MLBB_Tournament_Analysis/blob/94ea36800e80c9e89a2356a0b81d3eeafbd6a4f7/analysis/data/consolidated_game_data_20240505.csv
1,S1-PO-012,2,Bigetron Player Kill,pick,3,Harley,https://liquipedia.net/mobilelegends/MPL/Indonesia/Season_1/Playoffs | https://github.com/LiTianYeoh/MLBB_Tournament_Analysis/blob/94ea36800e80c9e89a2356a0b81d3eeafbd6a4f7/analysis/data/consolidated_game_data_20240505.csv
1,S1-PO-012,2,Bigetron Player Kill,pick,4,Hylos,https://liquipedia.net/mobilelegends/MPL/Indonesia/Season_1/Playoffs | https://github.com/LiTianYeoh/MLBB_Tournament_Analysis/blob/94ea36800e80c9e89a2356a0b81d3eeafbd6a4f7/analysis/data/consolidated_game_data_20240505.csv
1,S1-PO-012,2,Bigetron Player Kill,pick,5,Natalia,https://liquipedia.net/mobilelegends/MPL/Indonesia/Season_1/Playoffs | https://github.com/LiTianYeoh/MLBB_Tournament_Analysis/blob/94ea36800e80c9e89a2356a0b81d3eeafbd6a4f7/analysis/data/consolidated_game_data_20240505.csv
1,S1-PO-012,2,RRQ.O2,ban,1,Fanny,https://liquipedia.net/mobilelegends/MPL/Indonesia/Season_1/Playoffs | https://github.com/LiTianYeoh/MLBB_Tournament_Analysis/blob/94ea36800e80c9e89a2356a0b81d3eeafbd6a4f7/analysis/data/consolidated_game_data_20240505.csv
1,S1-PO-012,2,RRQ.O2,ban,2,Kagura,https://liquipedia.net/mobilelegends/MPL/Indonesia/Season_1/Playoffs | https://github.com/LiTianYeoh/MLBB_Tournament_Analysis/blob/94ea36800e80c9e89a2356a0b81d3eeafbd6a4f7/analysis/data/consolidated_game_data_20240505.csv
1,S1-PO-012,2,RRQ.O2,pick,1,Karrie,https://liquipedia.net/mobilelegends/MPL/Indonesia/Season_1/Playoffs | https://github.com/LiTianYeoh/MLBB_Tournament_Analysis/blob/94ea36800e80c9e89a2356a0b81d3eeafbd6a4f7/analysis/data/consolidated_game_data_20240505.csv
1,S1-PO-012,2,RRQ.O2,pick,2,Aurora,https://liquipedia.net/mobilelegends/MPL/Indonesia/Season_1/Playoffs | https://github.com/LiTianYeoh/MLBB_Tournament_Analysis/blob/94ea36800e80c9e89a2356a0b81d3eeafbd6a4f7/analysis/data/consolidated_game_data_20240505.csv
1,S1-PO-012,2,RRQ.O2,pick,3,Grock,https://liquipedia.net/mobilelegends/MPL/Indonesia/Season_1/Playoffs | https://github.com/LiTianYeoh/MLBB_Tournament_Analysis/blob/94ea36800e80c9e89a2356a0b81d3eeafbd6a4f7/analysis/data/consolidated_game_data_20240505.csv
1,S1-PO-012,2,RRQ.O2,pick,4,Chou,https://liquipedia.net/mobilelegends/MPL/Indonesia/Season_1/Playoffs | https://github.com/LiTianYeoh/MLBB_Tournament_Analysis/blob/94ea36800e80c9e89a2356a0b81d3eeafbd6a4f7/analysis/data/consolidated_game_data_20240505.csv
1,S1-PO-012,2,RRQ.O2,pick,5,Lancelot,https://liquipedia.net/mobilelegends/MPL/Indonesia/Season_1/Playoffs | https://github.com/LiTianYeoh/MLBB_Tournament_Analysis/blob/94ea36800e80c9e89a2356a0b81d3eeafbd6a4f7/analysis/data/consolidated_game_data_20240505.csv
1,S1-PO-012,3,Bigetron Player Kill,ban,1,Lancelot,https://liquipedia.net/mobilelegends/MPL/Indonesia/Season_1/Playoffs | https://github.com/LiTianYeoh/MLBB_Tournament_Analysis/blob/94ea36800e80c9e89a2356a0b81d3eeafbd6a4f7/analysis/data/consolidated_game_data_20240505.csv
1,S1-PO-012,3,Bigetron Player Kill,ban,2,Kagura,https://liquipedia.net/mobilelegends/MPL/Indonesia/Season_1/Playoffs | https://github.com/LiTianYeoh/MLBB_Tournament_Analysis/blob/94ea36800e80c9e89a2356a0b81d3eeafbd6a4f7/analysis/data/consolidated_game_data_20240505.csv
1,S1-PO-012,3,Bigetron Player Kill,pick,1,Fanny,https://liquipedia.net/mobilelegends/MPL/Indonesia/Season_1/Playoffs | https://github.com/LiTianYeoh/MLBB_Tournament_Analysis/blob/94ea36800e80c9e89a2356a0b81d3eeafbd6a4f7/analysis/data/consolidated_game_data_20240505.csv
1,S1-PO-012,3,Bigetron Player Kill,pick,2,Grock,https://liquipedia.net/mobilelegends/MPL/Indonesia/Season_1/Playoffs | https://github.com/LiTianYeoh/MLBB_Tournament_Analysis/blob/94ea36800e80c9e89a2356a0b81d3eeafbd6a4f7/analysis/data/consolidated_game_data_20240505.csv
1,S1-PO-012,3,Bigetron Player Kill,pick,3,Estes,https://liquipedia.net/mobilelegends/MPL/Indonesia/Season_1/Playoffs | https://github.com/LiTianYeoh/MLBB_Tournament_Analysis/blob/94ea36800e80c9e89a2356a0b81d3eeafbd6a4f7/analysis/data/consolidated_game_data_20240505.csv
1,S1-PO-012,3,Bigetron Player Kill,pick,4,Hayabusa,https://liquipedia.net/mobilelegends/MPL/Indonesia/Season_1/Playoffs | https://github.com/LiTianYeoh/MLBB_Tournament_Analysis/blob/94ea36800e80c9e89a2356a0b81d3eeafbd6a4f7/analysis/data/consolidated_game_data_20240505.csv
1,S1-PO-012,3,Bigetron Player Kill,pick,5,Zhask,https://liquipedia.net/mobilelegends/MPL/Indonesia/Season_1/Playoffs | https://github.com/LiTianYeoh/MLBB_Tournament_Analysis/blob/94ea36800e80c9e89a2356a0b81d3eeafbd6a4f7/analysis/data/consolidated_game_data_20240505.csv
1,S1-PO-012,3,RRQ.O2,ban,1,Helcurt,https://liquipedia.net/mobilelegends/MPL/Indonesia/Season_1/Playoffs | https://github.com/LiTianYeoh/MLBB_Tournament_Analysis/blob/94ea36800e80c9e89a2356a0b81d3eeafbd6a4f7/analysis/data/consolidated_game_data_20240505.csv
1,S1-PO-012,3,RRQ.O2,ban,2,Gusion,https://liquipedia.net/mobilelegends/MPL/Indonesia/Season_1/Playoffs | https://github.com/LiTianYeoh/MLBB_Tournament_Analysis/blob/94ea36800e80c9e89a2356a0b81d3eeafbd6a4f7/analysis/data/consolidated_game_data_20240505.csv
1,S1-PO-012,3,RRQ.O2,pick,1,Moskov,https://liquipedia.net/mobilelegends/MPL/Indonesia/Season_1/Playoffs | https://github.com/LiTianYeoh/MLBB_Tournament_Analysis/blob/94ea36800e80c9e89a2356a0b81d3eeafbd6a4f7/analysis/data/consolidated_game_data_20240505.csv
1,S1-PO-012,3,RRQ.O2,pick,2,Natalia,https://liquipedia.net/mobilelegends/MPL/Indonesia/Season_1/Playoffs | https://github.com/LiTianYeoh/MLBB_Tournament_Analysis/blob/94ea36800e80c9e89a2356a0b81d3eeafbd6a4f7/analysis/data/consolidated_game_data_20240505.csv
1,S1-PO-012,3,RRQ.O2,pick,3,Akai,https://liquipedia.net/mobilelegends/MPL/Indonesia/Season_1/Playoffs | https://github.com/LiTianYeoh/MLBB_Tournament_Analysis/blob/94ea36800e80c9e89a2356a0b81d3eeafbd6a4f7/analysis/data/consolidated_game_data_20240505.csv
1,S1-PO-012,3,RRQ.O2,pick,4,Chou,https://liquipedia.net/mobilelegends/MPL/Indonesia/Season_1/Playoffs | https://github.com/LiTianYeoh/MLBB_Tournament_Analysis/blob/94ea36800e80c9e89a2356a0b81d3eeafbd6a4f7/analysis/data/consolidated_game_data_20240505.csv
1,S1-PO-012,3,RRQ.O2,pick,5,Harley,https://liquipedia.net/mobilelegends/MPL/Indonesia/Season_1/Playoffs | https://github.com/LiTianYeoh/MLBB_Tournament_Analysis/blob/94ea36800e80c9e89a2356a0b81d3eeafbd6a4f7/analysis/data/consolidated_game_data_20240505.csv
1,S1-PO-013,1,RRQ.O2,ban,1,Helcurt,https://liquipedia.net/mobilelegends/MPL/Indonesia/Season_1/Playoffs | https://github.com/LiTianYeoh/MLBB_Tournament_Analysis/blob/94ea36800e80c9e89a2356a0b81d3eeafbd6a4f7/analysis/data/consolidated_game_data_20240505.csv
1,S1-PO-013,1,RRQ.O2,ban,2,Gusion,https://liquipedia.net/mobilelegends/MPL/Indonesia/Season_1/Playoffs | https://github.com/LiTianYeoh/MLBB_Tournament_Analysis/blob/94ea36800e80c9e89a2356a0b81d3eeafbd6a4f7/analysis/data/consolidated_game_data_20240505.csv
1,S1-PO-013,1,RRQ.O2,pick,1,Moskov,https://liquipedia.net/mobilelegends/MPL/Indonesia/Season_1/Playoffs | https://github.com/LiTianYeoh/MLBB_Tournament_Analysis/blob/94ea36800e80c9e89a2356a0b81d3eeafbd6a4f7/analysis/data/consolidated_game_data_20240505.csv
1,S1-PO-013,1,RRQ.O2,pick,2,Freya,https://liquipedia.net/mobilelegends/MPL/Indonesia/Season_1/Playoffs | https://github.com/LiTianYeoh/MLBB_Tournament_Analysis/blob/94ea36800e80c9e89a2356a0b81d3eeafbd6a4f7/analysis/data/consolidated_game_data_20240505.csv
1,S1-PO-013,1,RRQ.O2,pick,3,Chou,https://liquipedia.net/mobilelegends/MPL/Indonesia/Season_1/Playoffs | https://github.com/LiTianYeoh/MLBB_Tournament_Analysis/blob/94ea36800e80c9e89a2356a0b81d3eeafbd6a4f7/analysis/data/consolidated_game_data_20240505.csv
1,S1-PO-013,1,RRQ.O2,pick,4,Johnson,https://liquipedia.net/mobilelegends/MPL/Indonesia/Season_1/Playoffs | https://github.com/LiTianYeoh/MLBB_Tournament_Analysis/blob/94ea36800e80c9e89a2356a0b81d3eeafbd6a4f7/analysis/data/consolidated_game_data_20240505.csv
1,S1-PO-013,1,RRQ.O2,pick,5,Harley,https://liquipedia.net/mobilelegends/MPL/Indonesia/Season_1/Playoffs | https://github.com/LiTianYeoh/MLBB_Tournament_Analysis/blob/94ea36800e80c9e89a2356a0b81d3eeafbd6a4f7/analysis/data/consolidated_game_data_20240505.csv
1,S1-PO-013,1,Team NXL,ban,1,Lancelot,https://liquipedia.net/mobilelegends/MPL/Indonesia/Season_1/Playoffs | https://github.com/LiTianYeoh/MLBB_Tournament_Analysis/blob/94ea36800e80c9e89a2356a0b81d3eeafbd6a4f7/analysis/data/consolidated_game_data_20240505.csv
1,S1-PO-013,1,Team NXL,ban,2,Kagura,https://liquipedia.net/mobilelegends/MPL/Indonesia/Season_1/Playoffs | https://github.com/LiTianYeoh/MLBB_Tournament_Analysis/blob/94ea36800e80c9e89a2356a0b81d3eeafbd6a4f7/analysis/data/consolidated_game_data_20240505.csv
1,S1-PO-013,1,Team NXL,pick,1,Saber,https://liquipedia.net/mobilelegends/MPL/Indonesia/Season_1/Playoffs | https://github.com/LiTianYeoh/MLBB_Tournament_Analysis/blob/94ea36800e80c9e89a2356a0b81d3eeafbd6a4f7/analysis/data/consolidated_game_data_20240505.csv
1,S1-PO-013,1,Team NXL,pick,2,Akai,https://liquipedia.net/mobilelegends/MPL/Indonesia/Season_1/Playoffs | https://github.com/LiTianYeoh/MLBB_Tournament_Analysis/blob/94ea36800e80c9e89a2356a0b81d3eeafbd6a4f7/analysis/data/consolidated_game_data_20240505.csv
1,S1-PO-013,1,Team NXL,pick,3,Yi Sun-Shin,https://liquipedia.net/mobilelegends/MPL/Indonesia/Season_1/Playoffs | https://github.com/LiTianYeoh/MLBB_Tournament_Analysis/blob/94ea36800e80c9e89a2356a0b81d3eeafbd6a4f7/analysis/data/consolidated_game_data_20240505.csv
1,S1-PO-013,1,Team NXL,pick,4,Fanny,https://liquipedia.net/mobilelegends/MPL/Indonesia/Season_1/Playoffs | https://github.com/LiTianYeoh/MLBB_Tournament_Analysis/blob/94ea36800e80c9e89a2356a0b81d3eeafbd6a4f7/analysis/data/consolidated_game_data_20240505.csv
1,S1-PO-013,1,Team NXL,pick,5,Jawhead,https://liquipedia.net/mobilelegends/MPL/Indonesia/Season_1/Playoffs | https://github.com/LiTianYeoh/MLBB_Tournament_Analysis/blob/94ea36800e80c9e89a2356a0b81d3eeafbd6a4f7/analysis/data/consolidated_game_data_20240505.csv
1,S1-PO-013,2,RRQ.O2,ban,1,Gusion,https://liquipedia.net/mobilelegends/MPL/Indonesia/Season_1/Playoffs | https://github.com/LiTianYeoh/MLBB_Tournament_Analysis/blob/94ea36800e80c9e89a2356a0b81d3eeafbd6a4f7/analysis/data/consolidated_game_data_20240505.csv
1,S1-PO-013,2,RRQ.O2,ban,2,Helcurt,https://liquipedia.net/mobilelegends/MPL/Indonesia/Season_1/Playoffs | https://github.com/LiTianYeoh/MLBB_Tournament_Analysis/blob/94ea36800e80c9e89a2356a0b81d3eeafbd6a4f7/analysis/data/consolidated_game_data_20240505.csv
1,S1-PO-013,2,RRQ.O2,pick,1,Lapu-Lapu,https://liquipedia.net/mobilelegends/MPL/Indonesia/Season_1/Playoffs | https://github.com/LiTianYeoh/MLBB_Tournament_Analysis/blob/94ea36800e80c9e89a2356a0b81d3eeafbd6a4f7/analysis/data/consolidated_game_data_20240505.csv
1,S1-PO-013,2,RRQ.O2,pick,2,Hylos,https://liquipedia.net/mobilelegends/MPL/Indonesia/Season_1/Playoffs | https://github.com/LiTianYeoh/MLBB_Tournament_Analysis/blob/94ea36800e80c9e89a2356a0b81d3eeafbd6a4f7/analysis/data/consolidated_game_data_20240505.csv
1,S1-PO-013,2,RRQ.O2,pick,3,Hayabusa,https://liquipedia.net/mobilelegends/MPL/Indonesia/Season_1/Playoffs | https://github.com/LiTianYeoh/MLBB_Tournament_Analysis/blob/94ea36800e80c9e89a2356a0b81d3eeafbd6a4f7/analysis/data/consolidated_game_data_20240505.csv
1,S1-PO-013,2,RRQ.O2,pick,4,Saber,https://liquipedia.net/mobilelegends/MPL/Indonesia/Season_1/Playoffs | https://github.com/LiTianYeoh/MLBB_Tournament_Analysis/blob/94ea36800e80c9e89a2356a0b81d3eeafbd6a4f7/analysis/data/consolidated_game_data_20240505.csv
1,S1-PO-013,2,RRQ.O2,pick,5,Akai,https://liquipedia.net/mobilelegends/MPL/Indonesia/Season_1/Playoffs | https://github.com/LiTianYeoh/MLBB_Tournament_Analysis/blob/94ea36800e80c9e89a2356a0b81d3eeafbd6a4f7/analysis/data/consolidated_game_data_20240505.csv
1,S1-PO-013,2,Team NXL,ban,1,Kagura,https://liquipedia.net/mobilelegends/MPL/Indonesia/Season_1/Playoffs | https://github.com/LiTianYeoh/MLBB_Tournament_Analysis/blob/94ea36800e80c9e89a2356a0b81d3eeafbd6a4f7/analysis/data/consolidated_game_data_20240505.csv
1,S1-PO-013,2,Team NXL,ban,2,Natalia,https://liquipedia.net/mobilelegends/MPL/Indonesia/Season_1/Playoffs | https://github.com/LiTianYeoh/MLBB_Tournament_Analysis/blob/94ea36800e80c9e89a2356a0b81d3eeafbd6a4f7/analysis/data/consolidated_game_data_20240505.csv
1,S1-PO-013,2,Team NXL,pick,1,Lancelot,https://liquipedia.net/mobilelegends/MPL/Indonesia/Season_1/Playoffs | https://github.com/LiTianYeoh/MLBB_Tournament_Analysis/blob/94ea36800e80c9e89a2356a0b81d3eeafbd6a4f7/analysis/data/consolidated_game_data_20240505.csv
1,S1-PO-013,2,Team NXL,pick,2,Chou,https://liquipedia.net/mobilelegends/MPL/Indonesia/Season_1/Playoffs | https://github.com/LiTianYeoh/MLBB_Tournament_Analysis/blob/94ea36800e80c9e89a2356a0b81d3eeafbd6a4f7/analysis/data/consolidated_game_data_20240505.csv
1,S1-PO-013,2,Team NXL,pick,3,Harley,https://liquipedia.net/mobilelegends/MPL/Indonesia/Season_1/Playoffs | https://github.com/LiTianYeoh/MLBB_Tournament_Analysis/blob/94ea36800e80c9e89a2356a0b81d3eeafbd6a4f7/analysis/data/consolidated_game_data_20240505.csv
1,S1-PO-013,2,Team NXL,pick,4,Lolita,https://liquipedia.net/mobilelegends/MPL/Indonesia/Season_1/Playoffs | https://github.com/LiTianYeoh/MLBB_Tournament_Analysis/blob/94ea36800e80c9e89a2356a0b81d3eeafbd6a4f7/analysis/data/consolidated_game_data_20240505.csv
1,S1-PO-013,2,Team NXL,pick,5,Alpha,https://liquipedia.net/mobilelegends/MPL/Indonesia/Season_1/Playoffs | https://github.com/LiTianYeoh/MLBB_Tournament_Analysis/blob/94ea36800e80c9e89a2356a0b81d3eeafbd6a4f7/analysis/data/consolidated_game_data_20240505.csv
1,S1-PO-014,1,Team NXL,ban,1,Gusion,https://liquipedia.net/mobilelegends/MPL/Indonesia/Season_1/Playoffs | https://github.com/LiTianYeoh/MLBB_Tournament_Analysis/blob/94ea36800e80c9e89a2356a0b81d3eeafbd6a4f7/analysis/data/consolidated_game_data_20240505.csv
1,S1-PO-014,1,Team NXL,ban,2,Lancelot,https://liquipedia.net/mobilelegends/MPL/Indonesia/Season_1/Playoffs | https://github.com/LiTianYeoh/MLBB_Tournament_Analysis/blob/94ea36800e80c9e89a2356a0b81d3eeafbd6a4f7/analysis/data/consolidated_game_data_20240505.csv
1,S1-PO-014,1,Team NXL,pick,1,Cyclops,https://liquipedia.net/mobilelegends/MPL/Indonesia/Season_1/Playoffs | https://github.com/LiTianYeoh/MLBB_Tournament_Analysis/blob/94ea36800e80c9e89a2356a0b81d3eeafbd6a4f7/analysis/data/consolidated_game_data_20240505.csv
1,S1-PO-014,1,Team NXL,pick,2,Grock,https://liquipedia.net/mobilelegends/MPL/Indonesia/Season_1/Playoffs | https://github.com/LiTianYeoh/MLBB_Tournament_Analysis/blob/94ea36800e80c9e89a2356a0b81d3eeafbd6a4f7/analysis/data/consolidated_game_data_20240505.csv
1,S1-PO-014,1,Team NXL,pick,3,Lolita,https://liquipedia.net/mobilelegends/MPL/Indonesia/Season_1/Playoffs | https://github.com/LiTianYeoh/MLBB_Tournament_Analysis/blob/94ea36800e80c9e89a2356a0b81d3eeafbd6a4f7/analysis/data/consolidated_game_data_20240505.csv
1,S1-PO-014,1,Team NXL,pick,4,Saber,https://liquipedia.net/mobilelegends/MPL/Indonesia/Season_1/Playoffs | https://github.com/LiTianYeoh/MLBB_Tournament_Analysis/blob/94ea36800e80c9e89a2356a0b81d3eeafbd6a4f7/analysis/data/consolidated_game_data_20240505.csv
1,S1-PO-014,1,Team NXL,pick,5,Fanny,https://liquipedia.net/mobilelegends/MPL/Indonesia/Season_1/Playoffs | https://github.com/LiTianYeoh/MLBB_Tournament_Analysis/blob/94ea36800e80c9e89a2356a0b81d3eeafbd6a4f7/analysis/data/consolidated_game_data_20240505.csv
1,S1-PO-014,1,EVOS Esports,ban,1,Kagura,https://liquipedia.net/mobilelegends/MPL/Indonesia/Season_1/Playoffs | https://github.com/LiTianYeoh/MLBB_Tournament_Analysis/blob/94ea36800e80c9e89a2356a0b81d3eeafbd6a4f7/analysis/data/consolidated_game_data_20240505.csv
1,S1-PO-014,1,EVOS Esports,ban,2,Helcurt,https://liquipedia.net/mobilelegends/MPL/Indonesia/Season_1/Playoffs | https://github.com/LiTianYeoh/MLBB_Tournament_Analysis/blob/94ea36800e80c9e89a2356a0b81d3eeafbd6a4f7/analysis/data/consolidated_game_data_20240505.csv
1,S1-PO-014,1,EVOS Esports,pick,1,Natalia,https://liquipedia.net/mobilelegends/MPL/Indonesia/Season_1/Playoffs | https://github.com/LiTianYeoh/MLBB_Tournament_Analysis/blob/94ea36800e80c9e89a2356a0b81d3eeafbd6a4f7/analysis/data/consolidated_game_data_20240505.csv
1,S1-PO-014,1,EVOS Esports,pick,2,Hayabusa,https://liquipedia.net/mobilelegends/MPL/Indonesia/Season_1/Playoffs | https://github.com/LiTianYeoh/MLBB_Tournament_Analysis/blob/94ea36800e80c9e89a2356a0b81d3eeafbd6a4f7/analysis/data/consolidated_game_data_20240505.csv
1,S1-PO-014,1,EVOS Esports,pick,3,Hylos,https://liquipedia.net/mobilelegends/MPL/Indonesia/Season_1/Playoffs | https://github.com/LiTianYeoh/MLBB_Tournament_Analysis/blob/94ea36800e80c9e89a2356a0b81d3eeafbd6a4f7/analysis/data/consolidated_game_data_20240505.csv
1,S1-PO-014,1,EVOS Esports,pick,4,Harley,https://liquipedia.net/mobilelegends/MPL/Indonesia/Season_1/Playoffs | https://github.com/LiTianYeoh/MLBB_Tournament_Analysis/blob/94ea36800e80c9e89a2356a0b81d3eeafbd6a4f7/analysis/data/consolidated_game_data_20240505.csv
1,S1-PO-014,1,EVOS Esports,pick,5,Akai,https://liquipedia.net/mobilelegends/MPL/Indonesia/Season_1/Playoffs | https://github.com/LiTianYeoh/MLBB_Tournament_Analysis/blob/94ea36800e80c9e89a2356a0b81d3eeafbd6a4f7/analysis/data/consolidated_game_data_20240505.csv
1,S1-PO-014,2,Team NXL,ban,1,Akai,https://liquipedia.net/mobilelegends/MPL/Indonesia/Season_1/Playoffs | https://github.com/LiTianYeoh/MLBB_Tournament_Analysis/blob/94ea36800e80c9e89a2356a0b81d3eeafbd6a4f7/analysis/data/consolidated_game_data_20240505.csv
1,S1-PO-014,2,Team NXL,ban,2,Helcurt,https://liquipedia.net/mobilelegends/MPL/Indonesia/Season_1/Playoffs | https://github.com/LiTianYeoh/MLBB_Tournament_Analysis/blob/94ea36800e80c9e89a2356a0b81d3eeafbd6a4f7/analysis/data/consolidated_game_data_20240505.csv
1,S1-PO-014,2,Team NXL,pick,1,Lancelot,https://liquipedia.net/mobilelegends/MPL/Indonesia/Season_1/Playoffs | https://github.com/LiTianYeoh/MLBB_Tournament_Analysis/blob/94ea36800e80c9e89a2356a0b81d3eeafbd6a4f7/analysis/data/consolidated_game_data_20240505.csv
1,S1-PO-014,2,Team NXL,pick,2,Chou,https://liquipedia.net/mobilelegends/MPL/Indonesia/Season_1/Playoffs | https://github.com/LiTianYeoh/MLBB_Tournament_Analysis/blob/94ea36800e80c9e89a2356a0b81d3eeafbd6a4f7/analysis/data/consolidated_game_data_20240505.csv
1,S1-PO-014,2,Team NXL,pick,3,Saber,https://liquipedia.net/mobilelegends/MPL/Indonesia/Season_1/Playoffs | https://github.com/LiTianYeoh/MLBB_Tournament_Analysis/blob/94ea36800e80c9e89a2356a0b81d3eeafbd6a4f7/analysis/data/consolidated_game_data_20240505.csv
1,S1-PO-014,2,Team NXL,pick,4,Lolita,https://liquipedia.net/mobilelegends/MPL/Indonesia/Season_1/Playoffs | https://github.com/LiTianYeoh/MLBB_Tournament_Analysis/blob/94ea36800e80c9e89a2356a0b81d3eeafbd6a4f7/analysis/data/consolidated_game_data_20240505.csv
1,S1-PO-014,2,Team NXL,pick,5,Karrie,https://liquipedia.net/mobilelegends/MPL/Indonesia/Season_1/Playoffs | https://github.com/LiTianYeoh/MLBB_Tournament_Analysis/blob/94ea36800e80c9e89a2356a0b81d3eeafbd6a4f7/analysis/data/consolidated_game_data_20240505.csv
1,S1-PO-014,2,EVOS Esports,ban,1,Kagura,https://liquipedia.net/mobilelegends/MPL/Indonesia/Season_1/Playoffs | https://github.com/LiTianYeoh/MLBB_Tournament_Analysis/blob/94ea36800e80c9e89a2356a0b81d3eeafbd6a4f7/analysis/data/consolidated_game_data_20240505.csv
1,S1-PO-014,2,EVOS Esports,ban,2,Gusion,https://liquipedia.net/mobilelegends/MPL/Indonesia/Season_1/Playoffs | https://github.com/LiTianYeoh/MLBB_Tournament_Analysis/blob/94ea36800e80c9e89a2356a0b81d3eeafbd6a4f7/analysis/data/consolidated_game_data_20240505.csv
1,S1-PO-014,2,EVOS Esports,pick,1,Hylos,https://liquipedia.net/mobilelegends/MPL/Indonesia/Season_1/Playoffs | https://github.com/LiTianYeoh/MLBB_Tournament_Analysis/blob/94ea36800e80c9e89a2356a0b81d3eeafbd6a4f7/analysis/data/consolidated_game_data_20240505.csv
1,S1-PO-014,2,EVOS Esports,pick,2,Harley,https://liquipedia.net/mobilelegends/MPL/Indonesia/Season_1/Playoffs | https://github.com/LiTianYeoh/MLBB_Tournament_Analysis/blob/94ea36800e80c9e89a2356a0b81d3eeafbd6a4f7/analysis/data/consolidated_game_data_20240505.csv
1,S1-PO-014,2,EVOS Esports,pick,3,Fanny,https://liquipedia.net/mobilelegends/MPL/Indonesia/Season_1/Playoffs | https://github.com/LiTianYeoh/MLBB_Tournament_Analysis/blob/94ea36800e80c9e89a2356a0b81d3eeafbd6a4f7/analysis/data/consolidated_game_data_20240505.csv
1,S1-PO-014,2,EVOS Esports,pick,4,Grock,https://liquipedia.net/mobilelegends/MPL/Indonesia/Season_1/Playoffs | https://github.com/LiTianYeoh/MLBB_Tournament_Analysis/blob/94ea36800e80c9e89a2356a0b81d3eeafbd6a4f7/analysis/data/consolidated_game_data_20240505.csv
1,S1-PO-014,2,EVOS Esports,pick,5,Karina,https://liquipedia.net/mobilelegends/MPL/Indonesia/Season_1/Playoffs | https://github.com/LiTianYeoh/MLBB_Tournament_Analysis/blob/94ea36800e80c9e89a2356a0b81d3eeafbd6a4f7/analysis/data/consolidated_game_data_20240505.csv
1,S1-PO-014,3,Team NXL,ban,1,Gusion,https://liquipedia.net/mobilelegends/MPL/Indonesia/Season_1/Playoffs | https://github.com/LiTianYeoh/MLBB_Tournament_Analysis/blob/94ea36800e80c9e89a2356a0b81d3eeafbd6a4f7/analysis/data/consolidated_game_data_20240505.csv
1,S1-PO-014,3,Team NXL,ban,2,Akai,https://liquipedia.net/mobilelegends/MPL/Indonesia/Season_1/Playoffs | https://github.com/LiTianYeoh/MLBB_Tournament_Analysis/blob/94ea36800e80c9e89a2356a0b81d3eeafbd6a4f7/analysis/data/consolidated_game_data_20240505.csv
1,S1-PO-014,3,Team NXL,pick,1,Lolita,https://liquipedia.net/mobilelegends/MPL/Indonesia/Season_1/Playoffs | https://github.com/LiTianYeoh/MLBB_Tournament_Analysis/blob/94ea36800e80c9e89a2356a0b81d3eeafbd6a4f7/analysis/data/consolidated_game_data_20240505.csv
1,S1-PO-014,3,Team NXL,pick,2,Yi Sun-Shin,https://liquipedia.net/mobilelegends/MPL/Indonesia/Season_1/Playoffs | https://github.com/LiTianYeoh/MLBB_Tournament_Analysis/blob/94ea36800e80c9e89a2356a0b81d3eeafbd6a4f7/analysis/data/consolidated_game_data_20240505.csv
1,S1-PO-014,3,Team NXL,pick,3,Johnson,https://liquipedia.net/mobilelegends/MPL/Indonesia/Season_1/Playoffs | https://github.com/LiTianYeoh/MLBB_Tournament_Analysis/blob/94ea36800e80c9e89a2356a0b81d3eeafbd6a4f7/analysis/data/consolidated_game_data_20240505.csv
1,S1-PO-014,3,Team NXL,pick,4,Saber,https://liquipedia.net/mobilelegends/MPL/Indonesia/Season_1/Playoffs | https://github.com/LiTianYeoh/MLBB_Tournament_Analysis/blob/94ea36800e80c9e89a2356a0b81d3eeafbd6a4f7/analysis/data/consolidated_game_data_20240505.csv
1,S1-PO-014,3,Team NXL,pick,5,Natalia,https://liquipedia.net/mobilelegends/MPL/Indonesia/Season_1/Playoffs | https://github.com/LiTianYeoh/MLBB_Tournament_Analysis/blob/94ea36800e80c9e89a2356a0b81d3eeafbd6a4f7/analysis/data/consolidated_game_data_20240505.csv
1,S1-PO-014,3,EVOS Esports,ban,1,Kagura,https://liquipedia.net/mobilelegends/MPL/Indonesia/Season_1/Playoffs | https://github.com/LiTianYeoh/MLBB_Tournament_Analysis/blob/94ea36800e80c9e89a2356a0b81d3eeafbd6a4f7/analysis/data/consolidated_game_data_20240505.csv
1,S1-PO-014,3,EVOS Esports,ban,2,Helcurt,https://liquipedia.net/mobilelegends/MPL/Indonesia/Season_1/Playoffs | https://github.com/LiTianYeoh/MLBB_Tournament_Analysis/blob/94ea36800e80c9e89a2356a0b81d3eeafbd6a4f7/analysis/data/consolidated_game_data_20240505.csv
1,S1-PO-014,3,EVOS Esports,pick,1,Lancelot,https://liquipedia.net/mobilelegends/MPL/Indonesia/Season_1/Playoffs | https://github.com/LiTianYeoh/MLBB_Tournament_Analysis/blob/94ea36800e80c9e89a2356a0b81d3eeafbd6a4f7/analysis/data/consolidated_game_data_20240505.csv
1,S1-PO-014,3,EVOS Esports,pick,2,Chou,https://liquipedia.net/mobilelegends/MPL/Indonesia/Season_1/Playoffs | https://github.com/LiTianYeoh/MLBB_Tournament_Analysis/blob/94ea36800e80c9e89a2356a0b81d3eeafbd6a4f7/analysis/data/consolidated_game_data_20240505.csv
1,S1-PO-014,3,EVOS Esports,pick,3,Hylos,https://liquipedia.net/mobilelegends/MPL/Indonesia/Season_1/Playoffs | https://github.com/LiTianYeoh/MLBB_Tournament_Analysis/blob/94ea36800e80c9e89a2356a0b81d3eeafbd6a4f7/analysis/data/consolidated_game_data_20240505.csv
1,S1-PO-014,3,EVOS Esports,pick,4,Harley,https://liquipedia.net/mobilelegends/MPL/Indonesia/Season_1/Playoffs | https://github.com/LiTianYeoh/MLBB_Tournament_Analysis/blob/94ea36800e80c9e89a2356a0b81d3eeafbd6a4f7/analysis/data/consolidated_game_data_20240505.csv
1,S1-PO-014,3,EVOS Esports,pick,5,Cyclops,https://liquipedia.net/mobilelegends/MPL/Indonesia/Season_1/Playoffs | https://github.com/LiTianYeoh/MLBB_Tournament_Analysis/blob/94ea36800e80c9e89a2356a0b81d3eeafbd6a4f7/analysis/data/consolidated_game_data_20240505.csv
1,S1-PO-014,4,Team NXL,ban,1,Akai,https://liquipedia.net/mobilelegends/MPL/Indonesia/Season_1/Playoffs | https://github.com/LiTianYeoh/MLBB_Tournament_Analysis/blob/94ea36800e80c9e89a2356a0b81d3eeafbd6a4f7/analysis/data/consolidated_game_data_20240505.csv
1,S1-PO-014,4,Team NXL,ban,2,Helcurt,https://liquipedia.net/mobilelegends/MPL/Indonesia/Season_1/Playoffs | https://github.com/LiTianYeoh/MLBB_Tournament_Analysis/blob/94ea36800e80c9e89a2356a0b81d3eeafbd6a4f7/analysis/data/consolidated_game_data_20240505.csv
1,S1-PO-014,4,Team NXL,pick,1,Lolita,https://liquipedia.net/mobilelegends/MPL/Indonesia/Season_1/Playoffs | https://github.com/LiTianYeoh/MLBB_Tournament_Analysis/blob/94ea36800e80c9e89a2356a0b81d3eeafbd6a4f7/analysis/data/consolidated_game_data_20240505.csv
1,S1-PO-014,4,Team NXL,pick,2,Jawhead,https://liquipedia.net/mobilelegends/MPL/Indonesia/Season_1/Playoffs | https://github.com/LiTianYeoh/MLBB_Tournament_Analysis/blob/94ea36800e80c9e89a2356a0b81d3eeafbd6a4f7/analysis/data/consolidated_game_data_20240505.csv
1,S1-PO-014,4,Team NXL,pick,3,Alpha,https://liquipedia.net/mobilelegends/MPL/Indonesia/Season_1/Playoffs | https://github.com/LiTianYeoh/MLBB_Tournament_Analysis/blob/94ea36800e80c9e89a2356a0b81d3eeafbd6a4f7/analysis/data/consolidated_game_data_20240505.csv
1,S1-PO-014,4,Team NXL,pick,4,Cyclops,https://liquipedia.net/mobilelegends/MPL/Indonesia/Season_1/Playoffs | https://github.com/LiTianYeoh/MLBB_Tournament_Analysis/blob/94ea36800e80c9e89a2356a0b81d3eeafbd6a4f7/analysis/data/consolidated_game_data_20240505.csv
1,S1-PO-014,4,Team NXL,pick,5,Lancelot,https://liquipedia.net/mobilelegends/MPL/Indonesia/Season_1/Playoffs | https://github.com/LiTianYeoh/MLBB_Tournament_Analysis/blob/94ea36800e80c9e89a2356a0b81d3eeafbd6a4f7/analysis/data/consolidated_game_data_20240505.csv
1,S1-PO-014,4,EVOS Esports,ban,1,Kagura,https://liquipedia.net/mobilelegends/MPL/Indonesia/Season_1/Playoffs | https://github.com/LiTianYeoh/MLBB_Tournament_Analysis/blob/94ea36800e80c9e89a2356a0b81d3eeafbd6a4f7/analysis/data/consolidated_game_data_20240505.csv
1,S1-PO-014,4,EVOS Esports,ban,2,Gusion,https://liquipedia.net/mobilelegends/MPL/Indonesia/Season_1/Playoffs | https://github.com/LiTianYeoh/MLBB_Tournament_Analysis/blob/94ea36800e80c9e89a2356a0b81d3eeafbd6a4f7/analysis/data/consolidated_game_data_20240505.csv
1,S1-PO-014,4,EVOS Esports,pick,1,Saber,https://liquipedia.net/mobilelegends/MPL/Indonesia/Season_1/Playoffs | https://github.com/LiTianYeoh/MLBB_Tournament_Analysis/blob/94ea36800e80c9e89a2356a0b81d3eeafbd6a4f7/analysis/data/consolidated_game_data_20240505.csv
1,S1-PO-014,4,EVOS Esports,pick,2,Chou,https://liquipedia.net/mobilelegends/MPL/Indonesia/Season_1/Playoffs | https://github.com/LiTianYeoh/MLBB_Tournament_Analysis/blob/94ea36800e80c9e89a2356a0b81d3eeafbd6a4f7/analysis/data/consolidated_game_data_20240505.csv
1,S1-PO-014,4,EVOS Esports,pick,3,Hylos,https://liquipedia.net/mobilelegends/MPL/Indonesia/Season_1/Playoffs | https://github.com/LiTianYeoh/MLBB_Tournament_Analysis/blob/94ea36800e80c9e89a2356a0b81d3eeafbd6a4f7/analysis/data/consolidated_game_data_20240505.csv
1,S1-PO-014,4,EVOS Esports,pick,4,Harley,https://liquipedia.net/mobilelegends/MPL/Indonesia/Season_1/Playoffs | https://github.com/LiTianYeoh/MLBB_Tournament_Analysis/blob/94ea36800e80c9e89a2356a0b81d3eeafbd6a4f7/analysis/data/consolidated_game_data_20240505.csv
1,S1-PO-014,4,EVOS Esports,pick,5,Yi Sun-Shin,https://liquipedia.net/mobilelegends/MPL/Indonesia/Season_1/Playoffs | https://github.com/LiTianYeoh/MLBB_Tournament_Analysis/blob/94ea36800e80c9e89a2356a0b81d3eeafbd6a4f7/analysis/data/consolidated_game_data_20240505.csv
1,S1-PO-014,5,Team NXL,ban,1,Gusion,https://liquipedia.net/mobilelegends/MPL/Indonesia/Season_1/Playoffs | https://github.com/LiTianYeoh/MLBB_Tournament_Analysis/blob/94ea36800e80c9e89a2356a0b81d3eeafbd6a4f7/analysis/data/consolidated_game_data_20240505.csv
1,S1-PO-014,5,Team NXL,ban,2,Harley,https://liquipedia.net/mobilelegends/MPL/Indonesia/Season_1/Playoffs | https://github.com/LiTianYeoh/MLBB_Tournament_Analysis/blob/94ea36800e80c9e89a2356a0b81d3eeafbd6a4f7/analysis/data/consolidated_game_data_20240505.csv
1,S1-PO-014,5,Team NXL,pick,1,Karrie,https://liquipedia.net/mobilelegends/MPL/Indonesia/Season_1/Playoffs | https://github.com/LiTianYeoh/MLBB_Tournament_Analysis/blob/94ea36800e80c9e89a2356a0b81d3eeafbd6a4f7/analysis/data/consolidated_game_data_20240505.csv
1,S1-PO-014,5,Team NXL,pick,2,Jawhead,https://liquipedia.net/mobilelegends/MPL/Indonesia/Season_1/Playoffs | https://github.com/LiTianYeoh/MLBB_Tournament_Analysis/blob/94ea36800e80c9e89a2356a0b81d3eeafbd6a4f7/analysis/data/consolidated_game_data_20240505.csv
1,S1-PO-014,5,Team NXL,pick,3,Cyclops,https://liquipedia.net/mobilelegends/MPL/Indonesia/Season_1/Playoffs | https://github.com/LiTianYeoh/MLBB_Tournament_Analysis/blob/94ea36800e80c9e89a2356a0b81d3eeafbd6a4f7/analysis/data/consolidated_game_data_20240505.csv
1,S1-PO-014,5,Team NXL,pick,4,Saber,https://liquipedia.net/mobilelegends/MPL/Indonesia/Season_1/Playoffs | https://github.com/LiTianYeoh/MLBB_Tournament_Analysis/blob/94ea36800e80c9e89a2356a0b81d3eeafbd6a4f7/analysis/data/consolidated_game_data_20240505.csv
1,S1-PO-014,5,Team NXL,pick,5,Akai,https://liquipedia.net/mobilelegends/MPL/Indonesia/Season_1/Playoffs | https://github.com/LiTianYeoh/MLBB_Tournament_Analysis/blob/94ea36800e80c9e89a2356a0b81d3eeafbd6a4f7/analysis/data/consolidated_game_data_20240505.csv
1,S1-PO-014,5,EVOS Esports,ban,1,Helcurt,https://liquipedia.net/mobilelegends/MPL/Indonesia/Season_1/Playoffs | https://github.com/LiTianYeoh/MLBB_Tournament_Analysis/blob/94ea36800e80c9e89a2356a0b81d3eeafbd6a4f7/analysis/data/consolidated_game_data_20240505.csv
1,S1-PO-014,5,EVOS Esports,ban,2,Kagura,https://liquipedia.net/mobilelegends/MPL/Indonesia/Season_1/Playoffs | https://github.com/LiTianYeoh/MLBB_Tournament_Analysis/blob/94ea36800e80c9e89a2356a0b81d3eeafbd6a4f7/analysis/data/consolidated_game_data_20240505.csv
1,S1-PO-014,5,EVOS Esports,pick,1,Lancelot,https://liquipedia.net/mobilelegends/MPL/Indonesia/Season_1/Playoffs | https://github.com/LiTianYeoh/MLBB_Tournament_Analysis/blob/94ea36800e80c9e89a2356a0b81d3eeafbd6a4f7/analysis/data/consolidated_game_data_20240505.csv
1,S1-PO-014,5,EVOS Esports,pick,2,Alpha,https://liquipedia.net/mobilelegends/MPL/Indonesia/Season_1/Playoffs | https://github.com/LiTianYeoh/MLBB_Tournament_Analysis/blob/94ea36800e80c9e89a2356a0b81d3eeafbd6a4f7/analysis/data/consolidated_game_data_20240505.csv
1,S1-PO-014,5,EVOS Esports,pick,3,Hylos,https://liquipedia.net/mobilelegends/MPL/Indonesia/Season_1/Playoffs | https://github.com/LiTianYeoh/MLBB_Tournament_Analysis/blob/94ea36800e80c9e89a2356a0b81d3eeafbd6a4f7/analysis/data/consolidated_game_data_20240505.csv
1,S1-PO-014,5,EVOS Esports,pick,4,Yi Sun-Shin,https://liquipedia.net/mobilelegends/MPL/Indonesia/Season_1/Playoffs | https://github.com/LiTianYeoh/MLBB_Tournament_Analysis/blob/94ea36800e80c9e89a2356a0b81d3eeafbd6a4f7/analysis/data/consolidated_game_data_20240505.csv
1,S1-PO-014,5,EVOS Esports,pick,5,Grock,https://liquipedia.net/mobilelegends/MPL/Indonesia/Season_1/Playoffs | https://github.com/LiTianYeoh/MLBB_Tournament_Analysis/blob/94ea36800e80c9e89a2356a0b81d3eeafbd6a4f7/analysis/data/consolidated_game_data_20240505.csv
